controller,time_s,x_m,y_m,speed_mps,yaw_rad,accel_command_mps2,steer_command_rad,speed_command_mps,cross_track_error_m,heading_error_rad,controller_update_ms,controller_iterations,controller_status,progress_m,lap_count,collision,minimum_clearance_m,minimum_ttc_s,critical_beam_index,critical_beam_angle_rad,critical_scan_range_m,critical_side_distance_m,termination_reason
MPC,0.10999999999999999,0.5071186245889364,5.188210711737844,0.2888836691172994,1.472912139018206,7.999999999999987,-0.00029643501614497615,0.7999999999999987,0.014290754716865023,0.0006784020779924127,1.2031000000001235,2,optimal,0.0,0,0,0.8755245913451394,nan,941,1.7488878591288235,1.0330155353593178,0.1574909440141784,running
MPC,0.21000000000000005,0.5114148950729259,5.233556310226532,0.597396880407441,1.474396841352149,8.0,0.0015037214188523467,1.0888836691172994,0.05983937212062503,0.0008063002559506316,0.6409999999998917,2,optimal,0.0,0,0,0.8793779360911839,5.758905028035446,741,0.8777108433734941,1.2644188224974315,0.2014875443267371,running
MPC,0.3100000000000001,0.5180498324525528,5.309667934811117,0.9059100916975825,1.4779355618054215,8.0,0.015030248175565359,1.397396880407441,0.06371878512165409,0.004348945555978645,0.8583999999998149,3,optimal,0.19994789100343444,0,0,0.868123853582614,2.785026313053133,731,0.8341519925857277,1.3269819711431718,0.20925385860619153,running
MPC,0.4100000000000002,0.5313574559806272,5.416021523902902,1.214423302987724,1.4545997716662653,8.0,-0.29912901718341395,1.7059100916975827,0.04347760739735146,0.018986844583177565,0.825899999999713,3,optimal,0.19994789100343444,0,0,0.8654587652498191,1.8319248266693733,364,-0.7644578313253012,1.421740921814629,0.2239412608755995,running
MPC,0.5100000000000002,0.5666092337380108,5.549517983939113,1.5229365142778657,1.367375944121289,8.0,0.015030248175565364,2.014423302987724,0.03150116016641922,0.10620598136531267,0.964299999999696,3,optimal,0.39989578200710246,0,0,0.8703269689216814,1.2095144925143446,374,-0.7208989805375348,1.323206138308769,0.2197779812188762,running
MPC,0.6100000000000003,0.6007983204191323,5.714849138905427,1.8314497255680076,1.3867143922870844,8.0,0.3118560193676882,2.322936514277866,0.06716319274612233,0.08685951637163836,0.7711999999995278,3,optimal,0.599843673008182,0,0,0.7868111315598327,0.9543130101473073,381,-0.6904077849860983,1.334660590224617,0.21414126651260781,running
MPC,0.7100000000000004,0.6110078518524998,5.91428753815414,2.1399629368581494,1.5070055722628803,8.0,-0.0023032459912911136,2.6314497255680074,0.062199529091237014,0.03344108540892243,0.902700000000145,3,optimal,0.7997915640118493,0,0,0.8247332342927133,0.9065324668504445,704,0.7165430954587584,1.4709185689424435,0.21894209497805303,running
MPC,0.8100000000000005,0.6135026915685557,6.144888882045021,2.4484761481482904,1.566500664191335,8.0,0.3118560193676882,2.9399629368581497,0.026398609897653805,0.09294849540179673,0.975500000000018,3,optimal,0.9997394550062536,0,0,0.8713067067551182,0.7064577757534767,707,0.729610750695088,1.3484238657154013,0.22148173646210823,running
MPC,0.9100000000000006,0.5825435403937836,6.404362215222998,2.7569893594384314,1.7163059512138268,8.0,-0.002303245991291114,3.24847614814829,0.053785062455265355,0.24276811932278441,0.6959000000001936,3,optimal,1.199687346009922,0,0,0.8454088391320745,0.49228611200080974,705,0.7208989805375348,1.1252527540825812,0.2197779812188762,running
MPC,1.0100000000000007,0.5384175753866813,6.693317281442531,3.0655025707285724,1.702777402507382,8.0,-0.3164625113502704,3.5569893594384316,0.14253681588947623,0.22927521093672,0.9332000000004115,3,optimal,1.599583127996135,0,0,0.7324082296843953,0.4176929719718036,720,0.7862372567191844,1.0326224001661743,0.21901940157552577,running
MPC,1.1100000000000008,0.531185459173739,7.016161047035746,3.3740157820187133,1.5295840540800063,8.0,-0.002303245991291114,3.865502570728572,0.1577800170368396,0.05610245529830049,1.0140999999994627,3,optimal,1.7995310189619247,0,0,0.6812787226756746,0.422323803195889,692,0.6642724745134383,1.2290373112878588,0.20968660597172056,running
MPC,1.2100000000000009,0.556294706538187,7.369219068289275,3.6825289933088543,1.4495657436393092,8.0,-0.30140702069753794,4.174015782018714,0.1631333075683345,0.02386733470459257,0.7772000000003665,3,optimal,2.1994268009101687,0,0,0.6771851721986706,0.40410803653629235,731,0.8341519925857277,1.1252391883220803,0.20925385860619153,running
MPC,1.310000000000001,0.6372577028614614,7.745108286018264,3.9910422045989953,1.2572487429818222,8.0,-0.057205795561287034,4.482528993308854,0.12197987513699304,0.21612656413892317,0.8637000000000228,3,optimal,2.59932258283294,0,0,0.734079005518294,0.41655838004154944,376,-0.7121872103799816,1.3792451354140227,0.21811666573475305,running
MPC,1.410000000000001,0.7635366970760636,8.141205331258634,4.299555415889138,1.2343915586388066,8.0,0.25695346979769224,4.7910422045989955,0.0380022064427607,0.23891702243801705,0.8048000000000499,3,optimal,2.999218364731808,0,0,0.7733843038733921,0.3660925226834361,378,-0.7034754402224281,1.330722362052495,0.216496585417684,running
MPC,1.5100000000000011,0.8776098086292319,8.572836936538115,4.60806862717928,1.3919551514965744,8.0,-0.02459501636234509,5.099555415889138,0.04447579904249058,0.08127789856117618,0.9708999999999968,3,optimal,3.399114146610239,0,0,0.7856938138869829,0.34109542934220277,377,-0.7078313253012047,1.33155428489348,0.21730154451353453,running
MPC,1.6100000000000012,0.9656530330803665,9.042004855671667,4.916581838469423,1.4493216089671284,8.0,0.10842873594019552,5.40806862717928,0.12563473639391273,0.02382660131920833,0.733899999999732,3,optimal,3.7990099284742618,0,0,0.7831493568144015,0.33903721930988956,372,-0.729610750695088,1.3860782059769838,0.22148173646210823,running
MPC,1.7100000000000013,1.012146141017327,9.547868498328322,5.225095049759565,1.596124514111912,8.0,0.21010875221411543,5.7165818384694225,0.07871973998655411,0.12312242222779624,0.7605999999995561,3,optimal,4.398853601344331,0,0,0.7848658063939706,0.33666276527997263,729,0.8254402224281745,1.3335609460476765,0.21092842571338707,running
MPC,1.8100000000000014,0.9886425260879436,10.086190291899065,5.533608261049707,1.7466733733011097,8.0,-0.10405051314486387,6.025095049759565,0.06286931366495242,0.2738331482457155,0.7886000000003612,3,optimal,4.998697274159622,0,0,0.8607325732133877,0.2487090760005072,678,0.6032900834105654,1.270619443132058,0.20049220035001988,running
MPC,1.9100000000000015,0.9397192194049364,10.653925411158204,5.840417257729423,1.589633908277601,7.955808320731562,-0.325195089065367,6.329189093122864,0.14082303002874724,0.11691854253844713,1.0028999999995847,3,optimal,5.398593056158115,0,0,0.7218065035532497,0.24081022716414333,715,0.7644578313253012,1.1857191269760217,0.2239412608755995,running
MPC,2.010000000000001,0.971697047250682,11.251386097948227,6.121158725596447,1.2713235902067501,7.279855969681633,-0.08180203297616592,6.568402854697586,0.15990331761809917,0.20119498206340314,0.7276999999996647,3,optimal,5.998436728820087,0,0,0.7463206782070714,0.2818106654568382,368,-0.7470342910101946,1.4326243489267052,0.22502164647011183,running
MPC,2.109999999999999,1.1029262330742025,11.8626566400391,6.36896210979228,1.2368422092511688,6.425744509535082,0.13589517313918467,6.763733176549955,0.10136915280799459,0.23538072001342858,0.7880000000000109,3,optimal,6.798228292004551,0,0,0.788245855616944,0.2277236974079424,368,-0.7470342910101946,1.2477602361709546,0.22502164647011183,running
MPC,2.209999999999997,1.2551036161210112,12.493922969131603,6.600461972759244,1.4146343140572661,6.0029808642262195,0.12773419799731375,6.969260196214902,0.05079190460234553,0.05734050848149863,0.8542000000000272,3,optimal,7.398071964426964,0,0,0.7972457387351318,0.23562725096305934,371,-0.7339666357738648,1.3366554301537867,0.22234991952811328,running
MPC,2.3099999999999947,1.364352929435327,13.155569285456146,6.799728995948378,1.532567634685831,5.167156955278208,0.003143143378031903,7.117177668287065,0.08036346065220012,0.06085548188574741,1.0843999999998744,3,optimal,7.997915635985566,0,0,0.7653507778445129,0.2548719558639155,364,-0.7644578313253012,1.4381345405220234,0.2239412608755995,running
MPC,2.4099999999999926,1.431263078438273,13.841221119954177,6.966191574826503,1.5234501042571866,4.316510873087397,-0.02138338587569937,7.231380083257117,0.10960211213002831,0.05212252714175225,0.7469000000006609,3,optimal,8.79770719839814,0,0,0.8518771595514811,0.24492495247105994,723,0.7993049119555145,1.3773589582874246,0.21621722807816315,running
MPC,2.5099999999999905,1.4855590097539058,14.543920028001873,7.117566529438301,1.4850846971686147,3.925276430886776,-0.011060991508379974,7.358719217915181,0.06213081510240275,0.014042072221755575,0.9325999999996171,3,optimal,9.397550870768923,0,0,0.8034720843997797,0.2259260287750063,347,-0.8385078776645043,1.260662295621341,0.2084324073070941,running
MPC,2.6099999999999883,1.5448558747772205,15.25989179421726,7.241027742476389,1.4776030321931979,3.2014502723380147,0.0030531647946211164,7.437711556672102,0.07354856603525818,0.006874639361393875,0.6262000000001322,2,optimal,10.197342434171235,0,0,0.7801262626061002,0.22496409420949007,356,-0.7993049119555145,1.3325799846408954,0.21621722807816315,running
MPC,2.709999999999986,1.6050260392741516,15.987518677684617,7.352301211390609,1.5023327710222036,2.8854120949672226,0.004741356770632692,7.529568951973111,0.07897950094772191,0.03179516669466764,0.536800000000337,2,optimal,10.79718610707481,0,0,0.8645415607731761,0.23292225652018345,745,0.8951343836886005,1.2534643111019657,0.19864329610943066,running
MPC,2.809999999999984,1.6598971798422029,16.72532983762324,7.437844133377123,1.5067367829730183,2.218197959919848,-0.01129301264121712,7.574121007382594,0.01756477798337457,0.036382936165530566,0.49019999999977415,2,optimal,11.596977670878518,0,0,0.8564926010796629,0.22461224088861545,713,0.755746061167748,1.4278381794743782,0.22600293112750477,running
MPC,2.909999999999982,1.715613101067599,17.471146667553395,7.513991932480085,1.4810278281742548,1.9745747362850732,-0.01861130171569254,7.63530160700563,0.04075981492000757,0.010783856234433564,0.6547999999999554,2,optimal,12.396769234759457,0,0,0.826987135100996,0.22671078296499544,700,0.6991195551436515,1.5063646597181557,0.2157016455530536,running
MPC,3.00999999999998,1.7812320386787928,18.223502114473526,7.584758121947616,1.454328369705012,1.8350251951052932,-0.007847220046429813,7.6974944519906146,0.08652478305303593,0.015879310252491674,0.513899999999623,2,optimal,13.196560798746946,0,0,0.8644275321714263,0.22022188342642968,367,-0.7513901760889712,1.4351248065252764,0.22593517874601313,running
MPC,3.1099999999999777,1.8592663329039922,18.98152359588169,7.650587052791548,1.4522259645749405,1.7069980392384978,0.005456757312884043,7.755457925871466,0.07877337331058842,0.018001822457108574,0.6211000000000411,2,optimal,13.796404471747337,0,0,0.868667157372272,0.22100469225228817,362,-0.7731696014828544,1.4216389432337473,0.22193355627601147,running
MPC,3.2099999999999755,1.9397328103185165,19.74472293857151,7.694509464566143,1.4802424656352466,1.1389440754493487,0.0071110702911427225,7.764481460336483,0.04643043736274813,0.009922741560459691,0.4972000000007526,2,optimal,14.596196035680812,0,0,0.8712457196092722,0.21454899330600402,733,0.8428637627432809,1.2997071765475747,0.20762130414308752,running
MPC,3.3099999999999734,2.0142754627873325,20.51256496494894,7.731586500511609,1.4868005278108598,0.961437879186242,-0.008614683018568001,7.790653252484767,0.022041909466295594,0.016314831258394946,0.48389999999987054,2,optimal,15.395987599587643,0,0,0.8051408979013659,0.21295355798229518,709,0.7383225208526416,1.4351156463661499,0.2232291878884924,running
MPC,3.4099999999999713,2.0885203423001992,21.284014749082154,7.76596956946251,1.4603798422296348,0.8915811107632781,-0.013123379578387197,7.820744611587937,0.019612478191846937,0.010350708537945952,0.5418999999999841,2,optimal,16.19577916346497,0,0,0.8280123081795349,0.21261386086246298,358,-0.790593141797961,1.374391156763541,0.21807316453493358,running
MPC,3.509999999999969,2.1694633880734417,22.058146773934023,7.7984968151304095,1.4539251612906112,0.8434580945659095,0.001892355883761484,7.850315378919101,0.032999190039657005,0.01712104164442607,0.5389000000000088,2,optimal,16.995570726757055,0,0,0.8589075941571633,0.2121022129567373,367,-0.7513901760889712,1.4295959328159882,0.22593517874601313,running
MPC,3.609999999999967,2.2513380203105973,22.835348267390522,7.8291188781956835,1.4804650398232375,0.7940551508239927,0.006947114512737789,7.877902330212809,0.0490322234909132,0.009029344961125396,0.5085999999998592,2,optimal,17.795362289231626,0,0,0.8713405796527363,0.2154552311654472,717,0.7731696014828544,1.424472974093704,0.22193355627601147,running
MPC,3.709999999999965,2.32706663262817,23.616131363402694,7.857570174803521,1.4870987853233737,0.737765400421206,-0.007018367576585765,7.902895418237804,0.06445447186823611,0.015199677543739742,0.5703000000005787,2,optimal,18.595153850864495,0,0,0.8719294287501128,0.20859485903179195,738,0.8646431881371641,1.2634624909992835,0.2037158366078793,running
MPC,3.8099999999999627,2.4023465415442273,24.39967516361256,7.883419702429943,1.4604328547448044,0.6702994019173268,-0.011072541248247412,7.924600114995253,0.07729489248100717,0.012003378871520809,0.5507000000002371,2,optimal,19.394945411967893,0,0,0.8553940582746355,0.21017898680382704,718,0.7775254865616312,1.3978908159264152,0.22094939445953415,running
MPC,3.9099999999999606,2.4843142343850655,25.185001011908202,7.906591251053192,1.4535679475699845,0.6008572151928571,0.003941673955662696,7.943505423949229,0.08668915657776302,0.019479321263797367,0.5065000000001874,2,optimal,20.194736973309436,0,0,0.8279621227175158,0.20832964683996485,342,-0.8602873030583875,1.275650470721615,0.20447740104668094,running
MPC,4.009999999999959,2.5672966596714413,25.972386845311416,7.926747929200375,1.4803144775075456,0.5226791569253186,0.009477671081700048,7.958859166745724,0.09426757918472085,0.006582507073667809,0.5361999999999867,2,optimal,20.994528535638064,0,0,0.8728763829684691,0.209209692664674,366,-0.755746061167748,1.4298167225039304,0.22600293112750477,running
MPC,4.109999999999957,2.644028897152259,26.76226996164454,7.9439323922534655,1.4874022153226256,0.4456071876138481,-0.003777132723545945,7.97130864796176,0.09965237535073251,0.013102500534253103,0.5302999999998725,2,optimal,21.594372207178644,0,0,0.8663787195173841,0.21493973990784063,732,0.8385078776645041,1.3475294340804262,0.20843240730709414,running
MPC,4.209999999999955,2.7199809080079373,27.553039604390484,7.9442411015347965,1.460544636302944,0.008005084256610522,-0.008678973164898286,7.944732900679127,0.09428560399839274,0.0145702680496953,0.5182999999999716,2,optimal,22.394163765675955,0,0,0.8673717621886549,0.21529314540074831,360,-0.7818813716404078,1.4335700890179939,0.21997807798827249,running
MPC,4.3099999999999525,2.8023296580164208,28.342642875250796,7.936134576692858,1.4528815316662864,-0.09225345170617627,0.008090086087967328,7.935015756364179,0.08830727472857143,0.023097132383229635,0.6686000000000192,2,optimal,23.193955321491476,0,0,0.8448931309428658,0.2132957935819974,721,0.7905931417979613,1.4100060365378755,0.21807316453493353,running
MPC,4.40999999999995,2.8856441737498186,29.131390734733138,7.9289382732146425,1.4796010951433523,-0.08189499795967171,0.015581074147527069,7.927945076896891,0.08236202776008031,0.0027821307353592672,0.4819000000000351,2,optimal,23.99374687729297,0,0,0.7958425897459847,0.20229138951429776,359,-0.7862372567191844,1.3532639586439994,0.21901940157552577,running
MPC,4.509999999999948,2.9597595689378227,29.920541370724358,7.925004152823189,1.5101186724515105,-0.04477087193536389,0.0023753630084948968,7.924461186021106,0.07527935566082018,0.032493074704597724,0.48760000000047654,2,optimal,24.793538434716766,0,0,0.8757972370993774,0.21112759527113145,361,-0.7775254865616312,1.413940822933387,0.22094939445953415,running
MPC,4.609999999999946,3.0205535705622593,30.71066590369996,7.924467962206049,1.515334895905618,-0.00610192852894731,-0.015902671066838518,7.924393959970295,0.06694568569875227,0.03693613631226533,0.4949999999999122,2,optimal,25.59332999481914,0,0,0.8724330802591205,0.20414375163291396,724,0.8036607970342913,1.3382110420883806,0.2153071491827237,running
MPC,4.709999999999944,3.077535981084955,31.501112282085415,7.925419254167424,1.4868006505540279,0.024667778923227905,-0.022425485012019197,7.926934740098372,0.06182855513509489,0.007661949922585176,0.7228999999999708,3,optimal,26.393121556870096,0,0,0.8703086678370551,0.19992578310598966,722,0.7949490268767376,1.3266617992193448,0.21713917065507293,running
MPC,4.809999999999942,3.142913814071824,32.291042704767385,7.927248684978467,1.4557091937886664,0.04743863780469535,-0.009096131960778898,7.9301631179478935,0.0574371745636327,0.024135876180731763,0.5834000000000117,2,optimal,27.192913117219135,0,0,0.8279631752758108,0.2070023864194338,361,-0.7775254865616312,1.3901119104201807,0.22094939445953415,running
MPC,4.90999999999994,3.221434112094787,33.08000325314046,7.929809480964677,1.4504260724339428,0.06640353521327427,0.008350632375272355,7.933889038499795,0.04839966331464504,0.030091905613248038,0.3196000000000865,1,optimal,27.99270467653792,0,0,0.8605389226891902,0.20791718998164216,368,-0.7470342910101946,1.4343261071242341,0.22502164647011183,running
MPC,5.009999999999938,3.303732588106592,33.86887564370734,7.933017605324509,1.4789521119753315,0.08318928959745914,0.014179377523006985,7.938128409924422,0.03908127618917491,0.00220544738401518,0.49829999999984054,2,optimal,28.7924962358914,0,0,0.8728199950428647,0.2115105873624632,745,0.8951343836886005,1.2476117745958448,0.19864329610943066,running
MPC,5.1099999999999355,3.3776683469477593,34.65891404586686,7.936687686439528,1.5099936280383017,0.09516820624103871,0.0005104606756110918,7.9425344259486135,0.03245378943028551,0.02822991568576594,0.29760000000012,1,optimal,29.592287796089963,0,0,0.8670745594182594,0.20490280910967412,708,0.7339666357738648,1.4293197849393264,0.22234991952811328,running
MPC,5.209999999999933,3.4385058771235046,35.45046396138139,7.940771934236343,1.5152145982996996,0.10590788717893679,-0.01713870167854185,7.947278475157422,0.029027981127983472,0.03287842423189469,0.49069999999939995,2,optimal,30.39207935770279,0,0,0.851431299100255,0.21284345002022362,736,0.8559314179796109,1.3125924005478404,0.20524858980469113,running
MPC,5.309999999999931,3.4956332863190616,36.24272104578281,7.9451686516761475,1.4866493754485617,0.11401048069008202,-0.022667704087343452,7.952172982305352,0.03248854496204936,0.003766446075164964,0.6838000000000122,3,optimal,31.191870921074685,0,0,0.8704593768060325,0.20797146792487992,730,0.8297961075069509,1.3248605351474776,0.21008581223244965,running
MPC,5.409999999999929,3.561230929595934,37.03476132817847,7.949699628909448,1.455603589731276,0.11749194698930733,-0.008712642927316182,7.956917846375078,0.03295381047167719,0.027785685839781138,0.5524999999999558,2,optimal,31.991662484062985,0,0,0.8724699444095699,0.21016727458355167,742,0.8820667284522705,1.2620251970119862,0.20076314597215372,running
MPC,5.509999999999927,3.640019891128523,37.82606320282706,7.9543219995678465,1.4503970407727007,0.11986185328192228,0.009277610454922404,7.96168581423764,0.022315858457481134,0.033463279153126635,0.44109999999975,2,optimal,32.7914540461602,0,0,0.7963044325840687,0.20806948389659263,333,-0.8994902687673771,1.226813152017729,0.19795406078248537,running
MPC,5.609999999999925,3.7226027421679384,38.61744896454935,7.958975683496612,1.4790012969833397,0.12067383200360861,0.01538338201092967,7.966389382768208,0.00891074271471663,0.005296770660989214,0.4801000000003164,2,optimal,33.59124560802337,0,0,0.8613444357654781,0.20679851793541998,367,-0.7513901760889712,1.4279610244842926,0.22593517874601313,running
MPC,5.709999999999923,3.7967993432761857,39.41011882905294,7.963544746377454,1.5100881468537983,0.1184795389924489,0.0022446572466615655,7.970823637395857,0.0032650121179656896,0.02538584720856818,0.5883000000004301,2,optimal,34.391037170119375,0,0,0.864460003589134,0.20716648981858804,741,0.8777108433734941,1.2549497621581436,0.2014875443267371,running
MPC,5.809999999999921,3.8578479391023532,40.204367683910576,7.96802736863847,1.5153167064973794,0.11623806299306261,-0.014740215204046182,7.97516855267676,0.007310720983637607,0.03024357313125403,0.48259999999977765,2,optimal,35.19082873273681,0,0,0.8774805459127303,0.20363907812595344,710,0.742678405931418,1.418752890378317,0.2241197071405647,running
MPC,5.909999999999918,3.915145023680698,40.99934197222817,7.972365220644699,1.4866792586275148,0.1124840518326957,-0.019736848311664165,7.9792757738217395,0.018367156640230958,0.001268884861877595,0.7082000000000477,3,optimal,35.990620296020644,0,0,0.8312931269169341,0.21007992012637955,355,-0.803660797034291,1.377136538400463,0.21530714918272373,running
MPC,6.009999999999916,3.9809202930802723,41.79407183106728,7.976441224668393,1.4555326827065447,0.10569411939666745,-0.005425625274520101,7.9829346325843655,0.020910360664604045,0.03018162706466665,0.5380000000001495,2,optimal,36.790411859693045,0,0,0.8617812414517473,0.20975868442397605,363,-0.7688137164040778,1.4248534290454564,0.22293077345441883,running
MPC,6.109999999999914,4.059942667437648,42.587993243293006,7.980242844218099,1.4502579645250482,0.09857910547967873,0.012829079834917262,7.986299135216361,0.011413136248141782,0.03572673762064049,0.5466000000002857,2,optimal,37.59020342317203,0,0,0.8644712415452053,0.21195169963299554,361,-0.7775254865616312,1.4257726957426347,0.22094939445953415,running
MPC,6.209999999999912,4.142814739396223,43.38189186091663,7.983733738875656,1.478919676776348,0.09052175478539629,0.019206433065223422,7.989295019696638,0.011027193709137286,0.007302031712590029,0.4938000000000997,2,optimal,38.38999498661522,0,0,0.8505240673767418,0.20298329987569594,351,-0.8210843373493977,1.3155971084834839,0.21178185999974475,running
MPC,6.30999999999991,4.217295605832098,44.17694253167423,7.986842682405209,1.510136441981962,0.08061744951669769,0.006373545912610716,7.9917954838273255,0.01704153722656294,0.023711266965343647,0.6107000000001861,2,optimal,39.18978655017145,0,0,0.8739271420815763,0.20826889170705215,363,-0.7688137164040778,1.418018635890983,0.22293077345441883,running
MPC,6.409999999999908,4.278554888488953,44.973417608046255,7.989586472506897,1.5154734329998012,0.07114872235687672,-0.010350849378486892,7.993957554640897,0.01354157873871814,0.028878207377389664,0.5053999999997671,2,optimal,39.98957811389573,0,0,0.8689347361569892,0.20425026375797653,728,0.8210843373493977,1.323405386216608,0.21178185999974475,running
MPC,6.509999999999906,4.335971501483264,45.770437207689554,7.991937136251563,1.4867982503017012,0.06095463425596999,-0.015173455653099504,7.9956819359324935,0.012118239948581834,6.639528254437366e-05,0.6298000000000137,2,optimal,40.78936967777874,0,0,0.8774616583489356,0.20651613697845614,712,0.7513901760889712,1.4316414239370254,0.22593517874601313,running
MPC,6.6099999999999035,4.401828499831135,46.56701037026567,7.993912901043123,1.4555140745609758,0.05123319765265321,-0.0007385473686454089,7.997060456016828,0.01287136736958967,0.03132228476491461,0.5910000000000082,2,optimal,41.58916124177166,0,0,0.8529989579644374,0.1993039648088482,350,-0.8254402224281743,1.2912355925600854,0.21092842571338713,running
MPC,6.709999999999901,4.480964153274456,47.362559007014724,7.995554350662563,1.4501140226590319,0.04256413169669461,0.017631863778149386,7.9981693142127925,0.015598083037881913,0.036791111288354106,0.5969000000005664,2,optimal,42.38895280576618,0,0,0.8707211479723964,0.20316541094905458,372,-0.729610750695088,1.4321309840356826,0.22148173646210823,running
MPC,6.809999999999899,4.564002981724338,48.15786013189846,7.9968430281703995,1.4787933726524274,0.033416462198103944,0.024124594047735207,7.998895996882374,0.02823328136744893,0.008146829681447088,0.5519999999998859,2,optimal,43.18874436976838,0,0,0.8699966898170908,0.21125039457801126,372,-0.729610750695088,1.4805673511248545,0.22148173646210823,running
MPC,6.909999999999897,4.638659458793634,48.9540958933821,7.997829365436463,1.5101302398903498,0.025576532348499912,0.011365446582753973,7.999400681405249,0.035270722976768344,0.02318823993731378,0.49959999999993343,2,optimal,43.988535933782,0,0,0.8117111476738991,0.20548694922892347,344,-0.8515755329008341,1.2885983828435015,0.20602954162158948,running
MPC,7.009999999999895,4.700041727624788,49.75155568138165,7.998584931775868,1.51558096900766,0.019592453399175175,-0.0053781469814601765,7.99978861077638,0.0301213080977088,0.02867069135941458,0.4815999999996379,2,optimal,44.78832749778781,0,0,0.7818240259203503,0.209475947560983,363,-0.7688137164040778,1.4270671677166233,0.22293077345441883,running
MPC,7.109999999999893,4.757506123704918,50.54937630513818,7.999130640828395,1.4869030982134375,0.014150682241317986,-0.010288617759204343,8.0,0.02188497200233998,5.811713858516754e-05,0.5217000000006244,2,optimal,45.588119061768474,0,0,0.8671502771353139,0.21104231164666035,732,0.8385078776645041,1.3370105821390708,0.20843240730709414,running
MPC,7.209999999999891,4.820493833643897,51.34682248853338,7.99946590181564,1.478433989821052,0.008693591716051642,0.004164598534346888,8.0,0.01866614829756497,0.008312416648491805,0.3177999999999237,1,optimal,46.38791062573539,0,0,0.8632404157161122,0.20404288281991392,337,-0.8820667284522707,1.2380972651252358,0.2007631459721537,running
MPC,7.309999999999889,4.884356938390607,52.14422589607235,7.9996718722481415,1.5050033844972768,0.005340981843604107,0.008267579929327883,8.0,0.01631945184603856,0.018388963565901584,0.3061999999998122,1,optimal,47.18770218967537,0,0,0.8652943046241006,0.20869607886338498,364,-0.7644578313253012,1.4288848646019363,0.2239412608755995,running
MPC,7.4099999999998865,4.941881601724237,52.942127572916334,7.999798411931191,1.5126145079134605,0.0032812775185791353,-0.00845205138861003,7.999999999999999,0.012818613552426887,0.026165674847244524,0.30740000000006873,1,optimal,47.98749375345189,0,0,0.8732532863879334,0.20382239105934802,725,0.8080166821130677,1.3409843955237744,0.2144087504700342,running
MPC,7.509999999999884,4.998431699495204,53.740109326548044,7.999876152659273,1.4858010633461938,0.0020158806880916746,-0.01564957152168468,8.0,0.016699980533560217,0.00044893265754009093,0.5372000000001265,2,optimal,48.787285317015716,0,0,0.871876487444989,0.20137806609320988,723,0.7993049119555145,1.3394035497755574,0.21621722807816315,running
MPC,7.609999999999882,5.064240425548466,54.53737692910699,7.9999015651983205,1.455246939073837,0.000658967930489592,-0.002869684889970795,7.999942049452322,0.01782123155170534,0.030770672266994925,0.3317000000002679,1,optimal,49.58707688038287,0,0,0.8243289545626882,0.2031869812234092,362,-0.7731696014828544,1.3852838944694255,0.22193355627601147,running
MPC,7.70999999999988,5.1434737063721085,55.333430607620464,7.999939525744283,1.4500076737441863,0.0009843480168008887,0.014722665199750816,8.0,0.012470425568277058,0.03574430893972025,0.55629999999951,2,optimal,50.38686844365591,0,0,0.8633923537239235,0.20665299437467394,366,-0.755746061167748,1.4291385137894206,0.22600293112750477,running
MPC,7.809999999999878,5.226614717607763,56.12909325751399,7.999962847127823,1.4787274771566905,0.0006047425571707067,0.020773307643922174,8.0,0.018593313784238886,0.006751494928131763,0.548000000000215,2,optimal,51.18666000714454,0,0,0.8670024560240305,0.20923133717172235,735,0.8515755329008341,1.308751802640756,0.20602954162158948,running
MPC,7.909999999999876,5.30135470871897,56.925580728027036,7.999958496475929,1.5101104314710432,-4.951106204169617e-05,0.007694816823633522,7.999957896021619,0.02376212171685519,0.02486076051198083,0.311200000000067,1,optimal,51.98645157106589,0,0,0.8428403170750016,0.21522764199190544,338,-0.8777108433734939,1.3015777465172542,0.20148754432673713,running
MPC,8.009999999999874,5.362790514610534,57.72320610030928,7.999915038398326,1.5156011762466426,-0.0004945593508385375,-0.00961512657448868,7.999909040540845,0.01799006824618637,0.030524407980323076,0.43149999999991806,1,optimal,52.78624313494895,0,0,0.874361329116436,0.21340420303486884,734,0.8472196478220577,1.3371217034107326,0.20682039817249392,running
MPC,8.109999999999872,5.420277680486678,58.52113067252985,7.999947803119038,1.4869246073843814,0.0008496160167477989,-0.014839345353757947,8.0,0.012103096061133222,0.0019695132326811304,0.6699999999995043,3,optimal,53.58603469882554,0,0,0.8650778939705928,0.21103252058441938,745,0.8951343836886005,1.2544935634368772,0.19864329610943066,running
MPC,8.20999999999987,5.486145085312617,59.318400809109285,7.999967679740404,1.4555358016306539,0.0005154170554517155,-0.0008396981269980149,7.999999344824583,0.011699094398196297,0.02934914906133912,0.6510999999993494,3,optimal,54.38582626277522,0,0,0.8715874461301256,0.2022002386520554,338,-0.8777108433734939,1.2349890084755073,0.20148754432673713,running
MPC,8.309999999999867,5.565277587858982,60.1142541957906,7.996738749500651,1.4499368070814322,-0.03674570370705191,0.01690684150959546,7.996293109369699,0.015506186197172893,0.03492916647406963,0.7012000000008456,3,optimal,55.185617826779925,0,0,0.8141679535779539,0.1946900906855337,364,-0.7644578313253012,1.3480893320196972,0.2239412608755995,running
MPC,8.409999999999865,5.648301213515471,60.90898433001041,7.9874016497907085,1.47854727402827,-0.10625757571365992,0.022568995609297045,7.986112991929285,0.027666220429035313,0.006351086426240826,0.6430000000001712,3,optimal,55.985409390788334,0,0,0.8707609290576862,0.20425585076771852,368,-0.7470342910101946,1.4234447935078587,0.22502164647011183,running
MPC,8.509999999999863,5.722815034156524,61.70293965972167,7.9679787588282185,1.5104362359406796,-0.22103537191824846,0.009283662835614201,7.965298112598884,0.03422883827170651,0.025454243115454744,0.5223999999985907,2,optimal,56.785200954773636,0,0,0.8722273088627481,0.21218737144631256,718,0.7775254865616312,1.4287697423293866,0.22094939445953415,running
MPC,8.60999999999986,5.7836212538212575,62.49508695786564,7.933026078590821,1.5172450833962212,-0.3977666708181158,-0.007648143888354818,7.928202091746407,0.031093396652933022,0.03212794412489428,0.5304999999999893,2,optimal,57.584992518704404,0,0,0.8137805075233561,0.2081060661966489,341,-0.8646431881371641,1.279731203129043,0.2037158366078793,running
MPC,8.709999999999859,5.83963109061765,63.28257257671568,7.875234396938429,1.489246046827524,-0.6576778849496225,-0.013087449176211378,7.867258290095859,0.0330190251014902,0.003942514046798795,0.5579999999998364,2,optimal,58.38478408240411,0,0,0.8699551696391056,0.20890699923434713,367,-0.7513901760889712,1.4369657009459498,0.22593517874601313,running
MPC,8.809999999999857,5.903006839184981,64.0616905508322,7.787314543452171,1.4557807764870747,-1.0005409365610738,-0.0006255027500179528,7.775180303282322,0.04964383623719645,0.029760772094902244,0.4773999999994061,2,optimal,59.18457564575816,0,0,0.8620017830698183,0.21042073607938486,366,-0.755746061167748,1.4319833318826218,0.22600293112750477,running
MPC,8.909999999999854,5.978935981209471,64.82677513411858,7.638100162224789,1.4445115052419324,-1.6980817280929554,0.016089427205776254,7.617506370642875,0.08219671583195776,0.04131931473723194,0.49069999999939995,2,optimal,59.98436720876312,0,0,0.8519953418990635,0.19218691948014704,364,-0.7644578313253012,1.3041382997030873,0.2239412608755995,running
MPC,9.009999999999852,6.058735551079056,65.57162924671395,7.416231638383733,1.469099237776365,-2.524896617031407,0.029593750889298352,7.385610500521648,0.07783032470090584,0.01698619777230892,0.6664000000000669,3,optimal,60.58421088117745,0,0,0.7815297618532692,0.20589644249220387,359,-0.7862372567191844,1.3301227968439604,0.21901940157552577,running
MPC,9.10999999999985,6.129692819976348,66.28978452951438,7.1147978760103445,1.5053267226475386,-3.4303607997178336,0.018328034730485027,7.07319555841195,0.04662725374505189,0.018860754417699077,0.650400000000495,3,optimal,61.38400244401097,0,0,0.8600178762180873,0.22702397684926082,360,-0.7818813716404078,1.414686650278054,0.21997807798827249,running
MPC,9.209999999999848,6.1845666484371415,66.97601346098641,6.766708962391801,1.5241619409946294,-3.961303321471706,-0.004821460971243838,6.718667543863174,0.09027187793473677,0.03738066605148749,0.6861000000002448,3,optimal,61.98384611631512,0,0,0.7935094078938019,0.2331882252635418,353,-0.8123725671918443,1.35460557561665,0.21352185245425553,running
MPC,9.309999999999846,6.2289545301685605,67.6250693688427,6.372625562339054,1.5070064415794626,-4.484727379960568,-0.021163980281519588,6.318236224395744,0.07706956179779668,0.019747030042995384,0.6950999999997265,3,optimal,62.783637679816756,0,0,0.863461702664567,0.24735050536655623,362,-0.7731696014828544,1.4198366280375505,0.22193355627601147,running
MPC,9.409999999999844,6.27290402761233,68.23295340894346,5.95303363933942,1.4763608718319807,-4.775018143963671,-0.024172245068433993,5.895123747942686,0.06552939935777273,0.011281960137440983,0.8422000000001262,3,optimal,63.38348135079078,0,0,0.8404351344119348,0.25496330933332195,334,-0.8951343836886005,1.2148069619454474,0.19864329610943066,running
MPC,9.509999999999842,6.32485466190858,68.79644909450094,5.508462867216486,1.4381217893356986,-5.061267173391344,-0.019563974398038586,5.446906922000286,0.09915172213256497,0.049942164794195776,0.5995000000007522,3,optimal,63.98332502223628,0,0,0.8756882919385197,0.26334762698477493,361,-0.7775254865616312,1.3381856774401253,0.22094939445953415,running
MPC,9.60999999999984,6.389211137339546,69.31297145117603,5.0484617451146,1.3965578207123028,-5.242749763786942,-0.006966999026388578,4.9841878908377915,0.05846550502887804,0.0918224015472826,0.5993000000001913,3,optimal,64.3832208023642,0,0,0.8384411217930382,0.25172880179534646,361,-0.7775254865616312,1.2091397707162994,0.22094939445953415,running
MPC,9.709999999999837,6.463690937301794,69.78153182571047,4.58689602623551,1.3784815064615288,-5.261151619638493,0.02730084858816703,4.5223465831507506,0.13265110906493005,0.11054838182457383,0.5967000000000056,3,optimal,64.78311658064477,0,0,0.7702932861034497,0.2826219588326091,359,-0.7862372567191844,1.2270767839719878,0.21901940157552577,running
MPC,9.809999999999835,6.535596983184409,70.20412417657093,4.131682465004442,1.40880410894387,-5.186441322974005,0.06018764340964082,4.068251893938109,0.14593514314669467,0.08229350271947045,0.649300000000963,3,optimal,65.38296016450299,0,0,0.6898204838190434,0.3989348138822793,292,-1.0780815569972197,1.0414914056808517,0.17592605845767686,running
MPC,9.909999999999833,6.5891722776621044,70.58449202006054,3.693614057825823,1.4720229955767998,-4.985283266706259,0.0368193344713099,3.6331541383338157,0.16817916439611752,0.027873583246193157,0.6373999999995661,3,optimal,65.78277310820086,0,0,0.7747213426203425,0.38478378604072067,644,0.45518999073215927,1.6117432593016396,0.18381666948290917,running
MPC,10.009999999999831,6.623123330439975,70.92473715037585,3.2795819550581156,1.489881423916832,-4.711746567392725,-0.10456972506636186,3.2224394010865502,0.14652860299265816,0.1325960332233036,0.5475000000005892,2,optimal,65.98272099920453,0,0,0.7588019851780925,0.3501852981698636,644,0.45518999073215927,1.3455637877493187,0.18381666948290917,running
MPC,10.109999999999829,6.673366699293778,71.22283814180373,2.8974874187214534,1.3285502505839764,-4.3482923376448,-0.2993815719194137,2.8447527212936357,0.07112633247704188,0.32598718358471057,0.891499999999823,3,optimal,66.38129006365385,0,0,0.8729470436452235,0.34493800815208747,608,0.29837812789620033,1.2539997995936898,0.17273225620013413,running
MPC,10.209999999999827,6.780020249514536,71.46407916747205,2.5245523077613092,1.0184352180749536,-4.244056722124634,-0.41887902047863906,2.47308174650899,0.06900198522029559,0.27509950838748054,0.9631999999992757,3,optimal,66.57831954454069,0,0,0.7927201628360692,0.3476706483701605,635,0.41598702502316964,1.1019534056987204,0.18049280228087206,running
MPC,10.309999999999825,6.943916472773926,71.63425011871092,2.297902798484775,0.7066510189743702,-2.5793049384243276,-0.4188790204786391,2.2666218139188765,0.11530392900618064,0.23556442530095323,0.8992999999994922,3,optimal,66.7759801806501,0,0,0.7288604004405654,0.4112089165417468,636,0.42034291010194647,1.1285917467566575,0.18084251024618525,running
MPC,10.409999999999823,7.135338937049924,71.7336351590089,2.097857125372576,0.4263220270880004,-2.2765493480030816,-0.4188790204786391,2.070247863684467,0.15946755740682678,0.20485906332783532,0.7419000000004061,3,optimal,66.97592807165377,0,0,0.7071850861407939,0.43486870301094305,642,0.44647822057460607,1.084372465962706,0.18304309849891595,running
MPC,10.50999999999982,7.336051304446081,71.77239280906268,2.0261500936764865,0.1730714940235234,-0.8160366266128126,-0.4188790204786391,2.016253462711295,0.16492563133175114,0.10711610975443886,0.6455000000000766,3,optimal,67.17389807344261,0,0,0.72088915479723,0.5062794907193028,699,0.6947636700648747,1.0308287043094357,0.21491658495418042,running
MPC,10.609999999999818,7.537956612055433,71.75880840658853,2.031088847528299,-0.07234148276830621,0.12806592835774813,-0.4188790204786391,2.0389566865122615,0.16077649317469914,0.005551782115516879,0.47999999999959186,2,optimal,67.37384596444629,0,0,0.7161791221312799,0.6373451977237421,699,0.6947636700648747,1.2069435429508262,0.21491658495418042,running
MPC,10.709999999999816,7.7339378563435925,71.6997865469796,2.06487819746118,-0.28676083992135326,0.8761854908340537,-0.26338052051482974,2.1187073966117045,0.12121861569783553,0.14779114479010458,0.5237999999998522,2,optimal,67.57333500146584,0,0,0.6798590288209617,0.820542606095423,385,-0.6729842446709917,1.5143536846712962,0.21113476830746442,running
MPC,10.809999999999814,7.924078867054436,71.61264760907845,2.1156392835417077,-0.4219560864013323,1.3162764957326798,0.0318188321001832,2.196505847034448,0.07363101432221449,0.23749567644555825,0.6308999999991016,3,optimal,67.77328289246951,0,0,0.7636553692115047,0.6767862616834904,394,-0.6337812789620019,1.3309730579732866,0.20489107222660924,running
MPC,10.909999999999812,8.120949426490172,71.52726604727667,2.174161996282296,-0.3854834318397915,1.5175418257353173,0.3426056903077498,2.2673934661152395,0.04114732565132425,0.20983309032384412,0.5991999999999109,3,optimal,67.97322402183234,0,0,0.8307950107680682,0.6163897733973782,369,-0.742678405931418,1.1847672452499503,0.2241197071405647,running
MPC,11.00999999999981,8.336476296118342,71.48328995581171,2.2340387878219357,-0.16687149569003012,1.5526541969271825,0.4188790204786391,2.3294274159750143,0.05744825502642648,0.02686924099862731,0.644500000000825,3,optimal,68.17317191283601,0,0,0.8583291994532436,0.6099196662845915,382,-0.6860518999073215,1.2394218232805758,0.21337555590733343,running
MPC,11.109999999999808,8.561398769531504,71.49814888891994,2.283270081138207,0.09985480945798808,1.2766077176506176,0.4181058911294981,2.3616995595869974,0.09315972975842453,0.15868225245629475,0.5950000000005673,3,optimal,68.37251005037277,0,0,0.8776112888550307,0.6615342495979945,380,-0.6947636700648749,1.3502415433636772,0.21491658495418048,running
MPC,11.209999999999805,8.780170719361296,71.56624016655405,2.3034360008213044,0.3230576231573352,0.5229187975131998,0.20954767471104382,2.3355619608895273,0.12449483460339783,0.115414269557915,0.4710000000001102,2,optimal,68.77036789532544,0,0,0.787862500690704,0.6982972644947232,426,-0.4943929564411491,1.5910416025774632,0.187558879276136,running
MPC,11.309999999999803,8.989700948272084,71.66233815842028,2.3083296865909273,0.4446318969453358,0.12689727611102702,0.13995877525395328,2.3161257284324073,0.1452094744966236,0.07189174237950136,0.6216999999999473,3,optimal,68.9703157863291,0,0,0.730598647709418,0.6865509711625803,381,-0.6904077849860983,1.4333993466164423,0.21414126651260781,running
MPC,11.409999999999801,9.188893063119508,71.77325357340654,2.2656587915292126,0.5128799902369268,-0.48560109709032,0.06799825436786075,2.2597695768818955,0.15488573233254144,0.016111726521761405,0.6369000000008285,3,optimal,69.1679749694093,0,0,0.7310084849813094,0.660785882114538,449,-0.3942075996292864,1.5871369764842533,0.17881488791364855,running
MPC,11.509999999999799,9.378384637628647,71.89395425754637,2.23878481914444,0.5866422915292853,-0.30582978056462873,0.1909739653691975,2.2350758134727498,0.15799831960487754,0.0808316215285112,0.46999999999997044,2,optimal,69.36792286041296,0,0,0.7062957422009645,0.590034043700304,419,-0.5248841519925858,1.3476391457625638,0.19078279873438905,running
MPC,11.609999999999797,9.546566248805512,72.03809934420798,2.2075182372423026,0.7354245304442493,-0.3558183265662226,0.28075701087218774,2.2032029864878178,0.13664178484112757,0.22609026174966917,0.5008999999995822,2,optimal,69.76590238817919,0,0,0.7791782039755746,0.594082734488963,399,-0.6120018535681186,1.2903341491646942,0.20171054956370096,running
MPC,11.709999999999795,9.681006180587449,72.21122995763464,2.192589048892886,0.9443995723932537,-0.16989637153520273,0.4188790204786391,2.1905286000887823,0.09978128022611767,0.18087917092413486,0.5027999999995814,2,optimal,69.96326995781997,0,0,0.7673209325465297,0.6186399366239718,397,-0.6207136237256718,1.313873146190925,0.20295929427763665,running
MPC,11.809999999999793,9.765078744762674,72.41359158151472,2.20215964443178,1.2066435962076538,0.24817337316277618,0.4188790204786391,2.2174063862091637,0.09334064733161986,0.09785594374688777,0.6661999999995061,3,optimal,70.16321784882365,0,0,0.7630170227214683,0.6350641512960895,423,-0.5074606116774791,1.4058676111917696,0.18890562980628614,running
MPC,11.90999999999979,9.797233073579124,72.62948267258295,2.1783350974483406,1.4396365700070979,-0.2711268684686736,0.26294928443911425,2.1750469575849127,0.10009878698692051,0.010334223537823206,0.6970999999991179,3,optimal,70.36166232560795,0,0,0.7955664523074726,0.6820944125119067,407,-0.5771547729379054,1.4557838652817612,0.19701235368537667,running
MPC,12.009999999999788,9.79790253581791,72.84770253262931,2.1871689511133288,1.5733015664480121,0.22906905355648882,0.15593855986069563,2.2012420028039896,0.12435175395784231,0.0045391777418393175,0.47530000000062245,2,optimal,70.56161021661163,0,0,0.7719399476400033,0.7297077593285928,367,-0.7513901760889712,1.3874823979888709,0.22593517874601313,running
MPC,12.109999999999786,9.78060098338507,73.0662923174307,2.1979018330021134,1.650613609456758,0.27831240921972134,0.07223882234141407,2.215000192035301,0.13410545881734567,0.029499441308211694,0.4683000000005322,2,optimal,70.7614471388563,0,0,0.8167954110269173,0.7242677307446,367,-0.7513901760889712,1.383498305401277,0.22593517874601313,running
MPC,12.209999999999784,9.754667040582557,73.28644272036672,2.2330294738813214,1.6921877069465474,0.9108884700868747,0.04940730756999602,2.2889906800108006,0.10521693473530583,0.09056950848134493,0.5106000000010269,2,optimal,71.16124903722373,0,0,0.7823684625978267,0.7484616249267799,381,-0.6904077849860983,1.4824486936841306,0.21414126651260781,running
MPC,12.309999999999782,9.718808774862435,73.51239294375057,2.334699008656946,1.7334339563351786,2.636374224635962,0.07464072647224211,2.4966668963449177,0.07751161838522756,0.06453287358617565,0.5496999999996532,2,optimal,71.36118425229698,0,0,0.8003070043590225,0.7523508153369206,359,-0.7862372567191844,1.405976805945795,0.21901940157552577,running
MPC,12.40999999999978,9.67154536568527,73.74798688716687,2.461267007952611,1.77605960970076,3.282011782027297,0.05209112790417727,2.6629001868596758,0.05627960970773434,0.03548440511591622,0.46819999999936357,2,optimal,71.56113214330064,0,0,0.7872648451088718,0.7078580368022771,735,0.8515755329008341,1.2947835664204204,0.20602954162158948,running
MPC,12.509999999999778,9.614819503398655,73.99501772988,2.59707410445435,1.7967552859882094,3.5215891321819504,0.01513792494154634,2.813425921170806,0.07487436138711544,0.018830047933747096,0.4635999999988982,2,optimal,71.76107893922894,0,0,0.8145290422944405,0.6679129514458715,717,0.7731696014828544,1.398482434015418,0.22193355627601147,running
MPC,12.609999999999776,9.55493994356242,74.25536619950971,2.734814583122339,1.7971182147854237,3.5717233136820266,-0.004425279947120357,2.9542464358225526,0.09113760736884716,0.025954294101306452,0.48290000000061895,2,optimal,72.16097381688013,0,0,0.8041464840726757,0.6325648060722556,737,0.8602873030583873,1.2759554713171237,0.20447740104668097,running
MPC,12.709999999999773,9.49152008428436,74.53088261704396,2.9059142514304908,1.7971094155067149,4.436754396160765,0.0071665980300267395,3.1784900227384156,0.038389242663623147,0.02936907065592287,0.550999999998858,2,optimal,72.36092170788379,0,0,0.8000558146189347,0.6142307807821901,735,0.8515755329008341,1.3126843381385813,0.20602954162158948,running
MPC,12.809999999999771,9.424262448061254,74.82304104818259,3.0764365983748077,1.7971067186012968,4.421783980821455,0.013544518070791142,3.3480926495126364,0.10013017996575042,0.03493750926255812,0.4747000000007162,2,optimal,72.76081679661814,0,0,0.837161416099345,0.5772664133131244,359,-0.7862372567191844,1.4041859023450698,0.21901940157552577,running
MPC,12.90999999999977,9.351305699359079,75.13261492734262,3.269288312819166,1.8089380911095574,5.000802750401267,0.02455971251577379,3.5765168734149344,0.029180371016451222,0.025322595719473817,0.5430000000004043,2,optimal,72.96076422135759,0,0,0.8105163293851597,0.5344658019646783,360,-0.7818813716404078,1.3867201480861164,0.21997807798827249,running
MPC,13.009999999999767,9.26718040830198,75.45869744028063,3.451469763666056,1.8358498583258076,4.724114084710813,0.019435862279234436,3.7416997212902476,0.043552447929016296,0.0021192567206247404,0.6128000000007461,2,optimal,73.36065974403624,0,0,0.8316499834240352,0.5062698823116757,714,0.7601019462465248,1.4245556629115221,0.22496523842325897,running
MPC,13.109999999999765,9.171350330300172,75.8011814021278,3.6457794143302347,1.851415237553008,5.0386082294917225,-0.0010515159639055223,3.9553305866152284,0.08677853839323388,0.011016453456129671,0.481899999999591,2,optimal,73.76055542321413,0,0,0.8240931361980796,0.46727681824386197,707,0.729610750695088,1.4237114642508577,0.22148173646210823,running
MPC,13.209999999999763,9.070155192375935,76.16309777241214,3.853602752239463,1.8357466322428044,5.389029196906082,-0.01611713855231981,4.1846823340208426,0.09227118484191489,0.005380466986718346,0.4679999999996909,2,optimal,73.96050331421779,0,0,0.8212308481791348,0.4496899370017245,711,0.7470342910101948,1.4279128050662901,0.22502164647011186,running
MPC,13.30999999999976,8.969172349934036,76.5453837839016,4.0395106247354455,1.8214087575421976,4.8207432470992675,-0.004506988620099778,4.3356770769493895,0.08699133074376447,0.020161644830492875,0.5239999999995248,2,optimal,74.36039908004807,0,0,0.8479288113545032,0.4238773661798805,349,-0.8297961075069509,1.3127107312681499,0.21008581223244965,running
MPC,13.409999999999759,8.865610224423346,76.94620278380859,4.2252578596914185,1.8216167514331214,4.816577784250201,0.009560899822527625,4.521168403160465,0.09995568458296247,0.018278918290135948,0.6208999999994802,2,optimal,74.96024269970434,0,0,0.8498159512775287,0.40568629911007004,348,-0.8341519925857275,1.3101922505661452,0.20925385860619156,running
MPC,13.509999999999756,8.757561160339876,77.3668741860219,4.443766556823021,1.8219508083852227,5.666109304501846,0.007385269054897077,4.791868790141603,0.06549235163604802,0.015151112488906548,0.6065000000008425,2,optimal,75.36013836344364,0,0,0.820358122226577,0.3903548099237579,341,-0.8646431881371641,1.2739980776345914,0.2037158366078793,running
MPC,13.609999999999754,8.644114036044149,77.80893792389463,4.666197745841016,1.8220243442146928,5.767822728571825,0.004766289626396813,5.020548829680203,0.012219088296656074,0.010962402639223878,0.50669999999986,2,optimal,75.76003399768368,0,0,0.8299702318560866,0.37917510016340156,336,-0.8864226135310473,1.265262567316977,0.20004771979496722,running
MPC,13.709999999999752,8.525243054293261,78.27216445705508,4.881289882388629,1.82203296636787,5.577515093065628,0.0008575575438573411,5.223949255147579,0.07043981120613536,0.005316376168497783,0.48810000000010234,2,optimal,76.15992972700178,0,0,0.8243051061786001,0.3606984630220673,708,0.7339666357738648,1.4720837544391074,0.22234991952811328,running
MPC,13.80999999999975,8.401201733005923,78.75553669569699,5.083223333322963,1.8220326699259537,5.236299608432042,-0.005107096400982438,5.404919843231832,0.033581001872078985,0.005453064857821044,0.5399999999999849,2,optimal,76.7597724271689,0,0,0.8543464554654004,0.35037166144662546,710,0.742678405931418,1.4840038189523248,0.2241197071405647,running
MPC,13.909999999999748,8.274402014462616,79.25960149548384,5.295258840139508,1.804193115481951,5.498254183147696,-0.020046888301436295,5.633048751637733,0.08918733073573215,0.0036116853057759357,0.5077999999993921,2,optimal,77.15966682669436,0,0,0.8502658149165947,0.3216059023674501,715,0.7644578313253012,1.4038669088932927,0.2239412608755995,running
MPC,14.009999999999746,8.153299900450635,79.78592792558295,5.490960073133821,1.767532744400668,5.074693097930671,-0.018214227279106942,5.802728149932575,0.03077954461556917,0.02450930345720259,0.4799000000001996,2,optimal,77.75950833216427,0,0,0.8001597929233919,0.30475513019975153,358,-0.790593141797961,1.3532285382032219,0.21807316453493358,running
MPC,14.109999999999744,8.041475687677156,80.33423342676825,5.685478113585103,1.7498838972458965,5.044011947179721,-0.009283355054007516,5.995361267851793,0.01960741065308069,0.02390107347568371,0.49730000000014485,2,optimal,78.35934511979801,0,0,0.846191906156685,0.28677278522442845,351,-0.8210843373493977,1.284797849117375,0.21178185999974475,running
MPC,14.209999999999742,7.933047254387099,80.90284469325061,5.8764016371764445,1.75289222866261,4.950803183900925,-0.013272244594291932,6.180558431975196,0.036943867195620456,0.0002608089527007529,0.5344000000011562,2,optimal,78.95918428766488,0,0,0.8631801381719686,0.2884692124913339,352,-0.8167284522706209,1.3354643713093421,0.2126462795560751,running
MPC,14.30999999999974,7.825807205603871,81.49063078217999,6.0588635171016465,1.735836510933794,4.731385840163742,-0.031080817644619445,6.349540221192819,0.03629464234873478,0.006011263795738131,0.5723000000008582,2,optimal,79.55901786374619,0,0,0.8720575169918873,0.28022361762214104,728,0.8210843373493977,1.3338937902808956,0.21178185999974475,running
MPC,14.409999999999737,7.727730364578504,82.09723150301089,6.2182973312055925,1.695652777554886,4.134249251426899,-0.04226106171376961,6.472288442244336,0.019756533060437547,0.008478970315135115,0.7407000000005937,3,optimal,80.15885646485322,0,0,0.8712268184361371,0.27805639649186287,715,0.7644578313253012,1.4398906519802677,0.2239412608755995,running
MPC,14.509999999999735,7.6466599889748945,82.72007770679187,6.33498509704666,1.6544572061801073,3.0258092443588365,-0.026492785990046095,6.520878255641476,0.009665576077664453,0.022356202345186205,0.5260000000006926,2,optimal,80.75869201492127,0,0,0.8463108867570888,0.2721607878294248,751,0.9212696941612606,1.2181986052157556,0.19463310273330892,running
MPC,14.609999999999733,7.584723128110109,83.35453771554785,6.408962737103099,1.6330622685472884,1.9183007365442488,-0.009373999281257737,6.526815170701085,0.04743579323819412,0.01312231212895032,0.5319999999997549,2,optimal,81.3585330514761,0,0,0.8698440982819804,0.2676923130100433,359,-0.7862372567191844,1.4171434365942874,0.21901940157552577,running
MPC,14.70999999999973,7.534384499069891,83.99553305746842,6.447417678656788,1.6355494539225053,0.9971680990354198,-0.0005808938468342855,6.508679547006642,0.0920221500617073,0.022217193579059824,0.5341000000003149,2,optimal,81.95837285426863,0,0,0.8687019073178115,0.24839288821548175,722,0.7949490268767376,1.332008962503751,0.21713917065507293,running
MPC,14.809999999999729,7.4912607747067765,84.64115443579875,6.490476160516635,1.6173127232069315,1.1165416658764045,-0.03300528603887546,6.5590718452444285,0.08127361379562349,0.04436324001036107,0.5243999999997584,2,optimal,82.75815177180525,0,0,0.865906386871041,0.24028623168644292,735,0.8515755329008341,1.2266573559469236,0.20602954162158948,running
MPC,14.909999999999727,7.464208390423519,85.29434760426066,6.578381253742913,1.5566091110586349,2.279450992939377,-0.06347201988411041,6.718421259810572,0.08287883469591363,0.008285754611685903,0.8723999999995513,3,optimal,83.35798376473849,0,0,0.7820023010571306,0.23678979120813032,688,0.6468489341983319,1.4333044374104837,0.20689564634075194,running
MPC,15.009999999999724,7.469059254509125,85.95790630933638,6.686077141140368,1.485432381465395,2.792642478993801,-0.04735558647048885,6.857645501642294,0.11053057655299625,0.04227888919760492,0.7315000000005512,3,optimal,83.95782318785876,0,0,0.7804674227095716,0.23745743453932971,733,0.8428637627432809,1.2469199412524963,0.20762130414308752,running
MPC,15.109999999999722,7.506192500727325,86.63168419811093,6.801477958519934,1.4658530492469721,2.992437617746958,-0.015069641635946086,6.985320902915063,0.12582382690923857,0.042034366668199485,0.5337000000000813,2,optimal,84.75760974832491,0,0,0.7734561330413973,0.2429115407497639,696,0.6816960148285451,1.4737609952057475,0.21261932153731197,running
MPC,15.20999999999972,7.561699649751877,87.31712956439775,6.941243492090145,1.4747674257114036,3.6242346442342392,-0.0033653055949231596,7.163901422943358,0.08964982746403184,0.023586876722738293,0.5047999999998609,2,optimal,85.3574518482184,0,0,0.7780452635054851,0.22804530369711806,719,0.781881371640408,1.3205828578726932,0.21997807798827246,running
MPC,15.309999999999718,7.623850707733217,88.01589302687826,7.078233418673035,1.4804503144523398,3.552260883999779,-0.008661547788074852,7.296469580490123,0.1212054557168802,0.010565892416672718,0.5049999999995336,2,optimal,86.15724317942706,0,0,0.7681193217512902,0.21849868897617644,711,0.7470342910101948,1.3378005664739534,0.22502164647011186,running
MPC,15.409999999999716,7.687847702313276,88.72806165151222,7.211835871385742,1.4819525385660783,3.4644209148518015,-0.009219927321838111,7.424675510158215,0.07821732956404762,0.006338557178424686,0.5232999999993382,2,optimal,86.75708684005683,0,0,0.8500751704376888,0.23008412269614625,729,0.8254402224281745,1.3154921867305,0.21092842571338707,running
MPC,15.509999999999714,7.752670222576378,89.45226617939788,7.321389529181634,1.4820469714331261,2.84081598548758,-0.01140211774815469,7.4959174699345,0.08503275195345267,0.005956141246257207,0.5247999999999919,2,optimal,87.55687839482987,0,0,0.7723273608644524,0.21570480138227016,747,0.9038461538461537,1.159573030885239,0.1972733218794039,running
MPC,15.609999999999712,7.818244688290166,90.18682806324114,7.420347557230462,1.4819431788335031,2.56606263660489,-0.007681810695502288,7.577995792842123,0.11018164249378466,0.008425847886464055,0.49749999999892935,2,optimal,88.15672201301258,0,0,0.7868890627485601,0.23051314653693963,718,0.7775254865616312,1.4236748366189869,0.22094939445953415,running
MPC,15.70999999999971,7.884526395138723,90.92989979830286,7.494181686366806,1.4818881247796434,1.91457938096289,-0.006882560469393607,7.6118054953267515,0.06614881582970658,0.015003604471218068,0.45010000000011985,2,optimal,88.95651313228748,0,0,0.8557532744348971,0.21855968125872305,726,0.8123725671918445,1.3289526275787895,0.2135218524542555,running
MPC,15.809999999999707,7.951414126844126,91.67983189350922,7.558824882936709,1.481873250106717,1.676250979323112,-0.0015271956882678564,7.6618067842991175,0.04282460026747871,0.021436222479665812,0.5316999999998018,2,optimal,89.75630411837953,0,0,0.7809584162239576,0.2232805045778875,706,0.7252548656163116,1.4728092070032937,0.2206244765899192,running
MPC,15.909999999999705,8.018853147003048,92.43591266015476,7.618079806787765,1.4818718235302375,1.5365286589384977,0.0017450850173928011,7.712477748830559,0.05697585506043665,0.02330032579651231,0.510400000000466,2,optimal,90.55609559542322,0,0,0.8497168725516302,0.22517861198987718,356,-0.7993049119555145,1.4029201689908422,0.21621722807816315,running
MPC,16.009999999999703,8.086795731254563,93.19761478127316,7.672119698557815,1.481872715650321,1.4012986100417328,0.0021677830598884774,7.758209667791939,0.0871735419387215,0.02045592975909738,0.497099999999584,2,optimal,91.35588714063891,0,0,0.8747980408269566,0.2188321084407626,732,0.8385078776645041,1.3229976977558637,0.20843240730709414,running
MPC,16.10999999999972,8.15518997281679,93.9643710104344,7.720053654860056,1.4818733289395192,1.2429667073715693,-0.00042577739253877504,7.796416369294971,0.08322630321208518,0.01526991947149492,0.49260000000028725,2,optimal,91.95573073137574,0,0,0.8380637546338011,0.2098508914455784,349,-0.8297961075069509,1.2968787835077347,0.21008581223244965,running
MPC,16.209999999999734,8.223886734603493,94.73451606297911,7.742228121576554,1.4818738803646443,0.5750020655198251,-0.0026175239247349874,7.777553861412039,0.05819594305366935,0.004192604569021263,0.44520000000058957,2,optimal,92.75552149808598,0,0,0.8604139608806824,0.21545199932696604,365,-0.7601019462465246,1.4304688713829266,0.22496523842325905,running
MPC,16.30999999999975,8.292721607055453,95.50620875634446,7.752113408397344,1.48187417062352,0.2563335755885998,-0.012087279369636716,7.767861479135414,0.033515666746044726,0.011507674742352147,0.5337000000000813,2,optimal,93.55531069610839,0,0,0.8716859780665961,0.21604567924998944,733,0.8428637627432809,1.3204981208434101,0.20762130414308752,running
MPC,16.409999999999766,8.36445093820658,96.27805818395542,7.751630194289921,1.4591786005388492,-0.005499048012815427,-0.02640890607406598,7.751563503596063,0.007430735881629803,0.009193821860536744,0.48859999999972814,2,optimal,94.35509772505452,0,0,0.8657880333750045,0.21789629226838111,747,0.9038461538461537,1.2421731692998954,0.1972733218794039,running
MPC,16.50999999999978,8.45107806512991,97.04678064455241,7.728252343779331,1.404231363038513,-0.2660433965384902,-0.032400475733429454,7.725025854636072,0.026853313098413815,0.020597404262203245,0.7315999999999434,3,optimal,95.15488263536815,0,0,0.8677898759860269,0.212551100005653,710,0.742678405931418,1.4378534603546853,0.2241197071405647,running
MPC,16.609999999999797,8.562043822032493,97.80603774044468,7.64569207619668,1.3657594367699006,-0.9395480562622749,-0.015096641715066611,7.6342975381531035,0.06020521555795603,0.0290322735996833,0.4961000000003324,2,optimal,95.95466670044947,0,0,0.8524161550727041,0.21713190780336622,759,0.9561167747914738,1.1574542663464988,0.189728168336275,running
MPC,16.709999999999813,8.693145347526555,98.55078489527898,7.519571155811414,1.3593064432120527,-1.435274728044671,-0.0038694906067596084,7.502164603392212,0.10565910227672855,0.00047054743752195094,0.5014999999994885,2,optimal,96.75445301886302,0,0,0.7813229740644096,0.20344354122433314,735,0.8515755329008341,1.2307689005842657,0.20602954162158948,running
MPC,16.809999999999828,8.83541031024497,99.27957733671724,7.377579541526046,1.3587072622658434,-1.6158855720011582,-0.00943882728259197,7.357982598611299,0.0773768559048652,0.02879508932055197,0.5823000000004797,2,optimal,97.35429382467609,0,0,0.8107846882972959,0.19706930436283898,720,0.7862372567191844,1.2659848259203426,0.21901940157552577,running
MPC,16.909999999999844,8.98527160220917,99.9948137985173,7.272187501827439,1.3361018059651995,-1.1993769999014743,-0.038868186827302885,7.257641841535898,0.10952924909207265,0.05009239884436045,0.5575000000002106,2,optimal,98.15407106523354,0,0,0.7299756042006718,0.1872048919218048,742,0.8820667284522705,1.0785428115823663,0.20076314597215372,running
MPC,17.00999999999986,9.155639741912397,100.7017330373063,7.272477645186918,1.253255777149035,0.007523654711985357,-0.09069028412989492,7.272939867298637,0.17833694712151765,0.0029303439967400813,0.6639000000010498,3,optimal,98.7538897706927,0,0,0.7100858388362185,0.18541593058207254,720,0.7862372567191844,1.1716672605369551,0.21901940157552577,running
MPC,17.109999999999875,9.376944020501044,101.39525801039446,7.291031516247411,1.102303398284613,0.48111705772091273,-0.08412428682792947,7.320589350959009,0.1839046731895197,0.0970787459716167,0.6535999999996989,3,optimal,99.55365133403669,0,0,0.666974540710243,0.20483934384820837,744,0.8907784986098242,1.1360681905566397,0.19934114321212792,running
MPC,17.20999999999989,9.670540845699339,102.06508022042415,7.338486956305019,0.9925637191206362,1.230558389617304,-0.017918312479243265,7.4140873552091415,0.18153006856011822,0.16357961032538437,0.696500000000988,3,optimal,100.35342463224715,0,0,0.6503504147972788,0.23229705799564665,740,0.8733549582947173,1.2900049598131098,0.20222103997141733,running
MPC,17.309999999999906,10.022760506549524,102.71245935490799,7.398649597153348,0.9930497043671724,1.560066503388719,0.03625829618282753,7.494493606643891,0.13334112015261695,0.13840894124595327,0.7466000000002637,3,optimal,100.95326378020407,0,0,0.7214903125316993,0.23648076196313175,710,0.742678405931418,1.502527383212483,0.2241197071405647,running
MPC,17.409999999999922,10.39617702732133,103.354352189625,7.449462741843406,1.0583128375345596,1.3176264180731196,0.03377366411190418,7.53041223896066,0.061607006562685536,0.050487680591928985,0.6286999999991494,3,optimal,101.7530520177029,0,0,0.807808283352499,0.22763878708997945,733,0.8428637627432809,1.3281791198367119,0.20762130414308752,running
MPC,17.509999999999938,10.762498144453621,104.00543541044517,7.488921918018006,1.1018206388093812,1.023208724439067,-0.0016670106429133233,7.551783614287313,0.05790661684045328,0.004396660267293129,0.46319999999955286,2,optimal,102.55284321405405,0,0,0.8406789910566406,0.215958362941401,718,0.7775254865616312,1.367444656575476,0.22094939445953415,running
MPC,17.609999999999953,11.119010285008322,104.66542917098093,7.511844225798284,1.08159734792402,0.5943941962010779,-0.03507727616205947,7.548361337638114,0.1008708530536331,0.010494734803522476,0.6424999999996572,3,optimal,103.15268676409569,0,0,0.8131124371954679,0.22755242587435293,741,0.8777108433734941,1.2902748563951976,0.2014875443267371,running
MPC,17.70999999999997,11.479594118169336,105.32082832292238,7.464638163435557,1.023933141421934,-0.5372119717549879,-0.02713364762285357,7.4581230286227855,0.04827295974788686,0.039154425790901115,0.6211000000009292,3,optimal,103.9524707622492,0,0,0.8579397586139033,0.2224445791655269,340,-0.8689990732159407,1.2817267628870683,0.20296376061118726,running
MPC,17.809999999999985,11.854134951019738,105.95782566906192,7.3516108326562275,0.9830873496169572,-1.2862677417066328,-0.007487221333051375,7.336011389264894,0.016379270230340304,0.023719014446978548,0.5019000000006102,2,optimal,104.75222759189205,0,0,0.842558896739158,0.22076524792334543,341,-0.8646431881371641,1.2730785478461013,0.2037158366078793,running
MPC,17.91,12.239281618475752,106.57270120033456,7.206611068060985,0.9749958245195265,-1.650118767451472,-0.0008170827306809405,7.18659895591108,0.09412948903377155,0.02343638350021937,0.5463999999992808,2,optimal,105.55198387889004,0,0,0.8304076058203409,0.2105022196436583,723,0.7993049119555145,1.2951634172622315,0.21621722807816315,running
MPC,18.010000000000016,12.632528629527831,107.17026836027394,7.126738793799333,0.9525624614858301,-0.9089582946985474,-0.040731454168632844,7.115715238591131,0.07280744350642117,0.033978145528521075,0.4486999999997465,2,optimal,106.15181130379914,0,0,0.7569926696388041,0.20032755508286254,695,0.6773401297497683,1.3368513722764934,0.21187243445594103,running
MPC,18.11000000000003,13.042366190998623,107.75100408092261,7.099187210393328,0.8839402880096727,-0.3135410942091017,-0.06527062644341745,7.095384684378423,0.12901011249196856,0.003711124579349523,0.6143999999999039,3,optimal,106.95159799203735,0,0,0.760702653203716,0.20717547771201708,699,0.6947636700648747,1.3491601726955234,0.21491658495418042,running
MPC,18.210000000000047,13.4850730429018,108.30625747278113,7.106021415755109,0.7824890516252776,0.17721653690487255,-0.05619287091575866,7.116908864083816,0.1349296688102859,0.07012264692617398,0.6338000000010169,3,optimal,107.55143798960437,0,0,0.7638863676105837,0.20460888693760199,737,0.8602873030583873,1.151863572613477,0.20447740104668097,running
MPC,18.310000000000063,13.969933605295768,108.8264811835343,7.119299389827702,0.699389586566386,0.34430873198767364,-0.016631193458885293,7.140452288953876,0.13216107951731534,0.11759138048047113,0.48870000000000857,2,optimal,108.35121984398658,0,0,0.7059488556389888,0.2378439785595093,737,0.8602873030583873,1.3068098517783628,0.20447740104668097,running
MPC,18.41000000000008,14.490079153178417,109.31644499761646,7.169342623267118,0.6944975244352103,1.2976619893882877,0.018812534771019525,7.249065588766531,0.1016849451573739,0.09632271291477368,0.5320000000006431,2,optimal,108.95105745040215,0,0,0.8112096708704244,0.22515705458597815,727,0.8167284522706209,1.3100483022299136,0.2126462795560751,running
MPC,18.510000000000094,15.025429033228793,109.79823953827281,7.230324955693615,0.736285428926873,1.5813217766975145,0.01417936380776485,7.327474800936869,0.062246844324049505,0.021329104880550176,0.4755999999996874,2,optimal,109.75083633803519,0,0,0.7747453549373026,0.2252948448152079,745,0.8951343836886005,1.2088218949241805,0.19864329610943066,running
MPC,18.61000000000011,15.567404919825117,110.28366619978418,7.314605612747143,0.7233004848043703,2.1854663973988693,-0.0251160286446109,7.448871595433502,0.10920364026740816,0.010616091284279427,0.5097000000002794,2,optimal,110.3506687100449,0,0,0.8285563698560734,0.21835988234545572,724,0.8036607970342913,1.3111232199705287,0.2153071491827237,running
MPC,18.710000000000125,16.122267206284434,110.76668298256456,7.3924593298859405,0.673976604974875,2.018810586768174,-0.03215616985365107,7.51648667142396,0.057375514794208354,0.029178319415894105,0.8221000000006029,3,optimal,111.150452331784,0,0,0.8336201958914001,0.22436264085377228,693,0.6686283595922151,1.498151577788156,0.2104061992652272,running
MPC,18.81000000000014,16.697704729261954,111.23703474626915,7.4666280903548845,0.6245253942749602,1.9232566452188014,-0.01935908607157253,7.584784994407821,0.050724758057201225,0.04911001213276478,0.5078000000002802,2,optimal,111.95024069450065,0,0,0.8370605469892307,0.2216472587089583,715,0.7644578313253012,1.406554531507396,0.2239412608755995,running
MPC,18.910000000000156,17.29523913735918,111.69042465311156,7.530334407951085,0.6000707831734002,1.6519569409632393,-0.003952834819531978,7.631823784451209,0.08303683622799571,0.0452958276639448,0.47770000000024737,2,optimal,112.75003024215229,0,0,0.8085116980678299,0.2277818399495749,365,-0.7601019462465246,1.4576195320727185,0.22496523842325905,running
MPC,19.010000000000172,17.908646952651466,112.13338437002302,7.597003190272972,0.605556864408048,1.728776075244003,-0.00413179569021562,7.7032120154754855,0.08553101716303013,0.019969816939909624,0.45029999999979253,2,optimal,113.34986847269144,0,0,0.8389877414141217,0.21502545666411277,717,0.7731696014828544,1.380805690915273,0.22193355627601147,running
MPC,19.110000000000188,18.53247548084222,112.57126773692114,7.6428904905826,0.589037025157215,1.1898952428710936,-0.017668240516937314,7.715992714560082,0.05166230315582131,0.009725230570123866,0.4952999999989771,2,optimal,114.14965237967226,0,0,0.8326702042672252,0.21470326496039807,722,0.7949490268767376,1.3594339759474443,0.21713917065507293,running
MPC,19.210000000000203,19.169004775145645,112.99794564143417,7.680701765034977,0.5395914551661598,0.9804772844380337,-0.02485990622368354,7.740938219026403,0.03523416436859699,0.031599736720469895,0.4858999999992619,2,optimal,114.9494350685334,0,0,0.8330478482503433,0.2264713084839661,730,0.8297961075069509,1.3784855715945425,0.21008581223244965,running
MPC,19.31000000000022,19.821394926587658,113.4066099240888,7.713561834842636,0.5099245683046665,0.8520884968328056,-0.013686050937603908,7.7659106147182575,0.04271282812708253,0.03279940426834038,0.6442000000008719,2,optimal,115.74921800131733,0,0,0.7872869436517591,0.21436908647148506,716,0.768813716404078,1.4063331700225523,0.22293077345441878,running
MPC,19.410000000000235,20.48593089875689,113.80135084420787,7.742974136083978,0.5127446330699501,0.7626850368797945,-0.01366227281891094,7.789830338530615,0.0654381323909179,0.0005655958730113042,0.4949999999999122,2,optimal,116.54900296696788,0,0,0.7799901659520168,0.19766520766115844,730,0.8297961075069509,1.2393001579025966,0.21008581223244965,running
MPC,19.51000000000025,21.15819149785968,114.18725717795724,7.758943910743469,0.49529840149094784,0.414109323687186,-0.03123592211763874,7.784385068452696,0.09606010014377611,0.012786003062492224,0.6140999999990626,3,optimal,117.34879217261211,0,0,0.7498766949802934,0.19892412083872182,718,0.7775254865616312,1.3186212809331037,0.22094939445953415,running
MPC,19.610000000000266,21.839922865161242,114.55823013938779,7.763844417235232,0.4440601732730489,0.12707414301696396,-0.041245082578544506,7.771651325045165,0.12515603857516117,0.015037626548338068,0.5986000000000047,3,optimal,117.94863213400528,0,0,0.7255988668416833,0.1947283235078065,740,0.8733549582947173,1.1726007043212476,0.20222103997141733,running
MPC,19.71000000000028,22.534129151689452,114.90405053014075,7.752462881100731,0.38840215102272846,-0.12952356460985998,-0.03373001805093472,7.7508920607742455,0.11920454255454938,0.0384355520362214,0.6078000000000472,3,optimal,118.74841477728157,0,0,0.8002574848966029,0.2017981634503007,726,0.8123725671918445,1.291084081129696,0.2135218524542555,running
MPC,19.810000000000297,23.24366548577143,115.2181799445317,7.767110386441408,0.33653447610370324,0.3798217983450399,-0.02747526746145691,7.790445060935235,0.1120980354626102,0.05695921047957553,0.5060000000005616,2,optimal,119.54819395517355,0,0,0.7342577174330612,0.1957942026452693,730,0.8297961075069509,1.2346995076583422,0.21008581223244965,running
MPC,19.910000000000313,23.96936445608978,115.49831083296455,7.790357207734634,0.2880546294128725,0.6028090971148001,-0.01739446665293111,7.827391296152888,0.10011798537616175,0.07116640651344808,0.6007999999999569,2,optimal,120.34797209894606,0,0,0.8126833651836962,0.20093646570005186,723,0.7993049119555145,1.3043423404766779,0.21621722807816315,running
MPC,20.01000000000033,24.709202731320538,115.74652249812816,7.815808404404807,0.26320230828135327,0.6599703543000044,-0.004476440587489158,7.856354243164635,0.08400141913051917,0.06446444110401561,0.5303999999997089,2,optimal,121.14775439514455,0,0,0.7654512069641186,0.2059511251617391,744,0.8907784986098242,1.2082195573240184,0.19934114321212792,running
MPC,20.110000000000344,25.458297399465966,115.97422548787102,7.841170298683005,0.2689154023764877,0.6576546702072111,-0.0004970844914002389,7.881573871425529,0.07272513284110908,0.03245954927337458,0.4783000000001536,2,optimal,121.94754222856642,0,0,0.8104596688954372,0.20403870268210492,728,0.8210843373493977,1.2984737638989166,0.21178185999974475,running
MPC,20.21000000000036,26.21257489571339,116.19322547747501,7.865453830298862,0.27532000306193516,0.6296918440363178,-0.011787095968671573,7.904139483086637,0.07344443792925862,0.004799685742988391,0.6553000000000253,2,optimal,122.74733310095085,0,0,0.7629290187313865,0.19283519418257639,723,0.7993049119555145,1.2704288082635153,0.21621722807816315,running
MPC,20.310000000000375,26.970653061534225,116.40745607351423,7.888171125883118,0.2556472223960162,0.5890780622134244,-0.023120231540275423,7.924361636520205,0.0826139048065148,0.008918128727930963,0.507499999999439,2,optimal,123.54712312568223,0,0,0.7967474056526356,0.19300289441797072,727,0.8167284522706209,1.251921443657642,0.2126462795560751,running
MPC,20.41000000000039,27.734847600492625,116.60736037880633,7.908850418537678,0.20301879492682962,0.5362309787145187,-0.0202133611171558,7.94179422375457,0.08775922559935306,0.049060184815114205,0.6240999999995722,2,optimal,124.34691318426532,0,0,0.8041835588016335,0.20289519856968963,736,0.8559314179796109,1.2543826706831869,0.20524858980469113,running
MPC,20.510000000000407,28.50680999906259,116.7837404294614,7.927382065684709,0.17108585948516253,0.48054077346083246,0.0019392331015441748,7.9569044958837605,0.08417771578137195,0.06633975182826779,0.519799999999293,2,optimal,125.14670238593341,0,0,0.8016662315938347,0.20773543353980573,351,-0.8210843373493977,1.331332946473188,0.21178185999974475,running
MPC,20.610000000000422,29.28463543816859,116.94113312893593,7.94336677321689,0.17336385665064413,0.4144965452944091,0.014201018929345761,7.968831720214149,0.08118628680098346,0.046700745187050696,0.5566000000003513,2,optimal,125.94649075422663,0,0,0.7956855275941254,0.21197514144786797,373,-0.7252548656163114,1.4781247970649614,0.22062447658991918,running
MPC,20.710000000000438,30.065810022405508,117.08912054577814,7.9569501876745194,0.17882359296870054,0.3522290510886547,0.007216538317505782,7.978589678325755,0.08399103918410267,0.021141444544232613,0.7148999999992967,2,optimal,126.74627894695871,0,0,0.8700089542648164,0.2134438737563349,336,-0.8864226135310473,1.2718988618773033,0.20004771979496722,running
MPC,20.810000000000453,30.848798883032327,117.23417911160172,7.96838568483236,0.1816515742339735,0.2965317980392337,-0.0035270822946356427,7.986603367478443,0.08769719338328104,0.0038145687098234404,0.49749999999981753,2,optimal,127.54606832395025,0,0,0.8258274939198965,0.20900106800064264,723,0.7993049119555145,1.3756771502954874,0.21621722807816315,running
MPC,20.91000000000047,31.63289380907315,117.3788141290351,7.977358294897164,0.1825966551554543,0.2326671205367753,-0.015098659674500456,7.991652396886038,0.08990935430145283,0.02546496023746858,0.47560000000057556,2,optimal,128.34585797484507,0,0,0.8660959082381482,0.1969631067610173,719,0.781881371640408,1.3336626392682265,0.21997807798827246,running
MPC,21.010000000000485,32.4182691287247,117.5208054587516,7.984317357670647,0.15998130231111563,0.18045419175096486,-0.027888481816471102,7.9954037140722605,0.0958265562337988,0.02115313244068595,0.46049999999908664,2,optimal,129.1456466493255,0,0,0.7953426356609623,0.19474071819086708,733,0.8428637627432809,1.2412187141468505,0.20762130414308752,running
MPC,21.1100000000005,33.20678294321654,117.64793387897073,7.989701416164796,0.10536662363710625,0.13961304209002923,-0.028793514493643688,7.99827866187965,0.10577946271367847,0.01757433870151992,0.49410000000005283,2,optimal,129.94543550046873,0,0,0.7850630614654227,0.19564971383798194,736,0.8559314179796109,1.2292484790520697,0.20524858980469113,running
MPC,21.210000000000516,33.99939522927473,117.74996594501184,7.99367297762822,0.07183380541631501,0.10298583835203973,-0.009895280354162919,8.0,0.1110726219544587,0.037640173248219,0.5745999999993145,2,optimal,130.745225098278,0,0,0.7862366643606107,0.19636857559054624,722,0.7949490268767376,1.3158914365614052,0.21713917065507293,running
MPC,21.31000000000053,34.79473062818457,117.83132532927173,7.996112940115498,0.07338019075336688,0.06327022371779283,0.0016986246360583836,7.999999999999999,0.11065141236659967,0.025042789565720813,0.5861000000004779,2,optimal,131.54501557122757,0,0,0.7775544510739987,0.2018017361640815,724,0.8036607970342913,1.33494680687799,0.2153071491827237,running
MPC,21.410000000000547,35.591291489538484,117.90200156937695,7.997611951774803,0.07875667527537833,0.03887059884501945,-0.002904529854997986,7.999999999999999,0.10873580903342811,0.011024186544261738,0.4825000000003854,2,optimal,132.3448067583906,0,0,0.7807972647802921,0.20705324004357997,713,0.755746061167748,1.4308978583776906,0.22600293112750477,running
MPC,21.510000000000563,36.38829296819051,117.96897848037514,7.998532882308143,0.08172096424609943,0.02388048225196383,-0.008100571217881498,7.999999999999999,0.10780072462895007,0.001755903373414025,0.4853999999996361,2,optimal,133.1445982666371,0,0,0.8564521033964966,0.20439804291767394,743,0.8864226135310473,1.2334828630045105,0.20004771979496722,running
MPC,21.61000000000058,37.18543713557942,118.03512468809365,7.999098663796213,0.08279020354498123,0.01467117691857615,-0.01126399316795302,8.0,0.10818234830339195,0.0030883150006504323,0.4560000000006781,2,optimal,133.9443897342485,0,0,0.7875552859935436,0.19736892105957968,717,0.7731696014828544,1.35178275074898,0.22193355627601147,running
MPC,21.710000000000594,37.98262808436764,118.10124882439858,7.999446256454567,0.08304743156439032,0.009013362037877712,-0.013175934897687987,8.0,0.10953250900515496,0.005351057418744087,0.49359999999953885,2,optimal,134.7441812553742,0,0,0.781318844258323,0.20336658045411807,726,0.8123725671918445,1.3323643816881305,0.2135218524542555,running
MPC,21.81000000000061,38.77983895832458,118.1674656062482,7.9996598029538575,0.08306449903160096,0.005537435454327547,-0.014674754812433154,7.999999999999999,0.11163651252271645,0.0067370920668645695,0.5628999999993667,2,optimal,135.5439727953759,0,0,0.8566656393432553,0.19919504342350863,757,0.9474050046339202,1.1211527235932868,0.19090943400131305,running
MPC,21.910000000000625,39.57717919507522,118.23230289850905,7.999790997057827,0.07159059133160706,0.003401970461422584,-0.016030605591376937,8.0,0.1136124940336261,0.003933379103696399,0.5003999999990683,2,optimal,136.3437643503205,0,0,0.7793163017708701,0.19591172890025732,718,0.7775254865616312,1.3378364071094468,0.22094939445953415,running
MPC,22.01000000000064,40.37500746665589,118.29095073670291,7.999871597268901,0.05554567681718514,0.002090029421730351,-0.010544729729593687,8.0,0.11264352180957649,0.01974034070113273,0.47999999999959186,2,optimal,137.14355591307262,0,0,0.7873951195270827,0.2102661559958256,721,0.7905931417979613,1.4012920862711093,0.21807316453493353,running
MPC,22.110000000000657,41.173299118449386,118.34302371674448,7.999921114692538,0.054617510109496115,0.0012840273109961569,-0.0014567716018024561,8.0,0.10856936575820585,0.020996344890394703,0.34489999999998133,1,optimal,137.94334747679,0,0,0.8447479507537792,0.20483003696440827,746,0.8994902687673774,1.217186997795282,0.19795406078248534,running
MPC,22.210000000000672,41.97184379641248,118.39114741086055,7.999951536141949,0.056232279701268206,0.001730121650815616,0.001803271625614781,8.0,0.10336752645022411,0.020275672797508637,0.36720000000034503,1,optimal,138.74313903500774,0,0,0.7793454668822266,0.20692442137709513,713,0.755746061167748,1.4307217082109909,0.22600293112750477,running
MPC,22.310000000000688,42.77048104723417,118.4377558268978,7.999970225817548,0.05730381447790234,0.0014232132165243492,0.004887676794571018,8.0,0.09897062374460669,0.02066477154664259,0.3484999999994187,1,optimal,139.54293057583584,0,0,0.8670517263173699,0.20499423132761713,361,-0.7775254865616312,1.3896581058481305,0.22094939445953415,running
MPC,22.410000000000704,43.56914288947509,118.48396703353158,7.999981707978351,0.0577334246672494,0.0012439597519740468,0.009135435707745986,8.0,0.09666343330285912,0.022262843387558462,0.297899999999629,1,optimal,140.34272208903786,0,0,0.8474956308742718,0.21143969244981362,737,0.8602873030583873,1.3077143754460545,0.20447740104668097,running
MPC,22.51000000000072,44.36780779086916,118.53013467195304,7.999981893820863,0.05785215476984651,4.819048389681126e-06,0.013271906085549486,7.999982189883189,0.09754175542771377,0.0247312996945519,0.5037000000003289,2,optimal,141.14251357384978,0,0,0.8709185595796585,0.20684700979061568,352,-0.8167284522706209,1.3455191634433439,0.2126462795560751,running
MPC,22.610000000000735,45.1663431570327,118.57844577484309,7.999984048156296,0.07600720736917554,5.586368048247899e-05,0.01832786403578088,7.999987480188911,0.10188745010874868,0.009019328268634386,0.7153999999998106,2,optimal,141.94230508395182,0,0,0.8708865399016543,0.19820091834878764,354,-0.8080166821130677,1.309955611922281,0.2144087504700342,running
MPC,22.71000000000075,45.964069346943674,118.63856291743072,7.9999838468166224,0.11163742598411219,-2.2912752636017637e-06,0.012797506681889845,7.9999838190287695,0.10474167953882572,0.025173762048701143,0.49700000000019173,2,optimal,142.7420966372214,0,0,0.7996909255190936,0.20997869812228423,728,0.8210843373493977,1.3564624879898854,0.21178185999974475,running
MPC,22.810000000000766,46.76067320863215,118.7121053258108,7.999990076154718,0.11492596752718076,0.0011234898116733367,-0.005675482520028133,8.0,0.10298753208131198,0.02808804752844196,0.3149000000002289,1,optimal,143.54188820112662,0,0,0.8676664618492287,0.2110208889268695,717,0.7731696014828544,1.430153324187595,0.22193355627601147,running
MPC,22.91000000000078,47.5564529558975,118.79414657273898,7.999993903201438,0.11173763816544002,0.0010771559452062895,-0.009354909918643428,8.0,0.09906630097755635,0.025595280934504583,0.3032999999996733,1,optimal,144.34167976163835,0,0,0.8582634469954215,0.21430121662719728,719,0.781881371640408,1.436503115277237,0.21997807798827246,running
MPC,23.010000000000797,48.3518789692645,118.8795655442547,7.999996254380067,0.10943796359887137,0.0010319400227609154,-0.011869623097382565,8.0,0.09640955173929927,0.02503826456878988,0.2924000000001925,1,optimal,145.1414712969611,0,0,0.8716325581396878,0.20124247404619203,740,0.8733549582947173,1.2362179795571993,0.20222103997141733,running
MPC,23.110000000000813,49.14720545708428,118.9659092377762,7.999997193712974,0.10848090660891008,2.4357670867790584e-05,-0.015413263409781879,7.999998690147153,0.09717851113779315,0.02686993381956082,0.4922000000000537,2,optimal,145.9412627789469,0,0,0.7863674737994201,0.1947872473573544,718,0.7775254865616312,1.3314724755148832,0.22094939445953415,running
MPC,23.21000000000083,49.94282154372364,119.04950461571566,7.999998275933752,0.0853005392187518,0.00036922311894060824,-0.021395730645952966,8.0,0.10184297805049689,0.007522550295885111,0.48370000000019786,2,optimal,146.74105419836505,0,0,0.863778664623319,0.20407921772366844,711,0.7470342910101948,1.422896341834813,0.22502164647011186,running
MPC,23.310000000000844,50.73964138585042,119.12064994033143,7.999998940805272,0.053194794245413624,0.00013978242282326931,-0.015736891949089497,8.0,0.10570522979239555,0.019708540489665083,0.68960000000029,3,optimal,147.54084558958962,0,0,0.8652149775910616,0.20583825796786082,744,0.8907784986098242,1.2348010331969546,0.19934114321212792,running
MPC,23.41000000000086,51.53753303091442,119.17860034213764,7.999998069540783,0.051358166102752234,-9.915118755981773e-06,-0.0027299200307541946,7.999997949293396,0.10631838572207104,0.015751567917074105,0.7213000000003689,3,optimal,148.34063702750828,0,0,0.7880751127710847,0.20575691038361904,710,0.742678405931418,1.4367024591022175,0.2241197071405647,running
MPC,23.510000000000876,52.335965596868,119.22863166381507,7.999998814005999,0.05460189549297456,0.00013622461147940276,-0.004932695361756614,8.0,0.10561213725954405,0.006822229367700494,0.6815000000006677,3,optimal,149.14042842082645,0,0,0.8697612393793797,0.2042880255801228,759,0.9561167747914738,1.132225879353103,0.189728168336275,running
MPC,23.61000000000089,53.134583741208594,119.27562572363831,7.99999667481503,0.056751125693691895,-2.4344309626704246e-05,-0.009082567122121408,7.999996379575037,0.10542168371643608,0.00041034194357791876,0.6253999999987769,3,optimal,149.94021975235918,0,0,0.7968260954652842,0.20392490167255087,722,0.7949490268767376,1.359642379379376,0.21713917065507293,running
MPC,23.710000000000907,53.93270566778717,119.32179179256278,7.991787667098157,0.05760373648386996,-0.09341972198078491,-0.012435780241009999,7.990654702616951,0.10697236770345797,0.0057466879418006656,0.6352999999990061,3,optimal,150.74001109732853,0,0,0.8652365077267239,0.1936482904561769,735,0.8515755329008341,1.2266309918918192,0.20602954162158948,running
MPC,23.810000000000922,54.72854543662071,119.3677356073504,7.961377446725872,0.05783933193723967,-0.34607280569534704,-0.013960551292237746,7.957180386528622,0.11208601290089791,0.009869773648987668,0.4629000000004879,2,optimal,151.5398024958201,0,0,0.774695286428412,0.20389955492926,709,0.7383225208526416,1.4284213772582606,0.2232291878884924,running
MPC,23.910000000000938,55.519265674015685,119.41343078900324,7.899493919393234,0.05788090590019723,-0.7042436939999894,-0.014093709650984897,7.890953077325873,0.10963230741763605,0.01245761249803179,0.4614999999992264,2,optimal,152.13964611111294,0,0,0.8683337353343034,0.1933945890839286,714,0.7601019462465248,1.3408779105426307,0.22496523842325897,running
MPC,24.010000000000954,56.29939609212618,119.45555384788618,7.768453617442542,0.033832388805075775,-1.4912580178660413,-0.018558231145953077,7.75036811760663,0.0996941931905617,0.008750829793223502,0.4355000000000331,2,optimal,152.9394376084415,0,0,0.7790452527458788,0.20155288838952098,752,0.925625579240037,1.1514180248432002,0.19399319420125352,running
MPC,24.11000000000097,57.06219867455538,119.48383982430455,7.564516152854442,-0.0056452589137554465,-2.3208385106187484,-0.009876027183393704,7.536369766380667,0.07408974602744973,0.045981143653662127,0.4372000000003595,2,optimal,153.73922915314608,0,0,0.7722893653611265,0.21828479343390136,718,0.7775254865616312,1.4294179221013392,0.22094939445953415,running
MPC,24.210000000000985,57.80081244141106,119.49562428791404,7.29678810609793,-0.020005343406331866,-3.0467847707149973,0.013957894050832757,7.259837675782943,0.05310091738092962,0.0586884468623059,0.5142999999989684,2,optimal,154.5390207015877,0,0,0.8655144579387573,0.22340558120643964,361,-0.7775254865616312,1.4252986777051861,0.22094939445953415,running
MPC,24.310000000001,58.509580472845265,119.49607923362913,6.9810566940009355,-0.009351594829204002,-3.5930701682828605,0.027730978237732164,6.937481089269644,0.08619012532050148,0.04725749287237546,1.164000000000165,3,optimal,155.1388643690561,0,0,0.8675527279993823,0.23545359606252475,359,-0.7862372567191844,1.432847943339324,0.21901940157552577,running
MPC,24.410000000001016,59.183429808551416,119.50123777407813,6.6152766201216835,0.04869363104032609,-4.162631341870059,0.034844115656590534,6.564793559813929,0.04249592008542213,0.009664013013581219,0.7044999999994417,3,optimal,155.93865591964007,0,0,0.8682869666740597,0.2341834425209668,349,-0.8297961075069509,1.313650978044651,0.21008581223244965,running
MPC,24.510000000001032,59.81843001746983,119.52620123413708,6.222708090898439,0.10814442968889071,-4.467487925862116,0.014960741845397672,6.168527827535472,0.006888700773877652,0.0661581577252961,0.6545000000013346,3,optimal,156.53849941619177,0,0,0.8305262208055689,0.24441339632373899,717,0.7731696014828544,1.379122815037168,0.22193355627601147,running
MPC,24.610000000001047,60.41127654863188,119.57276639234273,5.806544396249299,0.13651672197907172,-4.7360043982789835,-0.012859201903434899,5.74910765107054,0.023219116735038237,0.08960345434590078,0.6824999999990311,3,optimal,157.13834290032187,0,0,0.8648173848427043,0.23765995983176597,726,0.8123725671918445,1.230668974361326,0.2135218524542555,running
MPC,24.710000000001063,60.960111533978626,119.63206803397907,5.374388564818593,0.13097878569188315,-4.917997280188658,-0.02687121961100632,5.314744668230433,0.07975502333683895,0.07762350465995116,0.7283000000004591,3,optimal,157.73818605961026,0,0,0.7872160126167868,0.2674585536889492,705,0.7208989805375348,1.3864187156073882,0.2197779812188762,running
MPC,24.81000000000108,61.46556971729233,119.68678218831218,4.936154335552668,0.08523019732352721,-4.987170346585922,-0.022268862965667293,4.875671530160001,0.0912260493839927,0.02661111857556131,0.6415999999997979,3,optimal,158.13808157905314,0,0,0.7747116322520613,0.28339230555736766,716,0.768813716404078,1.3176090555416637,0.22293077345441878,running
MPC,24.910000000001094,61.92878400860403,119.7260326604246,4.502346851780368,0.050317803276654915,-4.936793328125545,0.008412224458890246,4.442475002740113,0.12389635505176114,0.027911626377961962,0.4706999999992689,2,optimal,158.7379249945766,0,0,0.7828691309907191,0.34284234834308225,392,-0.6424930491195551,1.5611002785425832,0.20621919386478796,running
MPC,25.01000000000111,62.35031004064462,119.75544208238347,4.084363799272708,0.0704705708613369,-4.756708959803177,0.0634297349573644,4.026675955800051,0.10204534318409585,0.06445191506768344,0.4831999999996839,2,optimal,159.13781712360986,0,0,0.7782868553152296,0.3479022546347956,387,-0.6642724745134383,1.4429975220849756,0.20968660597172056,running
MPC,25.110000000001126,62.73025900157493,119.79631947793645,3.6885735704242215,0.16473328231221607,-4.50415134410657,0.10691404904711142,3.633948664862051,0.09254850652467077,0.10099093954244065,0.4858999999992619,2,optimal,159.53749782555414,0,0,0.818304393564272,0.3436021714772181,379,-0.6991195551436515,1.2898739063669689,0.2157016455530536,running
MPC,25.21000000000114,63.066549433915306,119.8669223913065,3.311297887908383,0.2998553850445387,-4.293453068425686,0.1413914130510127,3.2592282635816527,0.08018624666624904,0.07506433693536785,0.486699999999729,2,optimal,159.7374457165578,0,0,0.8439623978555592,0.33757086952521503,403,-0.594578313253012,1.230770961600599,0.19930351586123124,running
MPC,25.310000000001157,63.35735574535599,119.97709081997698,3.0149364407331443,0.473551933108735,-3.3726371025362525,0.24230208938856423,2.9740341776547576,0.03484740159589044,0.1989717194615741,0.6835999999994513,3,optimal,160.13605848890913,0,0,0.8164660162406175,0.3526817464511689,417,-0.533595922150139,1.1972436615784945,0.19175741883582492,running
MPC,25.410000000001173,63.59314178253478,120.14014213427252,2.8070399885359167,0.7391540162471368,-2.365892375169255,0.3809497997013419,2.7783472032162186,0.10014060204236924,0.08589481625301065,0.7417000000007334,3,optimal,160.33373575861248,0,0,0.754128038832331,0.37179084915518795,401,-0.6032900834105654,1.1235447972288957,0.20049220035001988,running
MPC,25.510000000001188,63.756847080645244,120.35739872228655,2.6943076211198913,1.0527001936479399,-1.2829110150053376,0.36845562646119323,2.678748887035383,0.12527308851953864,0.03384509981120676,0.7150000000004653,3,optimal,160.73270001097146,0,0,0.7293395611335233,0.47842675144355756,392,-0.6424930491195551,1.2814013382780147,0.20621919386478796,running
MPC,25.610000000001204,63.84939752204784,120.60940869707305,2.688670667232837,1.302051043731945,-0.06414936897485023,0.23709312042684177,2.6878926842224065,0.06440083693696547,0.13515349892950068,0.4609999999996006,2,optimal,160.93264790197512,0,0,0.7680573158963633,0.6199814521887413,385,-0.6729842446709917,1.5173453384447677,0.21113476830746442,running
MPC,25.71000000000122,63.896398520785326,120.87502408499282,2.7077631973838594,1.437840698097107,0.49508492867922155,0.020389476383315265,2.7381791601007595,0.03973475570437503,0.20497066225049387,0.6347000000017644,3,optimal,161.13231154885628,0,0,0.829491633068892,0.5428267358634832,706,0.7252548656163116,1.3127994478537066,0.2206244765899192,running
MPC,25.810000000001235,63.932753182841,121.14481114784556,2.734955972789891,1.4306174890798478,0.7051309159129248,-0.14740678919301045,2.7782762889751518,0.09881140513798073,0.12388151904470757,0.7777999999989405,3,optimal,161.5321124521587,0,0,0.7946701489784402,0.5319257794653688,747,0.9038461538461537,1.0882501877379287,0.1972733218794039,running
MPC,25.91000000000125,63.99576077893405,121.41327205161564,2.781334922758792,1.2922861719684156,1.2026441208129333,-0.21306308772095364,2.8552203848711843,0.045655054086017756,0.030061441570329528,0.6752000000007641,3,optimal,161.73206034316237,0,0,0.8001519860777311,0.5991942282775211,712,0.7513901760889712,1.4234507715398206,0.22593517874601313,running
MPC,26.010000000001266,64.09784935685347,121.67410024901164,2.820507510138019,1.153009439854258,1.0157772424828135,-0.131668233638164,2.882912647007073,0.06230666727627971,0.17895836905185636,0.6642000000001147,3,optimal,161.9319998805164,0,0,0.8322584051239365,0.5380271564344559,357,-0.7949490268767376,1.2651233585252755,0.21713917065507293,running
MPC,26.110000000001282,64.22445824752965,121.92694355558211,2.8344680005525005,1.0841380123783548,0.36200693918038246,-0.009541906939301755,2.856708204056057,0.08084366012417805,0.20949442962306009,0.5003999999999564,2,optimal,162.33184166305585,0,0,0.7752950389949469,0.5460836012976545,316,-0.9735403151065802,1.0536406605407551,0.1874511996174365,running
MPC,26.210000000001298,64.35363713519106,122.17588362024044,2.7894077013218457,1.0935391893046307,-0.5127928699404404,0.040952024494747816,2.7831887135584563,0.10960195115149178,0.1353082599202402,0.6358999999998005,3,optimal,162.53178955405951,0,0,0.732755084009987,0.5903305236890296,670,0.5684430027803522,1.6060428847891732,0.1959085467248559,running
MPC,26.310000000001313,64.4756073260759,122.41835299068774,2.675830986079697,1.1072489478240992,-1.2925198181508621,0.01181142691026503,2.6601557195067596,0.1561485292858153,0.06719665766985816,0.6615000000005367,3,optimal,162.93139518778514,0,0,0.764472229175904,0.535624595300366,673,0.5815106580166822,1.446074487327502,0.19757457900687891,running
MPC,26.41000000000133,64.5946752272009,122.64528205635604,2.5055606451602648,1.072046042849961,-1.9377016636945077,-0.10414714733072601,2.482060819710246,0.10166501919801692,0.1556307960506107,0.7002999999992099,3,optimal,163.1312617204655,0,0,0.7694276803203359,0.5073904507412842,706,0.7252548656163116,1.2366259758154294,0.2206244765899192,running
MPC,26.510000000001344,64.72517634449738,122.84904973584025,2.3792147952798057,0.9651740802245568,-1.4378344589684406,-0.30447520572550735,2.361777199263421,0.0813389220022129,0.1999743656133477,0.591200000000569,3,optimal,163.33038827669822,0,0,0.7663358788907715,0.49230218211065213,639,0.43341056533827604,1.3013632267437636,0.18192061655778843,running
MPC,26.61000000000136,64.88629110460724,123.01024292600364,2.237281250615869,0.7364016557644886,-1.6152247311204082,-0.34894430948118105,2.217692322167765,0.07920788660058058,0.13922577323319363,0.6534000000009144,3,optimal,163.5303361677019,0,0,0.83832715480053,0.5245668873018412,646,0.4639017608897129,1.300765371131386,0.18461087710622176,running
MPC,26.710000000001376,65.07510065145375,123.12143364556812,2.1769755880878763,0.49614663738937437,-0.6862873591472026,-0.37112333455686813,2.1686525147011486,0.10002001422840645,0.19664358340910937,0.5448999999995152,2,optimal,163.9286340987568,0,0,0.8491552952830699,0.5717140813342303,695,0.6773401297497683,1.2085899461856568,0.21187243445594103,running
MPC,26.81000000000139,65.28515300866842,123.18307950122136,2.207964784337871,0.26303194925323914,0.8035752146990132,-0.3601089108113343,2.2573331095577776,0.07986817030393367,0.05864655904493299,0.5399999999990968,2,optimal,164.1277650990618,0,0,0.8536947271976665,0.6913705324913477,718,0.7775254865616312,1.2935590681465154,0.22094939445953415,running
MPC,26.910000000001407,65.50842589151011,123.20315702122912,2.2738385405244954,0.07973244754512954,1.7081603970514716,-0.18581559001346457,2.378780824043018,0.06274318789114215,0.053376767352974586,0.5022000000005633,2,optimal,164.32771299006546,0,0,0.8644726909816064,0.7366990864887007,337,-0.8820667284522707,1.2345635457654045,0.2007631459721537,running
MPC,27.010000000001423,65.74060410306777,123.20060342277232,2.3634716182878126,-0.012901189431392845,2.3242590458538697,0.022495592457325696,2.5062644451098826,0.06949247467325502,0.12236498512905625,0.6744999999996892,3,optimal,164.52760718409195,0,0,0.8058243768742793,0.5949035179724532,386,-0.6686283595922151,1.2718443721870234,0.2104061992652272,running
MPC,27.11000000000144,65.98255399899479,123.20512284168676,2.469723537587471,0.03956370559716116,2.7551992047363894,0.1699434442607021,2.6389915387614513,0.08761710248307793,0.06270927554089933,0.7618000000002567,3,optimal,164.72755507509564,0,0,0.7792157610911956,0.5733807725230365,356,-0.7993049119555145,1.161048183674687,0.21621722807816315,running
MPC,27.210000000001454,66.23372713065145,123.23657065423826,2.586069015229498,0.15003033900721818,3.0169334312911373,0.1644382234335837,2.771416880716585,0.1094648910573931,0.031805489140175336,0.6826999999987038,3,optimal,164.92747793867773,0,0,0.7710908081109138,0.6049953610246902,370,-0.7383225208526414,1.3283162116716265,0.22322918788849236,running
MPC,27.31000000000147,66.49240883922977,123.29451031910754,2.7070354807341688,0.23906479495936783,3.1367594275477053,0.06969194169792357,2.8997449579842685,0.08860647504261222,0.08974042552222006,0.4831999999996839,2,optimal,165.327352021864,0,0,0.8141949582489829,0.65931274537249,718,0.7775254865616312,1.436040571622767,0.22094939445953415,running
MPC,27.410000000001485,66.76268048514417,123.36467555516927,2.864977012599645,0.2539481994744166,4.09555315197028,-0.02186635597707663,3.116590795931197,0.03414275678864166,0.09073635104931022,0.6624999999997883,2,optimal,165.52729991286768,0,0,0.866920660999558,0.6191419600899088,732,0.8385078776645041,1.3289873026025325,0.20843240730709414,running
MPC,27.5100000000015,67.0497220507467,123.43338088289944,3.025389274284699,0.224007876042281,4.159621197789014,-0.048033640957629596,3.2809391323785464,0.09497516820287596,0.03805030001098064,0.46530000000011285,2,optimal,165.92718326987583,0,0,0.8148933005030722,0.588634880653733,732,0.8385078776645041,1.3359312028185475,0.20843240730709414,running
MPC,27.610000000001516,67.35540474875118,123.49861456322262,3.211087708637896,0.2044287939402356,4.815312344690645,-0.010788488498910183,3.5069205087537636,0.019790307840058707,0.008289216479306916,0.4618000000000677,2,optimal,166.12712183514304,0,0,0.8645527065968269,0.567815589509142,718,0.7775254865616312,1.4451874069705148,0.22094939445953415,running
MPC,27.710000000001532,67.67867141700496,123.56826080339623,3.388467770228413,0.219050575389937,4.599610132707086,0.016231797363393988,3.6710487219086048,0.05114886734220671,0.0033255862349688137,0.4467999999997474,2,optimal,166.52701096164546,0,0,0.8494838587447306,0.5229665872491932,341,-0.8646431881371641,1.2934276937566385,0.2037158366078793,running
MPC,27.810000000001548,68.01842245052704,123.6489089750845,3.580187953344046,0.24685828183905145,4.9714612172074535,0.0210378915981408,3.8856138919491583,0.09829340205859884,0.021880399220256308,0.5095999999999989,2,optimal,166.72695885264912,0,0,0.8209784777732778,0.49204566325894983,739,0.8689990732159409,1.2793457215181427,0.20296376061118723,running
MPC,27.910000000001563,68.37424451787568,123.7407042322064,3.7552651066541958,0.2600949122122891,4.539893836714769,0.0007338707884911335,4.034177337015523,0.06605734763573741,0.018567908858849957,0.5065999999995796,2,optimal,167.12685043648344,0,0,0.8254053475018371,0.45764719563850564,742,0.8820667284522705,1.2420995578885219,0.20076314597215372,running
MPC,28.01000000000158,68.74681700948105,123.83905582172268,3.9369008144543955,0.25983731809861843,4.709962520973034,-0.0015090573098809753,4.226261358751499,0.05197759439912416,0.003729648459505075,0.4639999999991318,2,optimal,167.52674410382528,0,0,0.829678544021223,0.4481363501058681,365,-0.7601019462465246,1.4446523953269905,0.22496523842325905,running
MPC,28.110000000001595,69.13728599705931,123.9426695842938,4.127489602127955,0.2595912127876374,4.942123207665689,0.008313466286219642,4.431113135220964,0.0558471267015865,0.0091389532523114,0.4487999999991388,2,optimal,167.9266388372756,0,0,0.8181770988660371,0.42663415081861783,363,-0.7688137164040778,1.4301314633957616,0.22293077345441883,running
MPC,28.21000000000161,69.54584447563565,124.05360418329435,4.323906615541793,0.27607752755637516,5.093253869873799,0.018382683860391075,4.636814989115335,0.07902486073493216,0.0033291942539084296,0.4708999999998298,2,optimal,168.32653367713397,0,0,0.8245119403338974,0.40553625744737815,355,-0.803660797034291,1.3770838807539172,0.21530714918272373,running
MPC,28.310000000001626,69.97154157234648,124.17650467442674,4.521939674210738,0.2916698549936412,5.135159245617003,0.01381834542506907,4.837422540103493,0.07776412463702569,0.00040276719631737734,0.7025000000000503,2,optimal,168.92637643238496,0,0,0.8425743061308497,0.3875849013824386,372,-0.729610750695088,1.4707402269136418,0.22148173646210823,running
MPC,28.41000000000164,70.41676145020772,124.30843511896992,4.7471520554204485,0.2909692626977367,5.839941317726163,0.009900217744406166,5.105933805983354,0.014061845792558259,0.007439498821496304,0.4949999999999122,2,optimal,169.3262714595859,0,0,0.8224719689508229,0.37164299965521397,359,-0.7862372567191844,1.4063482054094076,0.21901940157552577,running
MPC,28.510000000001657,70.88322064998756,124.44762491303332,4.97062225821491,0.2903285244197982,5.7947652059360095,0.015241789007745145,5.326628576014049,0.07419614782367245,0.013802536198427084,0.5553000000002584,2,optimal,169.72616653424726,0,0,0.8428929762942345,0.34953904091829585,375,-0.7165430954587582,1.4701994315584748,0.21894209497805295,running
MPC,28.610000000001673,71.36972118813837,124.59549374539563,5.182057637572242,0.3078882475083431,5.4826923870948345,0.021645489448024094,5.518891496924394,0.024720001888421165,0.0038165622053907278,0.5126000000004183,2,optimal,170.32600901370623,0,0,0.8327914156403249,0.3289952600105961,345,-0.8472196478220575,1.2895099049227918,0.20682039817249398,running
MPC,28.71000000000169,71.87457922425169,124.75762215674955,5.405187278790153,0.3256670782064275,5.7859341656022485,0.014924233864865487,5.760651054132467,0.0897402745175965,0.007333048224980043,0.4651999999998324,2,optimal,170.92585224701807,0,0,0.8437836027510079,0.32864665740416243,357,-0.7949490268767376,1.4098322601104087,0.21713917065507293,running
MPC,28.810000000001704,72.39981643037214,124.9314379074834,5.640956965909617,0.32405476132005373,6.113700898150099,0.0054188910968721886,6.016557368605163,0.06831458038232328,0.0019756483998971675,0.46889999999955023,2,optimal,171.3257477012342,0,0,0.8329680198176925,0.3133145493751693,363,-0.7688137164040778,1.4401272701470322,0.22293077345441883,running
MPC,28.91000000000172,72.94595556505317,125.11377447988988,5.857191356872013,0.3226905830138047,5.607134684654718,0.008930079854677137,6.201670434375089,0.046349653893004904,0.004062733493802373,0.49379999999921154,2,optimal,171.92559101455137,0,0,0.8548917549305375,0.2835743505417096,355,-0.803660797034291,1.3255723552880594,0.21530714918272373,running
MPC,29.010000000001735,73.5123934762274,125.30307706363905,6.070400296785813,0.322387377378097,5.5286822634843125,0.011588028804652682,6.410059583220445,0.0458418470038517,0.007957903076915684,0.47420000000020224,2,optimal,172.52543461961812,0,0,0.8567298527604584,0.26562869021465113,357,-0.7949490268767376,1.306725480624575,0.21713917065507293,running
MPC,29.11000000000175,74.09890247916309,125.49905255930905,6.28046788857936,0.3223758697166301,5.447224536416687,0.012985004811663151,6.615122750427481,0.0647596698020334,0.01050356788247564,0.4916000000001475,2,optimal,173.12527826821005,0,0,0.8180764207073213,0.27049598018172605,360,-0.7818813716404078,1.3851368592918434,0.21997807798827249,running
MPC,29.210000000001767,74.70495847907523,125.70153751159523,6.483047254424388,0.32239212868202105,5.253048710565918,0.01377329173486348,6.805772759635952,0.10331517812640921,0.01176710735033426,0.5803999999995924,2,optimal,173.72512192944393,0,0,0.8213593094461556,0.2510072380589972,348,-0.8341519925857275,1.2683177607820615,0.20925385860619156,running
MPC,29.310000000001782,75.32959738890341,125.91022677406966,6.673281740733752,0.32239842384548845,4.932935883396113,0.014213716060439554,6.9763408427639995,0.06411506707434232,0.011830889078991103,0.577899999999687,2,optimal,174.5249134903422,0,0,0.8245393478767931,0.2455200920535749,347,-0.8385078776645043,1.2726126136847322,0.2084324073070941,running
MPC,29.410000000001798,75.97191095855615,126.12482152987575,6.85632575852797,0.32239959860396517,4.74648115142338,0.01212180015641235,7.1479298558760895,0.062284438279477404,0.010569446043388275,0.5602000000006768,2,optimal,175.12475714689842,0,0,0.7971890489629887,0.23691393985973053,371,-0.7339666357738648,1.3962744358239236,0.22234991952811328,running
MPC,29.510000000001813,76.63022059606782,126.34476124641608,7.012723784048597,0.3223993724663232,4.05552876952274,0.013746781871958151,7.261878635480244,0.09441568064796102,0.007191583291601411,0.4846000000009454,2,optimal,175.92454859248338,0,0,0.8117060856043988,0.2244225963392528,353,-0.8123725671918443,1.2718158981684884,0.21352185245425553,running
MPC,29.61000000000183,77.30272227659265,126.56944292300916,7.156594686980623,0.32239932135705174,3.7306902308756347,0.011993806225143615,7.385792807136161,0.0731568081679256,0.004133348467536102,0.48389999999987054,2,optimal,176.5243920827984,0,0,0.7960523111763993,0.22349295109646863,344,-0.8515755329008341,1.2385609488781066,0.20602954162158948,running
MPC,29.710000000001845,77.98741822889454,126.79819894079138,7.272130896865112,0.32239909738216466,2.995948456180255,0.013565147928417716,7.456189532598648,0.07733095802677932,0.0006710748756133533,0.5496999999996532,2,optimal,177.32418355648542,0,0,0.763938610844696,0.21910916936225946,366,-0.755746061167748,1.3671856845337846,0.22600293112750477,running
MPC,29.81000000000186,78.6824223157414,127.03039909849275,7.3749765615989595,0.32239907190907613,2.666872236784096,0.011498147940280642,7.538818120543521,0.11221968582063771,0.0013788503632969906,0.4802000000001527,2,optimal,177.92402721338692,0,0,0.8158506597801763,0.2134150914213806,351,-0.8210843373493977,1.2693461738405396,0.21178185999974475,running
MPC,29.910000000001876,79.38573199259999,127.26537430596935,7.449534259660777,0.32239879700448815,1.933342115237978,0.01271851629857916,7.568310773122757,0.07123008618642834,0.0033668604293550786,0.4839999999992628,2,optimal,178.72381876333415,0,0,0.7679028300746052,0.21041019125985155,370,-0.7383225208526414,1.370916312536594,0.22322918788849236,running
MPC,30.01000000000189,80.09543260272778,127.5024848604773,7.510804969486906,0.32239866379454596,1.588799638625705,0.010728233856544043,7.608414223523348,0.0625147633733916,0.004520583535288836,0.4629000000004879,2,optimal,179.5236103191565,0,0,0.8136057993989367,0.20659847779372392,353,-0.8123725671918443,1.2720552519821524,0.21352185245425553,running
MPC,30.110000000001907,80.8103460327229,127.74133711032916,7.560391528235991,0.32239857315368226,1.2858200410082474,0.00865100363923248,7.6393869735877304,0.08526385032513521,0.004840294861353733,0.5370999999989579,2,optimal,180.32340188237538,0,0,0.7653105270423781,0.20711636734331204,372,-0.729610750695088,1.381086681541843,0.22148173646210823,running
MPC,30.210000000001923,81.52920211566654,127.98150667877233,7.595131699098414,0.3223984102621469,0.9008410555164557,0.006438753241554565,7.650475633787637,0.10768424044661064,0.004523431953961321,0.4587000000002561,2,optimal,180.92324555437204,0,0,0.8190899927029469,0.2065959458192485,352,-0.8167284522706209,1.2819695607263017,0.2126462795560751,running
MPC,30.31000000000194,82.24959567931427,128.2221899813248,7.595559537024941,0.3223978716545821,0.011094187499765804,0.006480894658502896,7.596241117848391,0.07305238687200762,0.0033693178000020474,0.5142999999998565,2,optimal,181.7230371066276,0,0,0.7653469446695866,0.20882734764646838,335,-0.8907784986098239,1.1966736413280608,0.19934114321212795,running
MPC,30.410000000001954,82.96582182878207,128.46148107909985,7.528915923282015,0.3223971855262746,-0.7584141813951423,0.004436837449429539,7.519718118885426,0.048570132728027605,0.0013822909358562896,0.6288999999997102,2,optimal,182.5228286426898,0,0,0.8209805324841446,0.21671996378265457,365,-0.7601019462465246,1.4180089829724043,0.22496523842325905,running
MPC,30.51000000000197,83.67027164245955,128.6968376724217,7.375419426847871,0.3223958220036349,-1.7468128324970966,0.0054767222996083475,7.354234640032305,0.06773496361286377,0.00044708911488022807,0.7656999999996472,3,optimal,183.32262018464968,0,0,0.8222228729649818,0.2161048652503511,345,-0.8472196478220575,1.2840307500698083,0.20682039817249398,running
MPC,30.610000000001985,84.355485813933,128.92576722922564,7.147460473635642,0.3223938039077179,-2.5942066040873493,-0.0016258008441504806,7.1159987664391355,0.08831212710117985,0.00044692153568481885,0.6651000000008622,3,optimal,183.9224638520216,0,0,0.848446116891526,0.2270480183711198,331,-0.9082020389249306,1.2267392561763786,0.19660096634514493,running
MPC,30.710000000002,85.01449312378038,129.14594017543604,6.846489996475486,0.32239126358769155,-3.4250885454685194,-0.003958979758577707,6.80495161908879,0.054840623241445376,0.0056337810262849786,0.6713999999998777,3,optimal,184.7222552199507,0,0,0.8514844353836928,0.2214923840049396,355,-0.803660797034291,1.3141043825447838,0.21530714918272373,running
MPC,30.810000000002017,85.64261127887886,129.35579171867104,6.508208984458895,0.32238824307803937,-3.8496879505924912,-0.014485541482868198,6.461521201416237,0.051316168526280515,0.012337413728845448,0.6789000000004819,3,optimal,185.32209799321,0,0,0.8254701180416901,0.237473008108103,346,-0.8428637627432809,1.289348573926859,0.20762130414308752,running
MPC,30.910000000002032,86.23730993095226,129.55212798955404,6.137553987291813,0.30329079271976966,-4.218108689916721,-0.02627443820258026,6.086398115467222,0.06672396678010022,0.0025772591102870557,0.5466999999992339,2,optimal,185.92194078668754,0,0,0.82083717218666,0.25400981277945517,363,-0.7688137164040778,1.4111083978418306,0.22293077345441883,running
MPC,31.010000000002048,86.79964413369626,129.72395243433618,5.749080865146295,0.24311892668107116,-4.420881587581667,-0.02742320797457002,5.695465828533647,0.05589146180554273,0.04450814997656938,0.9190000000005583,2,optimal,186.52178092874206,0,0,0.8428294115635445,0.2597914284714701,348,-0.8341519925857275,1.280437826953735,0.20925385860619156,running
MPC,31.110000000002064,87.33074172339285,129.86234439209116,5.356012109259561,0.18909896491411993,-4.473180579279221,-0.0017509382236765725,5.301762807218373,0.038837583678360196,0.06004271878707712,0.6193000000003224,2,optimal,187.12161412414483,0,0,0.7910735287157133,0.27968626938124147,360,-0.7818813716404078,1.3609541328253836,0.21997807798827249,running
MPC,31.21000000000208,87.82866892704696,129.9735927842569,4.972641700784979,0.19179615767610447,-4.362811951283672,0.017043166882174915,4.919730914131194,0.09709286732321701,0.014379040696703704,0.654100000001101,3,optimal,187.72139858740155,0,0,0.7866929771377409,0.3065382672557672,714,0.7601019462465248,1.4149021176429695,0.22496523842325897,running
MPC,31.310000000002095,88.29223299458648,130.07048917755054,4.615146943936645,0.19522134306919603,-4.068343208608839,-0.02290562155737546,4.565807379924095,0.018832135891282575,0.08680957528895394,0.4935000000001466,2,optimal,188.1212670421595,0,0,0.7928709620154877,0.29932361028423027,705,0.7208989805375348,1.3379047267693593,0.2197779812188762,running
MPC,31.41000000000211,88.72656967680615,130.1462429595207,4.304873255095834,0.11606703256579842,-3.5309604703966264,-0.08907926697171074,4.262050896896982,0.04097697942277871,0.08476865364977026,0.6253000000002729,2,optimal,188.52115875077777,0,0,0.865766235927792,0.2999784631899259,681,0.6163577386468955,1.332023176292609,0.2023310757067991,running
MPC,31.510000000002126,89.14008557222185,130.179907807919,4.073301322599931,-0.02893960828635378,-2.635322842717435,-0.12310373364256766,4.04134097082409,0.07853353398775154,0.013235319759097308,0.7909999999995421,3,optimal,188.92102138323017,0,0,0.7757230734275329,0.3325308290552867,720,0.7862372567191844,1.2303952235009203,0.21901940157552577,running
MPC,31.61000000000214,89.53798332315169,130.1592148850865,3.943400038906229,-0.16435751526633235,-1.4782958216336746,-0.10877367994892592,3.925471740436563,0.08754661917498187,0.048991526223179704,0.5739000000000161,2,optimal,189.320861140756,0,0,0.7957707995280703,0.37523196907071465,709,0.7383225208526416,1.353656038416352,0.2232291878884924,running
MPC,31.710000000002157,89.92330371988692,130.09153636496902,3.8989210418076365,-0.2562368865643634,-0.5061775656994021,-0.07494492216343461,3.8927822823362885,0.07690158713736273,0.06660045936746828,0.4733000000003429,2,optimal,189.7206787353791,0,0,0.7671904554461567,0.37594775200764097,727,0.8167284522706209,1.2275883840458048,0.2126462795560751,running
MPC,31.810000000002173,90.29995140083909,129.98979552526015,3.9055143421059664,-0.32305951921197074,0.17096967149660347,-0.06333201131718437,3.916018008957297,0.06149487267419992,0.05804939744710236,0.4938000000000997,2,optimal,190.1204740901946,0,0,0.7808571506893117,0.38116826778380886,718,0.7775254865616312,1.2800530427336039,0.22094939445953415,running
MPC,31.91000000000219,90.66968358032156,129.86029087319693,3.9292736075969197,-0.3886730668330267,0.6160971944532697,-0.07206424523325491,3.9671240615512935,0.0488608361101092,0.04927784257992984,0.6218000000002277,2,optimal,190.52025542609942,0,0,0.8511943592684862,0.3998132820107951,717,0.7731696014828544,1.3394832227430467,0.22193355627601147,running
MPC,32.0100000000022,91.03211564045922,129.703259892051,3.969440348068123,-0.46820759723917926,1.04155644559229,-0.0859889617172661,4.033429252156148,0.03873215000695437,0.05616485525280979,0.5253999999998982,2,optimal,190.9200318013378,0,0,0.8057610974368254,0.4177990840726293,733,0.8428637627432809,1.2998543230288877,0.20762130414308752,running
MPC,32.11000000000218,91.38345270010808,129.5130573831414,4.019716271450925,-0.5668353404191355,1.3036958300114903,-0.08734791670984346,4.099809931069272,0.026432828898925186,0.08417975082546336,0.47110000000039065,2,optimal,191.31981230599897,0,0,0.8012089566070253,0.4270238610593607,700,0.6991195551436515,1.5131050638882098,0.2157016455530536,running
MPC,32.21000000000216,91.72051324089172,129.29062428749455,4.055873359140851,-0.6421088057862059,0.9375828682013436,-0.04654496734907893,4.113474558271059,0.028243169710151346,0.09104501542533106,0.7359000000004556,2,optimal,191.71960504033046,0,0,0.811030396775688,0.3922798150614695,343,-0.8559314179796107,1.2389003857621987,0.20524858980469116,running
MPC,32.31000000000214,92.04727283247519,129.04952795385282,4.06528936164894,-0.6630213327686778,0.24416464938308446,-0.010943824072683753,4.08028982407916,0.043422737239191815,0.04581311269165189,0.4863000000012718,2,optimal,192.11941591333905,0,0,0.8388967391383649,0.4054599978241141,357,-0.7949490268767376,1.368813387308257,0.21713917065507293,running
MPC,32.41000000000212,92.36678341247816,128.80167706461083,4.032886540242528,-0.6773821269621834,-0.3687489001816945,-0.027314669546457577,4.028414471630771,0.0469459969492539,0.0037407535759284016,0.505899999999393,2,optimal,192.51924820031505,0,0,0.7806454653647118,0.4096196741062752,735,0.8515755329008341,1.3030758959057662,0.20602954162158948,running
MPC,32.5100000000021,92.67365750038111,128.5464523971121,3.970805151051859,-0.7298924194961776,-0.7064953912093566,-0.06025122771085269,3.9622370011215917,0.04004646420352694,0.013020953946898395,0.5058000000000007,2,optimal,192.9191027031486,0,0,0.8281487490772479,0.4065378585224649,725,0.8080166821130677,1.34720888409557,0.2144087504700342,running
MPC,32.61000000000208,92.96052248879818,128.2790096184159,3.8980526093238748,-0.800682355324575,-0.8279346854131469,-0.06893965820406402,3.888011682510544,0.03307446806336915,0.0026151616208309747,0.5566000000003513,2,optimal,193.318978219159,0,0,0.8325551016823757,0.40956920502876565,720,0.7862372567191844,1.3680356082276992,0.21901940157552577,running
MPC,32.71000000000206,93.22369298050182,127.99827074833871,3.823697887565509,-0.8710943453766047,-0.8461677311311772,-0.061264613698414294,3.813435836210757,0.03500678711222888,0.004851616305548312,0.5667000000002531,2,optimal,193.7188554941955,0,0,0.8358096713505181,0.41976168324852714,704,0.7165430954587584,1.4528089350296647,0.21894209497805303,running
MPC,32.81000000000204,93.46202732518927,127.70530670952263,3.7538442354604884,-0.9400247702962836,-0.7949448927402081,-0.054186643860988586,3.7442033982914884,0.04963896718728133,0.0031234862012459175,0.4824999999994972,2,optimal,194.11870764002344,0,0,0.8355888552136632,0.41975592177037435,677,0.5989341983317886,1.5255393674542468,0.19989419460491284,running
MPC,32.91000000000202,93.67560846821502,127.40175157080128,3.6912410390844608,-1.007508077831498,-0.7124336341572379,-0.04986025783886531,3.6826008720447647,0.07357866031142198,0.010461181878606673,0.5027999999995814,2,optimal,194.51851625239186,0,0,0.8350662845172921,0.42072838095243253,706,0.7252548656163116,1.4024991813097771,0.2206244765899192,running
MPC,33.010000000002,93.8652697419982,127.08867071965705,3.6458486281148157,-1.0733915376865297,-0.5165723506515169,-0.0576744547991906,3.639583804019309,0.09755645492049275,0.009486856004294442,0.43989999999993756,2,optimal,194.71846414339552,0,0,0.8496122045253727,0.4182374506458103,696,0.6816960148285451,1.4113998208624,0.21261932153731197,running
MPC,33.11000000000198,94.03192505297477,126.76686904588978,3.6137845666494726,-1.138064601658767,-0.36489376194763745,-0.056707328274867665,3.609359251920052,0.06006929065631909,0.02536906894281854,0.46510000000044016,2,optimal,195.11820585612023,0,0,0.8065829822195707,0.41238662409587934,721,0.7905931417979613,1.2756703681730006,0.21807316453493353,running
MPC,33.21000000000196,94.17518595460658,126.43516402430608,3.614491592046463,-1.2147786249709929,0.018333747045297496,-0.08645104190106494,3.615617941354002,0.03066861750959227,0.04841615852497849,0.5468999999989066,2,optimal,195.51789328113165,0,0,0.8275901581483791,0.3995890571902355,730,0.8297961075069509,1.1848430709026914,0.21008581223244965,running
MPC,33.31000000000194,94.28777879388525,126.0902843691362,3.6426229326503736,-1.3245468784706051,0.7294686794454209,-0.11449453277902141,3.687438459991005,0.045030922815853185,0.016820937710140704,0.4908999999999608,2,optimal,195.91763397846768,0,0,0.8135601580717238,0.40915132579132113,716,0.768813716404078,1.2858507436766704,0.22293077345441878,running
MPC,33.41000000000192,94.36380242787078,125.73047000824447,3.710195877683702,-1.4314590777735778,1.7522217541544256,-0.08886773265365297,3.817845108065816,0.06787231400075099,0.036878863518087,0.5132000000003245,2,optimal,196.31744749173657,0,0,0.8210625340535207,0.4443482784351054,709,0.7383225208526416,1.420338511512353,0.2232291878884924,running
MPC,33.5100000000019,94.40874202391102,125.35662974317289,3.8135461826764967,-1.4992407187576384,2.6799579716046167,-0.020262417430967055,3.9781916748441635,0.08222475924629061,0.07510146990718791,0.796599999999259,2,optimal,196.71731349931915,0,0,0.8383694660909832,0.44523068016231837,384,-0.6773401297497683,1.4990976491922134,0.21187243445594103,running
MPC,33.61000000000188,94.43867767690055,124.96930292710404,3.945604925578321,-1.5056732021867523,3.424391256363539,0.04035827536082059,4.15598530831285,0.09072308702331877,0.0692490925101783,0.4998000000000502,2,optimal,197.11720453266085,0,0,0.8452743440970408,0.4136556908257423,354,-0.8080166821130677,1.3043530544912452,0.2144087504700342,running
MPC,33.71000000000186,94.47377579654234,124.56801013753422,4.098982601063245,-1.4603223237358625,3.977208621790344,0.05393236865786364,4.3433257877573554,0.09004445006373991,0.01688875995839423,0.6275000000002251,3,optimal,197.51709934352354,0,0,0.8390243177421881,0.40509510544562644,369,-0.742678405931418,1.4015565468002305,0.2241197071405647,running
MPC,33.81000000000184,94.52722758590384,124.15249891620277,4.266833616612987,-1.409760803865855,4.352514172027111,0.017763515841128022,4.5342340182659555,0.07113923701009271,0.04009889874274819,0.5050000000004218,2,optimal,197.91699446321195,0,0,0.8702693296217892,0.39718408921768256,712,0.7513901760889712,1.415617844783945,0.22593517874601313,running
MPC,33.91000000000182,94.59462149361315,123.7215228677237,4.443333183748465,-1.4084883736848315,4.576778191051001,-0.031132277567902714,4.724511435718087,0.03292067655730183,0.0472554688110689,0.49339999999986617,2,optimal,198.3168898540826,0,0,0.8241852407530662,0.3642542604151081,727,0.8167284522706209,1.276674848667472,0.2126462795560751,running
MPC,34.0100000000018,94.66078409528883,123.27231553521655,4.623470316531234,-1.4431954308495516,4.671103244609101,-0.0448060964481181,4.910443508209376,0.025100234363961912,0.017888254734867992,0.5190999999999946,2,optimal,198.71678543973098,0,0,0.8671404106158538,0.3679174193385864,710,0.742678405931418,1.4283963337643606,0.2241197071405647,running
MPC,34.11000000000178,94.71756211876603,122.80372355625758,4.802890224893508,-1.4776842002660444,4.652505028539262,-0.027502116374383604,5.088720819385161,0.09519332151692747,0.011806630089300718,0.47679999999949985,2,optimal,199.11668105895086,0,0,0.7905749553463635,0.35994786593230715,744,0.8907784986098242,1.245806766459692,0.19934114321212792,running
MPC,34.21000000000176,94.76329074106988,122.31612515958975,4.978007074293847,-1.4972600140195362,4.5409231888134505,-0.005752299318711545,5.256982543774853,0.024075458182904883,0.025117169688224195,1.011799999999674,2,optimal,199.71652452225305,0,0,0.8672211826629395,0.35173466095445577,350,-0.8254402224281743,1.3566974773967935,0.21092842571338713,running
MPC,34.31000000000174,94.80439902681262,121.80936888751208,5.174684874044605,-1.4955682051763517,5.100016272970318,0.008617849928103572,5.488008701590879,0.09158351730741336,0.020019949771577394,0.45689999999964925,2,optimal,200.1164200964457,0,0,0.8199766183588442,0.33907877978207485,741,0.8777108433734941,1.279933534664506,0.2014875443267371,running
MPC,34.41000000000172,94.84522055747289,121.2831758090221,5.365519930358998,-1.4941944002076901,4.9485091550240865,0.008627894181409771,5.669535789547013,0.019020700087525946,0.014620614452796943,0.48309999999940345,2,optimal,200.71626346286538,0,0,0.8709119800779647,0.31823999954391197,353,-0.8123725671918443,1.3461490843136303,0.21352185245425553,running
MPC,34.5100000000017,94.88730619447081,120.7372414198284,5.569251737896883,-1.4938748994963624,5.282932466610926,0.008266722047759046,5.893813177020091,0.033904996362296144,0.01140632501068417,0.4665000000008135,2,optimal,201.31610705273215,0,0,0.8265384728989467,0.3187287566774925,744,0.8907784986098242,1.2746924084428135,0.19934114321212792,running
MPC,34.61000000000168,94.93101589534967,120.1703177943131,5.785553011117309,-1.4938443692874308,5.608868996329776,0.008913387192574054,6.1301386375298605,0.06573366852250224,0.009765689800449007,0.46949999999945646,2,optimal,201.91595066746652,0,0,0.8633967370532133,0.29213648335168746,353,-0.8123725671918443,1.3325241357791502,0.21352185245425553,running
MPC,34.71000000000166,94.97643164797468,119.58145652256769,6.008775204959961,-1.4938513759913856,5.788334130890036,0.01003491221329605,6.364386424206312,0.07596485361441796,0.009408369405994765,0.6723999999991292,2,optimal,202.51579433863927,0,0,0.7919311272436258,0.28952883738452145,381,-0.6904077849860983,1.505608553700514,0.21414126651260781,running
MPC,34.810000000001644,95.02356826738162,118.97033592203674,6.232062758702351,-1.4938547795997186,5.790028966568906,0.011503984538249041,6.587778101616852,0.06526902414578292,0.010216586330050959,0.6849999999998246,2,optimal,203.11563800375959,0,0,0.8633983173026427,0.26999453333315293,336,-0.8864226135310473,1.225669163952091,0.20004771979496722,running
MPC,34.910000000001624,95.07239424170191,118.33732099377599,6.448510912539963,-1.4938550510165116,5.612677730913882,0.013258757630528785,6.793330531793739,0.04012022820209092,0.012357344219157795,0.5237000000004599,2,optimal,203.71548166504252,0,0,0.7837731610049115,0.24867208277608538,361,-0.7775254865616312,1.3253741565165933,0.22094939445953415,running
MPC,35.010000000001604,95.12283082101023,117.683427412774,6.651920349828392,-1.4938547021958397,5.274573142273175,0.015089187359523554,6.9759682267672805,0.04979952669838438,0.01505652620030773,0.6164999999995757,2,optimal,204.3153253172024,0,0,0.8453078688705432,0.25526500691096954,345,-0.8472196478220575,1.2966390819037048,0.20682039817249398,running
MPC,35.110000000001584,95.1773616814169,117.01069778891905,6.832427392006822,-1.4740169442206035,4.680695297905334,0.017918226695172696,7.119989879618925,0.10653550104416078,0.0018862648724615738,0.6541999999996051,2,optimal,205.11511682447937,0,0,0.7847417343336486,0.23662477705653115,345,-0.8472196478220575,1.2489237305403316,0.20682039817249398,running
MPC,35.210000000001564,95.24364522234593,116.32163454531037,6.999221036557398,-1.4509556664704346,4.325095676858143,0.007324029443201951,7.264936959692636,0.04801362115252012,0.023390147482118095,0.5011000000001431,2,optimal,205.71496045404808,0,0,0.7836435770434327,0.24708100343045153,372,-0.729610750695088,1.4798957184652035,0.22148173646210823,running
MPC,35.310000000001544,95.31981566339812,115.61851520752695,7.134641860815037,-1.4530734510865517,3.511572776837313,-0.0040056058909257,7.35037831424113,0.10353262954329749,0.019939698065282396,0.46289999999959974,2,optimal,206.51475200082268,0,0,0.8627018716320065,0.2369166552738346,716,0.768813716404078,1.414761798821016,0.22293077345441878,running
MPC,35.410000000001524,95.40089832562047,114.90329336907823,7.252027158399527,-1.4560999159498136,3.043896813199226,-0.0037908729231352443,7.43903154213496,0.03843672152741891,0.016509751698075004,0.4834000000011329,2,optimal,207.11459567209693,0,0,0.8612989672018673,0.23664044816395716,346,-0.8428637627432809,1.3309237472814803,0.20762130414308752,running
MPC,35.510000000001504,95.48378765974208,114.17834050088524,7.334863969393519,-1.4571577678810896,2.148026287693408,-0.004741581692223249,7.4668297871688685,0.04917618652675507,0.015711035394684103,0.46819999999936357,2,optimal,207.91438723557272,0,0,0.8699281825572266,0.2313013374696711,355,-0.803660797034291,1.3795526361780217,0.21530714918272373,running
MPC,35.610000000001484,95.5674265488681,113.44638799723238,7.394661330743135,-1.4573348871005025,1.5505945071086218,-0.007085793316627522,7.489923420104381,0.0913013909179091,0.016288153271279526,0.5784999999995932,2,optimal,208.5142309028705,0,0,0.8199238147341331,0.22259418023857255,737,0.8602873030583873,1.269355239505659,0.20447740104668097,running
MPC,35.710000000001465,95.651412916868,112.7105309565168,7.416294533199314,-1.4573183942062398,0.5609666403772339,-0.009202325523137458,7.450757994780859,0.03252484620695491,0.018175651318840025,0.7022000000000972,2,optimal,209.3140224616552,0,0,0.8687027328420286,0.21795023395742985,705,0.7208989805375348,1.4304834982492551,0.2197779812188762,running
MPC,35.810000000001445,95.73520426049002,111.9759848104633,7.38126846206025,-1.4572973087687247,-0.3986018701340423,-0.012645458695845426,7.37643434618591,0.03579526004541636,0.020958850972159215,0.5223000000000866,2,optimal,210.1138139840693,0,0,0.8607386171695822,0.21914634946911773,709,0.7383225208526416,1.425264714959561,0.2232291878884924,running
MPC,35.910000000001425,95.81570634721864,111.25101211538224,7.249973155749696,-1.4758193608611403,-1.4941600051979915,-0.01820529693413519,7.231852461540451,0.1055533689943017,0.0059021067644504654,0.6426999999993299,3,optimal,210.91360542927345,0,0,0.8624183082041376,0.22364497667941755,758,0.951760889712697,1.1481821121521805,0.19031516269774035,running
MPC,36.010000000001405,95.88034189934751,110.54307539419088,7.0372318557308216,-1.535357386782638,-2.421027459962409,-0.02134189003192559,7.007870409753455,0.039075789148096174,0.052166315219727366,0.6815000000006677,3,optimal,211.51344905214637,0,0,0.7853670872018664,0.23253098340674594,731,0.8341519925857277,1.3418136730367112,0.20925385860619153,running
MPC,36.110000000001385,95.91834134651698,109.8597254158294,6.746013676589846,-1.5780135095003025,-3.3141059515853404,0.01610463180899724,6.705821260572288,0.09697865489039835,0.09522918554469761,0.7738000000001577,3,optimal,212.11329272385916,0,0,0.8623848372815597,0.2168199363734045,364,-0.7644578313253012,1.3252079739137745,0.2239412608755995,running
MPC,36.210000000001365,95.94052023530335,109.2086287771271,6.396828612978208,-1.544159593244151,-3.973777670520452,0.04567641366133189,6.3486359095378,0.05743098508447514,0.06485420867544356,0.7367000000009227,3,optimal,212.91308419846303,0,0,0.7892220516953147,0.23862547000364523,387,-0.6642724745134383,1.4771645106012894,0.20968660597172056,running
MPC,36.310000000001345,95.96672779170483,108.59429632914046,6.022739764988359,-1.4832698185728972,-4.25718642016748,0.027928809355591538,5.97110997096146,0.06523009711524518,0.008609793193508075,0.6769999999995946,3,optimal,213.512927621464,0,0,0.8617889994525247,0.2522701696802372,339,-0.8733549582947173,1.238652444314075,0.20222103997141733,running
MPC,36.410000000001325,96.01089892946149,108.01983689342856,5.628864246238252,-1.4332972316921546,-4.482361659989599,-0.009809061871947819,5.574503598989399,0.09058607674584686,0.03501473850169656,0.6547000000001191,3,optimal,214.11277117339807,0,0,0.7843661390891254,0.26758743016839454,348,-0.8341519925857275,1.2919428676767286,0.20925385860619156,running
MPC,36.510000000001305,96.06786457513442,107.48635314115909,5.230734270801013,-1.445430007788629,-4.530778006349496,-0.05509212359072876,5.175786445603302,0.09635801157820868,0.02720016525472957,0.6390999999990044,3,optimal,214.5126662676733,0,0,0.8398457357172681,0.30015245619685604,704,0.7165430954587584,1.4929745169914599,0.21894209497805303,running
MPC,36.610000000001286,96.11231659689174,106.9919125395081,4.829128887467216,-1.5385315487546352,-4.570328662246536,-0.06790446876276111,4.773701404576359,0.06137100604605479,0.008222044761069469,0.4936999999998193,2,optimal,215.11249047546136,0,0,0.7810154635973736,0.30346711069133714,722,0.7949490268767376,1.3287980258875391,0.21713917065507293,running
MPC,36.710000000001266,96.12259085874658,106.53452302254595,4.447766344115169,-1.6481619360411937,-4.339962149213607,-0.05497478244340176,4.395132672545856,0.05710346892837241,0.03060400782919359,0.5216000000007881,2,optimal,215.51229159271716,0,0,0.7834974386960736,0.3279628450144438,686,0.6381371640407787,1.477649833586515,0.2055510376980303,running
MPC,36.810000000001246,96.09308880991065,106.11442933339849,4.092805909025818,-1.7332632964447983,-4.039502252149806,-0.03666701850184787,4.043816118900188,0.0660052546038623,0.007804838383568047,0.8445000000003589,3,optimal,215.91192573429225,0,0,0.8175701976978159,0.32274234138732705,713,0.755746061167748,1.2706897978793552,0.22600293112750477,running
MPC,36.910000000001226,96.0297203969373,105.72898858258753,3.8137507429771635,-1.8182503859635284,-3.175689063610238,-0.10967593689340482,3.7752370026647943,0.053925564499896446,0.06452663617336185,0.48409999999954323,2,optimal,216.31137935935564,0,0,0.81868480979669,0.3262391961342355,693,0.6686283595922151,1.2581276363726979,0.2104061992652272,running
MPC,37.010000000001206,95.92503038943981,105.37638385360489,3.6151923752272337,-1.973309501130445,-2.25962359299885,-0.19047023552157102,3.5877883836772786,0.05294617447377476,0.04708791535496992,0.6515000000000271,3,optimal,216.71082989282723,0,0,0.8358830429276415,0.33943834258320715,692,0.6642724745134383,1.2289574148259481,0.20968660597172056,running
MPC,37.110000000001186,95.76332471177497,105.06235915324066,3.4997776884613323,-2.187557745146991,-1.3134362059384677,-0.21376396279775,3.483848754633387,0.07425106371232158,0.03152866817399946,0.6678999999998325,3,optimal,217.11030183276355,0,0,0.7848286095520269,0.38904189196219424,683,0.6250695088044487,1.3441263266763412,0.20359530110414154,running
MPC,37.210000000001166,95.5458538588584,104.7960068874238,3.4148294096197835,-2.3797345252434114,-0.9667239775900902,-0.12976427277942332,3.403105290702323,0.10987021212977184,0.157480340216134,0.5455000000003096,2,optimal,217.3098328619875,0,0,0.8243187714558392,0.4450063042786855,710,0.742678405931418,1.3714108706846508,0.2241197071405647,running
MPC,37.310000000001146,95.2984478414873,104.56861402430788,3.3341181233141683,-2.459503894151833,-0.9185063758538968,-0.006315450648883268,3.3229787720343937,0.03634427805572178,0.09656770752096433,0.6375999999983506,3,optimal,217.70933046139254,0,0,0.7943122795803392,0.4494882257345522,708,0.7339666357738648,1.3620679781819534,0.22234991952811328,running
MPC,37.410000000001126,95.04418559890954,104.35658346795972,3.298847593383156,-2.461762495687601,-0.40138384734337684,-0.009346513694360908,3.293979738579831,0.04096101314888033,0.027316188145118048,0.6344999999994272,3,optimal,218.10898997963073,0,0,0.8342985249673021,0.4528693633649611,706,0.7252548656163116,1.3505434588804013,0.2206244765899192,running
MPC,37.51000000000111,94.78531442081841,104.1509237783841,3.3130537057969254,-2.492111376526682,0.3683761185943966,-0.09219564659375065,3.3356852052425956,0.09418056591025226,0.04663036096373707,0.5578999999986678,2,optimal,218.3089378706344,0,0,0.8308118066234207,0.43987363797436474,688,0.6468489341983319,1.3648352503412278,0.20689564634075194,running
MPC,37.61000000000109,94.51080447373643,103.96331747475418,3.3373864398220494,-2.5933740107540912,0.6309677027669529,-0.1263276491021368,3.3761504760736205,0.047929441545102494,0.016972741426370952,0.7540000000014757,3,optimal,218.70875621875348,0,0,0.8354565356088245,0.457874432287983,731,0.8341519925857277,1.2283585251861848,0.20925385860619153,running
MPC,37.71000000000107,94.21527778152699,103.80104872033118,3.4026385644025745,-2.6934205859707387,1.6920409808747865,-0.08713436730041796,3.506590537909528,0.060821331460610584,0.04677290680254487,0.4763999999992663,2,optimal,219.10863971086053,0,0,0.8035627911663865,0.5137487706706039,723,0.7993049119555145,1.4116299942841883,0.21621722807816315,running
MPC,37.81000000000105,93.899958255591,103.65862404970275,3.5093819955626184,-2.7491942975614148,2.767944509440336,0.008043133329342807,3.679433015346608,0.10085299181254465,0.09736278805528586,0.46609999999969176,2,optimal,219.50853509197776,0,0,0.8483146625258502,0.4638860582841052,370,-0.7383225208526414,1.3906387175568893,0.22322918788849236,running
MPC,37.91000000000103,93.57169202285631,103.51439195514526,3.650799126994892,-2.711260604241132,3.667061928165617,0.08763718322028627,3.87608818837918,0.059322947510455415,0.06381443774691453,0.6185999999992475,3,optimal,219.70848298298142,0,0,0.8097857782083259,0.4391078271682811,375,-0.7165430954587582,1.380978210936721,0.21894209497805295,running
MPC,38.01000000000101,93.23896762461428,103.34731706024381,3.785699428019768,-2.637628845846222,3.49807518350995,0.0770976655985222,4.000606645345887,0.03716333605733575,0.0016299392344687469,0.6566000000001182,3,optimal,220.1083772359873,0,0,0.8167698838886145,0.4562258567900536,338,-0.8777108433734939,1.2656553412093268,0.20148754432673713,running
MPC,38.11000000000099,92.90329991903391,103.15557002209918,3.9345142825323305,-2.589804551366139,3.8588909405920755,0.024375448920404587,4.1715885220789755,0.024435097715299454,0.03867561377400408,0.5434999999991419,2,optimal,220.5082720289994,0,0,0.8360509731296545,0.4203479775341939,709,0.7383225208526416,1.400160684995965,0.2232291878884924,running
MPC,38.21000000000097,92.5596969130138,102.94632256967665,4.098436530975285,-2.5892442214768847,4.250638026357786,-0.02038447837712546,4.359578085168109,0.020084369957086498,0.035720740765246006,0.49389999999949197,2,optimal,220.90816748143027,0,0,0.8295861185745332,0.40304649617777905,728,0.8210843373493977,1.2923850606107963,0.21178185999974475,running
MPC,38.31000000000095,92.19930363209619,102.73202543547252,4.273552444776845,-2.6219055091944785,4.5408989279716225,-0.029529806369623338,4.552526423772447,0.039114793971082105,0.0030709670139956735,0.555499999999931,2,optimal,221.3080632604607,0,0,0.841853370161759,0.4035253461206381,695,0.6773401297497683,1.5006015759137978,0.21187243445594103,running
MPC,38.41000000000093,91.8188668157003,102.516694396324,4.4549984320755875,-2.640960812568955,4.7050429131373726,-0.007535891457611522,4.744056736090583,0.07625387180081113,0.01457649405186734,0.6831000000007137,2,optimal,221.7079589957755,0,0,0.8507726838297759,0.39016336839971183,349,-0.8297961075069509,1.3356134469338874,0.21008581223244965,running
MPC,38.51000000000091,91.42039482661812,102.29622812584965,4.638255461453469,-2.640308749563773,4.7520047160777805,0.008200108282491923,4.930198903683365,0.06830072446155643,0.012056410165155462,0.5682000000000187,2,optimal,222.30780259572947,0,0,0.8370162151108923,0.38209961769190015,721,0.7905931417979613,1.415478665349941,0.21807316453493353,running
MPC,38.61000000000089,91.00398232406607,102.0672792913939,4.848918501930779,-2.6395284352341966,5.462665007993857,0.008441908979930777,5.184521962252855,0.008748621755615853,0.010218844414379369,0.4889999999999617,2,optimal,222.70769835619603,0,0,0.8377639674495083,0.35700164038254095,355,-0.803660797034291,1.3646030919115935,0.21530714918272373,running
MPC,38.71000000000087,90.56908263977125,101.8283865948252,5.058186019397917,-2.639345293931804,5.426477954497245,0.008937841787635275,5.391566297380503,0.09718743968419223,0.008753146210828788,0.5662999999991314,2,optimal,223.30754201594777,0,0,0.8356032858352882,0.3321021132485653,366,-0.755746061167748,1.3979412357854488,0.22600293112750477,running
MPC,38.81000000000085,90.11503480920459,101.57898522409324,5.284406080513815,-2.639323010396025,5.866071282196055,0.00878056622877374,5.644793147617523,0.025786257173299586,0.008085580971231465,0.5100000000002325,2,optimal,223.70743779102924,0,0,0.8356974564584553,0.32781925188274547,354,-0.8080166821130677,1.3600945871805774,0.2144087504700342,running
MPC,38.91000000000083,89.6417200821027,101.31899525416442,5.4988268488720475,-2.6393237655662305,5.560105966589057,0.010279599137066246,5.840416677172721,0.04257742614720953,0.007404514000166618,0.523499999999899,2,optimal,224.30728146087847,0,0,0.8137303933725993,0.30808876856961726,360,-0.7818813716404078,1.3752361631067882,0.21997807798827249,running
MPC,39.01000000000081,89.14931062518079,101.04851445361972,5.7196316577481054,-2.639324264660847,5.72564936075693,0.01029586796008642,6.071391784947741,0.07966584542679872,0.007092914026393782,0.49700000000019173,2,optimal,224.90712513348868,0,0,0.846913816315957,0.29704335345425686,337,-0.8820667284522707,1.238875371845303,0.2007631459721537,running
MPC,39.11000000000079,88.63725917062213,100.76724364373351,5.946548326087473,-2.6393237664397162,5.884134877477626,0.010190226418865552,6.308045145495868,0.09581875853626082,0.006926876508650981,0.47099999999922204,2,optimal,225.506968806353,0,0,0.8100942085982388,0.2882067538129284,339,-0.8733549582947173,1.2609435930344783,0.20222103997141733,running
MPC,39.21000000000077,88.10528650135446,100.47502966798524,6.174156396109918,-2.6393231015444,5.902063488837503,0.010065331693869806,6.536754674971224,0.0903568843114426,0.006837093464246546,0.488299999999775,2,optimal,226.10681247922938,0,0,0.8371543585845741,0.2617057612430579,356,-0.7993049119555145,1.3012399494812044,0.21621722807816315,running
MPC,39.31000000000075,87.55363684887625,100.17200666049388,6.39601585787213,-2.639322569139804,5.7529973730315245,0.010055391029908836,6.74945613341307,0.06555771639219504,0.006811249864248303,0.48680000000000945,2,optimal,226.7066561522353,0,0,0.8048686561928041,0.2651800897648693,328,-0.9212696941612604,1.1848655256959468,0.19463310273330894,running
MPC,39.41000000000073,86.98309887803676,99.85860782036272,6.6061095412034465,-2.639322211523184,5.4479011113396645,0.010279504345518914,6.940805969006097,0.03966495244748831,0.0068531418281723155,0.5227000000003201,2,optimal,227.30649982520035,0,0,0.8494161421433933,0.2547232017253075,369,-0.742678405931418,1.4242960548615509,0.2241197071405647,running
MPC,39.51000000000071,86.39503927864095,99.53558388487258,6.797350241640744,-2.6393220519153204,4.959027839036569,0.011231177143860632,7.102012325107103,0.07995283485026501,0.0069652671042161884,0.5911000000002886,2,optimal,227.90634349810054,0,0,0.810223639615431,0.23377965675239087,338,-0.8777108433734939,1.1882094422771063,0.20148754432673713,running
MPC,39.61000000000069,85.79164165348213,99.20413434599561,6.9585151677680255,-2.639322176441074,4.1791384026200324,0.013999448499676612,7.215264081902747,0.06620175938024042,0.0072180499222760375,0.5628000000008626,2,optimal,228.7061350616549,0,0,0.8514010768881854,0.23769670337590884,370,-0.7383225208526414,1.4182044107926752,0.22322918788849236,running
MPC,39.71000000000067,85.17476210195255,98.86527880745666,7.1060823508022954,-2.639322101863204,3.8265377982919815,0.01388101655060217,7.3411689475972235,0.0802201375546143,0.0074797409757509925,0.45889999999904063,2,optimal,229.30597873416775,0,0,0.8028283670692079,0.22379531828725605,337,-0.8820667284522707,1.1905051396682278,0.2007631459721537,running
MPC,39.81000000000065,84.54755440554526,98.51764860452417,7.226415480705671,-2.618470570288309,3.1203365171991697,0.017315326939272402,7.418116002522212,0.061454934967499424,0.012901497632767267,0.4658000000006268,2,optimal,230.10577029775294,0,0,0.8477307289155412,0.22928974944588715,363,-0.7688137164040778,1.3940045630841325,0.22293077345441883,running
MPC,39.91000000000063,83.91580700356674,98.1548365595164,7.33535476429406,-2.592684321877161,2.8248847595946116,0.005211812776440118,7.508903956665132,0.10664581588294066,0.03810404049952343,0.4641000000003004,2,optimal,230.90556185935722,0,0,0.7637824422780933,0.22751044126907868,344,-0.8515755329008341,1.289150520345566,0.20602954162158948,running
MPC,40.01000000000061,83.27997238917717,97.7782301543454,7.4365641225397585,-2.594173124756658,2.6244414706900128,-0.011071347992466177,7.597798911363061,0.054173380834573986,0.03610535624581113,0.4898000000004288,2,optimal,231.5054055273827,0,0,0.7718390385247723,0.22668555566348167,348,-0.8341519925857275,1.3263457301288157,0.20925385860619156,running
MPC,40.11000000000059,82.63893131649841,97.3931074073277,7.513896875675671,-2.5975964955484376,2.005301563910922,-0.013800905892866188,7.637094278930851,0.012487598924691689,0.03202972137641691,0.5233000000002264,2,optimal,232.30519708674734,0,0,0.8355805196221285,0.21598289830533673,710,0.742678405931418,1.4073212266891466,0.2241197071405647,running
MPC,40.21000000000057,81.99121298306571,97.00503200196998,7.582228304473466,-2.6163103165782493,1.7718898587725356,-0.016589409623744958,7.691085861552925,0.05434687928837396,0.012948637900996651,0.7393000000002203,2,optimal,233.10498864947684,0,0,0.8348153189661806,0.2146256039679443,712,0.7513901760889712,1.404381966156006,0.22593517874601313,running
MPC,40.31000000000055,81.33224244469906,96.62316404431894,7.645304038211099,-2.6486503934962173,1.6356053855550987,-0.010173453664903766,7.745788843028976,0.09378994330166561,0.019446544101969554,0.6078000000000472,2,optimal,233.90478021343372,0,0,0.8538771069259599,0.22363219579922455,717,0.7731696014828544,1.4354972186474153,0.22193355627601147,running
MPC,40.41000000000053,80.66220950224275,96.24849039222507,7.7036245008515865,-2.649502634335005,1.5122973151548713,0.005995393088064019,7.796533769726586,0.07883981422899526,0.020124614301796573,0.4858999999992619,2,optimal,234.5046238863674,0,0,0.8513433502877741,0.22349850516563186,343,-0.8559314179796107,1.3253369540870665,0.20524858980469116,running
MPC,40.51000000000051,79.98491311481169,95.87728100810072,7.740470928062963,-2.6458961051393555,0.9554580060229213,0.006716297900190404,7.799170301453879,0.05019714424179428,0.01602225922567424,0.5115000000008862,2,optimal,235.30441544903363,0,0,0.8465201983873456,0.21952137584196832,366,-0.755746061167748,1.4567254501617752,0.22600293112750477,running
MPC,40.61000000000049,79.30367539178526,95.50633304460429,7.77080184921281,-2.643967073875297,0.7865056027392434,0.0061785295809532815,7.819121488336887,0.024816751206824916,0.013285475303873362,0.5265999999997106,2,optimal,236.10420700666862,0,0,0.8477240293899766,0.21438417470449875,344,-0.8515755329008341,1.2992627483570125,0.20602954162158948,running
MPC,40.71000000000047,78.61970537950539,95.134324094551,7.798798505430592,-2.643348961819325,0.7259762031118387,0.006797361006098497,7.843399469523994,0.00898398983385592,0.011548018001751092,0.4906000000000077,2,optimal,236.9039985556422,0,0,0.8492203404933715,0.20925209930602745,366,-0.755746061167748,1.40938200168316,0.22600293112750477,running
MPC,40.81000000000045,77.93336346793691,94.76097215440537,7.82541848647881,-2.6432384535165547,0.6902778895438223,0.007929397019034,7.867826294384974,0.022483937060485078,0.010006229024378754,0.49470000000084724,2,optimal,237.70379009469997,0,0,0.8460882976178133,0.2186173219783276,345,-0.8472196478220575,1.335617267618849,0.20682039817249398,running
MPC,40.91000000000043,77.24478015569127,94.3863208963102,7.850701940367392,-2.643251078230606,0.6556206467230543,0.009050143138584502,7.890980551151116,0.03910715034582897,0.008275585290009602,0.5008000000010782,2,optimal,238.50358162711174,0,0,0.8522238354645505,0.21453818855676723,327,-0.9256255792400372,1.2035449131018818,0.19399319420125347,running
MPC,41.01000000000041,76.55406859042748,94.01047368270132,7.874368663522572,-2.643271262738737,0.6136974959668043,0.010226574875276557,7.912071689964073,0.0534329172134629,0.0067477710409544756,0.5180000000013507,2,optimal,239.30337317395194,0,0,0.8444604614191983,0.2101945916397049,322,-0.9474050046339204,1.1542683469780148,0.19090943400131302,running
MPC,41.11000000000039,75.86137143338155,93.63353452477914,7.896171439953022,-2.6432809465181024,0.5653638322786981,0.011981471374159386,7.930905046750442,0.06568607917211608,0.006970282507715364,0.5297000000012986,2,optimal,240.10316473776768,0,0,0.8495578795586277,0.199320748716584,353,-0.8123725671918443,1.2930067736571567,0.21352185245425553,running
MPC,41.21000000000037,75.16686083883162,93.25560672925381,7.915847339691855,-2.643283907682025,0.5102121794150026,0.014683359823417669,7.947192657894522,0.07672805922607445,0.009144261963212053,0.4649000000007675,2,optimal,240.90295627679515,0,0,0.8410769761360307,0.1890418032865927,350,-0.8254402224281743,1.2233320245431176,0.21092842571338713,running
MPC,41.31000000000035,74.47210269071499,92.87428453035932,7.933328607360821,-2.6206425463481735,0.4533035741545515,0.018663513112330516,7.961177697107311,0.08600479570745455,0.009401768889265583,0.47769999999758284,2,optimal,241.70274769425944,0,0,0.8100557312849056,0.19812111946576472,366,-0.755746061167748,1.3673465334343324,0.22600293112750477,running
MPC,41.41000000000033,73.78193767502452,92.48144880553188,7.948330363366276,-2.589417145309064,0.3890078079371862,0.01074516456097097,7.972229388154539,0.08956659080276075,0.03460584137343714,0.7530999999989518,2,optimal,242.50253887580124,0,0,0.8333882605802283,0.2121694817151638,730,0.8297961075069509,1.3462968180240777,0.21008581223244965,running
MPC,41.51000000000031,73.09698874783203,92.07686428066435,7.961063575177713,-2.588148426689233,0.33018260082122053,-0.002939350673255866,7.981348623448398,0.08924745093904228,0.02792643931292016,0.5642999999988518,2,optimal,243.30232977584805,0,0,0.8400004725442348,0.21123262023270012,331,-0.9082020389249306,1.2294289287586395,0.19660096634514493,running
MPC,41.61000000000029,72.41486881077,91.6652814362556,7.971578550879595,-2.591536193309728,0.272661923498429,-0.0002122011177093459,7.9883297675275555,0.08907172689762802,0.014664369393128318,0.5243999999997584,2,optimal,244.10212050529114,0,0,0.8180313480899531,0.20287164543057196,368,-0.7470342910101946,1.4100131022866267,0.22502164647011183,running
MPC,41.71000000000027,71.73336795683689,91.25088483109771,7.979793208223843,-2.5936351013401278,0.21301278632176654,0.006396227369451892,7.992879829511772,0.0902666589524959,0.0007683180760205133,0.43429999999844426,2,optimal,244.90191141862056,0,0,0.8387873733821899,0.2073896056853465,381,-0.6904077849860983,1.4887533230169934,0.21414126651260781,running
MPC,41.81000000000025,71.0515875922921,90.83556097658739,7.986143022195228,-2.594425166432773,0.16465587181387248,0.014611222082807084,7.996258795405231,0.09285392570698381,0.013730341173479932,0.5078999999987843,2,optimal,245.70170210968286,0,0,0.8506139473340752,0.2086031667331355,335,-0.8907784986098239,1.246059458464573,0.19934114321212795,running
MPC,41.91000000000023,70.37085510347899,90.41746385246091,7.991051835484941,-2.571782912984714,0.12728954508456683,0.025101798510673488,7.998871976703684,0.09798215888591111,0.00659902051631267,0.45979999999978816,2,optimal,246.5014915210218,0,0,0.8431132443995022,0.19799878157825312,340,-0.8689990732159407,1.2238027398903049,0.20296376061118726,running
MPC,42.01000000000021,69.69789364161568,89.98624738960106,7.994502619197059,-2.5170621141201406,0.08948164515059034,0.025167069362111286,8.0,0.10327844198700688,0.03089833628306371,0.5021000000020592,2,optimal,247.30127970490335,0,0,0.8531646450989473,0.202354411339575,336,-0.8864226135310473,1.2223110658844314,0.20004771979496722,running
MPC,42.11000000000019,69.03881028278772,89.53363138534037,7.996622637453558,-2.483370235657671,0.05497380802940591,0.00733065615592346,7.999999999999999,0.10396052390187616,0.04563561793966686,0.5021999999996751,2,optimal,248.1010670477993,0,0,0.7876855371121285,0.2041411677466725,334,-0.8951343836886005,1.2193233249149726,0.19864329610943066,running
MPC,42.21000000000017,68.39165991288212,89.06379380231928,7.9979250886596756,-2.4848365656356397,0.03377362546442376,-0.0007314471009515212,8.0,0.10243197263598754,0.02346126737971499,0.5572000000011457,2,optimal,248.90085430798803,0,0,0.7787984767582696,0.20339233760677652,337,-0.8820667284522707,1.2344657536266344,0.2007631459721537,running
MPC,42.31000000000015,67.75084346992337,88.58516237312224,7.998725260610607,-2.49020773567153,0.020749113403243504,0.010085887921384384,8.0,0.103228130891073,0.0036281996672506978,0.4620000000006286,2,optimal,249.70064291031096,0,0,0.7734053018609665,0.2001909061807067,375,-0.7165430954587582,1.4263095952259874,0.21894209497805295,running
MPC,42.41000000000013,67.11398420664395,88.10117924513585,7.999216853038832,-2.4702893448776826,0.0127473938939306,0.023732384838942498,8.0,0.10822621668176055,0.003542804836593305,0.4981000000015001,2,optimal,250.50043382290661,0,0,0.8056147300256264,0.19882583457807163,385,-0.6729842446709917,1.4547353350694128,0.21113476830746442,running
MPC,42.51000000000011,66.48704454591999,87.6043855669319,7.99951886701871,-2.4164232037709428,0.007831469611681864,0.023779129772291865,8.0,0.11320016003941738,0.03367108258608287,0.5525000000012881,2,optimal,251.30022385032635,0,0,0.8363145902379635,0.20224285111263604,371,-0.7339666357738648,1.4235925770859783,0.22234991952811328,running
MPC,42.61000000000009,65.87635935059978,87.087712859376,7.9997044118701055,-2.3827962712909487,0.004811329812902221,0.003039575671389074,8.0,0.11163748198711738,0.053420786108961504,0.3095999999995769,1,optimal,252.10001352724822,0,0,0.8303303762599928,0.20858745258912456,355,-0.803660797034291,1.373441770301042,0.21530714918272373,running
MPC,42.71000000000007,65.27942893100922,86.55515750531698,7.999818402924071,-2.3842091171253736,0.0029558812989397805,-0.011783876239054556,7.999999999999999,0.10574437464514146,0.04092097899851588,0.5194999999993399,2,optimal,252.89980359965082,0,0,0.8342722872974682,0.20829480580283963,712,0.7513901760889712,1.4435658988111109,0.22593517874601313,running
MPC,42.81000000000005,64.68978699985375,86.01451351864874,7.99988843429539,-2.389563461081896,0.0018159707592705714,-0.010514164712462418,7.999999999999998,0.1009009683883373,0.02757728568721962,0.4507000000000261,2,optimal,253.69959434517713,0,0,0.8261894213926264,0.21146419769704852,701,0.7034754402224284,1.5065657646987252,0.21649658541768402,running
MPC,42.91000000000003,64.10271779389353,85.47106597495325,7.99993020505889,-2.392549402199007,0.0010831500751630686,-0.009769699394729674,7.999996749302906,0.09893729925932551,0.019915365331452328,0.4305999999996146,1,optimal,254.4993856467449,0,0,0.8402098720310028,0.21118136370413157,361,-0.7775254865616312,1.4249225553960043,0.22094939445953415,running
MPC,43.01000000000001,63.51624081627153,84.9269741666673,7.999957120885656,-2.393638593355943,0.004128790432797073,-0.01046762968765346,8.0,0.09930934416287224,0.01746285691081617,0.5025999999990205,2,optimal,255.29917718323605,0,0,0.8400478882865832,0.2042949974470569,705,0.7208989805375348,1.4475191635282931,0.2197779812188762,running
MPC,43.10999999999999,62.929787503866116,84.38285371517166,7.9999736568522355,-2.393905609986533,0.004480064820225759,-0.013928176561414415,8.0,0.10174573102758241,0.019141056865941142,0.4933000000004739,2,optimal,256.0989687060892,0,0,0.8327935108239293,0.2036399437698101,717,0.7731696014828544,1.387889139567371,0.22193355627601147,running
MPC,43.20999999999997,62.34183346672332,83.8403575807083,7.999983815863626,-2.4120650126920924,0.00534756041685815,-0.018710425650497117,8.0,0.10625208286913254,0.004984870509604278,0.47870000000038715,2,optimal,256.89876012291415,0,0,0.8077985462321471,0.2031941755009758,711,0.7470342910101948,1.417697939923137,0.22502164647011186,running
MPC,43.30999999999995,61.74589933856689,83.3066496732911,7.999990057138481,-2.4476788629135457,0.004464548557159356,-0.01329307996919201,8.0,0.10845712814649656,0.027434078715886656,0.5050000000004218,2,optimal,257.69855158536967,0,0,0.8311107800744235,0.20754567610551986,710,0.742678405931418,1.4472418410009589,0.2241197071405647,running
MPC,43.40999999999993,61.14105085641471,82.78306112775063,7.999990184813509,-2.450957382021243,3.31071794754486e-06,0.004684726428095011,7.999990388210276,0.10618924959369175,0.028701020993401993,0.2902999999996325,1,optimal,258.4983431084046,0,0,0.8342435154266354,0.20133181613977966,729,0.8254402224281745,1.303326983728812,0.21092842571338707,running
MPC,43.50999999999991,60.53064175955802,82.2659570271289,7.999990861006527,-2.447765267898101,1.7534238212920918e-05,0.007600226352378729,7.99999193823733,0.1020620180823675,0.0246804478730156,0.3051999999996724,1,optimal,259.2981346662725,0,0,0.8404742029477954,0.2138351177362569,707,0.729610750695088,1.496679779878556,0.22148173646210823,running
MPC,43.60999999999989,59.91804174424792,81.75144838601739,7.99998771798976,-2.445464607482598,-3.5767995679870934e-05,0.00890639775191429,7.999987284206959,0.09909143893143915,0.022590366894360336,0.2957999999999572,1,optimal,260.0979262298814,0,0,0.8075279277554657,0.2037385564244939,376,-0.7121872103799816,1.4518489759573845,0.21811666573475305,running
MPC,43.70999999999987,59.304843884652314,81.23765192543254,7.9999924544427845,-2.444507427239954,0.0003718961787218933,0.010846961419474648,8.0,0.09874667814634136,0.02202508100261369,0.6043000000008902,2,optimal,260.89771779364963,0,0,0.8431736697028628,0.202270724183175,371,-0.7339666357738648,1.4238739088853354,0.22234991952811328,running
MPC,43.80999999999985,58.691567997860545,80.72394800564577,7.999995364322894,-2.444231932351135,0.000306580091404936,0.014176415114627713,8.0,0.10146093612899003,0.022101301877885948,0.48939999999930706,2,optimal,261.69750935693503,0,0,0.8334213531478809,0.20223412427698909,346,-0.8428637627432809,1.2840358622998929,0.20762130414308752,running
MPC,43.90999999999983,58.08018095073506,80.20800348663069,7.999997152032432,-2.4212850536491293,0.00033970245665289274,0.017994840133076423,8.0,0.10597565653047492,0.000527146144179369,0.4775000000005747,2,optimal,262.49730091995286,0,0,0.8386345194626215,0.20671756712355413,333,-0.8994902687673771,1.2265952496348833,0.19795406078248537,running
MPC,44.00999999999981,57.47693755370709,79.68256953579746,7.999998250326957,-2.3892313421596683,0.00021328019804763148,0.00855030628674843,8.0,0.10681938218364284,0.032295482422182165,0.5117000000005589,2,optimal,263.29709248301015,0,0,0.7815996101456869,0.20423150110794283,335,-0.8907784986098239,1.2267181723757594,0.19934114321212795,running
MPC,44.10999999999979,56.882453586688044,79.14724029086673,7.999991116565775,-2.3873958151857635,-8.118325737948787e-05,-0.009352754435427114,7.999990132001219,0.10308639306053759,0.03387876822252611,0.2811000000004782,1,optimal,264.0968840462861,0,0,0.8352089811648171,0.20668964028890538,359,-0.7862372567191844,1.387250825611056,0.21901940157552577,running
MPC,44.20999999999977,56.29329764582481,78.60604522552403,7.9999945423867995,-2.390633703440502,0.0037568899177948542,-0.01227963429365858,8.0,0.09906734679786691,0.030421740175087475,0.47819999999987317,2,optimal,264.8966756098528,0,0,0.834055580326924,0.21016545018041577,710,0.742678405931418,1.4626820000316074,0.2241197071405647,running
MPC,44.309999999999754,55.706200138147,78.06261572294335,7.999996647069017,-2.3927793798769414,0.004126059836698944,-0.01423457259675733,8.0,0.09850073847476036,0.028090342142840896,0.6447000000004977,2,optimal,265.6964671736974,0,0,0.8411872913272846,0.1929796883870082,726,0.8123725671918445,1.2753387152155606,0.2135218524542555,running
MPC,44.409999999999734,55.118203716392316,77.52016249177069,7.999997940098399,-2.4117782497039624,0.0047049575450474265,-0.01744629097998484,8.0,0.10187714537176623,0.00893862395110867,0.46659999999931756,2,optimal,266.4962587376142,0,0,0.7943085271586077,0.20364571396758427,704,0.7165430954587584,1.4474639390912771,0.21894209497805303,running
MPC,44.509999999999714,54.52232464658305,76.98639142449304,7.999998734481971,-2.447651502673824,0.0039036512907000033,-0.010955965283622136,8.0,0.10400347955464925,0.027054136738704937,0.4615000000001146,2,optimal,267.29605030151424,0,0,0.8409617161696739,0.2042671386236565,367,-0.7513901760889712,1.4200651443511383,0.22593517874601313,running
MPC,44.609999999999694,53.91751404433146,76.46276001167459,7.999977725740788,-2.450978029870821,-0.00023908258199143367,0.008138491848741146,7.999974826223772,0.10200276473892007,0.03046710960615462,0.39060000000112893,1,optimal,268.09584186545436,0,0,0.8341228540764694,0.21366704840453618,373,-0.7252548656163114,1.4997726348167497,0.22062447658991918,running
MPC,44.709999999999674,53.30712102145637,75.94563932010199,7.999974054293978,-2.4477814113860528,-4.178160771830543e-05,0.011659741417806133,7.999973547580016,0.09883024887636244,0.027323634282259146,0.3133000000001829,1,optimal,268.8956334294406,0,0,0.8385280546305871,0.21034468197967437,724,0.8036607970342913,1.383265379944329,0.2153071491827237,running
MPC,44.809999999999654,52.69452566029646,75.43112658987089,7.999984060035334,-2.445471863910458,0.0002805283768363519,0.012514682310893593,8.0,0.09790520217927737,0.02503420078641172,0.5766999999998745,2,optimal,269.6954249934516,0,0,0.837693379812508,0.20534538484480114,344,-0.8515755329008341,1.2882761470305122,0.20602954162158948,running
MPC,44.909999999999634,52.08132830516176,74.91732997833654,7.999990207147442,-2.4445100013635805,0.0002559418118176309,0.01504126930694166,8.0,0.10050174364626424,0.02405928759403908,0.5219000000007412,2,optimal,270.495216557465,0,0,0.8347159154977004,0.19568508275381702,354,-0.8080166821130677,1.2960497341740447,0.2144087504700342,running
MPC,45.009999999999614,51.469911518181185,74.40142129232385,7.99999398367793,-2.421328081352242,0.00023891245677833196,0.018560040730038894,8.0,0.10535153837224279,0.0008295986715904924,0.5831999999994508,2,optimal,271.2950081214756,0,0,0.7821649788011668,0.1989593817256646,361,-0.7775254865616312,1.3552578339498504,0.22094939445953415,running
MPC,45.109999999999594,50.86664000975349,73.87602005419636,7.999996303821483,-2.3892220985308694,6.75518055136061e-05,0.009048929452526118,8.0,0.1065824249890601,0.031356764650753544,0.4818000000010869,2,optimal,272.0947996854506,0,0,0.8247472763667894,0.20944214762772873,362,-0.7731696014828544,1.4211156132255103,0.22193355627601147,running
MPC,45.209999999999575,50.27214317823704,73.34070601320597,7.999983173718277,-2.387385136872936,-0.00014942251650324888,-0.008810534588508183,7.999981361569833,0.10294081622991284,0.03330744338909408,0.2961999999993026,1,optimal,272.89459124934285,0,0,0.8346900673104307,0.20290825064144064,720,0.7862372567191844,1.3658777375239646,0.21901940157552577,running
MPC,45.309999999999555,49.68298362059664,72.79951652930802,7.999981230700011,-2.3906287377490365,-2.2111835242116795e-05,-0.012399053034809735,7.999980962534753,0.09866275411989517,0.0302086128504353,0.2785000000002924,1,optimal,273.6943828131234,0,0,0.8313745503901706,0.20978972151204062,354,-0.8080166821130677,1.3740123973797471,0.2144087504700342,running
MPC,45.409999999999535,49.09588582893723,72.25608888564518,7.999988468921278,-2.3927780266541983,0.004092035090330778,-0.013941365715885291,8.0,0.0976652231973148,0.028202686776160224,0.464599999999038,2,optimal,274.49417437689806,0,0,0.8379872924791829,0.20755020141663316,747,0.9038461538461537,1.224383032336414,0.1972733218794039,running
MPC,45.509999999999515,48.507889691349405,71.71363630095914,7.999992915783935,-2.4117782903676255,0.004486008218275701,-0.017252314199149032,8.0,0.10072708363884816,0.009321877694203007,0.456800000000257,2,optimal,275.2939659407789,0,0,0.839090348180555,0.20214774968681257,717,0.7731696014828544,1.3793500071544869,0.22193355627601147,running
MPC,45.609999999999495,47.9120108173995,71.17986561130735,7.999995647751745,-2.4476518216568217,0.0037035073090512624,-0.010910105058511569,8.0,0.1028699049038996,0.026456305649564804,0.46369999999917866,2,optimal,276.09375750474834,0,0,0.8448786686336562,0.20195107392737172,712,0.7513901760889712,1.406524866996059,0.22593517874601313,running
MPC,45.709999999999475,47.30720066002971,70.65623486594092,7.999967626032413,-2.450978578173661,-0.0003188913105631859,0.008034309526768655,7.999963758620688,0.10108241015700592,0.02971188839712413,0.3517000000012871,1,optimal,276.89354906874235,0,0,0.8475600745517108,0.2123889308024193,710,0.742678405931418,1.4757862864410412,0.2241197071405647,running
MPC,45.809999999999455,46.69680818566934,70.1391150643414,7.999964199722074,-2.4477820211973293,-3.8991918439228567e-05,0.011374555660035396,7.999963726840569,0.09810334874469259,0.026468275090444582,0.32549999999886836,1,optimal,277.6933406327406,0,0,0.8348964876163528,0.20217677013096128,359,-0.7862372567191844,1.3617392379712592,0.21901940157552577,running
MPC,45.909999999999435,46.08421339224064,69.62460333872303,7.999972439271212,-2.445472462805913,0.00021365825091062348,0.012098791751249855,7.999985565547165,0.09718880036726482,0.02413593317779128,0.5012000000004235,2,optimal,278.4931321967508,0,0,0.8290357085135724,0.20144510509233388,369,-0.742678405931418,1.4112866347344337,0.2241197071405647,running
MPC,46.009999999999415,45.47101655992752,69.11080773972195,7.999980642546741,-2.444510583699484,0.00021271764654353306,0.01449693957751454,7.9999937110358665,0.09955696613680982,0.02317520503320436,0.4823999999992168,2,optimal,279.292923760765,0,0,0.8414656145191934,0.20946390450190552,360,-0.7818813716404078,1.4090404942920176,0.21997807798827249,running
MPC,46.109999999999395,44.859600059077124,68.59489988884988,7.9999881075843255,-2.4213287029377843,0.0002653291915486759,0.01791493611541168,8.0,0.10402187904664181,1.8792907442222173e-05,0.5298000000006908,2,optimal,280.09271532477254,0,0,0.814397937657793,0.19287056116592133,347,-0.8385078776645043,1.240014588048221,0.2084324073070941,running
MPC,46.209999999999376,44.25632881930161,68.06949950436325,7.9999873473079175,-2.3892226892076835,-8.652057976907388e-06,0.008329928870189927,7.999987242378528,0.1049736009513604,0.032038146875441154,0.514400000000137,2,optimal,280.89250688877434,0,0,0.7755120155584818,0.20364573745592746,367,-0.7513901760889712,1.416431017769005,0.22593517874601313,running
MPC,46.309999999999356,43.661832635305615,67.53418665057585,7.999968480753703,-2.387385509547996,-0.0002147041774427825,-0.009663544024991174,7.999965876890173,0.10136816408412937,0.03381079559797984,0.4322000000005488,1,optimal,281.69229845278215,0,0,0.8377958941531279,0.2111605555000989,738,0.8646431881371641,1.2999104455930637,0.2037158366078793,running
MPC,46.409999999999336,43.072673324214236,66.99299790971097,7.999980635883568,-2.3906292140625602,0.003779803933929795,-0.012608744350503286,8.0,0.09751669815689211,0.030493306746375737,0.5661999999997391,2,optimal,282.4920900167625,0,0,0.8428494892029369,0.2052766299703774,722,0.7949490268767376,1.3672111689219624,0.21713917065507293,running
MPC,46.509999999999316,42.485575308330546,66.4495705776134,7.999988103490748,-2.392778586539501,0.004113395043360266,-0.014613447045058335,8.0,0.0972219338360133,0.028260006968196638,0.521300000000835,2,optimal,283.2918815807084,0,0,0.8582060332870367,0.20747094705984573,704,0.7165430954587584,1.4705376989036203,0.21894209497805303,running
MPC,46.609999999999296,41.89758031811585,65.90711963865809,7.999962698026218,-2.4117790219683584,-0.00028911794396600294,-0.017876421713019737,7.999959191696351,0.10095148071477034,0.00916527768913511,0.5692000000010466,2,optimal,284.0916731446234,0,0,0.8371513466409731,0.20819648678962116,719,0.781881371640408,1.4018480663518396,0.21997807798827246,running
MPC,46.709999999999276,41.30170286928721,65.37335094387615,7.999977083215867,-2.4476523257140235,0.003982941697500388,-0.011422793492805325,8.0,0.10328171776034842,0.026812195346398227,0.547499999999701,2,optimal,284.89146470852313,0,0,0.8297982246766268,0.21162722613814716,379,-0.6991195551436515,1.5115468221092956,0.2157016455530536,running
MPC,46.809999999999256,40.69689255237772,64.84972065685028,7.999974379652239,-2.4509780668396104,-3.076695396598023e-05,0.007594401481240088,7.999974006520471,0.101225367363239,0.030252422916313915,0.32820000000022276,1,optimal,285.69125627243176,0,0,0.8346139482712014,0.20948649820265466,751,0.9212696941612606,1.208225589472621,0.19463310273330892,running
MPC,46.909999999999236,40.08649895628589,64.33259995764111,7.999984259921941,-2.447781066935439,0.0005461623810697839,0.010669226362818173,8.0,0.09776888965554122,0.027180070487961228,0.5115999999993903,2,optimal,286.4910478363829,0,0,0.8387466076476919,0.20525594196886343,724,0.8036607970342913,1.355009205392859,0.2153071491827237,running
MPC,47.009999999999216,39.47390293469661,63.81808675730584,7.999990329949476,-2.4454715223150414,0.0009944189103850748,0.012023573225181012,8.0,0.0964492468817858,0.025005209529660455,0.49260000000117543,2,optimal,287.2908394002979,0,0,0.8474681587760383,0.20340658676495063,374,-0.7208989805375348,1.4421883870254542,0.2197779812188762,running
MPC,47.1099999999992,38.86072699445094,63.30430803186158,7.9995645591618985,-2.4445102876978178,-0.004845334536764528,0.01444971670181131,7.9995057964958,0.09871126226306204,0.024161956757298597,0.5507999999991853,2,optimal,288.0906309642033,0,0,0.8354335942534832,0.19811315935373092,366,-0.755746061167748,1.3794323158709196,0.22600293112750477,running
MPC,47.20999999999918,38.249335874321744,62.788421184065704,7.99973248322601,-2.4213307296951707,0.004354408381013221,0.01750114368565109,8.0,0.1033916096321936,0.0009997114520192696,0.5009999999998627,2,optimal,288.8904225282091,0,0,0.8383998210186983,0.20030960767664424,357,-0.7949490268767376,1.3393265297774561,0.21713917065507293,running
MPC,47.30999999999916,37.64607927305548,62.26303434966428,7.999835648799782,-2.3892304598039127,0.0026751677399035737,0.0076583200517325424,8.0,0.10465042115316368,0.03119896214507145,0.6006999999996765,2,optimal,289.6902140920757,0,0,0.8274054511609537,0.2111747452488079,704,0.7165430954587584,1.4928418290310979,0.21894209497805303,running
MPC,47.40999999999914,37.05219135204897,61.72824447426865,7.987937394872791,-2.3870379810788784,-0.13540388951414775,-0.009329746650958688,7.986295259848367,0.10190425557472511,0.03360580607960184,0.7327000000003636,2,optimal,290.4900056556304,0,0,0.8549863998207727,0.2001263866791665,345,-0.8472196478220575,1.2667791022435695,0.20682039817249398,running
MPC,47.50999999999912,36.4658110263817,61.18935913630292,7.95168388123929,-2.389610044924,-0.4125703472670274,-0.012657735277175414,7.946680360146088,0.10031692850774124,0.031276098166751254,0.4888999999987931,2,optimal,291.0898493283388,0,0,0.8358246024786611,0.20928437215194612,722,0.7949490268767376,1.387901382045111,0.21713917065507293,running
MPC,47.6099999999991,35.88759854584908,60.65343943011863,7.849149588795395,-2.3910130000879395,-1.1668554134644247,-0.015500056427142493,7.834998339892847,0.08803850594727221,0.030292252427722488,0.4773000000000138,2,optimal,291.889640891747,0,0,0.836422244029371,0.19695278184068873,722,0.7949490268767376,1.3139165128709587,0.21713917065507293,running
MPC,47.70999999999908,35.31812552010436,60.126973520531564,7.7076627131542566,-2.4103857420027426,-1.6101415715758711,-0.018805408377923497,7.688135431637808,0.0691199512483828,0.01145454344036878,0.4865999999985604,2,optimal,292.6894324536949,0,0,0.8371070000158999,0.2118450763544188,697,0.6860518999073215,1.4999750855708758,0.21337555590733343,running
MPC,47.80999999999906,34.754405701400685,59.62181591341834,7.499130104218845,-2.4531362021439373,-2.373131932941297,-0.011540524115422002,7.470349519860127,0.041809494053073555,0.03064449074639697,0.5033999999994876,2,optimal,293.4892240131543,0,0,0.8120082629944035,0.21731529712366313,346,-0.8428637627432809,1.322040402941103,0.20762130414308752,running
MPC,47.90999999999904,34.19905899320281,59.14481284251687,7.2300736523950455,-2.4689200892280403,-3.0619022168600085,0.012456242137247548,7.192939882532844,0.05614801355133263,0.04566059396138433,0.642799999997834,3,optimal,294.2890155700849,0,0,0.832043799149165,0.21555024458052743,369,-0.742678405931418,1.4148857333644418,0.2241197071405647,running
MPC,48.00999999999902,33.659828034049106,58.6952339822456,6.913810725609004,-2.4532117613391975,-3.5991188840585053,0.028131637284803616,6.870161763989195,0.056207773438774256,0.029673934989353334,0.6536999999990911,3,optimal,294.88885924122445,0,0,0.8409884729603013,0.23149446653842573,366,-0.755746061167748,1.4440710079418249,0.22600293112750477,running
MPC,48.109999999999,33.151210070082506,58.263467684931406,6.548443514324331,-2.3930700650105905,-4.157932904478826,0.02988696149083524,6.498017435161121,0.07826502729396094,0.028672289868132417,0.6150999999992024,3,optimal,295.68865078573447,0,0,0.8482632463018709,0.25000134077956315,731,0.8341519925857277,1.3704450826759207,0.20925385860619153,running
MPC,48.20999999999898,32.68503009710138,57.84095946074873,6.161107139666108,-2.3387832049344297,-4.40794523304431,0.00543300848009253,6.1076489910199,0.050722101861134745,0.07986864315588527,0.7951000000012698,3,optimal,296.28849436637444,0,0,0.8344806967345557,0.2282580889599516,716,0.768813716404078,1.2972507410155143,0.22293077345441878,running
MPC,48.30999999999896,32.26236426494402,57.43070223985733,5.75242885845383,-2.332276811444672,-4.650819286228783,-0.02363930283487075,5.69602521104323,0.0725562775717005,0.08148543693130028,0.7042999999988808,3,optimal,296.88833796778596,0,0,0.8459962051342418,0.2492016325041676,722,0.7949490268767376,1.2923828255184162,0.21713917065507293,running
MPC,48.40999999999894,31.873059002033322,57.045668296723065,5.334271590551724,-2.3744927820152086,-4.758691556759497,-0.02964621732960014,5.27655970277788,0.11036392303336648,0.035215923624753565,0.7209999999986394,3,optimal,297.28823358876423,0,0,0.83803339016967,0.26075848929662554,735,0.8515755329008341,1.1942240132822324,0.20602954162158948,running
MPC,48.50999999999892,31.507396180600317,56.696744717004584,4.911651001195623,-2.415023048091025,-4.809484815058681,-0.010620281332995756,4.853323109045856,0.08118472531191899,0.013856574376041042,0.5980999999994907,2,optimal,297.88807692954305,0,0,0.8010288862334729,0.3102618911292946,764,0.9778962001853571,1.1116730141103695,0.18689928394871488,running
MPC,48.6099999999989,31.166276460064495,56.38201462970219,4.503446215665459,-2.404954806397786,-4.645430835333403,0.030680831238348666,4.447107917662283,0.09846580142082853,0.029865416805504363,0.49500000000080036,2,optimal,298.287968583192,0,0,0.7705065822586536,0.3091674913323455,367,-0.7513901760889712,1.3355813998407475,0.22593517874601313,running
MPC,48.70999999999888,30.85833965411325,56.089628745436414,4.115651917820024,-2.346367601892206,-4.4131564666444385,0.06787402130622824,4.062130569001015,0.10317442557591047,0.07716818462346842,0.5006000000005173,2,optimal,298.6877155661023,0,0,0.8354322373735452,0.3079358995380449,404,-0.5902224281742354,1.3508743350494825,0.19872007704051406,running
MPC,48.80999999999886,30.596472203115457,55.80424769608952,3.7525008493662644,-2.225265572417147,-4.1327128712818775,0.12667924843141035,3.7023806306918363,0.08046994723545928,0.14984138978781347,0.6403999999982091,3,optimal,299.08687194045837,0,0,0.8409737428873955,0.29985293319281586,439,-0.43776645041705287,1.3000063133773787,0.18228978800218867,running
MPC,48.90999999999884,30.3978929737326,55.50981392790076,3.4588330781532415,-2.0192311093631483,-3.341982671674982,0.24440158013965463,3.4183025821987663,0.09841510190246507,0.1574830586589786,0.6604000000010046,3,optimal,299.48566013780476,0,0,0.7832960067601292,0.29193871961030504,382,-0.6860518999073215,1.0610223149506819,0.21337555590733343,running
MPC,49.00999999999882,30.28769642161226,55.1964152480643,3.271367084452948,-1.723738762228347,-2.1333907356835975,0.31540082571462236,3.2454940045848817,0.15870202136148592,0.047850768560262935,0.6595000000011453,3,optimal,299.88466782420323,0,0,0.6781103004063558,0.3486804874615546,351,-0.8210843373493977,1.0336028351119992,0.21178185999974475,running
MPC,49.1099999999988,30.275633473377372,54.87422220038587,3.2158770549009987,-1.4473645665474493,-0.6314847436180749,0.24384717071013676,3.2082186100911403,0.1356324641554714,0.15163456504219974,0.6237000000002269,2,optimal,300.08408265137814,0,0,0.6851988168956497,0.46553871884143316,378,-0.7034754402224281,1.3778946792620792,0.216496585417684,running
MPC,49.20999999999878,30.341362239021535,54.55971097372077,3.219430214850992,-1.2579534483039572,0.09213634476487373,0.054939513169766835,3.225090689377486,0.09402782270495842,0.23622566843414994,0.5094999999997185,2,optimal,300.4838105481891,0,0,0.7606661369282176,0.4840439222809528,683,0.6250695088044487,1.4658980596310602,0.20359530110414154,running
MPC,49.30999999999876,30.441496655958442,54.25060548763672,3.2749780543824394,-1.2342337537202486,1.4404009293257034,-0.12688254386058134,3.3634703077835626,0.058016802104073006,0.2320485545515365,0.6535999999996989,3,optimal,300.6837584391928,0,0,0.8369617472773686,0.4288087035254775,710,0.742678405931418,1.2410932022588101,0.2241197071405647,running
MPC,49.40999999999874,30.527685699615965,53.93095562262924,3.344303382925156,-1.3631087066369494,1.7976624923856466,-0.188580186554371,3.454744303621004,0.045100899417172984,0.07451011606661506,0.6075999999985982,3,optimal,301.0836285149406,0,0,0.8187312168621548,0.47522493512537695,706,0.7252548656163116,1.3852893977765783,0.2206244765899192,running
MPC,49.50999999999872,30.575180345344585,53.5943928917743,3.4485868222170653,-1.4958533698236138,2.7041549074884985,-0.10266913188715852,3.614718873674006,0.08531823913538653,0.06166417481210429,0.7055000000004696,3,optimal,301.4835226280468,0,0,0.8563237806463284,0.49653401973695227,713,0.755746061167748,1.4344924909404426,0.22600293112750477,running
MPC,49.6099999999987,30.594156850448908,53.24270403810902,3.5853269344752188,-1.5520659856176877,3.5457829941566,0.012647102242551212,3.803165121632725,0.07891521234382555,0.11423886441410325,0.47909999999795616,2,optimal,301.68347027667267,0,0,0.79798263073219,0.4592054632155409,386,-0.6686283595922151,1.4530216588441804,0.2104061992652272,running
MPC,49.70999999999868,30.60791319959682,52.87743365458297,3.715026270539321,-1.5237683958591797,3.363209906550826,0.0767328682677126,3.9216479251303014,0.0447750309367972,0.0716426977896365,0.6576999999996502,3,optimal,302.0833655986487,0,0,0.8583310348419756,0.43465976066196504,362,-0.7731696014828544,1.33727946622257,0.22193355627601147,running
MPC,49.80999999999866,30.63449168249008,52.49927284667076,3.8559322716545723,-1.4758342370650475,3.653807900828888,0.04439035399548391,4.08040706062221,0.03732743474681439,0.005219891496546225,0.4613000000013301,2,optimal,302.48325863681055,0,0,0.847181166863998,0.45630563420824877,723,0.7993049119555145,1.3981106546704856,0.21621722807816315,running
MPC,49.90999999999864,30.670886916878107,52.107245835015604,4.00629974814327,-1.4744203291358096,3.8991516988174695,-0.026728543879405056,4.245847441536319,0.033035866877325314,0.01914141578905948,0.4587999999987602,2,optimal,302.8831478245462,0,0,0.7813080816064789,0.424215476724746,708,0.7339666357738648,1.4369295758470524,0.22234991952811328,running
MPC,50.00999999999862,30.701500240152786,51.69956525757637,4.158565954903588,-1.5231560071537311,3.9483873283369557,-0.07057587938153553,4.401138480976966,0.034964624998331806,0.002062383520454958,0.6324999999982595,3,optimal,303.28303142994685,0,0,0.8657589866524409,0.41238140493878744,713,0.755746061167748,1.428352464205616,0.22600293112750477,running
MPC,50.1099999999986,30.71307238478761,51.27603098703274,4.304667029699887,-1.5884289134627156,3.7885204120843756,-0.07176501723061313,4.537417996112025,0.05626380577974798,0.035071747218582416,0.6281000000019077,3,optimal,303.6829076774053,0,0,0.8609305338456864,0.39896814572082134,350,-0.8254402224281743,1.336209658541785,0.21092842571338713,running
MPC,50.20999999999858,30.699238011920613,50.83864903915574,4.438054278739805,-1.6546112086692082,3.458840507532726,-0.059833626242808774,4.65055108045316,0.09613561620364904,0.06411596958398924,0.49809999999972376,2,optimal,304.08277499654474,0,0,0.8605245383779644,0.38345735499279254,320,-0.9561167747914736,1.1416562687389469,0.18972816833627504,running
MPC,50.30999999999856,30.659151682684804,50.39037398409827,4.554766926123888,-1.70455951767177,3.0264544431277405,-0.04582301898576179,4.740699723052579,0.07939968808534818,0.049984266852384884,0.546100000001104,2,optimal,304.68253236596274,0,0,0.7831966142245071,0.34909578069127506,363,-0.7688137164040778,1.3364727533823564,0.22293077345441883,running
MPC,50.40999999999854,30.598300016156585,49.93446762043894,4.638134211174539,-1.7388124410678385,2.161781914026321,-0.0349989089244907,4.770945117526519,0.06625414952576324,0.03531062378365224,0.5136999999990621,2,optimal,305.082373990266,0,0,0.8463560289822794,0.34332275864978423,357,-0.7949490268767376,1.3122699775525295,0.21713917065507293,running
MPC,50.50999999999852,30.519512408662756,49.47524939420452,4.677758405833026,-1.7747718771584093,1.0274877887474756,-0.02333135566123402,4.740882990049287,0.10147665887460068,0.021080548519354814,0.47819999999987317,2,optimal,305.48222080893044,0,0,0.7827260906043189,0.349206690783621,336,-0.8864226135310473,1.2239818810088987,0.20004771979496722,running
MPC,50.6099999999985,30.425541531583434,49.016798488341124,4.68179004490206,-1.7974300964163623,0.1045436998221344,-0.01367739644171025,4.688212775815239,0.08100107602795002,0.031017375490381305,0.5233999999987304,2,optimal,306.0820260219297,0,0,0.789689111372748,0.36139918136150406,711,0.7470342910101948,1.4653815755371415,0.22502164647011186,running
MPC,50.70999999999848,30.322658980982645,48.56187341277648,4.65529465985904,-1.8132556170219924,-0.30152140062009664,-0.03629414754135487,4.651637904840051,0.038002479106640716,0.06331811340529425,0.5720999999994092,2,optimal,306.48189573876823,0,0,0.8457459023814935,0.344089682774818,700,0.6991195551436515,1.4487417429478926,0.2157016455530536,running
MPC,50.80999999999846,30.205936692531672,48.11500954008186,4.600500773389291,-1.8709029388005227,-0.6235625323787951,-0.05889193982075763,4.59293840662116,0.07666006387328998,0.05302154158520089,0.6374000000004543,2,optimal,306.88177659190615,0,0,0.8083166184328283,0.31153331050652605,715,0.7644578313253012,1.2706915875095917,0.2239412608755995,running
MPC,50.90999999999844,30.065170551956548,47.681119009171105,4.542983864294552,-1.9503483659800063,-0.6545509326029807,-0.06238797877165326,4.5350456801289925,0.07911916349785153,0.04416826519816075,0.49970000000065795,2,optimal,307.4816045142608,0,0,0.8340552436228292,0.32019674602391945,727,0.8167284522706209,1.2211208763220922,0.2126462795560751,running
MPC,51.00999999999842,29.89209394091453,47.259929487633244,4.565420645861479,-2.040503436016179,0.5818041042223462,-0.1036720406709357,4.601164274716787,0.06344893345055645,0.00018528836803222148,0.4799000000001996,2,optimal,307.88147444212933,0,0,0.845633888205758,0.32377359922256405,722,0.7949490268767376,1.2472403198869522,0.21713917065507293,running
MPC,51.1099999999984,29.678287097349493,46.854175499549164,4.607841138553036,-2.149965641025548,1.0999980847280428,-0.08890569090089345,4.675420454334284,0.07548142313134798,0.06423771131322198,0.6220999999992927,3,optimal,308.28133667020444,0,0,0.7914064494712093,0.3479794554878895,714,0.7601019462465248,1.3763807580816922,0.22496523842325897,running
MPC,51.20999999999838,29.422489649362003,46.46791220585876,4.657218856746596,-2.244870916357672,1.2804046345262827,-0.050195588384109216,4.735881602005665,0.10935711619617809,0.1138613733760172,0.4761999999995936,2,optimal,308.6811930987566,0,0,0.8317917691473496,0.35477081805735294,711,0.7470342910101948,1.4244330189947902,0.22502164647011186,running
MPC,51.30999999999836,29.134737199100424,46.09851316995952,4.705007149705687,-2.284550706183179,1.2391895376992341,-0.01530830103235746,4.781137810516519,0.03852718460932277,0.08483986993274995,0.4742999999987063,2,optimal,309.2809418957628,0,0,0.8437297121029247,0.34092920689960493,357,-0.7949490268767376,1.3290964433997723,0.21713917065507293,running
MPC,51.40999999999834,28.82966938404426,45.73614081071528,4.764394185734318,-2.2973650944012887,1.539954435799614,-0.04236385872664319,4.859002593285648,0.03843942315381193,0.04940898649084202,0.713699999998596,3,optimal,309.68078237120494,0,0,0.8439991095382784,0.359702831559888,729,0.8254402224281745,1.358773841485256,0.21092842571338707,running
MPC,51.50999999999832,28.510402828164306,45.38009111702873,4.797897290892191,-2.333067219442345,0.8687629296073394,-0.04774838483241774,4.851270478695052,0.0842784289790321,0.007143009770940623,0.6157999999985009,3,optimal,310.28056686348896,0,0,0.8375056875058045,0.3491861448250253,695,0.6773401297497683,1.5082673101875546,0.21187243445594103,running
MPC,51.6099999999983,28.176292144418774,45.03580643948622,4.798185503688782,-2.3911009413533657,0.007473593636680402,-0.052623382818555525,4.798644650255859,0.013252391538743538,0.012421733316578809,0.6200999999990131,3,optimal,310.68040455753544,0,0,0.8416776151718496,0.3456355510960877,714,0.7601019462465248,1.4268616247108354,0.22496523842325897,running
MPC,51.70999999999828,27.82795833590339,44.714346346547416,4.711146277691291,-2.454373961523754,-0.9905192654886821,-0.031926984251722274,4.699133577139914,0.07304660272925828,0.026536070683448543,0.657099999999744,3,optimal,311.08025838847584,0,0,0.8566775891031995,0.3413804998379539,716,0.768813716404078,1.4002253119591468,0.22293077345441878,running
MPC,51.80999999999826,27.473728003243952,44.41783635094488,4.573156959273573,-2.484027503109213,-1.5703388530631044,-0.000691955499317526,4.5541123923849804,0.06507343257316392,0.006681392135270414,0.4524000000003525,2,optimal,311.6800784594098,0,0,0.8324891125547432,0.35548354022288453,724,0.8036607970342913,1.3777004085723976,0.2153071491827237,running
MPC,51.90999999999824,27.124016821069958,44.137140338378636,4.4389679877545785,-2.467190432457847,-1.5270903432609284,0.02451518209272996,4.42044792494748,0.02513134492637793,0.054625526821435066,0.6792999999998273,3,optimal,312.07997012580887,0,0,0.8393670126409335,0.3426748435253554,701,0.7034754402224284,1.4115693602714512,0.21649658541768402,running
MPC,52.00999999999822,26.789184889755607,43.8642702419074,4.2584118890612,-2.446149882276097,-2.0547551084888895,0.00650018301294577,4.233492476905689,0.049180746723983156,0.07987928843591297,0.5199000000004617,2,optimal,312.4798656921733,0,0,0.7996387341206188,0.35305956912496783,717,0.7731696014828544,1.3435939336097316,0.22193355627601147,running
MPC,52.1099999999982,26.472767299581335,43.60216582002377,4.0324435074132845,-2.444022137683706,-2.571553605267687,-0.012382521851292532,4.001256528534432,0.07462126247128165,0.04074772174081698,0.49970000000065795,2,optimal,312.8797517849036,0,0,0.7657293890590918,0.3832165101252654,377,-0.7078313253012047,1.4571715028231245,0.21730154451353453,running
MPC,52.20999999999818,26.17650459596176,43.35464702233617,3.772860493957092,-2.443633090239636,-2.9540930870568007,0.00459250062598732,3.7370341987076046,0.06854712234812797,0.05454719361836302,0.6434999999989088,3,optimal,313.27958589653133,0,0,0.7708413064473811,0.36398693463163817,381,-0.6904077849860983,1.3457617317896158,0.21414126651260781,running
MPC,52.30999999999816,25.903904093548636,43.12052066988282,3.5022183383806937,-2.410828529715853,-3.0799477600999308,0.06428319704779145,3.464865717947099,0.02869153294716414,0.18257807954332828,0.8047999999991617,3,optimal,313.6792001174963,0,0,0.7817091227616149,0.34310849267408766,414,-0.546663577386469,1.2991105950151396,0.19326585456320453,running
MPC,52.40999999999814,25.664057260273516,42.88341562757296,3.3101964984250745,-2.2891110258531953,-2.1852369399069067,0.23806564686651824,3.2836946443900032,0.09702446395932017,0.2547981452500365,0.44849999999918566,2,optimal,314.07837644443686,0,0,0.8008973684367884,0.32935503600984556,406,-0.5815106580166822,1.1614558335132983,0.19757457900687891,running
MPC,52.50999999999812,25.479315912294695,42.61686424242334,3.2215243249773646,-2.0422714095012378,-1.0091024489951363,0.3430213669427298,3.2092862535255606,0.10089575487076032,0.08516456459572241,0.6464000000008241,3,optimal,314.27773531513213,0,0,0.7291386894300064,0.362245490861676,367,-0.7513901760889712,1.1021689335721778,0.22593517874601313,running
MPC,52.6099999999981,25.3737548678449,42.31497377054613,3.1993807926263993,-1.7646990179904858,-0.2519966733187045,0.25870452515351644,3.1963246576454942,0.12213248584595807,0.06664700356046271,0.6524000000016628,3,optimal,314.67736251565367,0,0,0.7307557326096056,0.45763098462138646,346,-0.8428637627432809,1.1884934073115392,0.20762130414308752,running
MPC,52.70999999999808,25.339200604585006,41.99489855863838,3.244350019194943,-1.5786291130371186,1.1660888395797597,0.07948535030443797,3.3159896765843753,0.0785797967616678,0.21060798213833376,0.536000000000314,2,optimal,314.8773104066574,0,0,0.7901265869851237,0.4788566605328438,713,0.755746061167748,1.3409639686017312,0.22600293112750477,running
MPC,52.80999999999806,25.337386734012615,41.66721343499686,3.3050047484247074,-1.5533097438930765,1.572826757755191,-0.10266098230758247,3.401632694970462,0.029306428727482684,0.18861174517573254,0.7521999999990925,3,optimal,315.2771279443512,0,0,0.842630635436019,0.45921996550185823,684,0.629425393883225,1.4085995445822734,0.2042391938838802,running
MPC,52.90999999999804,25.322494466662498,41.331822078600815,3.4040111961565063,-1.6622937478854922,2.5673181986022002,-0.16483560760331853,3.5617365682849274,0.10276241096282106,0.06431624031744487,0.6660999999983375,3,optimal,315.6770155183536,0,0,0.7880333113878207,0.46887451308685807,733,0.8428637627432809,1.2386345873981568,0.20762130414308752,running
MPC,53.00999999999802,25.270276777534278,40.98820654984684,3.5392706391434903,-1.7825512053810337,3.5073880284440544,-0.08413690691092338,3.7547499990009117,0.06519066019754848,0.05879168865131268,0.4728000000007171,2,optimal,315.8769628847814,0,0,0.8381287693697734,0.499212600786,342,-0.8602873030583875,1.3128108451698666,0.20447740104668094,running
MPC,53.109999999998,25.187494300435826,40.63684927103523,3.6704636397316373,-1.8344505098111474,3.401941849803421,0.027636370140481068,3.8794648241238323,0.01554514504649686,0.1160120296365248,0.47359999999940783,2,optimal,316.2768583412882,0,0,0.8622088594477078,0.42434731130694137,369,-0.742678405931418,1.3304944557667384,0.2241197071405647,running
MPC,53.20999999999798,25.100567855578817,40.27202256082082,3.8189230962454603,-1.7831226445229644,3.8496751796915367,0.10276887800420072,4.055431157700791,0.02756666069190455,0.06960673821777608,0.635499999999567,3,optimal,316.6767539463847,0,0,0.7935860346523966,0.42883782448718266,330,-0.9125579240037072,1.1588114377064866,0.19593688336746246,running
MPC,53.30999999999796,25.032924425471062,39.88714078999078,3.985220656153355,-1.691392375433872,4.312231796167701,0.08242433578656452,4.250146275862231,0.04364500639899328,0.017497468118531145,0.7406999999997055,3,optimal,317.0766496852822,0,0,0.8666320589815593,0.42439744325624096,355,-0.803660797034291,1.3402246387244365,0.21530714918272373,running
MPC,53.40999999999794,24.989856287532046,39.48123693441259,4.16474477152705,-1.6389293088240038,4.655207201609572,0.011117163148182974,4.450741376314312,0.028854174949317007,0.06577702449386713,0.48549999999991655,2,optimal,317.4765454018641,0,0,0.818711581339765,0.39851455761893295,722,0.7949490268767376,1.3293671284590167,0.21713917065507293,running
MPC,53.50999999999792,24.95431121876275,39.05611549914434,4.352344539322343,-1.6537399787369491,4.8646154765505925,-0.03889100491931002,4.651206319182109,0.011083152589283109,0.04722698106546641,0.44139999999970314,2,optimal,317.8764410538959,0,0,0.8598880694843467,0.4017198300825733,690,0.6555607043558851,1.5345194292844673,0.2082738731989199,running
MPC,53.6099999999979,24.911226946530295,38.61267878956316,4.543076197684876,-1.6879252526161235,4.9458279615302025,-0.03481000664616826,4.846927335475363,0.05691679294111597,0.009700767063457683,0.44719999999998095,2,optimal,318.2763366783632,0,0,0.8780642050338351,0.377553148483811,745,0.8951343836886005,1.2263494029161937,0.19864329610943066,running
MPC,53.70999999999788,24.855656982921825,38.151476769342906,4.732617767423248,-1.7074525732726284,4.914967989753097,-0.010455222616652746,5.034572996660185,0.08035142527802663,0.014023348745683784,0.4471000000005887,2,optimal,318.8761800554261,0,0,0.8245891337453479,0.36455391377310825,341,-0.8646431881371641,1.2784408380439256,0.2037158366078793,running
MPC,53.80999999999786,24.792444004135078,37.67079512684403,4.946665225010106,-1.7062509906314345,5.550425712837532,0.008657499487471782,5.287660338707001,0.010054274875873149,0.015165379751712393,0.4569999999990415,2,optimal,319.27607572817055,0,0,0.8664974206204306,0.35297184242008994,366,-0.755746061167748,1.4417121698994755,0.22600293112750477,running
MPC,53.909999999997844,24.724982126364683,37.16929363854582,5.1568773840664806,-1.705176572663473,5.450973283829446,0.011052061312024969,5.49176255339305,0.08826748459581905,0.016864367953832726,0.4524999999997448,2,optimal,319.87591932453387,0,0,0.8140593759667614,0.3389463164520358,732,0.8385078776645041,1.329398276652194,0.20843240730709414,running
MPC,54.009999999997824,24.654405083418382,36.646202202622426,5.381742899237668,-1.7049357626617185,5.83094679753503,0.013254212871502679,5.739972063819984,0.04042768185523924,0.017927115911620106,0.4514000000011009,2,optimal,320.2758150600254,0,0,0.8658836183761104,0.30725965189885274,357,-0.7949490268767376,1.3267982826175198,0.21713917065507293,running
MPC,54.109999999997804,24.583403803754976,36.101228304598976,5.593016918853304,-1.6866963940063027,5.4785081969652,0.016723451702887825,5.929593718934188,0.01921182418473627,0.0008791560467216186,0.5471000000003556,2,optimal,320.87565870269685,0,0,0.8604363789703113,0.3087376915253231,365,-0.7601019462465246,1.4291975483181412,0.22496523842325905,running
MPC,54.209999999997784,24.51843217741422,35.53398391929169,5.808847631336571,-1.6677424112346992,5.596666971393654,0.005334143744520527,6.15268361599267,0.042556390745213085,0.017839360940421933,0.8170999999990158,2,optimal,321.4755023748979,0,0,0.8142220872406275,0.2969874238039749,731,0.8341519925857277,1.325161144763887,0.20925385860619153,running
MPC,54.309999999997764,24.456678834492227,34.94443045725919,6.029111349006981,-1.669697108666922,5.711618423063614,-0.008648123671264385,6.380009473642932,0.04762275309054613,0.016521865492868493,0.4859999999986542,2,optimal,322.07534604582617,0,0,0.8563567974724571,0.27719188870781236,712,0.7513901760889712,1.4025483853930538,0.22593517874601313,running
MPC,54.409999999997744,24.394525010442123,34.332812911866,6.2486617617287585,-1.6715038201876062,5.6931218421061605,-0.009797773457663063,6.598423533217597,0.03186565386152778,0.01616984390942333,0.5776999999991261,2,optimal,322.675189709375,0,0,0.8722874851725541,0.28201449655319183,361,-0.7775254865616312,1.4326686886369073,0.22094939445953415,running
MPC,54.509999999997724,24.330410330229917,33.69969795034336,6.461369670964925,-1.6719373206642718,5.51569012806072,-0.010892032670810025,6.80023077453483,0.011423606635845402,0.017130251251372908,0.49320000000108166,2,optimal,323.2750333719397,0,0,0.874544819026482,0.2658787143704071,728,0.8210843373493977,1.3438969014125248,0.21178185999974475,running
MPC,54.609999999997704,24.26416294586702,33.04610840557928,6.661383635318755,-1.6719503988388693,5.186525750839953,-0.012753173709315448,6.98002224604892,0.06540413561619407,0.01817244157198683,0.5260999999983085,2,optimal,323.87487702650697,0,0,0.7868622823266967,0.24263284161857784,739,0.8689990732159409,1.2150833172432733,0.20296376061118723,running
MPC,54.709999999997684,24.19598743731291,32.373847062866574,6.8386148475163235,-1.6719226601996056,4.595750346156569,-0.015824686700873832,7.120958669934412,0.07177084405686711,0.019181270056381372,0.501399999999208,2,optimal,324.6746685811279,0,0,0.794699039192961,0.23255576778931028,713,0.755746061167748,1.3534074895913646,0.22600293112750477,running
MPC,54.809999999997665,24.124125980971662,31.684814160130298,7.003630747680143,-1.6880278491488028,4.278997310325993,-0.01668246543537605,7.2665145785489225,0.055327033575300874,0.0034704425856961763,0.49860000000023774,2,optimal,325.27451225254003,0,0,0.8447765513508989,0.23328670866525444,708,0.7339666357738648,1.406940397631335,0.22234991952811328,running
MPC,54.909999999997645,24.040506537488795,30.981988021901866,7.141161049696021,-1.7158918734533675,3.566273261122366,-0.011565516796634775,7.360258073792379,0.07839317043143082,0.024330875067221314,0.5366000000002202,2,optimal,326.07430381613426,0,0,0.861529059718932,0.2363267692463717,363,-0.7688137164040778,1.4125433412286437,0.22293077345441883,running
MPC,55.009999999997625,23.945870080175048,30.267362137383298,7.266188498888709,-1.714948688163072,3.2420640573503374,0.004822091166010441,7.465367455431055,0.07143619415442196,0.023665289859248873,0.5339000000006422,2,optimal,326.67414748824535,0,0,0.8625029942343141,0.23462537562227373,364,-0.7644578313253012,1.4332445894076373,0.2239412608755995,running
MPC,55.109999999997605,23.845282883621767,29.54235330063056,7.364973850214842,-1.7115355484982464,2.561584987898108,0.00581498239434916,7.522346997678519,0.02853656271238039,0.02110631540398744,0.5066999999989719,2,optimal,327.47393905111375,0,0,0.866618788689592,0.2310656725304346,364,-0.7644578313253012,1.4357484669596627,0.2239412608755995,running
MPC,55.209999999997585,23.742357663827747,28.808256814066535,7.453475963408632,-1.7101509848324792,2.2949322091898217,0.007794243248667557,7.594467071133824,0.0685649355233314,0.021095344878519384,0.6106999999992979,2,optimal,328.2737306070764,0,0,0.8762153673933613,0.22672743191540795,364,-0.7644578313253012,1.4291623374825084,0.2239412608755995,running
MPC,55.309999999997565,23.638233841175385,28.065738731955687,7.535612322569774,-1.7098638582390802,2.129862998544897,0.011108829079142285,7.666462263263122,0.08238967829179958,0.022164747528199413,0.6772999999995477,2,optimal,328.87357425015875,0,0,0.8671333374027574,0.22084811674964286,367,-0.7513901760889712,1.4287970860033983,0.22593517874601313,running
MPC,55.409999999997545,23.53602395198679,27.315929792000766,7.594609965004273,-1.6880028167204317,1.5298571412947335,0.01641860932288214,7.688598036699247,0.04350549585412393,0.002491157205559702,0.4565000000003039,2,optimal,329.67336575897576,0,0,0.8632727809418381,0.22204088960051008,362,-0.7731696014828544,1.419453858670921,0.22193355627601147,running
MPC,55.509999999997525,23.444783979605656,26.55918397757068,7.645977891577311,-1.6592480185433045,1.332012366231637,0.008127625877823846,7.7278112016274365,0.024107750649553433,0.02409200334826256,0.4409000000009655,2,optimal,330.4731572696956,0,0,0.843055440335218,0.22099198024053157,724,0.8036607970342913,1.380208061966629,0.2153071491827237,running
MPC,55.609999999997505,23.364364824906495,25.796232862378503,7.693835640702402,-1.6593171932072233,1.2409905929138916,-0.006812001196407603,7.7700769508687,0.036591524957758206,0.02200184591949128,0.4732999999994547,2,optimal,331.27294879361375,0,0,0.8216203722904764,0.21722001253725212,709,0.7383225208526416,1.4515985232665136,0.2232291878884924,running
MPC,55.709999999997486,23.289558891243097,25.028049605184243,7.738908067645673,-1.6628494944225363,1.1687649097369126,-0.007137837465935759,7.810712131676094,0.06002770739715077,0.016599540728984508,0.5920000000010361,2,optimal,332.07274033552653,0,0,0.7888400418117247,0.21990401407963023,710,0.742678405931418,1.4704785185667724,0.2241197071405647,running
MPC,55.809999999997466,23.216235913484628,24.255362603877327,7.780893923838258,-1.6646941890128693,1.0887276046820422,-0.006259039810281539,7.847780828113877,0.08301036372318879,0.013007497357719444,0.5039000000000016,2,optimal,332.872531894606,0,0,0.8702417644473693,0.21639781338622302,348,-0.8341519925857275,1.3343159117394536,0.20925385860619156,running
MPC,55.909999999997446,23.1428303463652,23.47865555457706,7.819385805155029,-1.6652609511177916,0.9981259773169507,-0.006480639954599727,7.880706521569953,0.09782881514396946,0.01127121131594322,0.49779999999977065,2,optimal,333.4723755548236,0,0,0.8723237328526805,0.2188758319447327,362,-0.7731696014828544,1.440807191796715,0.22193355627601147,running
MPC,56.009999999997426,23.06909847419657,22.699208372896553,7.837684341999943,-1.6653510357902084,0.4744960325917228,-0.008921150995994673,7.866835408414202,0.08252002813562058,0.009729600127847071,0.46640000000053305,2,optimal,334.27216710004035,0,0,0.8545899231954839,0.21374536311762488,729,0.8254402224281745,1.3444991036853045,0.21092842571338707,running
MPC,56.109999999997406,22.995148843821674,21.91823532338458,7.850608071304203,-1.66533465985811,0.3351228752950963,-0.010263475351525537,7.871196629529453,0.06997655486596406,0.008445947365116613,0.4811999999994043,2,optimal,335.0719586455965,0,0,0.8738605201252216,0.20590421522112598,738,0.8646431881371641,1.250937389812988,0.2037158366078793,running
MPC,56.209999999997386,22.92105025442661,21.136041515907696,7.862365042951588,-1.6653147453994928,0.30486789458950664,-0.011397617715448914,7.881094860763153,0.06015420786663516,0.007317637538650779,0.5281000000003644,2,optimal,335.8717501951668,0,0,0.7873110982491702,0.1979661201911599,724,0.8036607970342913,1.2940083580905537,0.2153071491827237,running
MPC,56.309999999997366,22.84683122813726,20.352682732340877,7.874037665198196,-1.6653053828671078,0.3026806456111145,-0.012335311235674374,7.892633107512699,0.053289876516822716,0.006330069492203272,0.4781000000004809,2,optimal,336.67154175022876,0,0,0.8040441707898898,0.207398972070121,704,0.7165430954587584,1.4485810334436626,0.21894209497805303,running
MPC,56.409999999997346,22.772499980982065,19.568157230549367,7.885799899405734,-1.6653024414459283,0.30500435708023615,-0.013116787069776157,7.904538100906219,0.049526224687347485,0.005487936874737365,0.5081999999987374,2,optimal,337.47133331065345,0,0,0.8424814706492483,0.2129559795525502,689,0.6512048192771083,1.5412488398134663,0.2075805028346246,running
MPC,56.509999999997326,22.698058006079865,18.78246008987991,7.89757391133818,-1.665301886007609,0.30530976312380903,-0.013786396944575624,7.916330875718115,0.048641221106511215,0.004785586263809982,0.502000000002667,2,optimal,338.27112487393555,0,0,0.8565893913927195,0.2068759710777967,728,0.8210843373493977,1.3234515784761285,0.21178185999974475,running
MPC,56.60999999999731,22.623505980176333,17.995597411694227,7.909224232076353,-1.6653019136312865,0.30210234924987717,-0.014391244583308052,7.927784146263168,0.05001540307540231,0.004249211346391668,0.503400000001264,2,optimal,339.0709164360196,0,0,0.7964495921086767,0.20064993261908068,722,0.7949490268767376,1.3269014562064398,0.21713917065507293,running
MPC,56.70999999999729,22.54884563660588,17.20758942229713,7.920604009300242,-1.6653019851314657,0.29508693456075824,-0.014962097192446795,7.938732925532428,0.052875607327443425,0.0038643640761057974,0.5281000000003644,2,optimal,339.8707079984317,0,0,0.774055695163819,0.197868005284367,726,0.8123725671918445,1.2898824485375129,0.2135218524542555,running
MPC,56.80999999999727,22.474080249584254,16.418471916803576,7.931548623095004,-1.6653020127392297,0.28380279078471254,-0.015528681550408633,7.948984288378713,0.05655854192711118,0.003631459954850591,0.5210000000008819,2,optimal,340.67049956170104,0,0,0.7937681177881252,0.19548060662531186,711,0.7470342910101948,1.3610384479328002,0.22502164647011186,running
MPC,56.90999999999725,22.397111166990676,15.628501488430443,7.941903841781861,-1.6833153888104597,0.2685192933826892,-0.016126314781207525,7.9584005524332735,0.05857024877425304,0.01446307565906757,0.5534000000011474,2,optimal,341.470291125576,0,0,0.8513106889838513,0.2130811592323144,694,0.6729842446709915,1.5327053390313095,0.2111347683074644,running
MPC,57.00999999999723,22.30839204173147,14.838769866709178,7.951513499031554,-1.7183926173801396,0.24918627528480508,-0.00570462210640526,7.966822469310341,0.049920281693469,0.049469688331504,0.49049999999972727,2,optimal,342.2700826895692,0,0,0.8608719200324376,0.20680313532690586,367,-0.7513901760889712,1.4261112382356067,0.22593517874601313,running
MPC,57.10999999999721,22.209324840464397,14.049337992888441,7.960274120838434,-1.698495266568914,0.22717009155607193,0.01760353879208433,7.974230508187161,0.0347543896578623,0.029350023232842304,0.4540999999989026,2,optimal,343.0698742534185,0,0,0.8661066129248965,0.2133077735009724,363,-0.7688137164040778,1.4419929821758815,0.22293077345441883,running
MPC,57.20999999999719,22.11429197618101,13.258581398884024,7.968109217407526,-1.6635680780475761,0.2031704648582589,0.011278411256148356,7.980591167324261,0.0292434810938024,0.00590719675395146,0.5096000000008871,2,optimal,343.86966581678445,0,0,0.8680228049939754,0.2081804142888435,740,0.8733549582947173,1.2665548083951195,0.20222103997141733,running
MPC,57.30999999999717,22.028920479809162,12.465991033906908,7.974932352707577,-1.6597603564943375,0.1769294811464981,-0.0053469631609735545,7.985802165522176,0.030886782599576057,0.010037074628371556,0.47580000000024825,2,optimal,344.6694573798378,0,0,0.8675413510697612,0.20253187931961383,729,0.8254402224281745,1.3054590835010491,0.21092842571338707,running
MPC,57.40999999999715,21.950300756115126,11.672067897448168,7.980750141965042,-1.6621718914798835,0.15086003566940695,-0.006361264941672943,7.9900183562745175,0.03288293990019306,0.007922240047464335,0.4634000000010019,2,optimal,345.4692489428753,0,0,0.8397963094136048,0.21346183044386194,702,0.7078313253012047,1.5106974958001396,0.21730154451353453,running
MPC,57.50999999999713,21.874403918751483,10.877343097499054,7.985671630000479,-1.6640493231681983,0.12761821161193534,-0.005200411339256588,7.9935119631262355,0.034626233695654936,0.0063158139010210945,0.5307999999999424,2,optimal,346.2690405060855,0,0,0.8440717846849396,0.21066468844685027,343,-0.8559314179796107,1.3073418882110968,0.20524858980469116,running
MPC,57.60999999999711,21.79923076031496,10.08210744066322,7.989627701070716,-1.664842436016749,0.10258415978214966,-0.0050278872690695305,7.995930045978694,0.03645817160721772,0.005768008494136279,0.528599999999102,2,optimal,347.06883206957065,0,0,0.8728448372896649,0.21178725355527145,361,-0.7775254865616312,1.4262310645229428,0.22094939445953415,running
MPC,57.70999999999709,21.724124186968364,9.286516075723101,7.9926997354840905,-1.6650708617735646,0.07966036593451292,-0.005721062944773054,7.997593737664167,0.0384961831336739,0.005759530342785091,0.645099999999843,2,optimal,347.8686236333623,0,0,0.8652939590181807,0.20836289826842502,730,0.8297961075069509,1.3338302754314983,0.21008581223244965,running
MPC,57.80999999999707,21.648954246892735,8.490660336027382,7.995067326293865,-1.6651052241464006,0.06139356690423726,-0.006810422306826813,7.9988390921745145,0.04078787291242422,0.005922558225305075,0.46070000000142386,2,optimal,348.6684151973203,0,0,0.8732747223571725,0.2041125921352992,723,0.7993049119555145,1.353645169962209,0.21621722807816315,running
MPC,57.90999999999705,21.573729929689016,7.6946015965372565,7.996887822173124,-1.6650967175195186,0.047206947712738284,-0.008034280513161692,7.9997880210651395,0.04337072775101165,0.006098981312718799,0.4521999999980153,2,optimal,349.4682067611378,0,0,0.7956634775453849,0.19854866209201744,720,0.7862372567191844,1.3405454705043713,0.21901940157552577,running
MPC,58.00999999999703,21.498475896346026,6.898396452612431,7.998088007142468,-1.6650874074379782,0.031121778268762446,-0.009296961954928039,8.0,0.04627395518828319,0.006250513007283853,0.4515000000004932,2,optimal,350.26799832493856,0,0,0.8008361305338004,0.20828685600296237,699,0.6947636700648747,1.4944746860589064,0.21491658495418042,running
MPC,58.10999999999701,21.423208045041655,6.102097167623537,7.998825350963019,-1.6650830020880774,0.01911992857531419,-0.010572724035528523,7.999999999999999,0.04950686092403275,0.006371850090193032,0.4993999999989285,2,optimal,351.067789888786,0,0,0.8481152346510688,0.2137108513412313,738,0.8646431881371641,1.3128863584854606,0.2037158366078793,running
MPC,58.20999999999699,21.34793380886515,5.305739847390274,7.99927834439619,-1.665081579378585,0.011746490369798445,-0.011855544362547587,7.999999999999998,0.05305120598325786,0.006464358691413263,0.5211999999996664,2,optimal,351.86758145270204,0,0,0.8630757134327189,0.2058405982663439,729,0.8254402224281745,1.3276284089666592,0.21092842571338707,running
MPC,58.30999999999697,21.272656286689365,4.509346812542809,7.999556644755911,-1.6650812959608112,0.007216556038094119,-0.01314241182083975,7.999999999999999,0.056871137684294,0.006530514356516193,0.6077000000015431,2,optimal,352.66737301667547,0,0,0.8705407995715367,0.1994810099035907,740,0.8733549582947173,1.227075785809957,0.20222103997141733,running
MPC,58.40999999999695,21.197376856124894,3.712931825685469,7.99972762094353,-1.6650813085616631,0.004433552440884629,-0.014429394277264277,7.999999999999999,0.060923197876236394,0.006570554476902135,0.49879999999902225,2,optimal,353.4671645806821,0,0,0.7678957205730802,0.1925043562910547,737,0.8602873030583873,1.2088628201509821,0.20447740104668097,running
MPC,58.50999999999693,21.122096238031602,2.9165033538514913,7.99983266161528,-1.6650813521055037,0.002723790564692608,-0.015711955553466283,8.0,0.06516217146679869,0.00658508462048335,0.6062000000000012,2,optimal,354.26695614469617,0,0,0.7744478819941105,0.19149273715896642,714,0.7601019462465248,1.3352264905753013,0.22496523842325897,running
MPC,58.60999999999691,21.044701904592095,2.120272008999564,7.999897194243332,-1.6832198588161864,0.0016733838471926852,-0.01698531475184012,8.0,0.06773051377114896,0.011564324953442728,0.5217999999977962,2,optimal,355.0667477087081,0,0,0.8175139683170634,0.2116794828143479,710,0.742678405931418,1.4715798982993937,0.2241197071405647,running
MPC,58.70999999999689,20.955558563295654,1.325272516545483,7.999936840410992,-1.7188535630704802,0.0010280575666738933,-0.007207149403403272,8.0,0.060481358120241094,0.04723446594853442,0.5343999999993798,2,optimal,355.86653927270385,0,0,0.8420538506584456,0.2106743811442803,359,-0.7862372567191844,1.4097579552928314,0.21901940157552577,running
MPC,58.80999999999687,20.85304896810234,0.5318797777419824,7.999961197370528,-1.7221461949162604,0.0006315958900806539,0.015759808900439192,8.0,0.04467519065398827,0.05058917954311015,0.5352999999992392,2,optimal,356.6663308366714,0,0,0.8720692958264896,0.20248216023421625,373,-0.7252548656163114,1.4328033334341737,0.22062447658991918,running
MPC,58.90999999999685,20.744937005441194,-0.2607774811685071,7.99997616127531,-1.6960554706155095,0.0003880262947193469,0.023354715046679787,8.0,0.03618548184713407,0.024584252184190802,0.5790000000001072,2,optimal,357.46612240061904,0,0,0.8741501445541451,0.20376650498421453,369,-0.742678405931418,1.4249667804508763,0.2241197071405647,running
MPC,59.00999999999683,20.64581667005686,-1.0546035076080753,7.999985354477194,-1.6616935582387677,0.0009477522145967494,0.015006514379846344,8.0,0.04140434183225473,0.009687478734170085,0.657600000000258,2,optimal,358.2659139645977,0,0,0.8756731050763273,0.2121464815492735,359,-0.7862372567191844,1.418090151273371,0.21901940157552577,running
MPC,59.10999999999681,20.558878863764022,-1.849858331098414,7.999991002398783,-1.658890599212354,0.001200607053566591,-0.0005166377659883291,8.0,0.04488953574833501,0.01240224355460473,0.297000000001546,1,optimal,359.06570552859955,0,0,0.8718829848990802,0.21200294983113524,736,0.8559314179796109,1.317016149426432,0.20524858980469113,running
MPC,59.20999999999679,20.47969519551054,-2.645927889464774,7.999994472247341,-1.6618477498087003,0.0010905117152720265,-0.0006189714670593933,8.0,0.044103410126525106,0.009361557079351712,0.3144000000006031,1,optimal,359.86549709256496,0,0,0.8199426755736087,0.21086219278048776,325,-0.9343373493975904,1.1953457251597122,0.1927368289037113,running
MPC,59.30999999999677,20.40357925224036,-3.4422980600085453,7.999996603978246,-1.663949496650928,0.0011835792483765296,0.0009133528282984547,8.0,0.041691519725433446,0.007179466095672993,0.3180000000000405,1,optimal,360.66528865651253,0,0,0.7937030092084861,0.19887454076638678,357,-0.7949490268767376,1.3313467822885872,0.21713917065507293,running
MPC,59.40999999999675,20.328297721883594,-4.238747833243709,7.999997913625218,-1.664818727567451,0.0011269976748970098,0.0012000596314912621,8.0,0.039217853385496645,0.00623319769978492,0.30250000000009436,1,optimal,361.46508022045793,0,0,0.8646337010214711,0.20557405045584826,368,-0.7470342910101946,1.4316704059983831,0.22502164647011183,running
MPC,59.50999999999673,20.25312221736765,-5.0352077289036385,7.999998718217947,-1.6650673315638516,0.0010684808516428033,0.0005461806553653064,8.0,0.03719956103541797,0.005910754875422697,0.3111999999987347,1,optimal,362.26487178441323,0,0,0.8733391515072055,0.20854652463321852,381,-0.6904077849860983,1.500433172716975,0.21414126651260781,running
MPC,59.60999999999671,20.17790408199128,-5.8316636633597065,7.999999212526318,-1.6651045988256792,0.001037188419784754,-0.0004998077382122378,8.0,0.035761022739096426,0.005802838697403168,0.49890000000019086,1,optimal,363.064663348388,0,0,0.8654615058421379,0.21298341822757869,731,0.8341519925857277,1.3539220941183656,0.20925385860619153,running
MPC,59.70999999999669,20.10264736525452,-6.628115992704639,7.999999516208862,-1.665095256790889,0.0010222124270268071,-0.0016523615936478552,8.0,0.034932099965887774,0.0057448975469758246,0.34420000000068285,1,optimal,363.86445491238516,0,0,0.8696886764979297,0.2069637748815378,720,0.7862372567191844,1.3888004036419044,0.21901940157552577,running
MPC,59.80999999999667,20.02737322075472,-7.424566699366551,7.99999970277881,-1.6650850315934314,0.0010137459999682913,-0.002812360701704812,8.0,0.03471984477898261,0.005690999073399539,0.3423999999991878,1,optimal,364.66424647637575,0,0,0.8202152001569294,0.2085483195310644,706,0.7252548656163116,1.4691287587827166,0.2206244765899192,running
MPC,59.90999999999665,19.952093642302763,-8.22101690730943,7.999999817399639,-1.6650801660540404,0.0010083200189432977,-0.0039576078815944235,8.0,0.035110531532282184,0.005634845977708025,0.32519999999891525,1,optimal,365.4640380403547,0,0,0.850444432995003,0.2107002334543752,342,-0.8602873030583875,1.3038601227567712,0.20447740104668094,running
MPC,60.00999999999663,19.876813050599445,-9.017467028605312,7.999999887817919,-1.6650785802222536,0.0010097471922084554,-0.005087968822040848,8.0,0.03606575718360473,0.005578880143856324,0.33679999999947086,1,optimal,366.263829604332,0,0,0.8714416639687104,0.20985416936422888,364,-0.7644578313253012,1.4356521731952427,0.2239412608755995,running
MPC,60.10999999999661,19.801532545458507,-9.813917163684772,7.999999931079986,-1.6650782567807632,0.001013368122550005,-0.006206500989615841,8.0,0.03752651779145544,0.005524884004537434,0.3375000000005457,1,optimal,367.0636211683145,0,0,0.8674369042060674,0.20921668869052848,732,0.8385078776645041,1.3274457282764212,0.20843240730709414,running
MPC,60.20999999999659,19.726252219231814,-10.610367319115442,7.999999957658405,-1.6650782657040777,0.0010183960021579162,-0.007315406991587203,8.0,0.03942287530778049,0.0054736345469184045,0.3194000000004138,1,optimal,367.86341273230664,0,0,0.8688222379617654,0.20523088337635098,738,0.8646431881371641,1.2691295039392176,0.2037158366078793,running
MPC,60.30999999999657,19.65097198776976,-11.406817485616594,7.999999973987082,-1.6650783117947885,6.601323188614778e-06,-0.008103866058248626,8.0,0.04168348994026202,0.0054255727938583576,0.9184000000015402,2,optimal,368.6632042963117,0,0,0.8705118005361355,0.20031087020284555,726,0.8123725671918445,1.3156772426289673,0.2135218524542555,running
MPC,60.40999999999655,19.575691789703217,-12.203267656572681,7.999999984018744,-1.6650783379144354,2.7036564472865893e-05,-0.009144790080541906,8.0,0.04424244672441831,0.005380217421782518,0.561800000001611,2,optimal,369.46299586032245,0,0,0.7990782946186825,0.2104141302765319,702,0.7078313253012047,1.4962385303859982,0.21730154451353453,running
MPC,60.50999999999653,19.50041159939143,-12.999717829059476,7.999999990181779,-1.6650783475383113,0.00016420949551683813,-0.010183882687740259,8.0,0.047042685941407654,0.005338755900831771,0.5515000000002601,2,optimal,370.2627874243245,0,0,0.8504230086654082,0.20919161930260174,691,0.6599165894346619,1.5311394805708418,0.20897586948035746,running
MPC,60.60999999999651,19.425131409432385,-13.796168002069724,7.9999999939680935,-1.6650783499312043,0.00032140230962820457,-0.011216873384802643,8.0,0.05003669845709527,0.005300692563780629,0.5554999999990429,2,optimal,371.0625789883238,0,0,0.857419044317103,0.20703420283013582,716,0.768813716404078,1.413354214138446,0.22293077345441878,running
MPC,60.70999999999649,19.349851218692766,-14.592618175307306,7.999999996294247,-1.6650783501312674,0.0004742887109687243,-0.012244232967858749,8.0,0.05318613005345248,0.005265784920034378,0.6450000000004508,2,optimal,371.862370552324,0,0,0.8631598891377479,0.20230923798503703,726,0.8123725671918445,1.3266727159774085,0.2135218524542555,running
MPC,60.80999999999647,19.27457102744077,-15.389068348681452,7.999999997723339,-1.6650783499475708,0.0005271976396845571,-0.01326653387886901,8.0,0.056460485954989016,0.00523417075265975,0.5867999999988882,2,optimal,372.6621621163278,0,0,0.785156931890517,0.1966979299133083,739,0.8689990732159409,1.218855477650092,0.20296376061118723,running
MPC,60.90999999999645,19.199290835980428,-16.18551852214956,7.999999998601314,-1.6650783498137374,0.0005274320029543011,-0.014284331965404901,8.0,0.059835804377257336,0.005205814319240165,0.5482999999983917,2,optimal,373.461953680336,0,0,0.784026822108074,0.19504944807768088,717,0.7731696014828544,1.3387096055936243,0.22193355627601147,running
MPC,61.00999999999643,19.124010644459148,-16.981968695681736,7.999999999140705,-1.6650783497578097,0.0004670973123668744,-0.01529820782814798,8.0,0.06329315957132671,0.005180693005748083,0.49950000000187345,2,optimal,374.26174524434833,0,0,0.8045831764181602,0.20376357998892616,697,0.6860518999073215,1.474677185599164,0.21337555590733343,running
MPC,61.10999999999641,19.046617440636588,-17.77821346146555,7.999999999472085,-1.6832174598407263,0.00038737629251255686,-0.016308768016504285,8.0,0.06496119695680586,0.012980396520072102,0.5118999999993434,2,optimal,375.0615368083602,0,0,0.8487844724833579,0.21121194041711702,689,0.6512048192771083,1.551486732290156,0.2075805028346246,running
MPC,61.20999999999639,18.957475347928565,-18.573221283558517,7.999999999675672,-1.7188532862879908,0.00013489601187902304,-0.006251556345853737,8.0,0.0565813729115578,0.04863491008397025,0.9227999999996683,2,optimal,375.8613283723716,0,0,0.8613376403762341,0.20738027514016993,366,-0.755746061167748,1.4333876049190286,0.22600293112750477,running
MPC,61.30999999999637,18.85782722576518,-19.366990028127933,7.999999999800746,-1.6992424532515686,0.0006354267399250101,0.017020386091753187,8.0,0.04143224049581707,0.02903954111745488,0.8377000000017176,2,optimal,376.66111993638367,0,0,0.8694349927549829,0.21046699568645488,362,-0.7731696014828544,1.4269843899405978,0.22193355627601147,running
MPC,61.40999999999635,18.762076435160573,-20.161235429398964,7.999999999877587,-1.6639929931061532,0.0011639561285810233,0.010972390798075807,8.0,0.033442705921212366,0.0061977503860592975,0.41049999999920317,1,optimal,377.4609115003968,0,0,0.8647960102467326,0.20478538456074913,725,0.8080166821130677,1.3463535212668458,0.2144087504700342,running
MPC,61.50999999999633,18.676062704310155,-20.956593386238513,7.999999999901191,-1.6598476030852325,6.120641947885541e-10,-0.0058140229866634014,7.999999999938793,0.03193709006994261,0.010334152566554788,0.5588000000003035,2,optimal,378.2607030644108,0,0,0.8688293121742063,0.20156577499825734,727,0.8167284522706209,1.316597084372322,0.2126462795560751,running
MPC,61.60999999999631,18.596999455069206,-21.752675811052626,7.999999999920243,-1.6621232543421343,4.940443723445361e-10,-0.006846326963725545,7.999999999950595,0.031764041847490945,0.00805268661675651,0.638699999999659,2,optimal,379.06049462842526,0,0,0.8244367090033263,0.19906343023152007,715,0.7644578313253012,1.3733458063685968,0.2239412608755995,running
MPC,61.70999999999629,18.520837918369256,-22.549042068128127,7.999999999935622,-1.6639915794754554,3.987817115239802e-10,-0.005554649799090667,7.999999999960122,0.03208353692265339,0.006181954210814133,0.6032999999980859,2,optimal,379.86028619243996,0,0,0.8267482276158378,0.21086426542749095,696,0.6816960148285451,1.5225168405404406,0.21261932153731197,running
MPC,61.80999999999627,18.445526616803367,-23.345359291054436,7.9980456449551145,-1.6648065478790857,-0.022240848739302887,-0.005101719474357987,7.997775915061692,0.03311230042384766,0.005367817970888922,0.5062999999996265,2,optimal,380.66007775645465,0,0,0.85949054282749,0.21002581731226877,362,-0.7731696014828544,1.4244583769776158,0.22193355627601147,running
MPC,61.90999999999625,18.37041617775428,-24.14093762559593,7.987649247688488,-1.6650524431364495,-0.1183125385853601,-0.005377213383985493,7.986214391096579,0.035329144432264016,0.005126237471845041,0.46779999999913,2,optimal,381.4598693204691,0,0,0.8684333097077477,0.20967937691277985,730,0.8297961075069509,1.342121786654848,0.21008581223244965,running
MPC,62.00999999999623,18.295461881704842,-24.934556458996454,7.963272352315012,-1.6650981928952993,-0.27741267484300874,-0.005946610807134213,7.9599079802041866,0.03958484689562612,0.005087693869558763,0.4638999999997395,2,optimal,382.2596608844833,0,0,0.8613107060842998,0.20133365967101305,726,0.8123725671918445,1.3195946216245604,0.2135218524542555,running
MPC,62.10999999999621,18.220831007062817,-25.72438650459588,7.918288177661357,-1.6650972486680162,-0.5119265609948818,-0.006639662140473053,7.912079696215524,0.04722576753325269,0.005099300183743161,0.5057000000014966,2,optimal,383.0594524484968,0,0,0.7834521147710218,0.20235458198218875,712,0.7513901760889712,1.403453920501053,0.22593517874601313,running
MPC,62.20999999999619,18.146780184661857,-26.50788579804774,7.845235754586816,-1.665092700586146,-0.8313473794912654,-0.007732141408218799,7.83515343971223,0.060443131848650945,0.00511753455195052,0.5683999999988032,2,optimal,383.85924401251026,0,0,0.801489766103617,0.20371062362868259,702,0.7078313253012047,1.4428464861799999,0.21730154451353453,running
MPC,62.30999999999617,18.073677125683595,-27.281275711566273,7.729171577409357,-1.6650913726324479,-1.3208275028856247,-0.010444692812507138,7.7131530042982535,0.08302244115113556,0.005135924808110204,0.4711999999997829,2,optimal,384.6590355765239,0,0,0.8475052510636373,0.21357074070206294,690,0.6555607043558851,1.5364633424880367,0.2082738731989199,running
MPC,62.40999999999615,18.002122581688475,-28.038248065435145,7.539358973550004,-1.6650925251615591,-2.160095506371776,-0.01281733508989689,7.5131620267721795,0.09078110462036808,0.005252263660581846,0.7180000000008846,3,optimal,385.2588792494888,0,0,0.8572550286481198,0.21165673619600245,714,0.7601019462465248,1.4106322022667335,0.22496523842325897,running
MPC,62.50999999999613,17.93063971365566,-28.770514973707314,7.2647693130616,-1.6846061398796763,-3.124870949858818,-0.02000607167223504,7.226871878564122,0.042324306586057646,0.012482083005902922,0.8915999999992152,3,optimal,386.0586707872309,0,0,0.7677391398867861,0.21698823317863683,724,0.8036607970342913,1.35078221756745,0.2153071491827237,running
MPC,62.60999999999611,17.850048417533895,-29.47096091598227,6.941687574313553,-1.730223033100291,-3.6767179727303905,-0.014791227499204718,6.897097515788561,0.08093279797799542,0.053854851802348946,0.6462999999978791,3,optimal,386.85846217168375,0,0,0.7818196050820809,0.22919777391911209,335,-0.8907784986098239,1.2463479685700092,0.19934114321212795,running
MPC,62.70999999999609,17.757615456423313,-30.135553408235054,6.591943583836068,-1.7499318370629933,-3.9801383409225264,0.007138985883607813,6.5436737402213,0.010004698636856636,0.06883927499525555,0.6174000000012114,3,optimal,387.45830537721133,0,0,0.8504053648323282,0.2312804533057583,352,-0.8167284522706209,1.3117708945253534,0.2126462795560751,running
MPC,62.80999999999607,17.65915476097616,-30.76210224092038,6.215122945838229,-1.7377817801915683,-4.2882745945069605,0.019847309965888276,6.163116124385372,0.034374171629007536,0.05041617773957885,0.6236999999984505,3,optimal,388.05814869972056,0,0,0.8697024266800599,0.23542795445319717,360,-0.7818813716404078,1.321209203114431,0.21997807798827249,running
MPC,62.90999999999605,17.57075289032204,-31.35111897859677,5.824236734761603,-1.6832387221261849,-4.448342896528393,0.016886873199370007,5.770288656185389,0.042845320573473684,0.012185304141471676,0.4330999999986318,2,optimal,388.65799144064533,0,0,0.861487849853904,0.26814002822891797,349,-0.8297961075069509,1.3350326714360208,0.21008581223244965,running
MPC,63.00999999999603,17.502420870134774,-31.90345152420067,5.433591635230413,-1.6562777339527281,-4.445599011479451,-0.024162632000229476,5.379676833613658,0.03301758614021511,0.07231399244226333,0.5746000000002027,2,optimal,389.2578322150471,0,0,0.818257251614908,0.25900400777584015,702,0.7078313253012047,1.363420680261319,0.21730154451353453,running
MPC,63.10999999999601,17.44038312977279,-32.41830770471189,5.059601764468419,-1.7169726871547244,-4.256060044675158,-0.07345875572270431,5.007985630762898,0.09925804387912902,0.08567036617790924,0.5973000000008,3,optimal,389.85766078782694,0,0,0.826137874806923,0.2720660758660967,732,0.8385078776645041,1.1967814358157296,0.20843240730709414,running
MPC,63.20999999999599,17.358622744351013,-32.89500702385993,4.7250502832579535,-1.836930123550668,-3.80724533839821,-0.08940370151950162,4.678877230628598,0.05170855078727676,0.040117353035216574,0.5987999999987892,3,optimal,390.25750212706424,0,0,0.7661971067824314,0.2726218271146262,685,0.6337812789620019,1.3163693962976086,0.20489107222660924,running
MPC,63.30999999999597,17.234117132409292,-33.3316955221786,4.451780116137666,-1.9846682565724372,-3.1098549201684746,-0.08604386753723657,4.414064791241106,0.08538620183037689,0.020293178538161705,0.4176999999998543,2,optimal,390.6572769723987,0,0,0.7822748621015652,0.31254829081458246,714,0.7601019462465248,1.295303964780484,0.22496523842325897,running
MPC,63.409999999995954,17.0617005609552,-33.72775359584333,4.2566116401402665,-2.1049578176030463,-2.2210461234691965,-0.0626097843987553,4.229675503790746,0.10839283109007118,0.057520188957826957,0.4551999999993228,2,optimal,391.0570337060952,0,0,0.7909996779715627,0.3381065815608722,698,0.6904077849860983,1.3746115838681685,0.21414126651260781,running
MPC,63.509999999995934,16.851063228578642,-34.09054251293325,4.166429335179799,-2.1854767661807886,-1.0262879689680628,-0.06082883359807716,4.15398284324346,0.11459732267167266,0.06392348017280547,0.5109000000018682,2,optimal,391.45680574483066,0,0,0.7805789427944033,0.3459784066577802,721,0.7905931417979613,1.2540024552896216,0.21807316453493353,running
MPC,63.609999999995914,16.609849742958595,-34.43018051012552,4.167387321553403,-2.255563859534279,0.024841370509823768,-0.07139933720300795,4.1689134722307815,0.11417014319298584,0.06706040813881264,0.5999000000027621,2,optimal,391.85659493665906,0,0,0.763478374608649,0.3679665393637097,694,0.6729842446709915,1.4099704647796525,0.2111347683074644,running
MPC,63.709999999995894,16.342480954363563,-34.75154854971021,4.193312034659872,-2.324299601640177,0.672249022933079,-0.07387382969990154,4.234612223846711,0.11427840273851732,0.07383048943218062,0.48160000000052605,2,optimal,392.2563989386718,0,0,0.7752567151171067,0.3728616368228154,705,0.7208989805375348,1.3870564138954544,0.2197779812188762,running
MPC,63.809999999995874,16.05080159883715,-35.055608388388116,4.232119661093122,-2.392995940498199,1.0063135065358269,-0.07118511614807818,4.2939433853134545,0.10827015245044502,0.05373011027330321,0.46869999999898937,2,optimal,392.85607823109046,0,0,0.8324959269221333,0.38916561792204585,719,0.781881371640408,1.3779515529769086,0.21997807798827246,running
MPC,63.909999999995854,15.735600788588183,-35.341851691969175,4.281177424727316,-2.4617657117514757,1.2721079510091162,-0.07363440977561304,4.3593304561940345,0.07871049426655971,0.06305446040175067,0.5499999999987182,2,optimal,393.25590253967295,0,0,0.8381823478758039,0.3864857523717288,698,0.6904077849860983,1.4752081863307962,0.21414126651260781,running
MPC,64.00999999999584,15.40005047841506,-35.610177127191726,4.3103207052481585,-2.5138921202577142,0.7557091094795203,-0.04534839570320511,4.356748335675268,0.04520473858324289,0.056361503668593826,0.4946999999990709,2,optimal,393.6557413789177,0,0,0.84451365381641,0.37702238963618895,728,0.8210843373493977,1.3116746159475776,0.21178185999974475,running
MPC,64.10999999999589,15.050925994408123,-35.86359037800795,4.3177167643356915,-2.5495477020973376,0.19178586373282827,-0.02892635249013462,4.329499291621441,0.011903964235901338,0.03411916680052851,0.4659000000000191,2,optimal,394.0556000749333,0,0,0.8578084869019541,0.37222639589820916,716,0.768813716404078,1.3760816592763365,0.22293077345441878,running
MPC,64.20999999999594,14.692831382226302,-36.10263333397298,4.299651831600324,-2.585719762242615,-0.20558160644322138,-0.027295672385366156,4.297158603691369,0.019069094530033612,0.012417033587553306,0.5123000000004652,2,optimal,394.45548261499465,0,0,0.8555067789762852,0.35521536472881055,722,0.7949490268767376,1.291235263870992,0.21713917065507293,running
MPC,64.309999999996,14.328063372839138,-36.326968829360325,4.2738391742240145,-2.622379080327963,-0.2937518587932839,-0.03803084275343086,4.270276645720995,0.047634046789653606,0.007286919469558395,0.6234000000002737,2,optimal,394.8553667961295,0,0,0.805565883248335,0.36251310155875693,727,0.8167284522706209,1.2797335455964451,0.2126462795560751,running
MPC,64.40999999999605,13.955619707564246,-36.53463717207661,4.260166908949638,-2.6768427610070096,-0.1555924010345856,-0.0594511054923014,4.258279934120556,0.07546391483729312,0.0063276804317435875,0.5119999999987357,2,optimal,395.2552328670716,0,0,0.8058764294513326,0.36306373062659947,719,0.781881371640408,1.3210305291896447,0.21997807798827246,running
MPC,64.5099999999961,13.570752564262593,-36.7180593040198,4.268229153452338,-2.762827425707785,0.2090605966333584,-0.0842056092572402,4.281072968612974,0.10238878117850496,0.02751398831230878,0.4660000000011877,2,optimal,395.6550876104757,0,0,0.8122078593701485,0.3637179747861346,708,0.7339666357738648,1.3728892663949037,0.22234991952811328,running
MPC,64.60999999999615,13.169814485755756,-36.86697345613677,4.2875534270701525,-2.8692910344645504,0.5010942263899546,-0.0840764344157184,4.3183385760913335,0.07862158268310028,0.051887703803937146,0.4474000000005418,2,optimal,396.25480934798884,0,0,0.8507620830211169,0.36980658881092493,706,0.7252548656163116,1.401803575264836,0.2206244765899192,running
MPC,64.7099999999962,12.754022871455554,-36.97721325436425,4.3161698712477845,-2.961183617235396,0.7420478120327978,-0.06875104879639128,4.361758208273432,0.046229872179172495,0.08028361001333373,0.4439000000004967,2,optimal,396.654608691922,0,0,0.8512359660576736,0.39443952855607944,701,0.7034754402224284,1.506188562166097,0.21649658541768402,running
MPC,64.80999999999625,12.328631708967448,-37.05548288747196,4.334371297571416,-3.0145370082667515,0.4719778773172907,-0.037267843003878844,4.363367658979514,0.02126489080688073,0.061587837462749206,0.4553000000004914,2,optimal,397.0543757046045,0,0,0.8181346063178855,0.3803920770914976,719,0.781881371640408,1.385007674350124,0.21997807798827246,running
MPC,64.9099999999963,11.898469166822592,-37.11166082673159,4.342034130930888,-3.0499024056637327,0.19870353888386577,-0.040558248888934265,4.354241651459803,0.033110962690450225,0.016267167562053153,0.42690000000256134,2,optimal,397.4541116511861,0,0,0.8737835487289585,0.3711661837133095,706,0.7252548656163116,1.4245174902204039,0.2206244765899192,running
MPC,65.00999999999635,11.465752840445115,-37.14784223892919,4.343458652043436,-3.1037594530198502,0.03693899801805914,-0.06734421766933532,4.345728030732694,0.06013656009243854,0.010774618158284177,0.4731000000006702,2,optimal,397.8538638517523,0,0,0.8735822842860244,0.36992310505438797,724,0.8036607970342913,1.3301449553687346,0.2153071491827237,running
MPC,65.1099999999964,11.032320979156218,-37.1578824174903,4.332595121337404,-3.176746956640176,-0.12362858621769994,-0.0785136734091029,4.3310957934216665,0.09284171716097339,0.011493574838438825,0.44540000000026225,2,optimal,398.25365529425494,0,0,0.8639389545442528,0.3503090991265004,727,0.8167284522706209,1.254316024547537,0.2126462795560751,running
MPC,65.20999999999646,10.60073166275119,-37.138076171877394,4.315630377042228,-3.2505688850172474,-0.19306129926918447,-0.07334900681233544,4.313288991410485,0.08265424925179649,0.032347303509431935,0.45580000000278176,2,optimal,398.85343228309875,0,0,0.8434027969980715,0.34783124508685614,687,0.6424930491195551,1.4127396403474362,0.20621919386478796,running
MPC,65.3099999999965,10.171957704500347,-37.08531325827999,4.326369124659994,-3.337294080013366,0.2784645123716721,-0.08397630567874236,4.343476828279395,0.06571676329483438,0.0015651300315151495,0.4601999999991335,2,optimal,399.25329268522574,0,0,0.862510077087451,0.36387900960080993,699,0.6947636700648747,1.4212806378132423,0.21491658495418042,running
MPC,65.40999999999656,9.74802153317765,-36.994218873195436,4.346868001190114,-3.4296421547797915,0.5315526409879932,-0.056829564507725173,4.379524388758793,0.049382205371325594,0.045335086277705994,0.46049999999908664,2,optimal,399.6531707181013,0,0,0.7631590345711559,0.3616586701823858,738,0.8646431881371641,1.2190477048381072,0.2037158366078793,running
MPC,65.50999999999661,9.329121635638888,-36.872575568718226,4.375726709668775,-3.4687554674280916,0.7483299235836092,-0.011283613826141353,4.421700993548475,0.04384240910162302,0.03831501847985441,0.4235000000001321,2,optimal,400.05304902142524,0,0,0.8490506124692594,0.36507419129677016,726,0.8123725671918445,1.3049770438149635,0.2135218524542555,running
MPC,65.60999999999666,8.910778464293422,-36.73526774534228,4.426547925394724,-3.4822195768777893,1.317835706637652,-0.018130217389422217,4.50751028033254,0.0690627598605701,0.007956035582738163,0.4401000000004984,2,optimal,400.45291940227037,0,0,0.8000813667519409,0.33978640823022166,721,0.7905931417979613,1.2639325132852375,0.21807316453493353,running
MPC,65.70999999999671,8.49180650634167,-36.58101226670456,4.497879987490393,-3.5338387813502647,1.8496987353603904,-0.05198945690591064,4.6115177989307625,0.10855475752191052,0.002775237264245778,0.4219000000009743,2,optimal,401.0527335569347,0,0,0.8116289136733361,0.3555977593153417,726,0.8123725671918445,1.2961330455688245,0.2135218524542555,running
MPC,65.80999999999676,8.073122910670373,-36.400546578310184,4.612732026523085,-3.6034925766415955,2.978207346191871,-0.07226125801345606,4.79570072210958,0.06315857964586838,0.028493881168782043,0.48069999999889035,2,optimal,401.4525984139217,0,0,0.8351072024121097,0.35192693611809633,742,0.8820667284522705,1.2068020930686112,0.20076314597215372,running
MPC,65.90999999999681,7.655946718239095,-36.188418841570844,4.739046051963166,-3.672702947444456,3.2754260321458784,-0.05118640148368814,4.940274629737673,0.04143643194539509,0.06120780783054158,0.622499999998638,2,optimal,401.8524637174785,0,0,0.807572720889126,0.3500460986374628,720,0.7862372567191844,1.3598042637440255,0.21901940157552577,running
MPC,66.00999999999686,7.241718957495892,-35.944876400878265,4.862513034650065,-3.72424161372068,3.2015998840525266,-0.02402616620645366,5.059206040368419,0.10028658626585897,0.06172582347418398,0.47350000000179193,2,optimal,402.4522522615737,0,0,0.8098246764395405,0.3500892079194537,336,-0.8864226135310473,1.248903599199085,0.20004771979496722,running
MPC,66.10999999999692,6.828102773352635,-35.67541589102185,5.000079920520584,-3.7576068608675866,3.5672219104068272,-0.01853165196308489,5.219235225690747,0.00775881531495572,0.06234099977714758,0.4553999999998837,2,optimal,402.8521242879351,0,0,0.8525144839965096,0.3322635139625562,367,-0.7513901760889712,1.4065456980913678,0.22593517874601313,running
MPC,66.20999999999697,6.41304238289073,-35.38464099125678,5.1256811423493565,-3.777191970187718,3.256942451275485,-0.015335404865332605,5.3257741656481326,0.1014392903059137,0.033076297918277486,0.47870000000038715,2,optimal,403.45194649576246,0,0,0.8406909118315442,0.33538833240849725,355,-0.803660797034291,1.379250633562114,0.21530714918272373,running
MPC,66.30999999999702,5.994271829347711,-35.07929866330251,5.231418097910969,-3.7907059589733154,2.7418457736559323,-0.02183456604053425,5.39986571971495,0.038570302519595805,0.014658012528202313,0.6664000000000669,2,optimal,403.8518239297901,0,0,0.8563171454352815,0.3188177841587123,337,-0.8820667284522707,1.239363693616836,0.2007631459721537,running
MPC,66.40999999999707,5.576501040181948,-34.758601286931786,5.2970534283453805,-3.8286296871899768,1.7019778222122346,-0.018701047822284503,5.4016158801321925,0.05902274581097679,0.005618360256011368,0.5588000000003035,2,optimal,404.45164424212953,0,0,0.8141408598086262,0.3265792203836847,720,0.7862372567191844,1.4260777414446513,0.21901940157552577,running
MPC,66.50999999999712,5.1639653150132245,-34.422486535668654,5.342124179480738,-3.853479469472745,1.168721454666516,-0.012481288914058173,5.413925573812032,0.08537879253429863,0.001657576431816743,0.48429999999832773,2,optimal,404.8515370521056,0,0,0.8371727580420788,0.31328781357812363,716,0.768813716404078,1.4156747728158081,0.22293077345441878,running
MPC,66.60999999999717,4.75453404059797,-34.07706485772485,5.369300901363554,-3.853292322022064,0.7047146349206594,-0.007872250662040196,5.4125956429728035,0.018593330441188827,0.04863427819969379,0.46560000000006596,2,optimal,405.45136713411875,0,0,0.8526675430608859,0.2787894399807578,713,0.755746061167748,1.3098762460452014,0.22600293112750477,running
MPC,66.70999999999722,4.346836016286177,-33.72401529823183,5.41375215099844,-3.879961698337861,1.152657273871647,-0.06505250473231246,5.484566628750719,0.057255959436410125,0.06912708761851549,0.46989999999880183,2,optimal,406.0511963769086,0,0,0.868988415091336,0.2691238667215549,712,0.7513901760889712,1.2818604240026565,0.22593517874601313,running
MPC,66.80999999999727,3.950485778975927,-33.349369149632885,5.489961217075368,-3.974870218412846,1.9761634390498148,-0.10589768543012285,5.611368494903422,0.12258559086603353,0.004808038225833755,0.638199999999145,3,optimal,406.4510744564507,0,0,0.8276933745787582,0.2810747470309122,703,0.7121872103799816,1.3699202372306882,0.21811666573475305,running
MPC,66.90999999999732,3.5800073968750907,-32.93886390295747,5.566567988697074,-4.081155374082859,1.9864762692359446,-0.07677471704107341,5.688608843998963,0.10105425045109913,0.057400134796236735,0.752500000000822,3,optimal,407.0508790075582,0,0,0.7719987426251481,0.29052737836611814,710,0.742678405931418,1.3990804828747079,0.2241197071405647,running
MPC,67.00999999999738,3.2387771969192256,-32.49308331093346,5.656346748080071,-4.1404541987387695,2.328036689451582,-0.03789901372782591,5.799371657642232,0.082755506838533,0.07299461921205719,0.43050000000022237,2,optimal,407.6507035891074,0,0,0.7469000871519182,0.2779324730604994,733,0.8428637627432809,1.2369696152925287,0.20762130414308752,running
MPC,67.10999999999743,2.9194232205313124,-32.019719031061555,5.757129383460904,-4.17492219232401,2.613376197651447,-0.022919718034107764,5.917684367845215,0.07005793782173708,0.06629303868552316,0.4432999999988141,2,optimal,408.25051457382676,0,0,0.784763978588292,0.2856440737864107,729,0.8254402224281745,1.3067516565268822,0.21092842571338707,running
MPC,67.20999999999748,2.616558162105409,-31.524421778009653,5.8475704958827714,-4.2112023624003925,2.3452120456990437,-0.017245267761679388,5.991650588030808,0.06429966829317821,0.06188820933916883,0.4443000000016184,2,optimal,408.85034599399137,0,0,0.8510451418615498,0.2939728176675043,711,0.7470342910101948,1.4667767109972496,0.22502164647011186,running
MPC,67.30999999999753,2.328068505396524,-31.011877830535017,5.91086937670703,-4.234797517794236,1.6413917720944098,-0.0017996465929529784,6.011709673092213,0.06547788839895054,0.04703776682400207,0.43959999999998445,2,optimal,409.45017567771697,0,0,0.845827413057058,0.2945385269459841,737,0.8602873030583873,1.3278181061697203,0.20447740104668097,running
MPC,67.40999999999758,2.0473416154093393,-30.488905999911474,5.9566418807450425,-4.233162612428913,1.1869184816196734,0.005576400947388101,6.029561224868997,0.0692509991233562,0.0074583190571626545,0.4254000000010194,2,optimal,410.0500154573997,0,0,0.8431043345387784,0.26796842974620383,723,0.7993049119555145,1.3205388874999178,0.21621722807816315,running
MPC,67.50999999999763,1.7701959484874725,-29.95868976887162,6.005182600447618,-4.247082261662545,1.258700578807308,-0.01614131530371069,6.082511938625773,0.07275309312693214,0.015418270488249952,0.4084999999989236,2,optimal,410.6498533233342,0,0,0.8446108977162703,0.2650183073930647,742,0.8820667284522705,1.2040654016552685,0.20076314597215372,running
MPC,67.60999999999768,1.5016664124737573,-29.41728565263535,6.076303412576292,-4.289291899562941,1.8442208508675557,-0.0426092782718229,6.189604685534374,0.07444699393752745,0.008053323128839551,0.5135999999996699,2,optimal,411.2496792217306,0,0,0.8207965681515904,0.26180997455830163,734,0.8472196478220577,1.2477369936650462,0.20682039817249392,running
MPC,67.70999999999773,1.2474863577899589,-28.85987654896842,6.169459264182715,-4.331872662609023,2.4156074540046633,-0.04700339309641847,6.317864157976758,0.07455244136294167,0.00016924656867889354,0.6950000000003342,3,optimal,411.84951215645566,0,0,0.7850944258604946,0.25448195952559316,739,0.8689990732159409,1.2012477252212752,0.20296376061118723,running
MPC,67.80999999999779,1.0131290070202326,-28.282907359880085,6.278180777015144,-4.392010482353918,2.8192377857085003,-0.04829553920212126,6.451383042753565,0.07074194723757453,0.02690760587607599,0.6683000000009542,3,optimal,412.44933319769825,0,0,0.7968878882618462,0.2525041937860205,703,0.7121872103799816,1.3972798730534652,0.21811666573475305,running
MPC,67.90999999999784,0.806860448162402,-27.68335584794043,6.394824880949792,-4.454125863806987,3.024677055400411,-0.03404567669734342,6.580648482555185,0.061382830898408486,0.055978941238235436,0.4548000000017538,2,optimal,413.04916587762517,0,0,0.8162561186060001,0.25700118555023876,703,0.7121872103799816,1.439430191015048,0.21811666573475305,running
MPC,68.00999999999789,0.6260258547749691,-27.06335449928978,6.513132603392197,-4.47566519708629,3.067816044510132,-0.015159354735228708,6.701606485400806,0.06715486969367668,0.04639532319314199,0.5019999999991143,2,optimal,413.6489910185913,0,0,0.7963274266324616,0.2574926447374023,705,0.7208989805375348,1.4567400362076868,0.2197779812188762,running
MPC,68.10999999999794,0.45981151241752155,-26.427406121407397,6.624505202888307,-4.4854484915540205,2.8879826320661284,-0.01777606810541651,6.80193086659881,0.10798697393609935,0.02595042868421693,0.43170000000003483,2,optimal,414.24882809221975,0,0,0.796445950856599,0.24220134145458094,722,0.7949490268767376,1.321888403637096,0.21713917065507293,running
MPC,68.20999999999799,0.3083644821806323,-25.778215951226947,6.702183638868193,-4.526007923728097,2.0142654028992926,-0.021769835604533234,6.825931743178236,0.05770325599473956,0.029246710873630732,0.4492000000002605,2,optimal,415.0486128348986,0,0,0.8488639539128935,0.23971171102743064,743,0.8864226135310473,1.2039440398321213,0.20004771979496722,running
MPC,68.30999999999804,0.17542977812456134,-25.117644040137456,6.769176228226176,-4.554298919974898,1.7371726566349082,-0.011445999756539947,6.875900904531684,0.05521407356583228,0.03118704486049495,0.5403999999984421,2,optimal,415.6484543645506,0,0,0.781356141174246,0.24840186099365485,703,0.7121872103799816,1.4782874059420696,0.21811666573475305,running
MPC,68.40999999999809,0.055177028015411744,-24.44749138496701,6.842223112656039,-4.551908620271753,1.8941654815855842,-0.010412023465147583,6.958592776384734,0.0955836651818349,0.0031216298462055647,0.44570000000021537,2,optimal,416.4482382854104,0,0,0.7971364523796861,0.23573075449130423,718,0.7775254865616312,1.3581297588461303,0.22094939445953415,running
MPC,68.50999999999814,-0.058673657815535636,-23.7670504709714,6.947461780684233,-4.564248603526093,2.728924770206286,-0.03311848525295865,7.115115589676668,0.05673040429775021,0.012463879302869074,0.5865999999983273,2,optimal,417.0480729305352,0,0,0.801372140406226,0.22951944016867384,748,0.9082020389249306,1.162669193439744,0.19660096634514493,running
MPC,68.6099999999982,-0.16058508900256993,-23.07377060285247,7.05864042818769,-4.607864249775444,2.8829532982015063,-0.04345725131758557,7.235757110504384,0.1208375241038859,0.004442164636316193,0.6462000000002632,3,optimal,417.8478564947043,0,0,0.7887240481912049,0.2131636484273261,724,0.8036607970342913,1.2431963621539437,0.2153071491827237,running
MPC,68.70999999999825,-0.242040238254132,-22.36567322045826,7.187160136565209,-4.651842889550611,3.3326211954444225,-0.03469388946631107,7.3919025477321325,0.08331567160663605,0.03015352851998454,0.8321000000020007,3,optimal,418.4476969720462,0,0,0.7812706025343927,0.22292331606748955,720,0.7862372567191844,1.3307430309226371,0.21901940157552577,running
MPC,68.8099999999983,-0.2979112554531365,-21.643116149410886,7.299058251312292,-4.693508880751285,2.9016096725102107,-0.018471738546699062,7.47732110381623,0.1009991669041287,0.050285666511314275,0.5560000000013332,2,optimal,419.24748408710883,0,0,0.786782750209506,0.21547234714611194,733,0.8428637627432809,1.2379704385972878,0.20762130414308752,running
MPC,68.90999999999835,-0.32786352704157623,-20.908275671749262,7.402263108366376,-4.717972655532219,2.6761863875456067,-0.001827263728928814,7.566676890066853,0.0968071709205181,0.060559736632117556,0.5860000000001975,2,optimal,419.84732587511365,0,0,0.7782058297430592,0.22408892824572246,364,-0.7644578313253012,1.4044757214144912,0.2239412608755995,running
MPC,69.0099999999984,-0.3413194424155909,-20.163927229939496,7.480978713530745,-4.712706117031187,2.041160048484045,0.008058234096173598,7.60637911321478,0.04684948868886041,0.038461976769509576,0.5350000000010624,2,optimal,420.647117016834,0,0,0.864086461217181,0.22532559000242236,733,0.8428637627432809,1.317334068108037,0.20762130414308752,running
MPC,69.10999999999845,-0.34812225836279564,-19.41208821241393,7.550836035772712,-4.707346117052582,1.8114575242943594,0.002961504702722518,7.662124465960181,0.04272374817380013,0.019528909008149853,0.5169000000009305,2,optimal,421.4469073702417,0,0,0.8718353657788216,0.22095072969036145,714,0.7601019462465248,1.4229506663354703,0.22496523842325897,running
MPC,69.2099999999985,-0.35347759974939164,-18.65351728391497,7.615762622178116,-4.705314579776849,1.6835995096325127,-0.0016925565470767066,7.719195986735963,0.0763994829249254,0.006868519814829277,0.48229999999982454,2,optimal,422.24669774697026,0,0,0.8703367263633758,0.21807407408703403,713,0.755746061167748,1.4243629259405983,0.22600293112750477,running
MPC,69.30999999999855,-0.35887944767712415,-17.888694895085496,7.676225888259276,-4.704894115781118,1.5678619616531515,-0.0043102231348145425,7.772548818343432,0.09175340476492848,0.0004706162464875874,0.5682000000000187,2,optimal,422.846540669587,0,0,0.8657090504896479,0.21531534495069724,727,0.8167284522706209,1.3352625224006593,0.2126462795560751,running
MPC,69.4099999999986,-0.3644872769415178,-17.119001308886915,7.714953839328475,-4.704904209076118,1.0042474591540582,-0.0069540746384419766,7.776650634174683,0.06274682748563948,0.0050363589295567834,0.45509999999993056,2,optimal,423.646331929611,0,0,0.8556980648424397,0.21089406718212378,710,0.742678405931418,1.4166766788596963,0.2241197071405647,running
MPC,69.50999999999866,-0.37021025010836145,-16.34578711114848,7.747174154715323,-4.704955181006378,0.8354991412421919,-0.008478635744663267,7.798503753452694,0.04040218470455303,0.007552287061459495,0.5668999999990376,2,optimal,424.44612344049614,0,0,0.8645238755849062,0.21093595922658567,709,0.7383225208526416,1.426823282194429,0.2232291878884924,running
MPC,69.6099999999987,-0.37598423568242484,-15.569474302068201,7.777114477613852,-4.704981161183616,0.7763770704878217,-0.008991456916029887,7.824811861764105,0.029884875781859086,0.007127402997241461,0.5529000000006334,2,optimal,425.24591500283884,0,0,0.8677395582891223,0.20598397029373572,722,0.7949490268767376,1.3347072482301072,0.21713917065507293,running
MPC,69.70999999999876,-0.3817847266995503,-14.790238711324646,7.80573757770525,-4.7049892732068574,0.7422204053227345,-0.00810920191341183,7.851336518146125,0.03402170889868183,0.003672074170263606,0.5566000000012394,2,optimal,426.0457065284907,0,0,0.7856390228295193,0.23075841150320847,719,0.781881371640408,1.4934313074695136,0.21997807798827246,running
MPC,69.80999999999881,-0.38760529972276564,-14.008212847034244,7.833028085615975,-4.7049906172314495,0.7076651997262079,-0.005719699822409506,7.87650409767787,0.043248089708538745,0.0026701855546802378,0.5068000000001405,2,optimal,426.84549778577986,0,0,0.8306014059347755,0.22702047846645226,719,0.781881371640408,1.4774142459714144,0.21997807798827246,running
MPC,69.90999999999886,-0.39344461933152136,-13.223544908253228,7.858709246161859,-4.704990372918017,0.6659335057578849,-0.00255797384278789,7.899621436191763,0.05127191032251123,0.009555630905393464,0.5903000000007097,2,optimal,427.6452887997274,0,0,0.8746292373638143,0.21986264287225685,724,0.8036607970342913,1.4106379905950581,0.2153071491827237,running
MPC,70.00999999999891,-0.399301911884494,-12.4364084421468,7.882547492322043,-4.704990063959048,0.6181452278298941,0.0001801981322251451,7.920523768944848,0.05855088105635493,0.01313614426573384,0.6202000000001817,2,optimal,428.44508016516676,0,0,0.8772997802389112,0.2096184093916591,366,-0.755746061167748,1.424864028754446,0.22600293112750477,running
MPC,70.10999999999896,-0.40517594983543687,-11.647010336718594,7.904124331339277,-4.704989917463609,0.5595050902877867,0.0018971409809607027,7.938498001350822,0.06621754425191317,0.013208680456248345,0.4934000000016425,2,optimal,429.2448717164284,0,0,0.8686334814076266,0.20908350137550713,365,-0.7601019462465246,1.4194594144478798,0.22496523842325905,running
MPC,70.20999999999901,-0.4110651583458975,-10.855576798051725,7.923438451780912,-4.704989870185644,0.5008309462241061,0.002133591707785866,7.9542074259616875,0.07401405830680488,0.009772417241556752,0.5582999999980132,2,optimal,430.04466322662756,0,0,0.8687446050882757,0.2121872515197007,348,-0.8341519925857275,1.3359763702534322,0.20925385860619156,running
MPC,70.30999999999906,-0.41696773280282146,-10.062352997552285,7.94013976014151,-4.704989867607428,0.4330785911113746,0.0007259724782357457,7.9667463108920495,0.08081213918363725,0.003288456828560271,0.5892000000002895,2,optimal,430.8444546590106,0,0,0.8668589599385018,0.21450937940859147,361,-0.7775254865616312,1.4322090734582855,0.22094939445953415,running
MPC,70.40999999999912,-0.4228817742677267,-9.267593486874677,7.954352739188271,-4.704989878166584,0.3685541760062619,-0.0019511322381111317,7.976995177742136,0.08578260687565925,0.003693236771717956,0.5417000000011996,2,optimal,431.6442459038583,0,0,0.8720155644807022,0.21090537657112046,735,0.8515755329008341,1.3092657458872121,0.20602954162158948,running
MPC,70.50999999999917,-0.42880554321620984,-8.471530905782467,7.966377123989191,-4.70498988977541,0.31180213646313687,-0.005750668090762419,7.985532952834585,0.08922382081834343,0.010342619618914028,0.585699999998468,2,optimal,432.4440370275774,0,0,0.8704839578889159,0.2125785034992061,733,0.8428637627432809,1.3326399958929458,0.20762130414308752,running
MPC,70.60999999999922,-0.4347372583881703,-7.67440375161341,7.975849148232157,-4.704989910752543,0.24561733880650663,-0.010680455520301578,7.990938857869842,0.09234278493316721,0.016657834648738934,0.6310000000002702,2,optimal,433.24382813882846,0,0,0.8680178876430101,0.21196916799389554,716,0.768813716404078,1.4366072710118576,0.22293077345441878,running
MPC,70.70999999999927,-0.43855800595084293,-6.876434647595714,7.983185369637432,-4.7230546510491385,0.19023422367157283,-0.016870125435038744,7.994872570599314,0.09643492403661222,0.004661659598080625,0.5992999999993032,2,optimal,434.04361930557565,0,0,0.8754543966608171,0.21037341523083838,735,0.8515755329008341,1.3114321779673541,0.20602954162158948,running
MPC,70.80999999999932,-0.4306147350302777,-6.077860142627747,7.988842742327836,-4.758401047531021,0.146700302829682,-0.014224832952159797,7.9978553999204,0.09942885017977704,0.023253537730989926,0.5829000000012741,2,optimal,434.8434104091727,0,0,0.8738397449412931,0.22144413625414425,714,0.7601019462465248,1.5062276186371213,0.22496523842325897,running
MPC,70.90999999999937,-0.4093335583823132,-5.279034079920871,7.9931454440698735,-4.761478218377475,0.11157257672164812,-0.0014534606735066534,8.0,0.10028869059543483,0.016464681993491936,0.6814000000012754,2,optimal,435.64320166345163,0,0,0.870488877995122,0.20513584847244618,745,0.8951343836886005,1.2235704698776784,0.19864329610943066,running
MPC,71.00999999999942,-0.37966458673964393,-4.48012903144982,7.995788845397337,-4.75823371415688,0.06854555930126661,-0.006308686124874024,8.0,0.10092745970850783,0.0008825760563411222,0.655200000000633,2,optimal,436.44299277555206,0,0,0.8656964645000863,0.2100558085179768,734,0.8472196478220577,1.3184393369919318,0.20682039817249392,running
MPC,71.10999999999947,-0.34669973024850187,-3.6811423581514715,7.99741284143447,-4.75595187669744,0.04211154602662706,-0.015824335157324426,8.0,0.10372043223635577,0.015984801188670517,0.6748999999981464,2,optimal,437.242782682952,0,0,0.8709560164004062,0.1949598607229229,718,0.7775254865616312,1.3318720096917729,0.22094939445953415,running
MPC,71.20999999999952,-0.3107302076826458,-2.8821595104536994,7.99841055718093,-4.773148670013485,0.025871585655302228,-0.026205475099268707,8.0,0.11103161433590387,0.013858061409544042,0.6634000000005358,2,optimal,438.04257171066394,0,0,0.7790994559578966,0.19844711707218804,699,0.6947636700648747,1.4341067540479293,0.21491658495418042,running
MPC,71.30999999999958,-0.26074421240944384,-2.0838719224694886,7.999023512316272,-4.826622669164584,0.015894428190711053,-0.02597767683160561,8.0,0.11840911483807473,0.028112290833521847,0.7009000000000043,2,optimal,438.8423615902419,0,0,0.8174937274746548,0.21029111052561786,741,0.8777108433734941,1.2761371560610881,0.2014875443267371,running
MPC,71.40999999999963,-0.18562510673656232,-1.2875187114319013,7.999400086505136,-4.8654739562326865,0.009764876837261047,-0.0032074570968575115,7.999999999999998,0.11670929297402122,0.059373854838389306,0.3304999999986791,1,optimal,439.64215243485063,0,0,0.851219807237541,0.21285727897370874,358,-0.790593141797961,1.4157580523356792,0.21807316453493358,running
MPC,71.50999999999968,-0.09155964544477314,-0.49312042869413214,7.999631438053631,-4.8426738995866225,0.005999134948635642,0.018405755850653988,8.0,0.10866741025221636,0.03289365295394209,0.627200000000272,2,optimal,440.4419438434641,0,0,0.864909257637949,0.20867290335840724,731,0.8341519925857277,1.3306715367135873,0.20925385860619153,running
MPC,71.60999999999973,0.0019440683360308821,0.30136459980538977,7.999773570840672,-4.8051441520953375,0.003685619463686862,0.009452423165114148,7.999999999999999,0.10350589953609715,0.005055255201520836,0.4778000000005278,1,optimal,441.2417354030195,0,0,0.7842882570903728,0.19870388312341764,722,0.7949490268767376,1.330340143111326,0.21713917065507293,running
MPC,71.70999999999978,0.08662062009084483,1.0968483252622863,7.999860891324515,-4.800055538176206,0.0022642915932833633,-0.008422358516549508,8.0,0.10178007531041597,0.009953342987603975,0.6972000000011747,2,optimal,442.04152696680416,0,0,0.8110083891008254,0.20959901495077837,702,0.7078313253012047,1.4912480506533883,0.21730154451353453,running
MPC,71.80999999999983,0.16446515952706264,1.8930397704108077,7.999914537404756,-4.802060940792887,0.0013910867548568412,-0.010090852706181062,8.0,0.10160047688618606,0.00779315327841168,0.60740000000159,2,optimal,442.8413185305924,0,0,0.8470755537612048,0.21199595945914498,691,0.6599165894346619,1.5488405872208098,0.20897586948035746,running
MPC,71.90999999999988,0.23936364375373304,2.689519005827588,7.999947495329387,-4.803888155935025,0.0008546259524402445,-0.008934354796640655,8.0,0.10204974437124305,0.0058472243453095984,0.5367999999990047,2,optimal,443.64111009445713,0,0,0.8581081318064079,0.2110669041570679,732,0.8385078776645041,1.3373297195479419,0.20843240730709414,running
MPC,72.00999999999993,0.3133833184289312,3.4860831364982863,7.9999677433100596,-4.804715093965836,0.0005250467061354796,-0.008467573767132747,8.0,0.10279347577457383,0.004937558004405318,0.5490000000012429,2,optimal,444.4409016584033,0,0,0.8697087061205587,0.20487464863640176,715,0.7644578313253012,1.406892376646735,0.2239412608755995,running
MPC,72.10999999999999,0.3872552539275957,4.282660667416945,7.999948870992871,-4.804973314734606,-0.00021476976093861568,-0.008770252935430907,7.999946266333966,0.10369569991766502,0.004632291778778885,0.6204000000007426,2,optimal,445.24069322240075,0,0,0.8628993656754873,0.19916040731542936,734,0.8472196478220577,1.2616802619250234,0.20682039817249392,running
MPC,72.19000000000003,0.44636863502682356,4.919921416591553,7.999965373798788,-4.805018983793315,0.0005112900712874287,-0.009447084804994376,8.0,0.06803015871444242,0.004575895046712297,0.6220999999992927,2,optimal,445.840536895411,1,0,0.803090667949036,0.20770603327838533,699,0.6947636700648747,1.4913949706639729,0.21491658495418042,lap_complete
