controller,time_s,x_m,y_m,speed_mps,yaw_rad,accel_command_mps2,steer_command_rad,speed_command_mps,cross_track_error_m,heading_error_rad,controller_update_ms,controller_iterations,controller_status,progress_m,lap_count,collision,minimum_clearance_m,minimum_ttc_s,critical_beam_index,critical_beam_angle_rad,critical_scan_range_m,critical_side_distance_m,termination_reason
Pure Pursuit,0.10999999999999999,0.5071138521098466,5.1882111782291584,0.28888366911729985,1.4735905410961985,8.0,-1.1789411931327365e-05,0.8,0.014290755019129334,0.0,0.07779999999968368,0,not_applicable,0.0,0,0,0.8755245913451394,nan,941,1.7488878591288235,1.0330155353593178,0.1574909440141784,running
Pure Pursuit,0.21000000000000005,0.5115345167441346,5.233545231708497,0.5973968804074414,1.4735905410961985,8.0,-1.2033897818732416e-05,1.0888836691172998,0.05983983492944572,0.0,0.0716000000000605,0,not_applicable,0.0,0,0,0.8793779360911839,5.758905028035437,741,0.8777108433734941,1.2644188224974315,0.2014875443267371,running
Pure Pursuit,0.3100000000000001,0.5189493877269291,5.309584964528115,0.905910091697583,1.4735905410961985,8.0,-1.2866040430981776e-05,1.3973968804074415,0.06370765503466366,3.924846755154476e-06,0.06980000000034181,0,not_applicable,0.19994789100343444,0,0,0.868123853582614,2.785026313053131,731,0.8341519925857277,1.3269819711431718,0.20925385860619153,running
Pure Pursuit,0.4100000000000002,0.5293584650582298,5.416330376688015,1.2144233029877245,1.4735905410961985,8.0,-1.4469168344572633e-05,1.7059100916975831,0.04354406713369797,3.924846755154476e-06,0.07330000000038694,0,not_applicable,0.19994789100343444,0,0,0.8654587652498191,1.8633814263288364,720,0.7862372567191844,1.411653281651638,0.21901940157552577,running
Pure Pursuit,0.5100000000000002,0.5427617487380371,5.553781468188196,1.5229365142778661,1.4735905410961985,8.0,-1.8404489534981564e-05,2.0144233029877245,0.018300780633989707,8.615609596418494e-06,0.0809999999997757,0,not_applicable,0.39989578200710246,0,0,0.8703269689216814,1.3793017774901986,364,-0.7644578313253012,1.4329260248717814,0.2239412608755995,running
Pure Pursuit,0.6100000000000003,0.5591592387663507,5.721938239028657,1.8314497255680078,1.4735905410961985,8.0,-2.2814735763376537e-05,2.322936514277866,0.04929430725475861,1.6632437475738726e-05,0.07689999999982433,0,not_applicable,0.599843673008182,0,0,0.8439645636373949,1.0973247825100079,343,-0.8559314179796107,1.30071707718561,0.20524858980469116,running
Pure Pursuit,0.7100000000000004,0.5785509351431706,5.920800689209399,2.1399629368581494,1.4735905410961985,8.0,-2.97620975428057e-05,2.631449725568008,0.04943651320777511,2.6054242240114434e-05,0.08380000000052235,0,not_applicable,0.7997915640118493,0,0,0.8280899298363593,0.9100737234840285,708,0.7339666357738648,1.4599538311740676,0.22234991952811328,running
Pure Pursuit,0.8100000000000005,0.6009368378684968,6.150368818730421,2.4484761481482904,1.4735905410961985,8.0,-4.0130637664350044e-05,2.9399629368581497,0.018727401907350893,3.837230666015046e-05,0.079200000000057,0,not_applicable,0.9997394550062536,0,0,0.8764326949406209,0.7701860783088272,725,0.8080166821130677,1.3531844951408383,0.2144087504700342,running
Pure Pursuit,0.9100000000000006,0.6263169469423296,6.410642627591722,2.7569893594384314,1.4735905410961985,8.0,-5.489112579403192e-05,3.24847614814829,0.042833046772531774,5.270920515609845e-05,0.08599999999958641,0,not_applicable,1.199687346009922,0,0,0.8623649567008678,0.6917951917251641,734,0.8472196478220577,1.3282627240862535,0.20682039817249392,running
Pure Pursuit,1.0100000000000007,0.6546912623646688,6.701622115793304,3.0655025707285724,1.4735905410961985,8.0,-7.096764033588887e-05,3.5569893594384316,0.06470311206301334,8.834952553637976e-05,0.07480000000015252,0,not_applicable,1.599583127996135,0,0,0.8502108154597615,0.6130871167104668,342,-0.8602873030583875,1.3069078490469084,0.20447740104668094,running
Pure Pursuit,1.1100000000000008,0.6871117531917844,7.023201828750221,3.3740157820187133,1.4666392036455453,8.0,-0.00010073425907782612,3.865502570728572,0.0585654444350392,0.006842395136160473,0.12259999999919557,0,not_applicable,1.7995310189619247,0,0,0.870973777446582,0.5360157817036949,730,0.8297961075069509,1.3192603565191119,0.21008581223244965,running
Pure Pursuit,1.2100000000000009,0.7241364030266637,7.375322376207035,3.6825289933088543,1.467985878262818,8.0,0.003680330886505286,4.174015782018714,0.013215425858037437,0.005447200081083903,0.07109999999954653,0,not_applicable,2.1994268009101687,0,0,0.8688851721986708,0.49660952922496276,362,-0.7731696014828544,1.4211388507037421,0.22193355627601147,running
Pure Pursuit,1.310000000000001,0.7610513814252841,7.758459750681894,3.9910422045989953,1.4819503383528227,8.0,0.0037787103221046414,4.482528993308854,0.003835977250871507,0.008575031232077368,0.0782999999984213,0,not_applicable,2.59932258283294,0,0,0.8141635994192933,0.4661027891772879,336,-0.8864226135310473,1.2851584085520105,0.20004771979496722,running
Pure Pursuit,1.410000000000001,0.7981732588723438,8.172563905684918,4.299555415889138,1.480836664055554,8.0,-0.0033573635485043304,4.7910422045989955,0.013587173596882829,0.0075280829787303105,0.08610000000075502,0,not_applicable,2.999218364731808,0,0,0.8723315307926804,0.4125783911296472,740,0.8733549582947173,1.2597755163745212,0.20222103997141733,running
Pure Pursuit,1.5100000000000011,0.8412107295948722,8.617099515707462,4.60806862717928,1.4651865305682963,8.0,-0.0037429235046353097,5.099555415889138,0.06030698418114232,0.00804651948945434,0.08419999999986771,0,not_applicable,3.399114146610239,0,0,0.8690543068730651,0.3910130410609533,349,-0.8297961075069509,1.3449278780284641,0.21008581223244965,running
Pure Pursuit,1.6100000000000012,0.8907819273589364,9.09198672184885,4.916581838469423,1.4661034331792504,8.0,0.0036249235918427093,5.40806862717928,0.06212706280445596,0.006996954428655222,0.0780999999996368,0,not_applicable,3.9989578194779294,0,0,0.868764971354842,0.3643098349248342,728,0.8210843373493977,1.3557391422618097,0.21178185999974475,running
Pure Pursuit,1.7100000000000013,0.940607691727174,9.597855445298014,5.225095049759565,1.4833804141061109,8.0,0.004556808013198136,5.7165818384694225,0.04640871522629373,0.010378322221995084,0.09989999999859833,0,not_applicable,4.398853601344331,0,0,0.8536970893804117,0.3404383498964121,360,-0.7818813716404078,1.4076834371018725,0.21997807798827249,running
Pure Pursuit,1.8100000000000014,0.9891396583990663,10.134836835394083,5.533608261049707,1.4826527155709093,8.0,-0.004242096250437819,6.025095049759565,0.014442601363641097,0.009812490515515027,0.09499999999995623,0,not_applicable,4.998697274159622,0,0,0.8709388650578136,0.3143263635447116,742,0.8820667284522705,1.2445923069487472,0.20076314597215372,running
Pure Pursuit,1.9100000000000015,1.0431067780447425,10.702295606935506,5.84212147233985,1.4637539242611954,8.0,-0.006164693062857972,6.333608261049707,0.04431403603117158,0.008899010299332488,0.07690000000160069,0,not_applicable,5.598540947045782,0,0,0.8258123909948623,0.304368945055367,339,-0.8733549582947173,1.2839506046423896,0.20222103997141733,running
Pure Pursuit,2.010000000000001,1.1050031664665176,11.299971711819163,6.150634683629992,1.4642742901154955,8.0,0.0031449613010174618,6.642121472339849,0.0431609908311081,0.008171728396073163,0.07340000000155555,0,not_applicable,6.198384619823757,0,0,0.8652512161544301,0.2849437555099018,363,-0.7688137164040778,1.419393329848634,0.22293077345441883,running
Pure Pursuit,2.109999999999999,1.1677714128362995,11.928567517462616,6.459147894920134,1.4847895559224662,8.0,0.004024871731061583,6.950634683629992,0.011282572663809129,0.012566626657869229,0.08320000000061611,0,not_applicable,6.798228292004551,0,0,0.8714601564477862,0.26179183134055384,726,0.8123725671918445,1.320972421668173,0.2135218524542555,running
Pure Pursuit,2.209999999999997,1.2279611463201843,12.588403052563313,6.7676611062102765,1.4845077072637822,8.0,-0.006893475155772722,7.259147894920134,0.051664833924284705,0.012532884725017457,0.07229999999935899,0,not_applicable,7.398071964426964,0,0,0.8169269734531768,0.25609461002634526,696,0.6816960148285451,1.4970776291271495,0.21261932153731197,running
Pure Pursuit,2.3099999999999947,1.2928682692877407,13.278783188290959,7.076174317500419,1.4623846278205683,8.0,-0.008085057591807037,7.567661106210276,0.055610901612616156,0.009230999607424017,0.11149999999915394,0,not_applicable,8.197863526989233,0,0,0.861200777844513,0.24969288956200822,362,-0.7731696014828544,1.43135080181021,0.22193355627601147,running
Pure Pursuit,2.4099999999999926,1.366886395555756,13.999268602812446,7.384687528790561,1.4623879705914666,8.0,0.0011243860054057071,7.876174317500419,0.06976956718352795,0.008939606523967747,0.08120000000033656,0,not_applicable,8.79770719839814,0,0,0.8729085677769141,0.23525633780990873,730,0.8297961075069509,1.3338119631578622,0.21008581223244965,running
Pure Pursuit,2.5099999999999905,1.4421354645035476,14.746771546164519,7.621977561840183,1.4867188528598392,6.153124712094389,0.0019026072693566318,8.0,0.02177231880328614,0.01576005692088689,0.11369999999999436,0,not_applicable,9.59749876136649,0,0,0.8484057010919652,0.21631379992225375,724,0.8036607970342913,1.324030890717239,0.2153071491827237,running
Pure Pursuit,2.6099999999999883,1.512324519098334,15.51363547942162,7.7677587072607,1.4891611738133392,3.780224381598174,-0.009710011630711165,8.0,0.015349529250265235,0.018502230631452843,0.08310000000122386,0,not_applicable,10.397290325128905,0,0,0.8209239216920406,0.22598436982449283,717,0.7731696014828544,1.4546904702419794,0.22193355627601147,running
Pure Pursuit,2.709999999999986,1.5839746503224252,16.2919551861829,7.8573205910321695,1.4625042976913896,2.322412927392996,-0.015886763618103858,8.0,0.03312412279241438,0.007932090588456564,0.0819999999990273,0,not_applicable,11.197081888976667,0,0,0.8645415607731761,0.21702318023740833,363,-0.7688137164040778,1.4345641684518202,0.22293077345441883,running
Pure Pursuit,2.809999999999984,1.6662213991840806,17.076348602880948,7.912343694339226,1.4348217775950751,1.426794089678305,-0.004207251052582052,8.0,0.041330444129457376,0.03546775935460156,0.0780999999996368,0,not_applicable,11.996873452802648,0,0,0.8592506237414967,0.2118960353781424,366,-0.755746061167748,1.4376762083713233,0.22600293112750477,running
Pure Pursuit,2.909999999999982,1.761638764643656,17.86364338705891,7.946147604775769,1.431684270383512,0.8765630566077398,0.01199499010612973,8.0,0.04500280873126347,0.038532234010672184,0.07659999999987122,0,not_applicable,12.79666501674395,0,0,0.873163415530413,0.2094055404009183,367,-0.7513901760889712,1.4366908944290953,0.22593517874601313,running
Pure Pursuit,3.00999999999998,1.8601664053838414,18.653255441515967,7.966915324008635,1.460455440482167,0.5385239522423113,0.02039652415508851,8.0,0.05268944780875357,0.009761794107039368,0.13399999999919032,0,not_applicable,13.596456580753909,0,0,0.8524390767160582,0.21426732083999792,375,-0.7165430954587582,1.5028396484352484,0.21894209497805295,running
Pure Pursuit,3.1099999999999777,1.9498907889712753,19.445561847407507,7.979674148551872,1.4910108318413446,0.33084675991364776,0.01307872806992998,8.0,0.05903226479582117,0.020718920573171484,0.11729999999943175,0,not_applicable,14.396248144728421,0,0,0.8004534756228346,0.20325764382289194,339,-0.8733549582947173,1.2422538438754163,0.20222103997141733,running
Pure Pursuit,3.2099999999999755,2.023556527230229,20.240529379130052,7.987512640679957,1.5186668038084272,0.20325851448127707,0.0010863980242007763,8.0,0.05756148003795252,0.04822665373061508,0.09110000000056573,0,not_applicable,15.196039708630275,0,0,0.7808748430053174,0.2107794287960514,347,-0.8385078776645043,1.3329398440256328,0.2084324073070941,running
Pure Pursuit,3.3099999999999734,2.081183221310985,21.037453384925605,7.9923282848354065,1.5216979875474486,0.1248735932004319,-0.016094328628383017,8.0,0.05431534002636784,0.051035529348986586,0.11160000000032255,0,not_applicable,15.995831272461304,0,0,0.8735276723124683,0.20501373811655815,727,0.8167284522706209,1.333728496371281,0.2126462795560751,running
Pure Pursuit,3.4099999999999713,2.1343334855988196,21.83507657375316,7.995286816687323,1.4921695764066214,0.07671715164593529,-0.026947724938351892,8.0,0.06151265884490089,0.021211194130898114,0.07659999999987122,0,not_applicable,16.795622835753388,0,0,0.8751531630394723,0.2005748636027734,724,0.8036607970342913,1.3279526523657252,0.2153071491827237,running
Pure Pursuit,3.509999999999969,2.1959227993139745,22.6323183503731,7.997104415836316,1.4606777008461045,0.04713183312676783,-0.022426602243991123,8.0,0.07164926678347874,0.010650507188016967,0.07070000000020116,0,not_applicable,17.59541439822796,0,0,0.7796378935636502,0.19843815690278174,741,0.8777108433734941,1.2151690233033376,0.2014875443267371,running
Pure Pursuit,3.609999999999967,2.2737460991201703,23.428275877803937,7.998221073297439,1.432358062977601,0.02895584163684184,-0.013192280300815968,8.0,0.07259131879021097,0.03941377256806167,0.07279999999987297,0,not_applicable,18.395205959860828,0,0,0.7826971236305831,0.20388218860263324,725,0.8080166821130677,1.3409532358657656,0.2144087504700342,running
Pure Pursuit,3.709999999999965,2.367904728733735,24.222566682249088,7.9989071012845105,1.4290332470072549,0.017789267025607458,0.001349868509989822,8.0,0.06385659276997058,0.04325604389758819,0.08809999999925822,0,not_applicable,19.194997520964222,0,0,0.822976249966368,0.2080615283529459,340,-0.8689990732159407,1.2773064466808643,0.20296376061118726,running
Pure Pursuit,3.8099999999999627,2.46680265549095,25.016342475090212,7.999328568399924,1.458584605238202,0.010928987154894543,0.009824020284786045,8.0,0.05678149553769272,0.014295869771721925,0.07390000000029318,0,not_applicable,19.99478908230577,0,0,0.8738287876588556,0.2043694898789892,369,-0.742678405931418,1.42836162651421,0.2241197071405647,running
Pure Pursuit,3.9099999999999606,2.557443812842725,25.811127904001417,7.999587500298801,1.4902047425665088,0.0067143160007621105,0.0032328726792035024,8.0,0.05572306117001363,0.016650249034305897,0.06899999999987472,0,not_applicable,20.794580645234614,0,0,0.8692300990591758,0.2107644370657117,361,-0.7775254865616312,1.422461508178776,0.22094939445953415,running
Pure Pursuit,4.009999999999959,2.6347795322738277,26.607343143742685,7.999746577308143,1.4957261464916847,0.0041249970119938695,-0.007684235498960312,8.0,0.055551057084074776,0.021426431703312154,0.109600000000043,0,not_applicable,21.594372207178644,0,0,0.8745902419356918,0.20531033557581913,741,0.8777108433734941,1.2508383129448477,0.2014875443267371,running
Pure Pursuit,4.109999999999957,2.708145309868298,27.403951283151702,7.9998443076187415,1.4670417319752003,0.0025342269185735233,-0.010207605957994382,8.0,0.055365144380701,0.008073172377438986,0.09199999999864872,0,not_applicable,22.394163765675955,0,0,0.8741230729197798,0.20868066457614357,722,0.7949490268767376,1.3862500035595107,0.21713917065507293,running
Pure Pursuit,4.209999999999955,2.7869949094752826,28.200042371807122,7.999904349064387,1.4585508057883005,0.001556923812584543,0.0038816116864943124,8.0,0.05516117693494494,0.017427858261215512,0.13020000000096843,0,not_applicable,23.193955321491476,0,0,0.8155583860727519,0.20245225778225368,344,-0.8515755329008341,1.2730109856224086,0.20602954162158948,running
Pure Pursuit,4.3099999999999525,2.866709727609782,28.996052282178407,7.9999412360360225,1.4851122120319074,0.0009565093561292315,0.009939567568985033,8.0,0.055226304098394394,0.008293247623914368,0.08610000000075502,0,not_applicable,23.99374687729297,0,0,0.8765677907966067,0.2085566017917571,366,-0.755746061167748,1.4402217557406267,0.22600293112750477,running
Pure Pursuit,4.40999999999995,2.9400954251395937,29.792673166933625,7.9999638978600665,1.4927243521839115,0.0005876396397752615,-0.001813158308243689,8.0,0.05490973914406458,0.015098754436998263,0.109600000000043,0,not_applicable,24.793538434716766,0,0,0.8652779023219523,0.21073577270584024,360,-0.7818813716404078,1.4162558344458942,0.21997807798827249,running
Pure Pursuit,4.509999999999948,3.012507149489002,30.589385347399617,7.9999778203439735,1.4659108505657172,0.0003610213993354705,-0.006001917306358933,8.0,0.05461110087726288,0.012487909027635524,0.10250000000056048,0,not_applicable,25.59332999481914,0,0,0.8710658745411868,0.21220833410631626,732,0.8385078776645041,1.3434416930491577,0.20843240730709414,running
Pure Pursuit,4.609999999999946,3.091291567445967,31.38549331836699,7.999986373740107,1.4582601829805755,0.00022179656026466432,0.007774698093626623,8.0,0.05488991837214579,0.020878517650867234,0.07489999999954478,0,not_applicable,26.393121556870096,0,0,0.8536115520990861,0.20379827658144695,334,-0.8951343836886005,1.218306772205189,0.19864329610943066,running
Pure Pursuit,4.709999999999944,3.171088503262498,32.181501528655744,7.999991628591605,1.4850829484497197,0.00013626259892873804,0.014387128033418408,8.0,0.05606781363231346,0.005237878480321534,0.07620000000052585,0,not_applicable,27.192913117219135,0,0,0.7792392461214923,0.2016900745496756,352,-0.8167284522706209,1.317275976149983,0.2126462795560751,running
Pure Pursuit,4.809999999999942,3.241657503246783,32.97837229346862,7.999994856954214,1.5156489043380976,8.371408394935997e-05,0.0035040214251608037,8.0,0.05544083900204802,0.03513092629090675,0.07519999999949789,0,not_applicable,27.99270467653792,0,0,0.8657330309121908,0.20950449014833245,717,0.7731696014828544,1.4214722084626967,0.22193355627601147,running
Pure Pursuit,4.90999999999994,3.298795657690358,33.77632368543909,7.999996840326178,1.5208946481080294,5.1430457856938006e-05,-0.013031594043288876,8.0,0.05401598135156752,0.03973708874868276,0.07680000000043208,0,not_applicable,28.7924962358914,0,0,0.8701480088156472,0.1966705987248666,732,0.8385078776645041,1.2603412334929744,0.20843240730709414,running
Pure Pursuit,5.009999999999938,3.3520164868604807,34.57455064835151,7.9999980588275745,1.4921766354449983,3.1596738221395526e-05,-0.021685883842798306,8.0,0.05775526889881179,0.010412923092462556,0.08300000000005525,0,not_applicable,29.592287796089963,0,0,0.7843738497217241,0.21221247625367073,694,0.6729842446709915,1.5386760831725765,0.2111347683074644,running
Pure Pursuit,5.1099999999999355,3.4136557134851873,35.37216278675102,7.999998807424248,1.460793721311697,1.9411724254680962e-05,-0.013917513210597473,8.0,0.061557902995324286,0.021542452756107888,0.07700000000099294,0,not_applicable,30.39207935770279,0,0,0.8670745594182594,0.20801246247297459,366,-0.755746061167748,1.4370679567350924,0.22600293112750477,running
Pure Pursuit,5.209999999999933,3.491469289935327,36.16835156387644,7.999999267330966,1.4323993549806533,1.1925757519293256e-05,-0.0010173756830368827,8.0,0.05817786124772342,0.05048357439274387,0.08640000000070813,0,not_applicable,31.191870921074685,0,0,0.868894555321995,0.20765772769891694,367,-0.7513901760889712,1.4398863986507415,0.22593517874601313,running
Pure Pursuit,5.309999999999931,3.5856104334856242,36.962786191991,7.999999549878561,1.4290127278059475,7.3266903388713445e-06,0.017299918956294524,8.0,0.053811804158081,0.05437654776510925,0.0724000000005276,0,not_applicable,31.991662484062985,0,0,0.8664595322130492,0.2055357546674945,365,-0.7601019462465246,1.416687371842213,0.22496523842325905,running
Pure Pursuit,5.409999999999929,3.684507309578311,37.75664928330857,7.999999723464076,1.4585557242287106,4.501214387886421e-06,0.02949101012692063,8.0,0.06238708517343386,0.02530459569711674,0.07939999999884151,0,not_applicable,32.7914540461602,0,0,0.8310306197660411,0.19471015448934248,352,-0.8167284522706209,1.2790496392798585,0.2126462795560751,running
Pure Pursuit,5.509999999999927,3.775158937908375,38.55148701263005,7.999999830107809,1.4901917369481168,2.765359239376153e-06,0.026495663755700442,8.0,0.07546157196337619,0.005893669303787874,0.08539999999968018,0,not_applicable,33.59124560802337,0,0,0.7862327951043484,0.19668390961486976,361,-0.7775254865616312,1.3422862323603713,0.22094939445953415,running
Pure Pursuit,5.609999999999925,3.8496324864594826,39.347995152032254,7.99999989562529,1.5186316242547913,1.6989219098206831e-06,0.01904877860252083,8.0,0.07929996607445423,0.03392932460956111,0.10310000000046671,0,not_applicable,34.391037170119375,0,0,0.7771434513841584,0.20956801608324102,366,-0.755746061167748,1.446124783160022,0.22600293112750477,running
Pure Pursuit,5.709999999999923,3.9048299980212193,40.1460677250175,7.99999993587651,1.544918060244773,1.04374709763988e-06,0.006606242663509711,8.0,0.06999079940758643,0.05984492687864762,0.09209999999981733,0,not_applicable,35.19082873273681,0,0,0.8467331695016678,0.2039373392240353,708,0.7339666357738648,1.4337757419635764,0.22234991952811328,running
Pure Pursuit,5.809999999999921,3.942789215472028,40.945159400239746,7.99999996060519,1.5474300122653422,6.412348962925307e-07,-0.012701779236081753,8.0,0.056194130445744415,0.06201963849970493,0.08849999999860358,0,not_applicable,35.990620296020644,0,0,0.8108089518203226,0.20859287310646957,724,0.8036607970342913,1.3735415153077852,0.2153071491827237,running
Pure Pursuit,5.909999999999918,3.975854511186732,41.7444753117957,7.999999975797464,1.5176359652755116,3.939481008075063e-07,-0.026640672559834596,8.0,0.05889182998233299,0.03192165550430026,0.09049999999888314,0,not_applicable,36.790411859693045,0,0,0.8589490654075205,0.19697827896606696,739,0.8689990732159409,1.2203034002997701,0.20296376061118723,running
Pure Pursuit,6.009999999999916,4.017255368701836,42.54339372004444,7.999999985130967,1.4859619209879054,2.420253597534838e-07,-0.025531662646927623,8.0,0.07292850397622065,2.2781157783313688e-05,0.08799999999986596,0,not_applicable,37.59020342317203,0,0,0.7787506152341674,0.19377125456290042,735,0.8515755329008341,1.2272794817236017,0.20602954162158948,running
Pure Pursuit,6.109999999999914,4.074927332824641,43.34129434458748,7.999999990865083,1.457531230659156,1.4869033115871844e-07,-0.019847056681654766,8.0,0.07975307870992152,0.02869047782978207,0.0819999999990273,0,not_applicable,38.38999498661522,0,0,0.7755668754762481,0.21398518459221236,345,-0.8472196478220575,1.3402047662352006,0.20682039817249398,running
Pure Pursuit,6.209999999999912,4.151887394867587,44.13756297111039,7.999999994387887,1.4312550298804811,9.134916822972627e-08,-0.008991205727400019,8.0,0.07307280986820296,0.05517014513613727,0.08570000000140965,0,not_applicable,39.18978655017145,0,0,0.8602736831468021,0.20997586881972144,365,-0.7601019462465246,1.4424318217564482,0.22496523842325905,running
Pure Pursuit,6.30999999999991,4.246023745899622,44.93199783801703,7.99999999655215,1.4287479676406274,5.612113440633948e-08,0.008889843287893997,8.0,0.05913593562098866,0.05784725798178414,0.07360000000034006,0,not_applicable,39.98957811389573,0,0,0.8666114038800321,0.20542679670631683,366,-0.755746061167748,1.4220142952942292,0.22600293112750477,running
Pure Pursuit,6.409999999999908,4.345025169099745,45.72584792652764,7.999999997881783,1.458543614173472,3.447850005500186e-08,0.021561863843548523,8.0,0.056619138682342335,0.02818824084568483,0.07780000000146003,0,not_applicable,40.78936967777874,0,0,0.8728801487905353,0.20618111118856902,335,-0.8907784986098239,1.2365259636304504,0.19934114321212795,running
Pure Pursuit,6.509999999999906,4.435739272034827,46.520678479479955,7.999999998698656,1.490217987380858,2.1182167131428287e-08,0.019329910672327068,8.0,0.06549505072582953,0.003381628054967667,0.0762999999999181,0,not_applicable,41.58916124177166,0,0,0.7973320495426739,0.20005809685816847,360,-0.7818813716404078,1.3556505179748708,0.21997807798827249,running
Pure Pursuit,6.6099999999999035,4.510236595130384,47.317184356565086,7.999999999200508,1.5186486704692992,1.3013439215114886e-08,0.012631614344504414,8.0,0.06957823807514178,0.031743536521913196,0.07510000000010564,0,not_applicable,42.38895280576618,0,0,0.7931487038211168,0.21183106483386954,361,-0.7775254865616312,1.4286434302720914,0.22094939445953415,running
Pure Pursuit,6.709999999999901,4.565440274370221,48.1152564907723,7.999999999508826,1.544924825521967,7.994920281362283e-09,0.0008329764014852416,8.0,0.06308336953165244,0.0579846231880925,0.07790000000085229,0,not_applicable,43.18874436976838,0,0,0.8701301432703042,0.1983690379611182,711,0.7470342910101948,1.3893799623162342,0.22502164647011186,running
Pure Pursuit,6.809999999999899,4.603400132949762,48.9143481376412,7.999999999698243,1.5474318616442468,4.9117421241362536e-09,-0.017935818265073285,8.0,0.05584408690947381,0.06048986169121129,0.08139999999912106,0,not_applicable,43.988535933782,0,0,0.811865438622484,0.20648040217851216,726,0.8123725671918445,1.3496233989481734,0.2135218524542555,running
Pure Pursuit,6.909999999999897,4.636465027890636,49.71366406888848,7.999999999814612,1.5176362053863717,3.0175684173627815e-09,-0.03143511041884973,8.0,0.06537360673594825,0.030725927738126213,0.11980000000022528,0,not_applicable,44.78832749778781,0,0,0.8632437130450872,0.19928794656995166,720,0.7862372567191844,1.3454159263311103,0.21901940157552577,running
Pure Pursuit,7.009999999999895,4.677865567334282,50.512582495234334,7.999999999886105,1.4859618296882429,1.8538770518716774e-09,-0.0300107856909987,8.0,0.08162354852663861,0.0008831513866089935,0.13639999999881525,0,not_applicable,45.588119061768474,0,0,0.7736694186961182,0.19051509421097282,733,0.8428637627432809,1.221660923370869,0.20762130414308752,running
Pure Pursuit,7.109999999999893,4.7355373939149,51.31048313061866,7.9999999999300275,1.4575311463393719,1.1389467147182586e-09,-0.024136213242440006,8.0,0.08860978883694619,0.029215260130171394,0.07300000000043383,0,not_applicable,46.38791062573539,0,0,0.7767412621080911,0.2043781131068692,697,0.6860518999073215,1.4784811610917563,0.21337555590733343,running
Pure Pursuit,7.209999999999891,4.812497414722765,52.10675176172768,7.999999999957012,1.4312549914417219,6.997247226081527e-10,-0.013229448762426418,8.0,0.0812137185771757,0.05535942948965333,0.08920000000145478,0,not_applicable,47.18770218967537,0,0,0.850561346343031,0.21071599215840645,363,-0.7688137164040778,1.4345240912204835,0.22293077345441883,running
Pure Pursuit,7.309999999999889,4.906633758712511,52.90118662989234,7.99999999997359,1.4287479554440436,4.298783551348606e-10,0.004564239198837774,8.0,0.06478936068423914,0.0577008776221728,0.12350000000083128,0,not_applicable,47.98749375345189,0,0,0.8675931950423645,0.2090697840426077,363,-0.7688137164040778,1.425058579222703,0.22293077345441883,running
Pure Pursuit,7.4099999999998865,5.005635182979027,53.69503671854336,7.999999999983776,1.4585436117609476,2.6409985309783224e-10,0.017043488898775386,8.0,0.05700629291677334,0.027706384242786264,0.0695000000003887,0,not_applicable,48.787285317015716,0,0,0.8733726516887017,0.2103612683617768,331,-0.9082020389249306,1.2318548276149348,0.19660096634514493,running
Pure Pursuit,7.509999999999884,5.096349287475319,54.48986727148408,7.999999999990032,1.4902179874815553,1.6224355192662188e-10,0.014528392956033287,8.0,0.06172119712012716,0.004200376140723439,0.07039999999847169,0,not_applicable,49.58707688038287,0,0,0.7963991971050054,0.20375615021176827,357,-0.7949490268767376,1.3586971070116591,0.21713917065507293,running
Pure Pursuit,7.609999999999882,5.170846611387358,55.28637314859418,7.999999999993874,1.5186486708376037,9.968026404294505e-11,0.007444838976719684,8.0,0.06439941127494493,0.03289668815369673,0.07219999999996674,0,not_applicable,50.38686844365591,0,0,0.86739679469178,0.21375121322413126,360,-0.7818813716404078,1.4333824127721642,0.21997807798827249,running
Pure Pursuit,7.70999999999988,5.228928738821651,56.08425498597681,7.999999999996237,1.522019987610183,6.125766560671764e-11,-0.004834955203767591,8.0,0.06025113319771776,0.036541015525361153,0.06970000000094956,0,not_applicable,51.18666000714454,0,0,0.8692903021496325,0.20141542257129422,726,0.8123725671918445,1.321754743665957,0.2135218524542555,running
Pure Pursuit,7.809999999999878,5.282211096554892,56.88247816977094,7.999999999997687,1.4924633500879219,3.7632119642694306e-11,-0.010911301573554064,8.0,0.056976202352015344,0.007213679128859063,0.07039999999847169,0,not_applicable,51.98645157106589,0,0,0.852571522451014,0.20530933062784346,347,-0.8385078776645043,1.3065469054923846,0.2084324073070941,running
Pure Pursuit,7.909999999999876,5.3437675505462865,57.68009686150498,7.999999999998579,1.4608212003721117,2.312816604899126e-11,-0.0017575033012871535,8.0,0.05661618310941512,0.02425556789420824,0.11100000000041632,0,not_applicable,52.78624313494895,0,0,0.8753291712115792,0.20279409820070068,369,-0.742678405931418,1.4192419403470182,0.2241197071405647,running
Pure Pursuit,8.009999999999874,5.41865418012749,58.476578979805,7.999999999999127,1.4552842426314692,1.4210854715202004e-11,0.011923633361985427,8.0,0.05658760015011452,0.02967085152023108,0.09750000000074976,0,not_applicable,53.58603469882554,0,0,0.8712706822638756,0.20727980570187277,365,-0.7601019462465246,1.426799708967125,0.22496523842325905,running
Pure Pursuit,8.109999999999872,5.497515900881105,59.27268198741966,7.9999999999994635,1.4839659637520037,8.730793865652231e-12,0.01745692348864258,8.0,0.05817942640396445,0.0009189869399897077,0.09499999999995623,0,not_applicable,54.38582626277522,0,0,0.8636140124493179,0.20327385154174668,338,-0.8777108433734939,1.24048332057321,0.20148754432673713,running
Pure Pursuit,8.20999999999987,5.568023781167181,60.06955931712232,7.99999999999967,1.5153642099315319,5.364597654988756e-12,0.006671619932467713,8.0,0.05849149583526258,0.030498236376029997,0.1020000000000465,0,not_applicable,55.185617826779925,0,0,0.7766678223196611,0.2094035397989695,365,-0.7601019462465246,1.4391133872607986,0.22496523842325905,running
Pure Pursuit,8.309999999999867,5.625244066174766,60.867505240868546,7.9999999999997975,1.5208673962761659,3.304023721284466e-12,-0.009048341832142174,8.0,0.056187668774312305,0.035969035821655115,0.08569999999963329,0,not_applicable,55.985409390788334,0,0,0.8753022167064048,0.20520456638840495,729,0.8254402224281745,1.3243413741715035,0.21092842571338707,running
Pure Pursuit,8.409999999999865,5.678521181447649,61.66572871068722,7.999999999999876,1.4921964905541814,2.0250467969162855e-12,-0.016706905731061445,8.0,0.05680649975805187,0.007214497728956548,0.07719999999977745,0,not_applicable,56.785200954773636,0,0,0.8759770090605041,0.2047263057024615,712,0.7513901760889712,1.4227497079069609,0.22593517874601313,running
Pure Pursuit,8.509999999999863,5.7401832771996455,62.46333927006555,7.999999999999924,1.4608088993852417,1.2434497875801753e-12,-0.008008715224762205,8.0,0.058270743690745745,0.024308239886085214,0.07719999999977745,0,not_applicable,57.584992518704404,0,0,0.8207289828975763,0.20344238439181153,361,-0.7775254865616312,1.3808177758705846,0.22094939445953415,running
Pure Pursuit,8.60999999999986,5.815132929142483,63.25981551213808,7.999999999999954,1.4553106467333408,7.638334409421077e-13,0.005705896664246006,8.0,0.05651839340805372,0.02999288604738437,0.07860000000015077,0,not_applicable,58.38478408240411,0,0,0.8683599118889135,0.20462137273035422,367,-0.7513901760889712,1.4221362776730138,0.22593517874601313,running
Pure Pursuit,8.709999999999859,5.8940185776288,64.0559161422437,7.999999999999972,1.4839831243367263,4.618527782440651e-13,0.011472016502108202,8.0,0.055399477035416936,0.0015584242452506558,0.07719999999977745,0,not_applicable,59.18457564575816,0,0,0.8678997826571415,0.2079516885875624,722,0.7949490268767376,1.3822029011959267,0.21713917065507293,running
Pure Pursuit,8.809999999999857,5.962714746284178,64.83673798795691,7.756126516441962,1.5219867745485332,-2.775316313279319,0.0010181305547460138,7.72246836867204,0.0713916158765011,0.03615595456936882,0.07659999999987122,0,not_applicable,59.98436720876312,0,0,0.8484301401051079,0.21072834379283276,692,0.6642724745134383,1.5370484333604932,0.20968660597172056,running
Pure Pursuit,8.909999999999854,6.012835095575841,65.58390899790852,7.352198252802761,1.5466987213724013,-4.596763383690323,-0.017729006678749503,7.29645017807293,0.0783250478038601,0.06061328582372738,0.08720000000117523,0,not_applicable,60.58421088117745,0,0,0.8637467279606157,0.2064177418711919,739,0.8689990732159409,1.2365567395447434,0.20296376061118723,running
Pure Pursuit,9.009999999999852,6.051584391522877,66.29524096409921,7.007427929650866,1.5127175136164241,-3.9235372711213046,-0.03425548787653416,6.959844525690631,0.034105764704547285,0.02625154538658414,0.0762999999999181,0,not_applicable,61.38400244401097,0,0,0.8704179099465873,0.2092230622505215,718,0.7775254865616312,1.3171853663012703,0.22094939445953415,running
Pure Pursuit,9.10999999999985,6.099582214579482,66.96397339119456,6.5480714240566105,1.4327668220115368,-5.235168168179856,-0.028804830337167152,6.483911112832881,0.07294592594742699,0.05401445293160467,0.0743000000014149,0,not_applicable,61.98384611631512,0,0,0.8201121899599251,0.23274250427570203,358,-0.790593141797961,1.3653056417339262,0.21807316453493358,running
Pure Pursuit,9.209999999999848,6.168290878573547,67.58905631811889,6.15667050238527,1.3951035620919947,-4.454200379225091,0.011776070652171755,6.102651386134101,0.09257134146106795,0.09202970654294695,0.08529999999851157,0,not_applicable,62.583689788813075,0,0,0.8589516469429154,0.23959023261918122,375,-0.7165430954587582,1.4019845250392775,0.21894209497805295,running
Pure Pursuit,9.309999999999846,6.248664655998897,68.17239711131761,5.751806052906083,1.4193808341856984,-4.607417317017006,0.03703444442920293,5.69592877068357,0.07765085263087361,0.0681336978254743,0.0771000000003852,0,not_applicable,63.18353346099649,0,0,0.8414477961922513,0.24329911844869995,366,-0.755746061167748,1.3161238461300984,0.22600293112750477,running
Pure Pursuit,9.409999999999844,6.316736439163885,68.71454644847788,5.317744425297811,1.4986413837160046,-4.939685522568356,0.0367675036033853,5.257837500649248,0.03772820788056559,0.01072430760203158,0.07750000000150692,0,not_applicable,63.783377131232626,0,0,0.8730087414890365,0.29053487781431153,364,-0.7644578313253012,1.4300707862200221,0.2239412608755995,running
Pure Pursuit,9.509999999999842,6.354121579331054,69.21386762065958,4.846087015390364,1.5802445381286743,-5.379844081688718,0.005542878676684648,4.77976001712894,0.07992063058013327,0.09186431586908883,0.09820000000004825,0,not_applicable,64.3832208023642,0,0,0.8170818487239179,0.3065718706283452,707,0.729610750695088,1.436740938520526,0.22148173646210823,running
Pure Pursuit,9.60999999999984,6.36451309797867,69.6644145733013,4.323610828478486,1.5949232451700899,-5.978689828157799,-0.03644434244533676,4.248218032574584,0.02576020451729496,0.10589335688398727,0.09820000000004825,0,not_applicable,64.78311658064477,0,0,0.8696000657293459,0.30344819183445576,703,0.7121872103799816,1.331216159047938,0.21811666573475305,running
Pure Pursuit,9.709999999999837,6.37291565732913,70.06929958581728,3.910368501784935,1.5220338585357396,-4.702758798856093,-0.0647326385963876,3.853334948592877,0.0333184992980213,0.03164032555957874,0.08919999999967843,0,not_applicable,65.1830123210781,0,0,0.8733913543534151,0.35694932701272614,689,0.6512048192771083,1.4350583896015154,0.2075805028346246,running
Pure Pursuit,9.809999999999835,6.402468830391437,70.43007379152573,3.473377870986545,1.4182592031270091,-4.973018012089496,-0.08106432133111022,3.4130667005759854,0.06426695939182132,0.05533180595742948,0.1259000000004562,0,not_applicable,65.58290805550666,0,0,0.8225425734594363,0.3887692859777278,683,0.6250695088044487,1.4363848834933253,0.20359530110414154,running
Pure Pursuit,9.909999999999833,6.461398474613911,70.73918533687684,2.9774636276260766,1.2926642719613353,-5.665138516089376,-0.1479528930105504,2.906864019377607,0.053853068860802676,0.15148514036927097,0.07229999999935899,0,not_applicable,65.78277310820086,0,0,0.87325628278244,0.42798424686436704,674,0.5858665430954586,1.4367875511857178,0.1981437927018734,running
Pure Pursuit,10.009999999999831,6.557140457434088,70.99838585816457,2.661093423732082,1.1261949724867513,-3.6003397134139625,-0.24806798883560607,2.6174296562846804,0.07787357874806579,0.11122615477508635,0.07780000000146003,0,not_applicable,66.18134217265018,0,0,0.8878103353455349,0.4833438170827825,635,0.41598702502316964,1.4968986956808652,0.18049280228087206,running
Pure Pursuit,10.109999999999829,6.680935134303093,71.1871747123084,2.0192573574778905,0.8947274140371377,-7.473574205163964,-0.3022487157355874,1.9137360032156856,0.0997923689371257,0.10783565296212805,0.08219999999958816,0,not_applicable,66.38129006365385,0,0,0.9028067504187234,0.5392805889717246,712,0.7513901760889712,1.2746034458111088,0.22593517874601313,running
Pure Pursuit,10.209999999999827,6.806665541689686,71.2990637524742,1.5093162358498213,0.7128191646722108,-5.8301143077363955,-0.28903239167527844,1.4362459267042509,0.11858179434163423,0.030516545015262242,0.07030000000085579,0,not_applicable,66.57831954454069,0,0,0.9146599671812872,0.6950529884656623,706,0.7252548656163116,1.270899335930046,0.2206244765899192,running
Pure Pursuit,10.309999999999825,6.941407468820632,71.3794804312689,1.6219491481423705,0.5814716837931571,2.9206635740891818,-0.2591637460378227,1.8013825932587395,0.15209409283236752,0.11038509011974007,0.07400000000146179,0,not_applicable,66.7759801806501,0,0,0.8650235189255457,0.924691103937969,616,0.3332252085264136,1.4935901693684333,0.17471041482654462,running
Pure Pursuit,10.409999999999823,7.076771995688908,71.44079736283886,1.4177844241002475,0.46626503718906753,-2.323424756818604,-0.23437820253322952,1.38960667246051,0.13967673508553058,0.24480207342890248,0.08230000000075677,0,not_applicable,66.97592807165377,0,0,0.8954727656730888,0.8248302691628548,654,0.4987488415199257,1.3628623502257429,0.18800209308649293,running
Pure Pursuit,10.50999999999982,7.218290539379852,71.4875379383253,1.5533730173847848,0.3621492708036842,3.5159231649764933,-0.22666443262660269,1.7693767405978968,0.14552386051669605,0.29619388653459966,0.07190000000001362,0,not_applicable,67.17389807344261,0,0,0.8214399012711074,0.9366114679650884,706,0.7252548656163116,1.214342238878281,0.2206244765899192,running
Pure Pursuit,10.609999999999818,7.376882016820247,71.52351963801442,1.689158982969116,0.25773353979705305,3.521041190203844,-0.19467500251776002,1.9054771364051692,0.12500840402216784,0.1917781555279685,0.1304999999991452,0,not_applicable,67.17389807344261,0,0,0.8956978528659926,0.8832034662995354,703,0.7121872103799816,1.2565885550470088,0.21811666573475305,running
Pure Pursuit,10.709999999999816,7.5483779045454495,71.54914564165576,1.7725802431902542,0.17204572914185046,2.163181534360532,-0.1530835913997294,1.9054771364051692,0.08079071404446404,0.2388354297946398,0.08900000000089392,0,not_applicable,67.37384596444629,0,0,0.8568978795043175,0.7819118282720448,687,0.6424930491195551,1.2636362187970034,0.20621919386478796,running
Pure Pursuit,10.809999999999814,7.7336490527378166,71.56665810696127,1.936580673910862,0.10645816843676204,4.252665356787548,-0.10893981265945622,2.197846778869009,0.049219921807930216,0.24542786356801072,0.11909999999915044,0,not_applicable,67.57333500146584,0,0,0.8635740503217132,0.753600060047991,722,0.7949490268767376,1.15263977653712,0.21713917065507293,running
Pure Pursuit,10.909999999999812,7.937823618249262,71.57731026706212,2.1365392209443925,0.05962210381038635,5.185088734381087,-0.06300170316473491,2.4550895473489707,0.059121711749451744,0.2440825137661604,0.11359999999882575,0,not_applicable,67.77328289246951,0,0,0.8539988972063449,0.7150299784153314,731,0.8341519925857277,1.1395126114765766,0.20925385860619153,running
Pure Pursuit,11.00999999999981,8.16281113225767,71.58573185738103,2.3493350798158157,0.03937189894665205,5.517970734064912,-0.01061918090403296,2.6883362943508837,0.10810239856425113,0.21502224046259943,0.08439999999865222,0,not_applicable,67.97322402183234,0,0,0.7888168624870023,0.7332465636267845,765,0.9822520852641334,1.0560589285283786,0.18635413421614158,running
Pure Pursuit,11.109999999999808,8.40902306679374,71.5966070336608,2.5628107275055036,0.05127034403845454,5.535598214338373,0.043564012621217806,2.902894901249653,0.15431413465312185,0.11009778703676121,0.09020000000070638,0,not_applicable,68.37251005037277,0,0,0.7710757326855839,0.6986783539665598,411,-0.559731232622799,1.58577562266728,0.1948317437819965,running
Pure Pursuit,11.209999999999805,8.666281714560789,71.62116467306281,2.6042076082412393,0.11944664111393366,1.0734549891752865,0.13210463717434395,2.6701562264230323,0.1648465430552196,0.055436373126104055,0.1057000000006525,0,not_applicable,68.57245794137643,0,0,0.6868536132194348,0.6135471992869058,369,-0.742678405931418,1.3824476633633693,0.2241197071405647,running
Pure Pursuit,11.309999999999803,8.906777182070737,71.67070498962586,2.38225946619114,0.24023099669215386,-2.5258026840263526,0.18261795335628353,2.351627339838604,0.19010779060388083,0.032587643092733654,0.07950000000001012,0,not_applicable,68.77036789532544,0,0,0.7084299292553656,0.5704153495988876,426,-0.4943929564411491,1.495162911874072,0.187558879276136,running
Pure Pursuit,11.409999999999801,9.12952152526919,71.75198181227945,2.36966352209772,0.38602221432909967,-0.1433437068007759,0.23659251547768742,2.3679250955110622,0.16753729596550088,0.1429695024295885,0.09960000000042157,0,not_applicable,69.1679749694093,0,0,0.7310084849813094,0.6116556180289787,442,-0.42469879518072284,1.5088728572050687,0.1811970206256576,running
Pure Pursuit,11.509999999999799,9.33145561529353,71.86933246251661,2.323474328435448,0.5637941600755354,-0.5256398555426767,0.25845745586752455,2.317099536543452,0.151410388286067,0.10367975298226106,0.1000999999991592,0,not_applicable,69.36792286041296,0,0,0.7611260158955323,0.5818739907316159,428,-0.4856811862835959,1.4060812416450985,0.1866892764154746,running
Pure Pursuit,11.609999999999797,9.50324437337513,72.01846478605411,2.2552091465532405,0.7476104421106855,-0.7768678666600737,0.27060685623994307,2.245787541769441,0.1536118908465434,0.06026358258257858,0.08289999999888664,0,not_applicable,69.56595449717553,0,0,0.7833528630171278,0.6143452174200221,406,-0.5815106580166822,1.3903711121525073,0.19757457900687891,running
Pure Pursuit,11.709999999999795,9.64550154817183,72.19737521824538,2.3173454584481252,0.9252698485867075,1.611245408520241,0.26727399429900417,2.4163336874052646,0.13436396583485888,0.20000889473068106,0.0830999999994475,0,not_applicable,69.96326995781997,0,0,0.7673209325465297,0.6176458020679338,428,-0.4856811862835959,1.4185284731661079,0.1866892764154746,running
Pure Pursuit,11.809999999999793,9.75575197803446,72.39825847767527,2.2819591219938875,1.0947542921553561,-0.4027017427061752,0.24667733829579455,2.2770752841775077,0.09881144352343031,0.20974524779918546,0.08380000000052235,0,not_applicable,70.16321784882365,0,0,0.7738657471740512,0.5786653478504985,450,-0.3898517145505098,1.4188417476978714,0.1784931580593295,running
Pure Pursuit,11.90999999999979,9.82412087997241,72.59187601875081,1.9406450652099465,1.2550934472331796,-3.8842044486509164,0.2272549982245369,1.8935386771287959,0.06116827829025495,0.19487734631174103,0.07080000000136977,0,not_applicable,70.36166232560795,0,0,0.7955664523074726,0.5696815058108063,398,-0.6163577386468952,1.2631089774492528,0.20233107570679906,running
Pure Pursuit,12.009999999999788,9.86056187793895,72.78755225619786,2.0350488240747264,1.3833695513935795,2.447966710274796,0.19482024563245415,2.185441736237426,0.0418126979828218,0.19447119279627145,0.07620000000052585,0,not_applicable,70.56161021661163,0,0,0.781117933365495,0.6820644296098127,419,-0.5248841519925858,1.3362413301661713,0.19078279873438905,running
Pure Pursuit,12.109999999999786,9.875739664157411,72.99092847136151,2.044650839386211,1.4951581023202942,0.2489881135742733,0.1649676057811723,2.0599476354321538,0.014354633951328832,0.18495494844467597,0.09490000000056398,0,not_applicable,70.7614471388563,0,0,0.8219394287585063,0.6387750223440636,356,-0.7993049119555145,1.1225409676422606,0.21621722807816315,running
Pure Pursuit,12.209999999999784,9.87154457108003,73.20129649929238,2.15581030878251,1.5907474437441012,2.8824559941910577,0.1360750869413416,2.332896438805317,0.02862524727116437,0.1434681078961706,0.0704999999996403,0,not_applicable,70.96130114622007,0,0,0.8366681012985979,0.650672371178029,381,-0.6904077849860983,1.239859858686256,0.21414126651260781,running
Pure Pursuit,12.309999999999782,9.850485434682495,73.42462404890671,2.3182834949847813,1.6685053384023758,4.213062656807227,0.10918228255363951,2.5771165744632327,0.06298783004714839,0.11425187702551654,0.07950000000001012,0,not_applicable,71.16124903722373,0,0,0.8428391355150713,0.6347692023044067,387,-0.6642724745134383,1.287150621883536,0.20968660597172056,running
Pure Pursuit,12.40999999999978,9.813402360184005,73.66360390842789,2.504137194961855,1.732040721859838,4.819338509358997,0.08676998248745396,2.800217345920681,0.10435071502084627,0.06592610806151633,0.08039999999986946,0,not_applicable,71.36118425229698,0,0,0.7860800735234938,0.608264440255621,348,-0.8341519925857275,1.1565873519973602,0.20925385860619156,running
Pure Pursuit,12.509999999999778,9.760509418559671,73.9190374753553,2.6979837009357475,1.7880555623942385,5.026598508719009,0.06797518761740735,3.006797045833756,0.08983488799834521,0.027529771527718516,0.09930000000046846,0,not_applicable,71.76107893922894,0,0,0.802887480819542,0.602419368303309,355,-0.803660797034291,1.2623490039776448,0.21530714918272373,running
Pure Pursuit,12.609999999999776,9.690143268160291,74.1942197265923,2.9618983451648093,1.8330132938206811,6.843522664729282,0.04920455781068284,3.3823359674086757,0.07563095577653182,0.01334015965728863,0.1201000000001784,0,not_applicable,71.96102683023261,0,0,0.7378121531378322,0.5755682005378788,355,-0.803660797034291,1.293119387562356,0.21530714918272373,running
Pure Pursuit,12.709999999999773,9.60502383212111,74.49078880015246,3.1907237894117024,1.8590327223298295,5.933630998555692,0.023185502286081853,3.5552614450203786,0.08829468743787769,0.032554236167191775,0.07860000000015077,0,not_applicable,72.36092170788379,0,0,0.7668966023446679,0.5390718840839699,355,-0.803660797034291,1.323521647748117,0.21530714918272373,running
Pure Pursuit,12.809999999999771,9.508275122912867,74.80982575689067,3.4557843854314387,1.8721340883509965,6.873238132300541,0.01204903064420309,3.8780476026417565,0.08518791908519914,0.04284504264466493,0.07970000000057098,0,not_applicable,72.56086890561447,0,0,0.787538186869975,0.5268037910891323,354,-0.8080166821130677,1.3757888887797092,0.2144087504700342,running
Pure Pursuit,12.90999999999977,9.400105134617021,75.15059917528502,3.677131810292576,1.8858172364336834,5.739719837228523,0.0008334888136657575,4.029756369154291,0.042279467913417974,0.05155654960465217,0.09090000000000487,0,not_applicable,72.96076422135759,0,0,0.772260369049249,0.47245417441706994,713,0.755746061167748,1.4142166272316012,0.22600293112750477,running
Pure Pursuit,13.009999999999767,9.282225783297417,75.512950235731,3.923972805195538,1.8845528861177605,6.40078896772613,-0.010832561453593903,4.317210707065189,0.01595242777318794,0.04658377107132772,0.08500000000033481,0,not_applicable,73.36065974403624,0,0,0.8420997773231642,0.44904909105991414,713,0.755746061167748,1.4276896045924348,0.22600293112750477,running
Pure Pursuit,13.109999999999765,9.159544964355801,75.90017784480712,4.179542229218582,1.8694727640095505,6.627124276572882,-0.015926514819735386,4.586685232852826,0.01340402443140319,0.029073979912672243,0.07899999999949614,0,not_applicable,73.76055542321413,0,0,0.8521323050196362,0.4132535583122315,719,0.781881371640408,1.3706448108567777,0.21997807798827246,running
Pure Pursuit,13.209999999999763,9.034332492247836,76.31335180901264,4.434698483841042,1.8541574722996128,6.616410455952817,-0.014054136541783694,4.841183274813864,0.04653282336208764,0.012620875432467038,0.08109999999916795,0,not_applicable,74.1604511890444,0,0,0.8165997917359017,0.39428383104145864,724,0.8036607970342913,1.3590929019747173,0.2153071491827237,running
Pure Pursuit,13.30999999999976,8.907945127919794,76.75249248269665,4.684693053764877,1.8386849338029443,6.482563748331076,-0.011226738208674258,5.0829548586741495,0.09914595831350038,0.0020194096370200754,0.07749999999973056,0,not_applicable,74.76029485855344,0,0,0.8040019557671445,0.36826921505295407,745,0.8951343836886005,1.2200461967634735,0.19864329610943066,running
Pure Pursuit,13.409999999999759,8.780854787495075,77.21939657018292,4.970359130026538,1.8232960211284956,7.407555094760774,-0.007121279664457943,5.425448563240955,0.019879469471597893,0.015225896984778053,0.07559999999884326,0,not_applicable,75.16019059070801,0,0,0.8290239829332222,0.3527922290925032,710,0.742678405931418,1.4416146840232895,0.2241197071405647,running
Pure Pursuit,13.509999999999756,8.65384613573081,77.71438553817234,5.229464090811443,1.807438047365402,6.718803637649842,-0.0013381848601175762,5.642239493791522,0.09736722100739169,0.027580483899018127,0.07510000000010564,0,not_applicable,75.56008625444731,0,0,0.8479100679747028,0.33248231857695837,348,-0.8341519925857275,1.3194513586530643,0.20925385860619156,running
Pure Pursuit,13.609999999999754,8.526046136221929,78.23481379572915,5.469155441231402,1.8088105950643925,6.215392836309803,0.005917569058719835,5.851003374442423,0.03323957313547938,0.01853874747197537,0.07699999999921658,0,not_applicable,76.15992972700178,0,0,0.8160889056639533,0.32629545040055224,333,-0.8994902687673771,1.2593196263284,0.19795406078248537,running
Pure Pursuit,13.709999999999752,8.389867940582603,78.77914890973017,5.73205599711878,1.8282609646078598,6.817226524283493,0.0035406129594401665,6.150878093659752,0.008962385036609323,0.011681359539727154,0.0724000000005276,0,not_applicable,76.7597724271689,0,0,0.8509923387315446,0.30388880044128985,723,0.7993049119555145,1.374982733399329,0.21621722807816315,running
Pure Pursuit,13.80999999999975,8.24232424518101,79.34821510779283,6.003833441589099,1.8280766631306038,7.0474115084744415,-0.010972524460137592,6.4367971479662245,0.017666909741890648,0.0252765083442954,0.12309999999970955,0,not_applicable,77.35961471769804,0,0,0.7969145440326961,0.2781561941465594,720,0.7862372567191844,1.3454889150049096,0.21901940157552577,running
Pure Pursuit,13.909999999999748,8.090120057734973,79.94418541830271,6.276370672831208,1.8075024816146052,7.067113401138645,-0.02341097712964826,6.710544781702963,0.017459677055268578,0.021122811681592246,0.11079999999985546,0,not_applicable,77.95945319973406,0,0,0.8772801023061769,0.2634918922946554,737,0.8602873030583873,1.2362638303101994,0.20447740104668097,running
Pure Pursuit,14.009999999999746,7.939060194074812,80.5683154202269,6.545233140881052,1.7887634315677883,6.971823784803632,-0.030340536539464086,6.973553051311571,0.05414750165694787,0.02193217494529387,0.06879999999931385,0,not_applicable,78.55929301080168,0,0,0.7892795949587718,0.24907422241131993,707,0.729610750695088,1.3868052807230717,0.22148173646210823,running
Pure Pursuit,14.109999999999744,7.79368880604937,81.22102660748004,6.80814946472406,1.7566320548799725,6.817635400274602,-0.036975727218657266,7.226996680908512,0.11266979733305113,0.01916588053897339,0.11800000000050659,0,not_applicable,79.3590751294689,0,0,0.8097556825465853,0.23447716229047555,704,0.7165430954587584,1.3762354889519013,0.21894209497805303,running
Pure Pursuit,14.209999999999742,7.664642051283093,81.90432232274097,7.078574629128323,1.700895033366838,7.012345779900899,-0.04555087543689984,7.50938404271415,0.08314630020615006,0.012300008299285015,0.07790000000085229,0,not_applicable,79.95890857384954,0,0,0.765205830468436,0.22833960894248606,707,0.729610750695088,1.3803110913063137,0.22148173646210823,running
Pure Pursuit,14.30999999999974,7.564066723933886,82.6071142384439,7.118756589664521,1.633831554118735,1.04195111433099,-0.04611288365687371,7.182769740561422,0.1329831379425017,0.042981854406558995,0.08780000000108146,0,not_applicable,80.75869201492127,0,0,0.729623032206948,0.2113303009058711,735,0.8515755329008341,1.1915378588794483,0.20602954162158948,running
Pure Pursuit,14.409999999999737,7.504918561318584,83.2932841738212,6.7706813888927675,1.5445537384898127,-3.961147267247034,-0.029573148274878325,6.722641862939818,0.08872498019956286,0.10163084218642604,0.09830000000121686,0,not_applicable,81.3585330514761,0,0,0.775589601516181,0.23548363712962647,364,-0.7644578313253012,1.4338603208568388,0.2239412608755995,running
Pure Pursuit,14.509999999999735,7.49236563184009,83.94594250003256,6.406045783761354,1.4727430934640935,-4.149607118245688,-0.001971504445514042,6.355720677068199,0.076407867195985,0.14058916687935197,0.09109999999878937,0,not_applicable,81.95837285426863,0,0,0.8509429986439887,0.23541995654498032,358,-0.790593141797961,1.3392980877616196,0.21807316453493358,running
Pure Pursuit,14.609999999999733,7.521468617194899,84.58888538722545,6.462627224044327,1.4681779913715365,1.4672030425241367,0.028326351254697995,6.552766088013768,0.08507154570931512,0.11458304688625809,0.12040000000013151,0,not_applicable,82.55820388080157,0,0,0.8698440982819804,0.24038170591619562,361,-0.7775254865616312,1.318358947438726,0.22094939445953415,running
Pure Pursuit,14.70999999999973,7.565444281033383,85.24114680477686,6.601161043645233,1.517799195101938,3.5922952931988394,0.03434297618535729,6.821856753364211,0.06748275644607298,0.030524161345010903,0.07890000000010389,0,not_applicable,83.35798376473849,0,0,0.8696998224920116,0.26405879400288773,360,-0.7818813716404078,1.430901579172165,0.21997807798827249,running
Pure Pursuit,14.809999999999729,7.596780590853018,85.91224927319779,6.818578789056214,1.5695618841041623,5.637820033749188,0.014589060427985957,7.164943047020151,0.03125655505862838,0.04185061344116203,0.0848999999991662,0,not_applicable,83.95782318785876,0,0,0.8225415273198503,0.24880257649352475,721,0.7905931417979613,1.3733665629756495,0.21807316453493353,running
Pure Pursuit,14.909999999999727,7.6121195039022425,86.6062864641968,7.047366845548011,1.5662870666791073,5.932661503474703,-0.017617718081261696,7.411844939403684,0.0977318855005752,0.05839965076393572,0.09429999999888139,0,not_applicable,84.75760974832491,0,0,0.8671470193049764,0.24665530423200935,685,0.6337812789620019,1.5601065732066464,0.20489107222660924,running
Pure Pursuit,15.009999999999724,7.625368599335906,87.32509093158208,7.3101511517474,1.5381223902063346,6.814212074756254,-0.030373129151535175,7.728788053023637,0.03357880658931704,0.03976808777219265,0.08689999999944575,0,not_applicable,85.3574518482184,0,0,0.8550875241198187,0.22288958729744143,719,0.781881371640408,1.3345898504587232,0.21997807798827246,running
Pure Pursuit,15.109999999999722,7.647828538050826,88.06925621730615,7.560072235780859,1.5161281380144154,6.480658199066092,-0.031117765526102004,7.958216971654009,0.0704260397142477,0.025111931145402888,0.09190000000103282,0,not_applicable,86.15724317942706,0,0,0.7792884560928189,0.20607251407927904,712,0.7513901760889712,1.3267382755285817,0.22593517874601313,running
Pure Pursuit,15.20999999999972,7.685579662206453,88.8334716877084,7.729726644874534,1.480338463411741,4.399277642191413,-0.040838430386716675,8.0,0.11092901628690176,0.007421678880217719,0.09170000000047196,0,not_applicable,86.95703473106049,0,0,0.8127028218789754,0.21302982980036483,719,0.781881371640408,1.3627862367517694,0.21997807798827246,running
Pure Pursuit,15.309999999999718,7.748690485043271,89.60947301634941,7.833955270769432,1.42911860831941,2.7027335512546635,-0.0306390076380217,8.0,0.1265184933733864,0.05939947071580809,0.07459999999959166,0,not_applicable,87.75682628583354,0,0,0.7681193217512902,0.21244862619202662,730,0.8297961075069509,1.3185934642314854,0.21008581223244965,running
Pure Pursuit,15.409999999999716,7.838626174649293,90.39113698099774,7.8979890115603375,1.4062729365881295,1.660447292305678,-0.0023188576661166502,8.0,0.11235221089420656,0.08536560041990171,0.07680000000043208,0,not_applicable,88.35666975396785,0,0,0.7784368333995672,0.2206789986678811,724,0.8036607970342913,1.415218300639158,0.2153071491827237,running
Pure Pursuit,15.509999999999714,7.94870620536021,91.1753643880772,7.937328683598339,1.4086451771745658,1.020109884396625,0.023075044778878628,8.0,0.08601930563712568,0.09016820463359076,0.07679999999865572,0,not_applicable,89.15646065459921,0,0,0.8280151883449977,0.19178577978630224,375,-0.7165430954587582,1.3611646499506316,0.21894209497805295,running
Pure Pursuit,15.609999999999712,8.06152268642688,91.96235103949515,7.96149734494691,1.457463121534621,0.6267131640166124,0.04404804320602783,8.0,0.09285427160048224,0.046774660895847475,0.07899999999949614,0,not_applicable,89.95625193340166,0,0,0.782177663933457,0.19837301230747784,360,-0.7818813716404078,1.3372629529034212,0.21997807798827249,running
Pure Pursuit,15.70999999999971,8.151961137601685,92.75409104889958,7.976345567138941,1.5412709230218098,0.3850265505309025,0.04221385340651965,8.0,0.11526072969905388,0.03626257598959537,0.07790000000085229,0,not_applicable,90.75604348489534,0,0,0.784722739185395,0.19625376170523204,343,-0.8559314179796107,1.229474236284076,0.20524858980469116,running
Pure Pursuit,15.809999999999707,8.201438261800497,93.55058428417085,7.985467698442957,1.60679855922144,0.23654432861058616,0.01288986607292472,8.0,0.11082603982019261,0.10582996594080463,0.0897000000001924,0,not_applicable,91.55583502076452,0,0,0.7699401562959254,0.20590905485625333,728,0.8210843373493977,1.3309604141753073,0.21178185999974475,running
Pure Pursuit,15.909999999999705,8.21337905310178,94.34930387252588,7.991071957218956,1.6094280738676094,0.14532301557043326,-0.025579782737702332,8.0,0.07973653612075629,0.11724686903763182,0.07760000000089917,0,not_applicable,92.35562625999681,0,0,0.86068988026025,0.18582579605054358,710,0.742678405931418,1.317253666122938,0.2241197071405647,running
Pure Pursuit,16.009999999999703,8.21148457020879,95.14859316391352,7.994514981155102,1.556271508130764,0.08928042781043644,-0.0510822376961914,8.0,0.07631096355839943,0.07747441398435573,0.07719999999977745,0,not_applicable,93.15541634054529,0,0,0.7948266765279821,0.19351642671298028,686,0.6381371640407787,1.447633063675222,0.2055510376980303,running
Pure Pursuit,16.10999999999972,8.227898538884286,95.9479344878569,7.996630232127384,1.4679853393332272,0.054850188448982706,-0.05950800989711822,8.0,0.11859216536033655,0.007219353696157782,0.09470000000000312,0,not_applicable,93.95520449952734,0,0,0.7570985417430786,0.18178819271731667,704,0.7165430954587584,1.314853878545986,0.21894209497805303,running
Pure Pursuit,16.209999999999734,8.28693589656542,96.74535025669698,7.997929754511988,1.3816024643756173,0.03369767872616336,-0.05055686616968162,8.0,0.15125342160052582,0.05640776199634878,0.07190000000001362,0,not_applicable,94.75499040231522,0,0,0.7214385200322655,0.18163735714801352,732,0.8385078776645041,1.1795261151891203,0.20843240730709414,running
Pure Pursuit,16.30999999999975,8.400574805288377,97.52410041170768,7.807906840170787,1.2752064361066757,-2.1624888707614165,-0.03528383060463197,7.781680867435846,0.14751428415128726,0.1352205699218052,0.08330000000000837,0,not_applicable,95.55477462629902,0,0,0.7031362906723994,0.19893313058448744,719,0.781881371640408,1.3489721698830952,0.21997807798827246,running
Pure Pursuit,16.409999999999766,8.573672445811605,98.25838965232722,7.413525708652458,1.1558805570880801,-4.488115608075205,0.0009714590361219858,7.359095279363267,0.09977830634060919,0.2220307597018003,0.15130000000063148,0,not_applicable,96.35455933653449,0,0,0.7455804294834419,0.20181592880562288,355,-0.803660797034291,1.3090042507413024,0.21530714918272373,running
Pure Pursuit,16.50999999999978,8.795080439184156,98.93503636964078,6.971775801438639,1.117561115940829,-5.028089839658749,0.06073845554872341,6.9107167246865835,0.10185267637636033,0.23242534862636166,0.07560000000061962,0,not_applicable,96.95440090986666,0,0,0.8002032472134175,0.1952314524050116,360,-0.7818813716404078,1.2470043418240508,0.21997807798827249,running
Pure Pursuit,16.609999999999797,9.039716382107327,99.5749787033761,6.789643155164962,1.2003457875422507,-2.072696453133789,0.08845226711668656,6.76450615612526,0.06320238276318824,0.10823667045154828,0.08169999999907418,0,not_applicable,97.75418388167802,0,0,0.7749696957724401,0.1992434416598467,367,-0.7513901760889712,1.240992723944142,0.22593517874601313,running
Pure Pursuit,16.709999999999813,9.267200935252129,100.21808514182857,6.850638871799162,1.3336704743406635,1.5816688401544265,0.06674126318194777,6.947810039180404,0.11973336657771728,0.058986792054717796,0.10679999999929635,0,not_applicable,98.3540076478522,0,0,0.7690334339332803,0.23985672216392184,334,-0.8951343836886005,1.2171559225698014,0.19864329610943066,running
Pure Pursuit,16.809999999999828,9.451335241911364,100.88524514862954,6.983237405993494,1.3980484139704854,3.4383884862455183,-0.014346413469638835,7.194477720423714,0.07651369031280376,0.17323854049330922,0.08279999999949439,0,not_applicable,99.1537701342199,0,0,0.7905500273595644,0.2162695775560007,718,0.7775254865616312,1.2768032052321652,0.22094939445953415,running
Pure Pursuit,16.909999999999844,9.61352686181573,101.5759680858737,7.190458018938964,1.3330612882902575,5.373400045435064,-0.08280995920347262,7.520577410537,0.07044403691216665,0.14592101601297447,0.08090000000038344,0,not_applicable,99.75359922504035,0,0,0.8397364744965169,0.19869353273786644,711,0.7470342910101948,1.243058062869775,0.22502164647011186,running
Pure Pursuit,17.00999999999986,9.802020358422475,102.27823787158555,7.342633464631582,1.1936664264671222,3.946033819589152,-0.10015370354495322,7.585061400897879,0.13620419093123634,0.04658619580855028,0.07779999999968368,0,not_applicable,100.55337252325081,0,0,0.7198863276731541,0.18663321055754245,703,0.7121872103799816,1.2339061327159617,0.21811666573475305,running
Pure Pursuit,17.109999999999875,10.057800990711957,102.97760795720691,7.541296456230733,1.0602020540281625,5.151493921920087,-0.09452986104160452,7.857782856823591,0.2154715069639458,0.05850879779139406,0.07580000000118048,0,not_applicable,101.35315718131852,0,0,0.639926676484273,0.18958798041344216,736,0.8559314179796109,1.117775228642225,0.20524858980469113,running
Pure Pursuit,17.20999999999989,10.388673146790165,103.6656142125097,7.718191585378765,0.9894082024612956,4.587035437692668,-0.05447092800347689,8.0,0.22231018604209532,0.11516677885811788,0.07830000000019766,0,not_applicable,101.95299976438413,0,0,0.672652552281545,0.20063951082448245,735,0.8515755329008341,1.2028459571095445,0.20602954162158948,running
Pure Pursuit,17.309999999999906,10.777495680993727,104.33898917262218,7.82686860908299,0.9574685838197079,2.8180841462123496,-0.024142509341805944,8.0,0.17618324879392533,0.13839388774119765,0.07349999999917145,0,not_applicable,102.75279110505772,0,0,0.7164244628579073,0.21000186487387257,719,0.781881371640408,1.3701047439136889,0.21997807798827246,running
Pure Pursuit,17.409999999999922,11.200134323397196,104.99616303494231,7.807334175088947,0.9411157813607336,-0.22230474811523848,-0.00030796620706468095,7.804638134271467,0.1013727721603821,0.1403399038705917,0.07209999999879813,0,not_applicable,103.55258094356662,0,0,0.7245443314990395,0.2084415576795855,361,-0.7775254865616312,1.38360111486013,0.22094939445953415,running
Pure Pursuit,17.509999999999938,11.628260511333123,105.61930984825855,7.4347813731819965,0.9248838848287362,-4.239705988553419,0.014146550507142487,7.383363576233605,0.03279507214156926,0.11241533400363668,0.07659999999987122,0,not_applicable,104.35235328593882,0,0,0.8406789910566406,0.2061043284475555,361,-0.7775254865616312,1.367695216766425,0.22094939445953415,running
Pure Pursuit,17.609999999999953,12.042471094866492,106.20147327571563,6.996983600581568,0.9387893684931867,-4.982203405177934,0.025637891421891223,6.936561032664203,0.0949261381220249,0.05338343210583085,0.09900000000051534,0,not_applicable,104.95215508291172,0,0,0.8373060011531173,0.22499789658960867,370,-0.7383225208526414,1.4604372867639457,0.22322918788849236,running
Pure Pursuit,17.70999999999997,12.441842868904878,106.76132997080786,6.8159013532957555,0.9673616546152728,-2.0607427572914094,0.009126787120958815,6.790909324852427,0.02926692290275283,0.02740028223465707,0.07319999999921833,0,not_applicable,105.75192169320823,0,0,0.8373100280931659,0.24199156827359028,726,0.8123725671918445,1.3780752766977105,0.2135218524542555,running
Pure Pursuit,17.809999999999985,12.832787393555996,107.32094594366097,6.835508423333594,0.9733596154511674,0.5084273689504748,-0.021012237045068355,6.866744090190803,0.0652150755274295,0.06483367301459131,0.08069999999982258,0,not_applicable,106.35175919480281,0,0,0.8378694717301275,0.21986508176491226,728,0.8210843373493977,1.2329553485301104,0.21178185999974475,running
Pure Pursuit,17.91,13.22725224030787,107.88292789444685,6.892209764416002,0.9318122633175283,1.4703121683584985,-0.050040503203588264,6.982539640169444,0.07096588841144255,0.060893827114295807,0.08379999999874599,0,not_applicable,107.15154501798662,0,0,0.760374719343953,0.2116011101111031,726,0.8123725671918445,1.208324863706886,0.2135218524542555,running
Pure Pursuit,18.010000000000016,13.63943045876911,108.42817893925346,6.807488045753247,0.8287511867566584,-0.9641456892457789,-0.06673360253412539,6.795795195491424,0.10006646118513078,0.01447453987977454,0.08180000000024279,0,not_applicable,107.75138588060804,0,0,0.7685317388201893,0.20846640397973876,736,0.8559314179796109,1.1470893108848135,0.20524858980469113,running
Pure Pursuit,18.11000000000003,14.091572071831825,108.94373859352493,6.903180868567313,0.7311433671640348,2.4813931932158972,-0.04121152699432013,7.0556273650748365,0.14239152110691758,0.0768036285176441,0.09580000000042332,0,not_applicable,108.55116773499026,0,0,0.7138875972823335,0.2400143898255326,720,0.7862372567191844,1.3733878558809964,0.21901940157552577,running
Pure Pursuit,18.210000000000047,14.590896334640615,109.43475635245125,7.090095696765426,0.6951670317114804,4.846854432365397,-0.016779352386422027,7.387866311803853,0.09815852642962399,0.08754015354880451,0.08090000000038344,0,not_applicable,109.15099897968689,0,0,0.829334682519047,0.23065080486388448,712,0.7513901760889712,1.3894380062012421,0.22593517874601313,running
Pure Pursuit,18.310000000000063,15.127069861053812,109.9155514490638,7.297361326072043,0.6917903697333381,5.374567356512818,-0.005403717363855552,7.627552432416707,0.10253573969180335,0.05803706918741236,0.10619999999939012,0,not_applicable,109.95077826811975,0,0,0.7711221090816938,0.23731732477295323,723,0.7993049119555145,1.389336414563163,0.21621722807816315,running
Pure Pursuit,18.41000000000008,15.692109123290194,110.39806017248033,7.543601617477709,0.6829080762854305,6.385212234534459,-0.010647378011167294,7.9358825495254885,0.08343213813392665,0.04291207822023946,0.07219999999996674,0,not_applicable,110.55061660104856,0,0,0.8381805238740808,0.22840381574088772,725,0.8080166821130677,1.366018938293742,0.2144087504700342,running
Pure Pursuit,18.510000000000094,16.281058611553835,110.88449239868804,7.719607780752181,0.666267263674899,4.563983825222913,-0.010584999825722318,8.0,0.045977473880716394,0.029172327223236927,0.07890000000010389,0,not_applicable,111.35040022278767,0,0,0.8262838571517719,0.22114524316288572,723,0.7993049119555145,1.3793169285315443,0.21621722807816315,running
Pure Pursuit,18.61000000000011,16.888397587548177,111.36956815465757,7.818228664930659,0.6451216207596786,2.557320220189343,-0.010605425940202829,7.975339802771115,0.030199812333517186,0.021340089852848187,0.07840000000136627,0,not_applicable,112.15018814762436,0,0,0.8285563698560734,0.21511664062892502,724,0.8036607970342913,1.3679008442340963,0.2153071491827237,running
Pure Pursuit,18.710000000000125,17.505395510419135,111.84351750293028,7.76101247025441,0.6182294817944449,-0.6511287580430558,-0.011537215466974296,7.753115789126354,0.034898633940136155,0.0206337993098602,0.07850000000075852,0,not_applicable,112.94997571610615,0,0,0.8336201958914001,0.21051152838996628,737,0.8602873030583873,1.2779183841389576,0.20447740104668097,running
Pure Pursuit,18.81000000000014,18.135324239809755,112.30530276876577,7.853175983079549,0.5946890239818587,2.3898752974559034,-0.013650641875551976,8.0,0.05045384782336864,0.017539617180809763,0.08319999999883976,0,not_applicable,113.74976065964866,0,0,0.8446494803085078,0.21272741117062632,720,0.7862372567191844,1.3854586348954792,0.21901940157552577,running
Pure Pursuit,18.910000000000156,18.78160546756479,112.75677831652246,7.909797419272857,0.5730186578946277,1.4682401692045133,-0.017047182312332647,8.0,0.0648482424040542,0.012066647318692336,0.10170000000009338,0,not_applicable,114.54954379145032,0,0,0.7865291547761711,0.2117089825206086,707,0.729610750695088,1.4608311571788268,0.22148173646210823,running
Pure Pursuit,19.010000000000172,19.4415113765511,113.19623510208588,7.944583279081342,0.5500038392965105,0.9020258072714338,-0.023118271343048086,8.0,0.07903553118208347,0.007069078466538592,0.08279999999949439,0,not_applicable,115.3493264013928,0,0,0.8285333805590487,0.1892774838798457,720,0.7862372567191844,1.2767732095846664,0.21901940157552577,running
Pure Pursuit,19.110000000000188,20.113500794918778,113.62214766233953,7.965954267243573,0.5258981018841682,0.5541672091865824,-0.030593612304317497,8.0,0.0951219712973015,0.002240464119269703,0.07909999999888839,0,not_applicable,116.14911010306182,0,0,0.7457635500238923,0.19166957463847004,729,0.8254402224281745,1.2436982990272005,0.21092842571338707,running
Pure Pursuit,19.210000000000203,20.796829207715042,114.0307350576918,7.960021719433581,0.48233967236892616,-0.06751327153803999,-0.039764368020450344,7.959202940089769,0.11360957394260827,0.015894247229028213,0.07639999999931035,0,not_applicable,116.94889688305065,0,0,0.7625297899068805,0.18126779374289653,722,0.7949490268767376,1.2283825747990613,0.21713917065507293,running
Pure Pursuit,19.31000000000022,21.47620881392147,114.39700819046347,7.596706187906193,0.37043260145801216,-4.134584485384876,-0.040198751006161555,7.546563270895094,0.13901792068714722,0.09629870672102525,0.08889999999972531,0,not_applicable,117.74868684025651,0,0,0.7568843850064844,0.21078813331613203,708,0.7339666357738648,1.4682135479030007,0.22234991952811328,running
Pure Pursuit,19.410000000000235,22.16769096764007,114.70780597887705,7.575816216262019,0.29801052017226826,-0.23773096706607433,-9.982642611489172e-05,7.572933091199586,0.09121547290300931,0.14509129860069025,0.07890000000010389,0,not_applicable,118.34852400923815,0,0,0.8008660613562457,0.21506679751201174,360,-0.7818813716404078,1.3793043154114488,0.21997807798827249,running
Pure Pursuit,19.51000000000025,22.879947604987894,114.97958760921398,7.664947795549656,0.31714075284671606,2.3112547800440897,0.030207169412742395,7.806941694266428,0.03017539566284548,0.09316164053293541,0.0780999999996368,0,not_applicable,119.14830467069767,0,0,0.8123787371433978,0.21083861846509067,350,-0.8254402224281743,1.2942536416042394,0.21092842571338713,running
Pure Pursuit,19.610000000000266,23.607361874373957,115.2425088679499,7.794157834980677,0.35816114984331615,3.350522044503439,0.0212519762477181,8.0,0.015204383994281354,0.018249314844120068,0.08169999999907418,0,not_applicable,119.94808293006933,0,0,0.8519929768794758,0.21471896212772948,349,-0.8297961075069509,1.3210504441062454,0.21008581223244965,running
Pure Pursuit,19.71000000000028,24.341666502956606,115.51631686900404,7.873539119166959,0.38940664611898357,2.0584216501932318,0.0008109303568551476,8.0,0.029711178954874323,0.046597595593010244,0.07529999999889014,0,not_applicable,120.74786250191245,0,0,0.8253361872068783,0.20117728203573348,717,0.7731696014828544,1.3441574504097624,0.22193355627601147,running
Pure Pursuit,19.810000000000297,25.07718630805807,115.80455995421782,7.9223076847274365,0.39237704326347544,1.2646088083304097,-0.031126138527855327,8.0,0.044020704114226955,0.07852149960027699,0.0771000000003852,0,not_applicable,121.54764769441769,0,0,0.7937898210677855,0.1958069838276762,706,0.7252548656163116,1.3743209049259313,0.2206244765899192,running
Pure Pursuit,19.910000000000313,25.81598517447601,116.09501074232254,7.9522690668240665,0.3456000496750333,0.7769231527256348,-0.060728254840568784,8.0,0.09254426386117176,0.055628235802574366,0.075499999999451,0,not_applicable,122.34743776739072,0,0,0.7589229123449579,0.1821157993188532,721,0.7905931417979613,1.232957197818312,0.21807316453493353,running
Pure Pursuit,20.01000000000033,26.56590977145766,116.36226674020615,7.970676096164045,0.23995615820866756,0.47730933175933465,-0.0696779284541424,8.0,0.13892157095600713,0.03174141890460458,0.07520000000127425,0,not_applicable,123.14722813183646,0,0,0.7753656645929052,0.1805907391324393,719,0.781881371640408,1.2390234202273336,0.21997807798827246,running
Pure Pursuit,20.110000000000344,27.333856550146777,116.57722821837764,7.981984610839037,0.12536905600013637,0.2932390383595518,-0.04152965955758034,8.0,0.14573974636689577,0.13303431102867558,0.09060000000005175,0,not_applicable,123.9470182090647,0,0,0.7089246413943716,0.21056273542206405,745,0.8951343836886005,1.2482926633908529,0.19864329610943066,running
Pure Pursuit,20.21000000000036,28.117344663654663,116.73089127154556,7.988932092792401,0.07731035428034638,0.18015389160963124,0.009316212347203093,8.0,0.10636029562499734,0.16777830911932856,0.07670000000103983,0,not_applicable,124.74680790837301,0,0,0.7799692763025495,0.1930642532443463,367,-0.7513901760889712,1.3520326205935347,0.22593517874601313,running
Pure Pursuit,20.310000000000375,28.90784360545986,116.84787331989232,7.993200337285997,0.12799859683795778,0.11067907207599426,0.0460044381559562,8.0,0.06818574227139391,0.10108696165107256,0.19409999999986383,0,not_applicable,125.5465966473528,0,0,0.7975328357415703,0.1916818004434262,370,-0.7383225208526414,1.3558008827580506,0.22322918788849236,running
Pure Pursuit,20.41000000000039,29.697930608226958,116.96973656124793,7.995822569510481,0.2219951330158454,0.06799662714002785,0.04049034982389769,8.0,0.0805892379069727,0.011636074164059096,0.08730000000056748,0,not_applicable,126.34638480607134,0,0,0.8429900385060034,0.21335760452334818,713,0.755746061167748,1.4671322933376238,0.22600293112750477,running
Pure Pursuit,20.510000000000407,30.4819781743894,117.12657435928072,7.99743356012956,0.2938698631551231,0.041774304895190184,0.003398950133216071,8.0,0.08191631965137536,0.1049121243670359,0.07700000000099294,0,not_applicable,127.14617337338544,0,0,0.7799942909768343,0.19236613075686682,713,0.755746061167748,1.3453892212794798,0.22600293112750477,running
Pure Pursuit,20.610000000000422,31.25863405061516,117.31747093220787,7.998423285887076,0.28079983575251544,0.025664398704403624,-0.04394445165321385,8.0,0.0692757049605365,0.11361421664932747,0.09009999999953777,0,not_applicable,127.94596336965867,0,0,0.8154234072994555,0.19291713012278314,699,0.6947636700648747,1.4001355052346902,0.21491658495418042,running
Pure Pursuit,20.710000000000438,32.0354142558228,117.50814996547925,7.999031332304905,0.16953378971894373,0.01576714112924371,-0.06755347956294182,8.0,0.10011587938487539,0.021855318356959863,0.07570000000001187,0,not_applicable,128.7457523469144,0,0,0.834175928673315,0.19089624738889435,717,0.7731696014828544,1.314714602382329,0.22193355627601147,running
Pure Pursuit,20.810000000000453,32.82136220042113,117.65607649139082,7.999404890781514,0.04563806104600299,0.009686676950950712,-0.04560271717977794,8.0,0.1294447705438152,0.08494392677914897,0.07959999999940237,0,not_applicable,129.54554100502762,0,0,0.7485222451646284,0.20309986471843078,710,0.742678405931418,1.4208989800690652,0.2241197071405647,running
Pure Pursuit,20.91000000000047,33.61643198056308,117.7425905258414,7.999634389601593,-0.021585547609919375,0.005951092184863782,-0.0041564510767496225,8.0,0.12030777023469266,0.13749064990017867,0.08260000000070988,0,not_applicable,130.3453301894504,0,0,0.7705748295329689,0.20542012854171346,370,-0.7383225208526414,1.438566327696873,0.22322918788849236,running
Pure Pursuit,21.010000000000485,34.41547784973388,117.77965866701784,7.99977538414921,-0.019859157981130027,0.0036561039840687926,0.028971383605269147,8.0,0.08908756530416273,0.12350605100124312,0.07730000000094606,0,not_applicable,131.1451202303982,0,0,0.8609077705706383,0.18899319501400505,364,-0.7644578313253012,1.315149774109813,0.2239412608755995,running
Pure Pursuit,21.1100000000005,35.21524581669019,117.79811111059732,7.999862005346003,0.0363721410168949,0.0022461585079014412,0.043357589249606365,8.0,0.08342928793180603,0.05742940999235557,0.07890000000010389,0,not_applicable,131.9449110928495,0,0,0.7919086420772248,0.19998297591029227,384,-0.6773401297497683,1.4585192626593975,0.21187243445594103,running
Pure Pursuit,21.210000000000516,36.014397586035216,117.8334969299523,7.99991522181331,0.12618437231449486,0.0013799465399699784,0.03476863133921895,8.0,0.0992808784575398,0.03990614904697232,0.07730000000094606,0,not_applicable,132.74470252665415,0,0,0.8491219447945098,0.2084450684548265,722,0.7949490268767376,1.3849469518046522,0.21713917065507293,running
Pure Pursuit,21.31000000000053,36.81070000019577,117.9091996489763,7.999947915801588,0.19507380021375975,0.0008477818669039294,0.00045634862513245874,8.0,0.09441082328788589,0.11377916247978215,0.07700000000099294,0,not_applicable,133.54449399448612,0,0,0.850216198420065,0.20348783909278512,709,0.7383225208526416,1.427211033727661,0.2232291878884924,running
Pure Pursuit,21.410000000000547,37.60282000323423,118.02099337994422,7.999968001630725,0.18076763493711012,0.0005208419841196132,-0.04015967430520246,8.0,0.08238410200223652,0.10217512281936791,0.0706999999984248,0,not_applicable,134.34428549153228,0,0,0.8740235545012098,0.19551649441419536,734,0.8472196478220577,1.2423775868613733,0.20682039817249392,running
Pure Pursuit,21.510000000000563,38.39453603152421,118.13570401323001,7.999980341530302,0.09196895567268482,0.00031998369275143546,-0.05301898770609771,8.0,0.0990948682190015,0.015027763101844727,0.08649999999832403,0,not_applicable,135.1440770232426,0,0,0.7972874971011594,0.19323642025453108,713,0.755746061167748,1.351036442131134,0.22600293112750477,running
Pure Pursuit,21.61000000000058,39.189851232130756,118.22147572774155,7.999987922652321,0.018107891176122992,0.00019658469698313752,-0.029141135438176858,8.0,0.1144208272172366,0.05774717374920568,0.0733999999997792,0,not_applicable,135.9438685713544,0,0,0.7747582880823308,0.21309525038482133,336,-0.8864226135310473,1.2777749465635209,0.20004771979496722,running
Pure Pursuit,21.710000000000594,39.988299328847326,118.27020617063611,7.999992580178965,-0.011696337571886373,0.00012077347679273487,-0.0014398351952497148,8.0,0.10683730099010261,0.08703065041496849,0.07990000000113184,0,not_applicable,136.7436601312336,0,0,0.8517419402305468,0.2094522996174171,748,0.9082020389249306,1.2273799508473962,0.19660096634514493,running
Pure Pursuit,21.81000000000061,40.78801865214979,118.29066463220259,7.999995441569983,-0.00992002157983829,7.41982103491523e-05,0.018463667697912557,8.0,0.08893948485422962,0.08529923055182742,0.07409999999907768,0,not_applicable,137.54345169506982,0,0,0.7871321045197996,0.20030806453373612,356,-0.7993049119555145,1.3334627319631218,0.21621722807816315,running
Pure Pursuit,21.910000000000625,41.58790300925203,118.30402873740026,7.999997199489838,0.04099185103680836,4.558430016565751e-05,0.03365386911648066,8.0,0.0888242803874579,0.0349982471753405,0.09599999999920783,0,not_applicable,138.34324325729133,0,0,0.8691686917502799,0.19117790477010208,367,-0.7513901760889712,1.3435461419521049,0.22593517874601313,running
Pure Pursuit,22.01000000000064,42.38721020880589,118.33638091296042,7.999998279482817,0.10952127621395324,2.8005101624373197e-05,0.026817726519022072,8.0,0.10000206246517392,0.03235385223789988,0.07650000000047896,0,not_applicable,139.1430348083522,0,0,0.7822689798951045,0.21401456543420247,733,0.8428637627432809,1.3467393009367046,0.20762130414308752,running
Pure Pursuit,22.110000000000657,43.184761898176504,118.39830359201856,7.999998942985668,0.1415909687187653,1.7205171829459687e-05,0.003920429497808861,8.0,0.10006771252247063,0.0626793511697441,0.1516000000005846,0,not_applicable,139.942826336264,0,0,0.8556641570441681,0.20582987438853528,716,0.768813716404078,1.4064292076274245,0.22293077345441878,running
Pure Pursuit,22.210000000000672,43.98001415458901,118.48519101922058,7.999999350614275,0.14182658928026615,1.0570143320620673e-05,-0.011323585486923509,8.0,0.09089638873968252,0.06060373646300565,0.08030000000047721,0,not_applicable,140.74261783428835,0,0,0.8690837906787545,0.2118501990846886,707,0.729610750695088,1.484844171893889,0.22148173646210823,running
Pure Pursuit,22.310000000000688,44.77434144064443,118.58028916194564,7.999999601044369,0.10995714327855732,6.493857247491519e-06,-0.019392592302668044,8.0,0.08721336154605838,0.026041181348974707,0.15609999999988133,0,not_applicable,141.54240932121982,0,0,0.8551278266098246,0.1988145168280569,725,0.8080166821130677,1.313349648535278,0.2144087504700342,running
Pure Pursuit,22.410000000000704,45.56949926637246,118.66809302695755,7.999999754898222,0.07734352904889863,3.989556311978504e-06,-0.013670421291516965,8.0,0.09011002529325991,0.00853253092540518,0.09440000000005,0,not_applicable,142.34220085754188,0,0,0.7851156438115049,0.20612949929842733,714,0.7601019462465248,1.4201300276783035,0.22496523842325897,running
Pure Pursuit,22.51000000000072,46.36625738558666,118.73984234653294,7.999999849419643,0.04861933179087674,2.451017779847575e-06,-0.004350129303575826,8.0,0.0906552956220428,0.0381719033899639,0.08219999999958816,0,not_applicable,143.14199241914153,0,0,0.8661398635423523,0.20558601964500497,347,-0.8385078776645043,1.308026766654714,0.2084324073070941,running
Pure Pursuit,22.610000000000735,47.164336616968704,118.79514512086301,7.99999990748968,0.04519303469045233,1.505803570722719e-06,0.009356250119961346,8.0,0.08766498303790775,0.0414281282434148,0.09879999999995448,0,not_applicable,143.94178398272607,0,0,0.8621827909280839,0.21097588302984305,750,0.9169138090824838,1.2219278141591103,0.19528096432440423,running
Pure Pursuit,22.71000000000075,47.96274288243917,118.84560990076415,7.999999943165499,0.07475420919969689,9.251032029311546e-07,0.01627889143719574,8.0,0.0872127443262287,0.010647821037436778,0.15140000000002374,0,not_applicable,144.74157553436362,0,0,0.8702481383223006,0.20909709279611727,715,0.7644578313253012,1.4312807800101037,0.2239412608755995,running
Pure Pursuit,22.810000000000766,48.76057523784509,118.90433233052882,7.999999965083242,0.10640597785679451,5.683450066129581e-07,0.007494234361122852,8.0,0.0882114877978164,0.023269951440233694,0.090699999999444,0,not_applicable,145.54136704593546,0,0,0.8676664618492287,0.21102046434363542,717,0.7731696014828544,1.430153324187595,0.22193355627601147,running
Pure Pursuit,22.91000000000078,49.55731894097244,118.97638261840326,7.999999978548591,0.11194804885101761,3.491675837352659e-07,-0.0067198500608700255,8.0,0.08704372415099128,0.03212326765705109,0.10189999999887789,0,not_applicable,146.34115849562042,0,0,0.8657713630448014,0.2076343777695396,745,0.8951343836886005,1.2375028046354106,0.19864329610943066,running
Pure Pursuit,23.010000000000797,50.35369781799796,119.05240795064023,7.999999986821144,0.08326813681469925,2.1451408649397763e-07,-0.014252853275181325,8.0,0.08652894682550633,0.007797426214124048,0.09559999999986246,0,not_applicable,147.1409498930127,0,0,0.8093566291229094,0.20456527851253334,706,0.7252548656163116,1.445283785978647,0.2206244765899192,running
Pure Pursuit,23.110000000000813,51.150821256662674,119.12007671747676,7.999999991903458,0.05187031503474704,1.3178856228535096e-07,-0.007536510753270653,8.0,0.08731103272966467,0.018210939411811733,0.08200000000080365,0,not_applicable,147.9407413030283,0,0,0.8718893010232277,0.20417792352043634,359,-0.7862372567191844,1.3730545907248675,0.21901940157552577,running
Pure Pursuit,23.21000000000083,51.94896593831492,119.17445432860792,7.999999995025822,0.04636715133568736,8.096542103430693e-08,0.002025565366547991,8.0,0.08722190184215403,0.01782524527037399,0.09850000000000136,0,not_applicable,148.7405327382194,0,0,0.8568756448254199,0.20656867118210756,730,0.8297961075069509,1.3255999400624565,0.21008581223244965,running
Pure Pursuit,23.310000000000844,52.747374112455745,119.2248879046444,7.999999996944071,0.07503801681528954,4.974178402505913e-08,0.0018964292753881056,8.0,0.08722998678946439,0.016230819814292197,0.0868000000000535,0,not_applicable,149.5403240886763,0,0,0.8676915566187764,0.21115478913490288,718,0.7775254865616312,1.4247878378644157,0.22094939445953415,running
Pure Pursuit,23.41000000000086,53.54541437700437,119.28083192074891,7.999999998122563,0.0835207431696563,3.05592884330963e-08,-0.015726659794851296,8.0,0.08950243062783816,0.02949651930711772,0.09869999999878587,0,not_applicable,150.34011541993831,0,0,0.873439763973953,0.19516986233302439,718,0.7775254865616312,1.3336543645408108,0.22094939445953415,running
Pure Pursuit,23.510000000000876,54.34339329901001,119.3376473025023,7.999999998846581,0.056955311621189386,1.877436872632643e-08,-0.02650703445761555,8.0,0.0948213839435545,0.007116275658550553,0.08129999999972881,0,not_applicable,151.13990678852974,0,0,0.7917236507403829,0.21238268816455041,723,0.7993049119555145,1.4008116877517227,0.21621722807816315,running
Pure Pursuit,23.61000000000089,55.14196648888998,119.3852394534676,7.999999999291388,0.02643633769245679,1.1534186938888524e-08,-0.020795601299949458,8.0,0.09891100939080083,0.019812070233805823,0.07540000000005875,0,not_applicable,151.93969822010928,0,0,0.840848724342847,0.20369952626733298,717,0.7731696014828544,1.3882365346573824,0.22193355627601147,running
Pure Pursuit,23.710000000000907,55.941336825598675,119.41652571890202,7.9999999995646585,-0.001718980591660424,7.086118358756721e-09,-0.010325473665743164,8.0,0.09664861462227263,0.04496954664736874,0.08260000000070988,0,not_applicable,152.73948971743783,0,0,0.8652365077267239,0.20634851763891765,727,0.8167284522706209,1.3427915738422713,0.2126462795560751,running
Pure Pursuit,23.810000000000922,56.725788180085964,119.43072900802352,7.767288622004193,-0.013952010046922814,-2.648289896083096,0.004676446205821542,7.735171009956349,0.10147494377417969,0.05533738582095271,0.09000000000014552,0,not_applicable,153.33933337809376,0,0,0.8675829930875311,0.20961049882559596,386,-0.6686283595922151,1.5262112839091169,0.2104061992652272,running
Pure Pursuit,23.910000000000938,57.482194548501,119.43685090714699,7.460798724819717,0.008300891427762247,-3.4879003617014703,0.017420158191459832,7.418498585834046,0.054587548245357734,0.031134128654452198,0.0973000000001889,0,not_applicable,154.1391249272593,0,0,0.8724297726919332,0.21001931958555284,368,-0.7470342910101946,1.4219040045719238,0.22502164647011183,running
Pure Pursuit,24.010000000000954,58.19986439380778,119.44693648913308,7.032981501832039,0.04562324324371603,-4.868623274400106,0.014466346268331227,6.973936397379706,0.03244825192420458,0.007532461215533193,0.08120000000033656,0,not_applicable,154.93891647805245,0,0,0.8648014269315342,0.2260515397225829,716,0.768813716404078,1.4350969971443759,0.22293077345441878,running
Pure Pursuit,24.11000000000097,58.87189634681807,119.47177664683268,6.564757310805884,0.09554561745362489,-5.33946460508437,0.00349688887520695,6.499035041323602,0.04828902059427504,0.05749618506072762,0.27249999999945373,0,not_applicable,155.53876015103037,0,0,0.8684699895954374,0.24434915777199065,704,0.7165430954587584,1.5148320558733197,0.21894209497805303,running
Pure Pursuit,24.210000000000985,59.50081581410732,119.51630148708101,6.172812012954357,0.1244699813600223,-4.460395460672215,-0.020351006796813283,6.118717764738663,0.07532924243121063,0.08468511569345605,0.08159999999968193,0,not_applicable,156.13860375435712,0,0,0.8691778743368056,0.2427401363963417,723,0.7993049119555145,1.3272346365655434,0.21621722807816315,running
Pure Pursuit,24.310000000001,60.088903016472486,119.56996114071691,5.768886750229229,0.0958011961785028,-4.596729232844323,-0.040574247009336,5.713139089669925,0.07250142982516698,0.052318878083231546,0.07669999999926347,0,not_applicable,156.73844730719543,0,0,0.8675527279993823,0.24742039954714182,715,0.7644578313253012,1.3262671182736625,0.2239412608755995,running
Pure Pursuit,24.410000000001016,60.63563173076204,119.6100467088728,5.3361949034156755,0.013463421596084268,-4.924097214525451,-0.03393970903113934,5.276477028776684,0.04806829484883182,0.035338642380701835,0.08459999999921308,0,not_applicable,157.33829054759096,0,0,0.8682869666740597,0.2852994076630553,744,0.8907784986098242,1.2342692284825405,0.19934114321212792,running
Pure Pursuit,24.510000000001032,61.138195410322254,119.62100579096649,4.86627721376505,-0.056439598660885215,-5.359382527725103,0.005207626665474384,4.800256650643165,0.08908218863924373,0.11246319995047349,0.0771000000003852,0,not_applicable,157.93813395061392,0,0,0.8609544361202751,0.2808795928990516,366,-0.755746061167748,1.3167902897186299,0.22600293112750477,running
Pure Pursuit,24.610000000001047,61.59094451507986,119.61320969939847,4.346133756588188,-0.044381572672136604,-5.950108104766665,0.05284363201976441,4.271266403288384,0.03186595429490053,0.10614933423705786,0.08490000000094255,0,not_applicable,158.3380294700568,0,0,0.870717230606107,0.304953119877266,368,-0.7470342910101946,1.3138331521270568,0.22502164647011183,running
Pure Pursuit,24.710000000001063,61.998311805791786,119.6107856330286,3.9354159244477156,0.0347523019400271,-4.67402967745377,0.08490201466484709,3.8787307888428106,0.04040181811411556,0.04347712771458978,0.07899999999949614,0,not_applicable,158.7379249945766,0,0,0.7845248392770933,0.33080800456196835,362,-0.7731696014828544,1.2509219504361844,0.22193355627601147,running
Pure Pursuit,24.81000000000108,62.362058461584205,119.63607955931381,3.5015877052804254,0.15645763613931973,-4.937029299987437,0.10954850151966328,3.441712994448972,0.07285844366916926,0.021535150210299392,0.10510000000074626,0,not_applicable,159.13781712360986,0,0,0.8640966835056253,0.3741957701290965,378,-0.7034754402224281,1.339511527725694,0.216496585417684,running
Pure Pursuit,24.910000000001094,62.67321792373663,119.70008096854137,3.0102452064755862,0.31234818229992345,-5.611368378295074,0.13978454223421366,2.940450867450918,0.05885077108606281,0.12764506317668767,0.08120000000033656,0,not_applicable,159.3377529937275,0,0,0.7944519710229336,0.4183335473001787,389,-0.6555607043558851,1.3694550354107493,0.2082738731989199,running
Pure Pursuit,25.01000000000111,62.9335997439073,119.80286102413419,2.6977088674590863,0.46519253887102363,-3.556709764055861,0.16184561122469318,2.65457423007,0.06981929891417894,0.0902728168911171,0.0838999999999146,0,not_applicable,159.7374457165578,0,0,0.8151501385401063,0.4867834110109107,403,-0.594578313253012,1.4131667464192452,0.19930351586123124,running
Pure Pursuit,25.110000000001126,63.151747177852315,119.9363837601096,2.490467521128013,0.6081869923740715,-2.3584371735182375,0.16366734938049515,2.4618651501072626,0.04820668916296151,0.1077231391284661,0.08030000000047721,0,not_applicable,159.93611059790547,0,0,0.8044371636987997,0.5385178479420518,395,-0.6294253938832253,1.37860437587068,0.20423919388388023,running
Pure Pursuit,25.21000000000114,63.325192440540306,120.08277148418932,2.1601690095982082,0.7400543047733141,-3.7588459143919017,0.16239714152885174,2.1145829296888228,0.07573542171064228,0.06753065220300503,0.08499999999855845,0,not_applicable,160.13605848890913,0,0,0.8432666206173515,0.5672786539604838,371,-0.7339666357738648,1.2713787422763827,0.22234991952811328,running
Pure Pursuit,25.310000000001157,63.471092207914744,120.24250691669123,2.167755372196377,0.8414960411702166,0.19672058947347804,0.148025278454849,2.179841068545556,0.0982842938785104,0.016447208670069102,0.08419999999986771,0,not_applicable,160.33373575861248,0,0,0.8354338172834446,0.6677514130321278,388,-0.6599165894346617,1.3485785953518392,0.20897586948035743,running
Pure Pursuit,25.410000000001173,63.60497930978524,120.4194950137575,2.2644744353879576,0.9321076587632688,2.508004445893799,0.13775840582651672,2.418555816785757,0.11784073968372832,0.04320510032100655,0.08129999999972881,0,not_applicable,160.53368364961617,0,0,0.7853611657241371,0.6510053619022623,390,-0.6512048192771085,1.3300003833298817,0.20758050283462462,running
Pure Pursuit,25.510000000001188,63.72413090138942,120.607176046959,2.202691171269519,1.0138197972073735,-0.7031026837928467,0.1277920109846035,2.194164167008673,0.09357605358320148,0.15307774759507087,0.08139999999912106,0,not_applicable,160.93264790197512,0,0,0.7702552461666266,0.6339615404584703,398,-0.6163577386468952,1.3737569620719696,0.20233107570679906,running
Pure Pursuit,25.610000000001204,63.83335274900435,120.80988758206458,2.3886116939451028,1.0850279588038816,4.821071276606941,0.1163832990116652,2.6847982989302133,0.051618712824758106,0.147842077042732,0.08790000000047371,0,not_applicable,161.13231154885628,0,0,0.8033790061879192,0.6651292885644445,400,-0.607645968489342,1.4039153535737585,0.20109762184866747,running
Pure Pursuit,25.71000000000122,63.93610938154532,121.03718533626342,2.585566495824965,1.1602472074671704,5.107199164826337,0.10288449840311993,2.8993316104277365,0.004852861164293173,0.11167805905727679,0.06939999999922009,0,not_applicable,161.33225943985997,0,0,0.7935662787977849,0.5889319910477279,367,-0.7513901760889712,1.253889736321721,0.22593517874601313,running
Pure Pursuit,25.810000000001235,64.0314586149854,121.28897212845253,2.78369283435178,1.2204346224439984,5.137578068654869,0.06107596681469028,3.099324302690452,0.07598521497934353,0.08630134759114227,0.07219999999996674,0,not_applicable,161.5321124521587,0,0,0.8028086656393377,0.5859425970443068,368,-0.7470342910101946,1.3365833055305107,0.22502164647011183,running
Pure Pursuit,25.91000000000125,64.12482564741653,121.56231045595591,2.977821834004723,1.2516332613101036,5.033923800958391,0.0319376854534261,3.287085214447619,0.06154824784169074,0.08033454759601089,0.07279999999987297,0,not_applicable,161.9319998805164,0,0,0.8507684387955734,0.5570094886449112,326,-0.9299814643188138,1.1203516641005824,0.1933611363769019,running
Pure Pursuit,26.010000000001266,64.21947545169836,121.85452128717174,3.1514365429112225,1.258288657199332,4.50197145672893,-0.0071592759075466035,3.428018979677616,0.0963618606993245,0.060187602062751644,0.07380000000090092,0,not_applicable,162.1319477715201,0,0,0.8471871468651271,0.5427886579182967,687,0.6424930491195551,1.5002584831392949,0.20621919386478796,running
Pure Pursuit,26.110000000001282,64.3227959904517,122.15298003793318,3.164834336372464,1.2167966930160221,0.34741574677374043,-0.08479000419517528,3.1861781175885966,0.08664480456739804,0.012050756208848767,0.09820000000004825,0,not_applicable,162.53178955405951,0,0,0.7367858124956684,0.5025501187629426,686,0.6381371640407787,1.4776337373524944,0.2055510376980303,running
Pure Pursuit,26.210000000001298,64.43723675855884,122.41485085409495,2.7016824065661487,1.097601540878706,-5.279807688255178,-0.16651911415440906,2.636853567546946,0.12117070701440104,0.06163290980947611,0.07790000000085229,0,not_applicable,162.73144729678148,0,0,0.7674551631307261,0.46608256904553574,667,0.5553753475440222,1.447677582685411,0.19430327888470372,running
Pure Pursuit,26.310000000001313,64.5704144473478,122.623208508411,2.361233093844492,0.9394505801264759,-3.874363533321148,-0.1989687826264569,2.314246053234034,0.1058267675337734,0.023035333327125596,0.07719999999977745,0,not_applicable,163.1312617204655,0,0,0.7789592088737474,0.5337860401030684,665,0.546663577386469,1.4252168936501106,0.19326585456320453,running
Pure Pursuit,26.41000000000133,64.72124981315866,122.7874254721209,2.1664638119747837,0.7936665480454888,-2.216503235252807,-0.2057689933295709,2.1395827703192114,0.11364033982145196,0.028466833434279692,0.08029999999870086,0,not_applicable,163.33038827669822,0,0,0.7031670999286586,0.615181223307328,680,0.6120018535681186,1.3906517951781603,0.20171054956370096,running
Pure Pursuit,26.510000000001344,64.8702740027383,122.9067814105033,1.780874917365802,0.662030886067001,-4.388058651620887,-0.1945220751474217,1.727657946812695,0.10505312272239695,0.06485500353570606,0.07399999999968543,0,not_applicable,163.5303361677019,0,0,0.803547191166993,0.6579380448060177,650,0.4813253012048193,1.449710971958565,0.18626277668974425,running
Pure Pursuit,26.61000000000136,65.02704336844688,123.00221961640308,1.8829648385770377,0.5604072320400377,2.647275188879352,-0.17036850937675016,2.0456024362537373,0.10805761765794752,0.11350130751971665,0.0800000000005241,0,not_applicable,163.72868620775313,0,0,0.8001221909460183,0.7849372686108878,708,0.7339666357738648,1.260304771978561,0.22234991952811328,running
Pure Pursuit,26.710000000001376,65.19425049996188,123.0859801040981,1.8641980430738843,0.4744932673132054,-0.2135689085504433,-0.14843300458539505,1.8616079477219933,0.08226171164423361,0.1749902133329404,0.07879999999893528,0,not_applicable,163.9286340987568,0,0,0.8178336550257618,0.7418720956580852,724,0.8036607970342913,1.1848750827739405,0.2153071491827237,running
Pure Pursuit,26.81000000000139,65.37217024973847,123.15958426224549,1.9782422320167825,0.3995820712181455,2.957259132365524,-0.12791692505610452,2.1599239563104367,0.057817273687872914,0.19519668100983933,0.07869999999954302,0,not_applicable,164.1277650990618,0,0,0.8000013542711711,0.764334612022081,683,0.6250695088044487,1.3590552520488106,0.20359530110414154,running
Pure Pursuit,26.910000000001407,65.56809538724652,123.2264172838242,2.1488937432373967,0.3310691642859702,4.425133316190473,-0.1077435500857229,2.4207555636358298,0.021404051625994163,0.1979599493878661,0.0772999999991697,0,not_applicable,164.32771299006546,0,0,0.8363649644057377,0.700819347894493,689,0.6512048192771083,1.3102517895674108,0.2075805028346246,running
Pure Pursuit,27.010000000001423,65.78518096179097,123.28726688578554,2.344847564947713,0.2715566671600145,5.081242930009404,-0.08736668514429854,2.657018036238337,0.035968908513469046,0.16209287146235107,0.07550000000122736,0,not_applicable,164.52760718409195,0,0,0.8313217490065167,0.6702594202441736,730,0.8297961075069509,1.182337040594849,0.21008581223244965,running
Pure Pursuit,27.11000000000144,66.02436026763866,123.3425153897169,2.5488593185816804,0.21837453944918894,5.290191697939424,-0.06828639308927614,2.8738667347416555,0.08963483479995737,0.11610155831112845,0.08129999999972881,0,not_applicable,164.72755507509564,0,0,0.8662167078212316,0.6267731127019474,704,0.7165430954587584,1.3272049483846549,0.21894209497805303,running
Pure Pursuit,27.210000000001454,66.28572902298308,123.3910807024742,2.751959916416465,0.17502227608439225,5.266564682541999,-0.048513790494678515,3.0755157868358802,0.0857084753647452,0.04043130759134339,0.09410000000009688,0,not_applicable,165.1274258296814,0,0,0.7766485084578867,0.6262528499757614,753,0.9299814643188138,1.1476656380394474,0.1933611363769019,running
Pure Pursuit,27.31000000000147,66.57178324850733,123.43623171349087,3.0186649391569187,0.15048071173361133,6.915879462669259,-0.02875389892707494,3.443547862683391,0.07668990681062836,0.0011563422964635528,0.07019999999968718,0,not_applicable,165.327352021864,0,0,0.8183004709241173,0.5922367035305358,733,0.8428637627432809,1.2919800076341923,0.20762130414308752,running
Pure Pursuit,27.410000000001485,66.88281294947383,123.48112548663588,3.2480685333518893,0.13763629198985838,5.948622899762386,-0.004801618679570095,3.6135272291331573,0.08012019367757763,0.036865834217025384,0.07540000000005875,0,not_applicable,165.72723537887217,0,0,0.781645294407211,0.5538806878972035,709,0.7383225208526416,1.4598234513114927,0.2232291878884924,running
Pure Pursuit,27.5100000000015,67.21865529064381,123.52757936216501,3.5116372468015413,0.13906175345110294,6.834552396572189,0.008884948077482026,3.931523773009108,0.10149310200483933,0.04689582258019742,0.07850000000075852,0,not_applicable,165.92718326987583,0,0,0.8377894929873959,0.5081933393886392,361,-0.7775254865616312,1.3972855298555393,0.22094939445953415,running
Pure Pursuit,27.610000000001516,67.5778047522987,123.58047884824893,3.731301915978598,0.15307433073477017,5.696084605478324,0.023369970968715254,4.081245707349374,0.060054055053031644,0.05338014255322854,0.0716000000000605,0,not_applicable,166.32706972614673,0,0,0.8236843817022512,0.4601129094459963,358,-0.790593141797961,1.3546299929504724,0.21807316453493358,running
Pure Pursuit,27.710000000001532,67.95928534144578,123.641505335991,3.9757997156356146,0.16752026132639908,6.340027997752831,0.03131776423352709,4.365304715753881,0.03939329496416852,0.057457621292396066,0.07639999999931035,0,not_applicable,166.72695885264912,0,0,0.8494838587447306,0.41478309624613674,357,-0.7949490268767376,1.3010128862387507,0.21713917065507293,running
Pure Pursuit,27.810000000001548,68.36414417238069,123.71362693068568,4.228849295582106,0.19515784167374295,6.561782657884563,0.03936616044950741,4.631977981424071,0.05293178498965787,0.04636916167969618,0.07469999999898391,0,not_applicable,167.12685043648344,0,0,0.823747325154554,0.3877305068746715,353,-0.8123725671918443,1.2737584660566883,0.21352185245425553,running
Pure Pursuit,27.910000000001563,68.79106191927144,123.80460846611317,4.481546566696376,0.24114334530118442,6.552647001599441,0.041347803448844804,4.88411399574205,0.092945311563539,0.014964324337928936,0.07190000000001362,0,not_applicable,167.52674410382528,0,0,0.8182937173951151,0.3747160211280256,378,-0.7034754402224281,1.4249237866222855,0.216496585417684,running
Pure Pursuit,28.01000000000158,69.238108232604,123.91918809695038,4.729248923905736,0.28822902603672307,6.4231247971136884,0.032306985307469054,5.123859046407745,0.069623035474764,0.013554063412909212,0.07180000000062137,0,not_applicable,168.12658672827925,0,0,0.7902410019702212,0.3697215684045972,356,-0.7993049119555145,1.3714334982864669,0.21621722807816315,running
Pure Pursuit,28.110000000001595,69.70582111523707,124.0591359685699,5.012517966484119,0.3210913407216609,7.3453980500558025,0.01795287295997409,5.463788728911316,0.05162827331160651,0.03677633707975758,0.09439999999827364,0,not_applicable,168.52648156813765,0,0,0.8134615031797248,0.3483577867911318,366,-0.755746061167748,1.4249663199915594,0.22600293112750477,running
Pure Pursuit,28.21000000000161,70.19544239797203,124.21921500782307,5.269585765783,0.3349821448112975,6.665978373473802,0.0018627173173344125,5.6791158038314995,0.05688461986736361,0.039805249389937014,0.0725999999993121,0,not_applicable,169.12632356858225,0,0,0.801116398498707,0.33486235455112967,333,-0.8994902687673771,1.2419986784515689,0.19795406078248537,running
Pure Pursuit,28.310000000001626,70.70828322239734,124.39432210215344,5.54648361910588,0.3321384284626425,7.180187899635078,-0.005980300682004673,5.987604555746508,0.09100448736909605,0.030924834670759793,0.17530000000043344,0,not_applicable,169.5262186432436,0,0,0.8201227170885086,0.3271459891430269,713,0.755746061167748,1.4806058768829857,0.22600293112750477,running
Pure Pursuit,28.41000000000164,71.24650153293949,124.57563516492613,5.792614602306941,0.31217308155878576,6.3823777833510675,-0.007379866182715281,6.1847213974409865,0.058587998736017936,0.0028132708090824465,0.13779999999918857,0,not_applicable,170.12606167223518,0,0,0.8406042455246843,0.3099383332884239,364,-0.7644578313253012,1.4646917862226456,0.2239412608755995,running
Pure Pursuit,28.510000000001657,71.81043859453108,124.76013399040325,6.053512806441257,0.3122346512514811,6.7653039049651476,0.0018984680252073561,6.4691449928034555,0.05219476698438604,0.003974313341088109,0.07839999999958991,0,not_applicable,170.7259043560144,0,0,0.8510408630124218,0.29635653892856756,366,-0.755746061167748,1.475333522360551,0.22600293112750477,running
Pure Pursuit,28.610000000001673,72.39873159757654,124.95484644505439,6.318859856086836,0.3330644327660772,6.880666109200311,0.00397965946903954,6.741579417361288,0.07201537906013292,0.01098531984592066,0.079200000000057,0,not_applicable,171.3257477012342,0,0,0.8546851012160188,0.28107470293993647,725,0.8080166821130677,1.3900248323482818,0.2144087504700342,running
Pure Pursuit,28.71000000000169,73.01036680112254,125.16317827845671,6.582856357400723,0.33327072665279656,6.845645285915785,-0.004000510140890028,7.003424384678414,0.0818602950054145,0.005185982250251797,0.0801999999993086,0,not_applicable,172.12553890555506,0,0,0.8443886035889923,0.2620427022004043,714,0.7601019462465248,1.4250404602893105,0.22496523842325897,running
Pure Pursuit,28.810000000001704,73.64896962875405,125.37876303260983,6.8740830862772615,0.3113122302863174,7.551747366893897,-0.0033250194547112606,7.338031094090113,0.007928662432092256,0.02000380776115973,0.08220000000136451,0,not_applicable,172.72538248834832,0,0,0.8116590334325617,0.25134637652921155,339,-0.8733549582947173,1.2648874589485128,0.20222103997141733,running
Pure Pursuit,28.91000000000172,74.31609060425622,125.5975922580346,7.146043326537695,0.31094208756289743,7.05215155287906,0.01082852713547416,7.5792982415651675,0.09501856783879686,0.022440413713951557,0.0753000000006665,0,not_applicable,173.32522615140525,0,0,0.8479976342519369,0.23986530289944707,369,-0.742678405931418,1.4387643381144735,0.2241197071405647,running
Pure Pursuit,29.010000000001735,75.00781816275062,125.82610351301851,7.403295283405454,0.33457048984905247,6.670753729915999,0.015054118327378612,7.813118699529295,0.03031482340514989,0.00012904251285394963,0.08030000000047721,0,not_applicable,174.1250177113213,0,0,0.8288566444944865,0.2313681784804287,342,-0.8602873030583875,1.2828359656904906,0.20447740104668094,running
Pure Pursuit,29.11000000000175,75.7196099224552,126.07101889896421,7.633409393791149,0.35582279941331074,5.967047165945463,0.006264779950700203,8.0,0.032085355728882776,0.022300238929572558,0.12530000000054997,0,not_applicable,174.92480925589476,0,0,0.8463815620201667,0.2237420985980133,350,-0.8254402224281743,1.3343740027692559,0.21092842571338713,running
Pure Pursuit,29.210000000001767,76.44531789239264,126.33130447852179,7.7747819502290145,0.35492335818411136,3.6659060620885064,-0.0036766938890955294,8.0,0.054017878310370276,0.02429813086477406,0.08030000000047721,0,not_applicable,175.72460070147974,0,0,0.8121010668258964,0.21215630140423716,717,0.7731696014828544,1.3809934257573626,0.22193355627601147,running
Pure Pursuit,29.310000000001782,77.18157784642779,126.59532343418603,7.861635379948202,0.3272472306063554,2.2521804977098547,-0.009181447534303493,8.0,0.0702921805606884,0.0007145607817675703,0.07989999999935549,0,not_applicable,176.5243920827984,0,0,0.8204759647906739,0.21466832443966796,741,0.8777108433734941,1.2678343276787327,0.2014875443267371,running
Pure Pursuit,29.410000000001798,77.92768468327773,126.85203459045547,7.914994521524602,0.29939856618024563,1.3836462005179762,-0.0015646986853715202,8.0,0.08121346666666318,0.02367160607753238,0.08940000000023929,0,not_applicable,177.32418355648542,0,0,0.8217461243459796,0.20933014413984075,369,-0.742678405931418,1.4364241505607254,0.2241197071405647,running
Pure Pursuit,29.510000000001813,78.68191341525396,127.09781764742802,7.947776162951726,0.2962748608155572,0.8500547847539774,0.009325526156407967,8.0,0.08762484046703954,0.024141953313138842,0.10149999999953252,0,not_applicable,178.1239751013618,0,0,0.8190152797736938,0.2050552624451144,343,-0.8559314179796107,1.2691574844106215,0.20524858980469116,running
Pure Pursuit,29.61000000000183,79.43950640174641,127.34164752667964,7.967915842543795,0.32509494601557587,0.5222383704827394,0.012043015653453283,8.0,0.09186090002328809,0.006456695102248666,0.07989999999935549,0,not_applicable,178.9237666543378,0,0,0.8449421775508056,0.2107927462340125,735,0.8515755329008341,1.3097370489347264,0.20602954162158948,running
Pure Pursuit,29.710000000001845,80.19670426703566,127.59182983197809,7.980288825604236,0.3329515491648991,0.3208415745620474,-0.0007278366947388554,8.0,0.09412810962515213,0.015244197930417869,0.07849999999898216,0,not_applicable,179.72355821016015,0,0,0.819124734535059,0.20657504346524463,366,-0.755746061167748,1.4238760431107043,0.22600293112750477,running
Pure Pursuit,29.81000000000186,80.95451741617902,127.84327172454577,7.987890272743157,0.30619267407141826,0.19711174395763642,-0.005208107975998051,8.0,0.09535257707081493,0.011417894598504397,0.11470000000102232,0,not_applicable,180.52334977337904,0,0,0.8186916075272683,0.20037659537209293,348,-0.8341519925857275,1.2835141527475076,0.20925385860619156,running
Pure Pursuit,29.910000000001876,81.71488325616993,128.0888494226654,7.992560286297977,0.29867860766943877,0.12109727256842895,0.007808308219588074,8.0,0.0964153468493495,0.01966903355896843,0.0935999999995829,0,not_applicable,181.32314133255548,0,0,0.850543966801148,0.20605645024974967,322,-0.9474050046339204,1.1518054608133075,0.19090943400131302,running
Pure Pursuit,30.01000000000189,82.47589451427847,128.33363109754328,7.99542934875459,0.3255000352712212,0.07439713702022566,0.01399262565851242,8.0,0.09757884956382566,0.005582294185411563,0.07770000000029142,0,not_applicable,182.12293287628773,0,0,0.8081968635194666,0.21362124631532123,731,0.8341519925857277,1.3562825631901627,0.20925385860619153,running
Pure Pursuit,30.110000000001907,83.21714431551375,128.5820948996578,7.727449694988932,0.36367640931501444,-3.049648095693298,0.003767343460395377,7.69046453918526,0.08641482652179067,0.04207638185964058,0.09629999999916095,0,not_applicable,182.7227765180089,0,0,0.8443807529266416,0.19802091131463354,726,0.8123725671918445,1.3024548830624034,0.2135218524542555,running
Pure Pursuit,30.210000000001923,83.92493917504694,128.83624340991014,7.414995259572407,0.38483369084158325,-3.5557776889741,-0.015835961377361797,7.371871926091522,0.03772110663176113,0.061937080053693805,0.10360000000098069,0,not_applicable,183.5225680756534,0,0,0.8038395899703092,0.19916579125420109,714,0.7601019462465248,1.34041138825607,0.22496523842325897,running
Pure Pursuit,30.31000000000194,84.59320675547534,129.08465425153238,6.983824718246809,0.349737894278342,-4.906784533062076,-0.03280653462943796,6.9243168062662,0.05720653548334323,0.029836845959400726,0.11669999999952552,0,not_applicable,184.32235958721995,0,0,0.8107757031316267,0.20432966014256596,711,0.7470342910101948,1.3366639501879556,0.22502164647011186,running
Pure Pursuit,30.410000000001954,85.22299521724443,129.3054441019063,6.512099629969994,0.26832293187999423,-5.380640074378675,-0.030411501666723226,6.445760710808941,0.04464900178535102,0.046483962635405884,0.07619999999874949,0,not_applicable,184.92220278536993,0,0,0.8457859486259365,0.24052521164498009,737,0.8602873030583873,1.3000668869050895,0.20447740104668097,running
Pure Pursuit,30.51000000000197,85.82045653468211,129.48886077897635,6.116676626908253,0.22950395391747302,-4.499972260338447,0.0033570824033612805,6.062102403936149,0.05359884952507697,0.07766251149288239,0.08189999999963504,0,not_applicable,185.52204588421367,0,0,0.8363279998917403,0.25434469674731675,349,-0.8297961075069509,1.3281438693258614,0.21008581223244965,running
Pure Pursuit,30.610000000001985,86.3846423082662,129.6421529609646,5.7087615600983685,0.23409976418506528,-4.642133793445433,0.01865434043660752,5.65246324756371,0.0288662844705627,0.06312446571251673,0.09410000000009688,0,not_applicable,186.12188746699604,0,0,0.8449224083025153,0.2627286381632454,348,-0.8341519925857275,1.28886375473933,0.20925385860619156,running
Pure Pursuit,30.710000000002,86.90924699764032,129.77793996919866,5.2711213231427045,0.25412909888371193,-4.980410626240026,0.011230387481972087,5.210720497474366,0.03302558234390055,0.023928895426468255,0.08700000000061436,0,not_applicable,186.72172881974572,0,0,0.8232138089934535,0.2929213617214209,739,0.8689990732159409,1.2825332241040228,0.20296376061118723,running
Pure Pursuit,30.810000000002017,87.38908425907914,129.9030241187756,4.794996797784808,0.2593447200704697,-5.432383634236118,-0.011177382676025908,4.727882959719093,0.06586867402658059,0.010203036369272667,0.10539999999892302,0,not_applicable,187.12161412414483,0,0,0.8459651128830681,0.31666913327516927,701,0.7034754402224284,1.489427306428334,0.21649658541768402,running
Pure Pursuit,30.910000000002032,87.8305518190985,130.01371646885502,4.427258228095373,0.22170209369021543,-4.184919313863533,-0.050180395865240826,4.376504866398455,0.07990484300635074,0.04428497671081466,0.1365999999993761,0,not_applicable,187.72139858740155,0,0,0.8475211363332689,0.32382725866232853,703,0.7121872103799816,1.3934470077618915,0.21811666573475305,running
Pure Pursuit,31.010000000002048,88.22956178690565,130.0941305247746,3.8717544751891886,0.12559226017402847,-6.383904368474855,-0.07498875445891415,3.7888677912478874,0.07589099339296246,0.017180492393786384,0.09440000000005,0,not_applicable,188.1212670421595,0,0,0.8203231628870457,0.3472437307983086,725,0.8080166821130677,1.2766069475391058,0.2144087504700342,running
Pure Pursuit,31.110000000002064,88.59645108354428,130.13299506160186,3.5990052078100923,0.02219810363296193,-3.103927004069438,-0.07079023881534462,3.561361774782245,0.09674360450079358,0.047672753787215694,0.07480000000015252,0,not_applicable,188.32121085977408,0,0,0.8678802944716912,0.41683914915920617,678,0.6032900834105654,1.5294950154993943,0.20049220035001988,running
Pure Pursuit,31.21000000000208,88.94054194602074,130.13601768113674,3.361944142220884,-0.05169140708161746,-2.697789989195818,-0.055161607117161365,3.3292262088905105,0.041288436536388,0.04726373040509246,0.07860000000015077,0,not_applicable,188.7210734922265,0,0,0.8613455898365073,0.437096422779038,732,0.8385078776645041,1.260173103105495,0.20843240730709414,running
Pure Pursuit,31.310000000002095,89.27827133038177,130.11510830065941,3.403203166484463,-0.09629242654066172,1.0698802580555133,-0.0485512079779668,3.468932168026435,0.02816206881726879,0.01861197906929446,0.08120000000033656,0,not_applicable,189.1209132497523,0,0,0.8690672781042844,0.4496432684653953,716,0.768813716404078,1.3094263802319164,0.22293077345441878,running
Pure Pursuit,31.41000000000211,89.62033659943387,130.07652044850403,3.4762426619809195,-0.13945411010894238,1.8939738804965867,-0.05436380126429756,3.5926005545341217,0.08240947663175906,0.011757251233804666,0.0771000000003852,0,not_applicable,189.52073084437544,0,0,0.8022891143994471,0.4502498727891352,709,0.7383225208526416,1.3565100880331808,0.2232291878884924,running
Pure Pursuit,31.510000000002126,89.96798803229954,130.019278549442,3.564463286680077,-0.19923885981239953,2.2876329822048413,-0.06425606125458316,3.7050059602014036,0.07132638346795638,0.00960243261550442,0.09839999999883275,0,not_applicable,189.7206787353791,0,0,0.8408477966058627,0.44041721491298186,724,0.8036607970342913,1.2779354264832445,0.2153071491827237,running
Pure Pursuit,31.61000000000214,90.32111532420184,129.93692953473294,3.6797904592311785,-0.2731934426602234,2.9905279470872737,-0.06751721209358857,3.8635160813888043,0.03566682520778364,0.008183320895355006,0.09619999999976869,0,not_applicable,190.1204740901946,0,0,0.8500294817209968,0.424781715260123,713,0.755746061167748,1.3279181610084838,0.22600293112750477,running
Pure Pursuit,31.710000000002157,90.67900112150225,129.8262523605636,3.804058009931683,-0.3483626256164174,3.2223592676849533,-0.06429348461685355,4.002026385999674,0.018502725920808052,0.008967401363320526,0.11390000000055522,0,not_applicable,190.52025542609942,0,0,0.8221600992427984,0.4043710297350369,717,0.7731696014828544,1.2868965132273074,0.22193355627601147,running
Pure Pursuit,31.810000000002173,91.04286263344511,129.686591079542,3.9779114059469713,-0.40721093672229824,4.508160808758039,-0.060663874541300455,4.254874090807487,0.021477375412316743,0.004831805264071676,0.10159999999892477,0,not_applicable,190.9200318013378,0,0,0.8138451396454903,0.4081674726346304,722,0.7949490268767376,1.3045227431389108,0.21713917065507293,running
Pure Pursuit,31.91000000000219,91.41600221147546,129.5186773277945,4.190041070408755,-0.4677864088939174,5.500695767930304,-0.06783340375143254,4.527980982740002,0.03009131325505314,0.014869180699754736,0.09259999999855495,0,not_applicable,191.31981230599897,0,0,0.8079226244284948,0.38785099156915803,741,0.8777108433734941,1.1872273436748926,0.2014875443267371,running
Pure Pursuit,32.0100000000022,91.78991302020512,129.31921464850137,4.280317714981565,-0.5497523626567118,2.3409472598023573,-0.0723032715808997,4.424135796388991,0.047789650901493494,0.0013114277041630373,0.11000000000116472,0,not_applicable,191.71960504033046,0,0,0.8035820772525779,0.344537379821728,717,0.7731696014828544,1.2551373812607833,0.22193355627601147,running
Pure Pursuit,32.11000000000218,92.14623639584833,129.09167140130535,4.202934344004944,-0.6427342792952901,-0.8806342071907824,-0.07025607733476119,4.1922542942624865,0.06621045656389277,0.02552605921826423,0.10160000000070113,0,not_applicable,192.11941591333905,0,0,0.8314487505772292,0.35344530176167976,709,0.7383225208526416,1.342137019514206,0.2232291878884924,running
Pure Pursuit,32.21000000000216,92.47176036842362,128.84304583683993,4.043195207148281,-0.722863465585647,-1.8178550038302976,-0.06073063609610516,4.021148843621914,0.07161672210166586,0.041740585047535195,0.09889999999934673,0,not_applicable,192.51924820031505,0,0,0.7839589870823939,0.36321116975643125,720,0.7862372567191844,1.2975490399882679,0.21901940157552577,running
Pure Pursuit,32.31000000000214,92.76775031526302,128.58047216261542,3.913750467539142,-0.7811786895608368,-1.4731002824256745,-0.053190965277986474,3.895885178905713,0.06460476859281593,0.03826531611776085,0.08359999999996148,0,not_applicable,192.9191027031486,0,0,0.830875303876218,0.3689376540174554,700,0.6991195551436515,1.3574523983110176,0.2157016455530536,running
Pure Pursuit,32.41000000000212,93.03897962021988,128.30718944049912,3.8188118680331096,-0.8349918094729409,-1.0804153043818276,-0.05453799840932131,3.805708937100959,0.05072791025675429,0.03169429252753497,0.1724999999996868,0,not_applicable,193.318978219159,0,0,0.8326209992833578,0.39420370503546387,707,0.729610750695088,1.3715483280414158,0.22148173646210823,running
Pure Pursuit,32.5100000000021,93.28771957437706,128.02613729230208,3.720398175649596,-0.8874289165506559,-1.1199623753151888,-0.05927570399938118,3.7068156305015907,0.04049184782546743,0.02118618747959955,0.07870000000131938,0,not_applicable,193.7188554941955,0,0,0.811538790873848,0.395846994745912,707,0.729610750695088,1.3483282600078434,0.22148173646210823,running
Pure Pursuit,32.61000000000208,93.51256676127178,127.73852206945486,3.6164152632179225,-0.9561658872600962,-1.1833409231851677,-0.06868238302317552,3.6020640833310793,0.054191276407202706,0.019264603165058958,0.08090000000038344,0,not_applicable,194.11870764002344,0,0,0.8399100175936285,0.39186579134403454,729,0.8254402224281745,1.1997229099259632,0.21092842571338707,running
Pure Pursuit,32.71000000000206,93.70781223550216,127.44467332621024,3.4844044276542916,-1.0400353900762573,-1.5023028339291766,-0.07229622876935926,3.466184979825005,0.09419580778826664,0.02206613036615268,0.07759999999912282,0,not_applicable,194.51851625239186,0,0,0.8372962926652233,0.4145019245232608,736,0.8559314179796109,1.187873448170069,0.20524858980469113,running
Pure Pursuit,32.81000000000204,93.87219260056062,127.14608897984822,3.3711918244453263,-1.1212498289402817,-1.2883761693588225,-0.0688740566588894,3.3555668107184093,0.05392681976668196,0.0573451472580464,0.09949999999925296,0,not_applicable,194.71846414339552,0,0,0.8114355166051408,0.454565716791898,687,0.6424930491195551,1.474289180755808,0.20621919386478796,running
Pure Pursuit,32.91000000000202,94.01357860400293,126.8365613888664,3.4308113625302195,-1.1788622087179326,1.545983404356046,-0.0634902513132901,3.525790164880931,0.016312131673916784,0.015428538116347035,0.07899999999949614,0,not_applicable,195.11820585612023,0,0,0.845061491503242,0.4555851198952559,720,0.7862372567191844,1.304128184225569,0.21901940157552577,running
Pure Pursuit,33.010000000002,94.13779193949107,126.51597543541739,3.44545911353734,-1.2397273876949761,0.3798281686768945,-0.06802886277864141,3.468794179397909,0.06915638469537423,0.02346739580099566,0.07749999999973056,0,not_applicable,195.51789328113165,0,0,0.82255242424283,0.43927919897299833,722,0.7949490268767376,1.2725820222194144,0.21713917065507293,running
Pure Pursuit,33.11000000000198,94.24063858322685,126.18393687748627,3.503412083341775,-1.3137480573544071,1.502767925226589,-0.0654796016756128,3.595735906059999,0.08069669012613948,0.010451113863426897,0.07770000000029142,0,not_applicable,195.71768608746402,0,0,0.8047959051481286,0.44158778295944534,710,0.742678405931418,1.3449275911148082,0.2241197071405647,running
Pure Pursuit,33.21000000000196,94.32336414405259,125.83807783506789,3.60187441688082,-1.3715761569545448,2.553208872379771,-0.04837429341340464,3.758732970579752,0.04008316328998004,0.0015151292552024742,0.08560000000024104,0,not_applicable,196.11749960073288,0,0,0.8043688200250397,0.4523471872460534,751,0.9212696941612606,1.15311015682666,0.19463310273330892,running
Pure Pursuit,33.31000000000194,94.39147950192171,125.47459726125099,3.7806043406437246,-1.4147512411081922,4.634613163319408,-0.032402781125791605,4.065335733212761,0.026049893219405824,0.0026840566575492275,0.08069999999982258,0,not_applicable,196.5173656083155,0,0,0.8607689040063282,0.432880496198495,720,0.7862372567191844,1.3206014956912078,0.21901940157552577,running
Pure Pursuit,33.41000000000192,94.44825324289256,125.08883826704684,4.00034875883713,-1.4452705495221612,5.69815256272435,-0.019032199643651253,4.35041959691616,0.026845807623894623,0.013887413123700565,0.12710000000026866,0,not_applicable,196.91725664165713,0,0,0.8042829527692557,0.44434159846669957,705,0.7208989805375348,1.481724921770314,0.2197779812188762,running
Pure Pursuit,33.5100000000019,94.4994395751942,124.67913170215164,4.238522884094844,-1.4595267610312377,6.176049946430924,-0.010467725595649626,4.617953753480222,0.022059343203782122,0.01961016834045015,0.13520000000077914,0,not_applicable,197.31715145251988,0,0,0.8683013657660067,0.40573923069203793,725,0.8080166821130677,1.335861937881508,0.2144087504700342,running
Pure Pursuit,33.61000000000188,94.54673024690366,124.24468158321432,4.482362040703257,-1.4742331921987077,6.322948844588545,-0.0032600153908986713,4.870817768553699,0.043961104276330897,0.02759364466473091,0.17490000000108807,0,not_applicable,197.71704657220826,0,0,0.8459937968849754,0.39793502492827154,346,-0.8428637627432809,1.329800582531992,0.20762130414308752,running
Pure Pursuit,33.71000000000186,94.59231658441496,123.78560749478318,4.724863197383283,-1.4729151033279886,6.288253411669071,0.0035607352452696715,5.111187381870164,0.0968699409874962,0.017171260832088198,0.09679999999967492,0,not_applicable,198.3168898540826,0,0,0.839870211325027,0.3744930932390723,720,0.7862372567191844,1.4049820920839529,0.21901940157552577,running
Pure Pursuit,33.81000000000184,94.64330162797927,123.30065484976905,5.00524168978376,-1.4556750780277457,7.270443718840811,0.00374704703126206,5.451907569267364,0.009113400048533279,0.005408607556673939,0.08340000000117698,0,not_applicable,198.71678543973098,0,0,0.8702693296217892,0.3607613333966275,718,0.7775254865616312,1.4356982743894604,0.22094939445953415,running
Pure Pursuit,33.91000000000182,94.70116172788546,122.78959975420204,5.260707888843953,-1.456226607655606,6.624447568825582,-0.00648196389334703,5.667686446666318,0.09468242314804659,0.01196225110106841,0.07779999999968368,0,not_applicable,199.31662894995455,0,0,0.8499473980734836,0.3312155959245684,732,0.8385078776645041,1.3168024597383536,0.20843240730709414,running
Pure Pursuit,34.0100000000018,94.75933465720374,122.2517555646497,5.536849587544959,-1.4747860314309194,7.160580191590116,-0.009775951504125906,5.976765908002965,0.046867373661567256,0.0026431870996077578,0.0800000000005241,0,not_applicable,199.71652452225305,0,0,0.8670249008736205,0.3214461630891983,716,0.768813716404078,1.4383380124778624,0.22293077345441878,running
Pure Pursuit,34.11000000000178,94.81310400943798,121.6873572396618,5.782649561983187,-1.4926545735276007,6.373794455293309,-0.003718069557959666,6.1742290330742895,0.014742904762339458,0.015681546059699958,0.09569999999925471,0,not_applicable,200.3163678113483,0,0,0.8444719004400905,0.3115550234966157,380,-0.6947636700648749,1.5400958327211454,0.21491658495418048,running
Pure Pursuit,34.21000000000176,94.86272849159,121.09708702617522,6.04352263726862,-1.4911672793707,6.764652293352711,0.00351981085234679,6.459114791318458,0.006110120649724958,0.010455984921158734,0.10029999999972006,0,not_applicable,200.91621135386904,0,0,0.8672211826629395,0.2936889984863021,719,0.781881371640408,1.4250737288596789,0.21997807798827246,running
Pure Pursuit,34.31000000000174,94.91657490706808,120.4807475008607,6.309010937082764,-1.470082578249584,6.884328841644711,0.003347667508528044,6.7319555214330915,0.024812594703153317,0.01304417729072771,0.17420000000001323,0,not_applicable,201.51605490075022,0,0,0.8701749122693128,0.28124479114736267,361,-0.7775254865616312,1.432249977409587,0.22094939445953415,running
Pure Pursuit,34.41000000000172,94.9783399177437,119.83854131267142,6.573233198698419,-1.4698959024664957,6.851499435261896,-0.0068933813981758765,6.994160880608954,0.07037698268755138,0.014438329096253533,0.11579999999966617,0,not_applicable,202.1158985584702,0,0,0.8653739992884172,0.2568664394257236,710,0.742678405931418,1.4179309731053134,0.2241197071405647,running
Pure Pursuit,34.5100000000017,95.04078865907452,119.17010158258996,6.833021463423199,-1.4921033902823038,6.736522267902831,-0.009247391745280354,7.246885425488702,0.05932298200005829,0.008100951258425582,0.07779999999968368,0,not_applicable,202.91569011980596,0,0,0.8707265522457627,0.25141902124832116,351,-0.8210843373493977,1.337934203033584,0.21178185999974475,running
Pure Pursuit,34.61000000000168,95.09968199607498,118.4739230193529,7.11751619361468,-1.492499603279317,7.377181132743846,0.0006755654831377781,7.570739576697584,0.041376588106577857,0.010106127731831727,0.07639999999931035,0,not_applicable,203.51553377403886,0,0,0.8633967370532133,0.2478261911025744,748,0.9082020389249306,1.2383211488835295,0.19660096634514493,running
Pure Pursuit,34.71000000000166,95.16236932445942,117.75057113155177,7.382567701317253,-1.4689531252601287,6.873002464800235,0.0033745404114827234,7.8048164400947035,0.03372100238443402,0.009845050735403316,0.10289999999990584,0,not_applicable,204.3153253172024,0,0,0.8710221321153907,0.22858597835887537,710,0.742678405931418,1.4226391336415618,0.2241197071405647,running
Pure Pursuit,34.810000000001644,95.23379235156098,117.00286012617825,7.620675227843338,-1.4677956399525345,6.17432298682747,-0.006674582482912926,8.0,0.08220023584209611,0.008107569140530124,0.0782000000008054,0,not_applicable,205.11511682447937,0,0,0.8633983173026427,0.2289416186104738,717,0.7731696014828544,1.4315942415384382,0.22193355627601147,running
Pure Pursuit,34.910000000001624,95.30600096145727,116.23628829483819,7.766958607318279,-1.493643506945322,3.793247721566617,-0.006386370660151053,8.0,0.08845044870545092,0.019297692992769733,0.08139999999912106,0,not_applicable,205.71496045404808,0,0,0.8585479967888683,0.21646141907675612,366,-0.755746061167748,1.426502975070962,0.22600293112750477,running
Pure Pursuit,35.010000000001604,95.37209470005875,115.45754022211565,7.8568290428429854,-1.497841011775597,2.3304139268172097,0.008049725896124757,8.0,0.07006429625146172,0.024827862623762798,0.08350000000056923,0,not_applicable,206.51475200082268,0,0,0.8199887499992893,0.21708342869214564,377,-0.7078313253012047,1.498339280561257,0.21730154451353453,running
Pure Pursuit,35.110000000001584,95.43849096576446,114.67167697968726,7.912041707537979,-1.470823623803046,1.4317095715701456,0.013992196411016965,8.0,0.060606042066286135,0.0017574054133482342,0.08240000000014902,0,not_applicable,207.31454356302623,0,0,0.8657527179059881,0.21088093748193876,714,0.7601019462465248,1.425797378612103,0.22496523842325897,running
Pure Pursuit,35.210000000001564,95.51495676072167,113.8823461384525,7.945962076621798,-1.4419573071874752,0.8795829246202125,0.004371554082754224,8.0,0.054407052026847175,0.031092620669397775,0.07749999999973056,0,not_applicable,208.11433512447667,0,0,0.8673134751306766,0.20458323620793104,711,0.7470342910101948,1.4126522695505912,0.22502164647011186,running
Pure Pursuit,35.310000000001544,95.60471063373588,113.09170716543063,7.966801343212872,-1.4380451360689233,0.5403792337820157,-0.010039419826764403,8.0,0.04793636920051438,0.03638779894002786,0.09399999999892827,0,not_applicable,208.91412668188548,0,0,0.8658314752449714,0.20580909064117653,716,0.768813716404078,1.3983165387279384,0.22293077345441878,running
Pure Pursuit,35.410000000001524,95.69783799461408,112.30013030021411,7.973407245231005,-1.4668403013370954,0.17129644440205816,-0.017616999246157505,7.9839309876530775,0.047054203995695584,0.009921099029490676,0.07800000000024454,0,not_applicable,209.71391823081632,0,0,0.8392850607295514,0.21379824811171205,753,0.9299814643188138,1.2116699944245113,0.1933611363769019,running
Pure Pursuit,35.510000000001504,95.77917448669024,111.53041032367435,7.621240580589419,-1.5079583335571878,-4.007708731238422,-0.011339478047268212,7.572636372107163,0.030708778642524363,0.027990152939087132,0.0771000000003852,0,not_applicable,210.5137097165413,0,0,0.8044581354454762,0.20477985354971592,724,0.8036607970342913,1.3485896212251558,0.2153071491827237,running
Pure Pursuit,35.610000000001484,95.8396474638523,110.7989373017533,7.196325538226771,-1.5362536063835635,-4.835596029636902,0.003888768313172951,7.137680977625728,0.050735536765368,0.05333848775660499,0.07279999999987297,0,not_applicable,211.31350116874512,0,0,0.8735274578545835,0.2168813826022016,350,-0.8254402224281743,1.3319841594232447,0.21092842571338713,running
Pure Pursuit,35.710000000001465,95.88359150563755,110.11089291074205,6.738356569582024,-1.5277237368107601,-5.2188487846136855,0.02009788510502295,6.674440659765402,0.04254067971732435,0.044568358441727796,0.0762999999999181,0,not_applicable,211.91334483285547,0,0,0.8687027328420286,0.21487439861898605,359,-0.7862372567191844,1.3115050940138835,0.21901940157552577,running
Pure Pursuit,35.810000000001445,95.92170293680009,109.46341378394752,6.357304098682206,-1.5021405023383683,-4.3364334788456205,0.021912027522173486,6.304713221697462,0.09238139436050322,0.020679514925693532,0.08130000000150517,0,not_applicable,212.5131884822444,0,0,0.8181058202053584,0.2505304620278361,353,-0.8123725671918443,1.374603751255809,0.21352185245425553,running
Pure Pursuit,35.910000000001425,95.9647915507105,108.85513721319279,5.965924466570152,-1.4670679218816975,-4.453958100891562,0.01931126129937272,5.911908288593049,0.10348460776146196,0.009257242431560009,0.07840000000136627,0,not_applicable,213.31297986897692,0,0,0.8728858738043799,0.25495689230683366,336,-0.8864226135310473,1.22472217121671,0.20004771979496722,running
Pure Pursuit,36.010000000001405,96.01913147373386,108.29614419314362,5.423383375402482,-1.422047558021893,-6.224865733337062,0.009341766724585913,5.3434378932364455,0.06851545247184221,0.05048261701916701,0.07620000000052585,0,not_applicable,213.71287551246766,0,0,0.7951239966695063,0.27439599261723613,740,0.8733549582947173,1.2536149678447124,0.20222103997141733,running
Pure Pursuit,36.110000000001385,96.08656417921345,107.78080440750205,5.082271034318929,-1.403657652207862,-3.881908894145507,-0.018153606530995875,5.035192485987931,0.022903755268179206,0.06290082624677629,0.08570000000140965,0,not_applicable,214.3127190415242,0,0,0.8634880232864843,0.2975264392956705,704,0.7165430954587584,1.4357266100037014,0.21894209497805303,running
Pure Pursuit,36.210000000001365,96.15407215977783,107.30888720501807,4.60161053934739,-1.4356063315775958,-5.485733008460452,-0.053771202062293244,4.533697733472883,0.05869610298334372,0.04530201887945129,0.10209999999943875,0,not_applicable,214.71261415867696,0,0,0.8262799404831359,0.3021409610159332,705,0.7208989805375348,1.373311773840426,0.2197779812188762,running
Pure Pursuit,36.310000000001345,96.20107151795257,106.8767020067821,4.218797622731692,-1.525457483694516,-4.3564676114730805,-0.09025791419819307,4.165963778200082,0.096296530579251,0.004852020299049187,0.1116999999997148,0,not_applicable,215.11249047546136,0,0,0.8679710823212938,0.30765246364222715,715,0.7644578313253012,1.2457313738945794,0.2239412608755995,running
Pure Pursuit,36.410000000001325,96.20881106831037,106.481692066054,3.8178193294168685,-1.6576327946442568,-4.563192285080153,-0.11333018006166021,3.762478394223677,0.09479977754532473,0.04007486643225677,0.08490000000094255,0,not_applicable,215.51229159271716,0,0,0.8472234354503644,0.34093678324258325,720,0.7862372567191844,1.2352279279408818,0.21901940157552577,running
Pure Pursuit,36.510000000001305,96.16757992545664,106.12781055800116,3.4377337420639265,-1.8047766370551106,-4.325430201074139,-0.11667293721303139,3.3852763093094547,0.05840791963140553,0.06370850222674473,0.10310000000046671,0,not_applicable,215.91192573429225,0,0,0.7799422107397445,0.3938683281299433,708,0.7339666357738648,1.3388956846048699,0.22234991952811328,running
Pure Pursuit,36.610000000001286,96.07990923920714,105.80240266599134,3.3395529604255545,-1.9203457841477898,-1.1173118165865459,-0.10462861618901108,3.326002560405272,0.05043923172396354,0.03756876201089954,0.09830000000121686,0,not_applicable,216.31137935935564,0,0,0.7882771459684612,0.43389849097041666,697,0.6860518999073215,1.3675269600015902,0.21337555590733343,running
Pure Pursuit,36.710000000001266,95.95516076636041,105.4969906313289,3.2811896026292264,-2.0265888348941266,-0.6641836440220361,-0.10130475802014896,3.273134596023351,0.09856901833289948,0.07686520211511816,0.14650000000138164,0,not_applicable,216.51088200182357,0,0,0.8075339333540922,0.44960295059093547,711,0.7470342910101948,1.3266630833912747,0.22502164647011186,running
Pure Pursuit,36.810000000001246,95.79776947563865,105.20748900928479,3.3099242917219844,-2.1277514852630137,0.7451139994321831,-0.10043750562140642,3.3557010025724447,0.028339871806137656,0.04195270280105623,0.08419999999986771,0,not_applicable,216.91035394175987,0,0,0.8398635991297481,0.4520341698274755,679,0.6076459684893418,1.4188044187386302,0.20109762184866745,running
Pure Pursuit,36.910000000001226,95.60976481836906,104.9331010200979,3.3426464998959395,-2.228962707980556,0.8485136318698849,-0.10129118480032064,3.394775654908973,0.04829863955907965,0.006708522953278617,0.09330000000140615,0,not_applicable,217.3098328619875,0,0,0.8357079942953205,0.44530148207498554,719,0.781881371640408,1.2658515981304843,0.21997807798827246,running
Pure Pursuit,37.010000000001206,95.39952900744844,104.68530742086378,3.2045401188744718,-2.3372059092865336,-1.5716710428080516,-0.10222554649957849,3.1854793956151344,0.07769605176555386,0.042381971074098246,0.07659999999987122,0,not_applicable,217.50978075299116,0,0,0.8548854410364648,0.4416946570185091,711,0.7470342910101948,1.308288292675817,0.22502164647011186,running
Pure Pursuit,37.110000000001186,95.17988592795646,104.47514572234964,2.9577104244668107,-2.4334217844243127,-2.808958429990134,-0.08893364465007958,2.9236442758754584,0.01936771405663129,0.003222690404856454,0.08110000000272066,0,not_applicable,217.90927835239623,0,0,0.8367398039625604,0.4708387183769893,725,0.8080166821130677,1.256904215606282,0.2144087504700342,running
Pure Pursuit,37.210000000001166,94.94971810705415,104.29046608002506,2.948687161236203,-2.5015327302321086,-0.10268607016048037,-0.07391871885379289,2.9474418174507626,0.07667412896333597,0.012454046399389629,0.07499999999893703,0,not_applicable,218.10898997963073,0,0,0.8288193698719817,0.5234893439651479,697,0.6860518999073215,1.4114006235377972,0.21337555590733343,running
Pure Pursuit,37.310000000001146,94.705038812243,104.11876787844209,3.024065979872476,-2.552042099282846,1.95463444358972,-0.05864201883150381,3.144150605595175,0.02871656366035944,0.02880029522143346,0.08069999999804622,0,not_applicable,218.50880832774982,0,0,0.8408506975716725,0.5321816174149449,721,0.7905931417979613,1.3219119714762548,0.21807316453493353,running
Pure Pursuit,37.410000000001126,94.44246079635573,103.95079337970805,3.1966984049855736,-2.5907597752251044,4.476500034243154,-0.050496113194913456,3.471715983296791,0.08795571234330145,0.019586976955357827,0.0801000000016927,0,not_applicable,218.70875621875348,0,0,0.8402716370044392,0.5118622960946516,739,0.8689990732159409,1.2022779319278765,0.20296376061118723,running
Pure Pursuit,37.51000000000111,94.15877673306318,103.78438373138947,3.3678074742283957,-2.6307755435104663,4.436998170088793,-0.03578368714148472,3.640398221994453,0.033046408737311586,0.015872135657727604,0.0780999999996368,0,not_applicable,219.10863971086053,0,0,0.8082627723246485,0.5248061558565756,729,0.8254402224281745,1.3487648827206782,0.21092842571338707,running
Pure Pursuit,37.61000000000109,93.85192622631577,103.61806256846013,3.594729789772893,-2.6593625241412893,5.884281314127278,-0.01656113320541236,3.9562356056411234,0.05044332558074316,0.007531014635160371,0.07109999999954653,0,not_applicable,219.50853509197776,0,0,0.8511563874428972,0.4849077812184874,709,0.7383225208526416,1.4310499858256667,0.2232291878884924,running
Pure Pursuit,37.71000000000107,93.52070051586547,103.44635288349512,3.8469151790833798,-2.6731755000442377,6.539373487596127,-0.003163356265084129,4.248667138532506,0.06989425768191818,0.03143772665875311,0.07190000000178998,0,not_applicable,219.9084293449836,0,0,0.8490627356804669,0.4475159861373776,348,-0.8341519925857275,1.2899876369070136,0.20925385860619156,running
Pure Pursuit,37.81000000000105,93.16511575822042,103.2658944759,4.107343491962426,-2.671668252793133,6.753119240242227,0.010489461423137059,4.5222271031076025,0.06661755040599358,0.039545033149077646,0.07339999999800284,0,not_applicable,220.30832413799573,0,0,0.8533274353598868,0.42294018669311184,353,-0.8123725671918443,1.332547111985534,0.21352185245425553,running
Pure Pursuit,37.91000000000103,92.78774793127029,103.0709557302566,4.366808545291696,-2.6560740029771863,6.728141131959644,0.017438648190963992,4.78015760515839,0.04029638669106221,0.0296052621734213,0.07319999999921833,0,not_applicable,220.7082195904266,0,0,0.8552857227224062,0.39270760832300283,370,-0.7383225208526414,1.416190702042008,0.22322918788849236,running
Pure Pursuit,38.01000000000101,92.39024751536394,102.85920768015036,4.6205828617369304,-2.640372106099523,6.5805756682898675,0.016356893071315225,5.024866112120683,0.015884292671130815,0.015586451549613134,0.07180000000062137,0,not_applicable,221.10811536945704,0,0,0.8174506096128152,0.38142019335321364,338,-0.8777108433734939,1.2656553412093268,0.20148754432673713,running
Pure Pursuit,38.11000000000099,91.97395814181239,102.62976367156456,4.866474019204493,-2.6245937912184543,6.37615890585157,0.010726865082975772,5.258198752322087,0.08739004575317058,0.001070551132867692,0.08639999999715542,0,not_applicable,221.50801110477184,0,0,0.8494875905067226,0.3556933220951553,344,-0.8515755329008341,1.2887720361000556,0.20602954162158948,running
Pure Pursuit,38.21000000000097,91.5401680647372,102.38221602628907,5.103695298619297,-2.6084916838652616,6.151341874088079,0.005299814415049841,5.481608206613301,0.02222852727186101,0.019190214248169024,0.0856000000020174,0,not_applicable,222.10785473602272,0,0,0.8433722187599246,0.34593593974017894,715,0.7644578313253012,1.4390119167543216,0.2239412608755995,running
Pure Pursuit,38.31000000000095,91.08705162949687,102.11728607137988,5.372455002859681,-2.609933441708887,6.96915903514105,-0.003904637856854059,5.800611202133402,0.09029883490671671,0.019376149110930108,0.08180000000024279,0,not_applicable,222.70769835619603,0,0,0.8434951152952055,0.32843050380253275,715,0.7644578313253012,1.4337582098981756,0.2239412608755995,running
Pure Pursuit,38.41000000000093,90.60889088758141,101.84057200296105,5.654169044232619,-2.628966336780031,7.305075596467745,-0.007276405305220177,6.102962562506455,0.06259767684223255,0.0012376009478103356,0.0784999999972058,0,not_applicable,223.10759412494411,0,0,0.8507726838297759,0.3136395394419325,361,-0.7775254865616312,1.4217775978898235,0.22094939445953415,running
Pure Pursuit,38.51000000000091,90.10429007250077,101.55706949170683,5.901866718189127,-2.6470029339518786,6.423003356535304,-0.000774806872304369,6.296469379886149,0.04153560254301442,0.015765504527085028,0.08040000000164582,0,not_applicable,223.70743779102924,0,0,0.8370162151108923,0.30377691232331056,754,0.9343373493975906,1.2135984779480988,0.19273682890371127,running
Pure Pursuit,38.61000000000089,89.57422093762453,101.26704039437332,6.161864325975176,-2.64546260218155,6.741950704769906,0.007476990698883458,6.5760617886661175,0.04628579913609616,0.013543350615486283,0.09689999999906718,0,not_applicable,224.30728146087847,0,0,0.8506646992194397,0.2758566376559305,347,-0.8385078776645043,1.296915750298011,0.2084324073070941,running
Pure Pursuit,38.71000000000087,89.02213048306717,100.9627472411469,6.425017544908492,-2.624017243382876,6.8237782837982675,0.008616552459836965,6.844242154355003,0.07704131726071863,0.008214107251577119,0.09899999999873899,0,not_applicable,224.90712513348868,0,0,0.8356032858352882,0.2809843701708934,340,-0.8689990732159407,1.3207324437878953,0.20296376061118726,running
Pure Pursuit,38.81000000000085,88.44989055210687,100.64076375404674,6.686207063592955,-2.6237281428819808,6.772857929609453,-0.000554275168225044,7.102303337869437,0.06716957512868489,0.00870371121687441,0.10589999999766064,0,not_applicable,225.70691669726222,0,0,0.8489986595415562,0.26397098314015804,722,0.7949490268767376,1.4048965905839916,0.21713917065507293,running
Pure Pursuit,38.91000000000083,87.85279771018413,100.30676530179367,6.9739931871632495,-2.6460233616001707,7.462529656135741,-0.0014865762854998025,7.4324600292065295,0.018863031127651097,0.013520279569010363,0.07980000000173959,0,not_applicable,226.30676037023304,0,0,0.8516849932727786,0.24854173407751742,349,-0.8297961075069509,1.3318453703984376,0.21008581223244965,running
Pure Pursuit,39.01000000000081,87.22851233745439,99.96459164251593,7.242694519719468,-2.6465174915237877,6.967645409609826,0.008846180090017995,7.670757728124232,0.07141482443429469,0.014027967049430323,0.08539999999968018,0,not_applicable,227.10655193423796,0,0,0.8139208855410193,0.23295123014448296,357,-0.7949490268767376,1.3548811202726738,0.21713917065507293,running
Pure Pursuit,39.11000000000079,86.58065632300847,99.60787818215235,7.526036221477164,-2.622843498596258,7.347282162026527,0.012397273125875333,7.97742273592212,0.0713476737452072,0.009560184286082407,0.07670000000103983,0,not_applicable,227.70639560709685,0,0,0.8411996617494562,0.22582910204855364,714,0.7601019462465248,1.4104002556404913,0.22496523842325897,running
Pure Pursuit,39.21000000000077,85.91728922464628,99.23197988727995,7.708816330661277,-2.6005502414549864,4.739637785228359,0.0015783455610681742,8.0,0.03417543114401958,0.031632831070133705,0.0821000000001959,0,not_applicable,228.5061871706512,0,0,0.8371543585845741,0.21793893143948023,715,0.7644578313253012,1.4077800375051992,0.2239412608755995,running
Pure Pursuit,39.31000000000075,85.24654003757546,98.83988663947503,7.821108841789948,-2.6004970953303377,2.911836693387233,-0.010914933644966611,8.0,0.009571166666494864,0.031345265557115365,0.08040000000164582,0,not_applicable,229.30597873416775,0,0,0.8547539716625233,0.21211498732846892,710,0.742678405931418,1.4286731706041957,0.2241197071405647,running
Pure Pursuit,39.41000000000073,84.56836714481244,98.44287545382566,7.8900966989034425,-2.6284843074650506,1.788911582100523,-0.01576346563579128,8.0,0.01927648311445789,0.0028877604560255676,0.07719999999977745,0,not_applicable,230.10577029775294,0,0,0.8500515821686738,0.21093964430128898,719,0.781881371640408,1.3906454273682032,0.21997807798827246,running
Pure Pursuit,39.51000000000071,83.8804790808147,98.05179095839395,7.9324799743443,-2.657017806315145,1.0990330109655755,-0.00980633453208549,8.0,0.02732614710101813,0.026229443938460495,0.07319999999921833,0,not_applicable,230.90556185935722,0,0,0.7975086523507027,0.2086637523016822,336,-0.8864226135310473,1.2408674194386164,0.20004771979496722,running
Pure Pursuit,39.61000000000069,83.18327131648267,97.67051733604949,7.958518499271093,-2.6605598855252683,0.6752002565569981,0.003912995426898659,8.0,0.024146479186192525,0.03046575856356659,0.07420000000024629,0,not_applicable,231.70535341838635,0,0,0.8200224667010976,0.20656959565358374,336,-0.8864226135310473,1.2359565824855177,0.20004771979496722,running
Pure Pursuit,39.71000000000067,82.48275288159145,97.29100621886157,7.974515488019855,-2.6317303227200184,0.4148150072890733,0.009979250099585266,8.0,0.02212123358844974,0.0022276597616950333,0.08300000000005525,0,not_applicable,232.505144977751,0,0,0.8141781889013953,0.21457656855597487,354,-0.8080166821130677,1.3943240120832452,0.2144087504700342,running
Pure Pursuit,39.81000000000065,81.78471705801306,96.90433533035481,7.9843433738063005,-2.6123465676105715,0.2548451198014501,-1.5989683416793065e-05,8.0,0.02383514720429882,0.01687224866163639,0.11779999999816937,0,not_applicable,233.3049365404805,0,0,0.818727805583888,0.20648079383166615,720,0.7862372567191844,1.382352942408706,0.21901940157552577,running
Pure Pursuit,39.91000000000063,81.08950511408398,96.51101903079477,7.990381218837535,-2.6232045802168793,0.15656626193699452,-0.00819520049698615,8.0,0.02477863309477169,0.0060424582350186995,0.07529999999889014,0,not_applicable,234.10472810443738,0,0,0.8505833917390636,0.21039946183301172,368,-0.7470342910101946,1.4575774920102333,0.22502164647011183,running
Pure Pursuit,40.01000000000061,80.39254264052492,96.11984188542844,7.994090620168946,-2.652772586957368,0.09618781162465062,-0.0033379734328597465,8.0,0.025345891088309633,0.02318561154760701,0.07869999999954302,0,not_applicable,234.90451966805,0,0,0.8434033331853065,0.2083439311081487,374,-0.7208989805375348,1.4703573152344906,0.2197779812188762,running
Pure Pursuit,40.11000000000059,79.69071451957282,95.73684792145285,7.996369522354459,-2.6595222148133226,0.05909379831053663,0.012564430565924097,8.0,0.027710829376578476,0.029283457397274226,0.16460000000151354,0,not_applicable,235.7043112287383,0,0,0.8519615989156436,0.20487063490559293,359,-0.7862372567191844,1.3761145244026436,0.21901940157552577,running
Pure Pursuit,40.21000000000057,78.98759370959475,95.35584912798423,7.997769585250636,-2.6318631180944565,0.036304776455411414,0.020001018459229296,8.0,0.03387569875237027,0.0006608985638743015,0.07360000000034006,0,not_applicable,236.50410278240057,0,0,0.8339717964721188,0.2099573667398889,351,-0.8210843373493977,1.3558290686128969,0.21178185999974475,running
Pure Pursuit,40.31000000000055,78.28864968163839,94.96703146746177,7.99862972577168,-2.6009551341410675,0.02230414749363696,0.009498239124140695,8.0,0.034978673916384345,0.03152253893215562,0.21239999999878023,0,not_applicable,237.30389432633535,0,0,0.8492492807652934,0.21062939158351393,710,0.742678405931418,1.4650714354560532,0.2241197071405647,running
Pure Pursuit,40.41000000000053,77.59625071743848,94.56652930125969,7.99915816039984,-2.5956225931864485,0.013702742283197011,-0.007211142794906866,8.0,0.02792855789248737,0.03844214582942307,0.08630000000309224,0,not_applicable,238.10368586129803,0,0,0.8513433502877741,0.1985463273732435,723,0.7993049119555145,1.3234477465094312,0.21621722807816315,running
Pure Pursuit,40.51000000000051,76.90578244747365,94.16261585504992,7.999482808697886,-2.6243200734515733,0.008418396001603767,-0.016645563080663364,8.0,0.026791850659974616,0.01158519123471402,0.07910000000066475,0,not_applicable,238.90347739568614,0,0,0.8521234041748436,0.21109729522194592,712,0.7513901760889712,1.459864171765785,0.22593517874601313,running
Pure Pursuit,40.61000000000049,76.2110784180679,93.76599818801382,7.999682259134719,-2.655692207908463,0.005171913021140284,-0.00972195486538103,8.0,0.031452123836557835,0.01902091217039903,0.09269999999972356,0,not_applicable,239.7032689558814,0,0,0.845011673593707,0.20895192372983407,736,0.8559314179796109,1.3009473875505881,0.20524858980469113,running
Pure Pursuit,40.71000000000047,75.50983681708762,93.38101531001982,7.999804793203102,-2.661175547992937,0.003177408652810243,0.0027673081741090093,8.0,0.02985930080128773,0.025710012782111935,0.08919999999790207,0,not_applicable,240.50306051502022,0,0,0.8535473285565376,0.21116224105125359,348,-0.8341519925857275,1.3440893797801075,0.20925385860619156,running
Pure Pursuit,40.81000000000045,74.80668857503565,92.99949600602727,7.999880073047823,-2.6324990722195305,0.0019520679689843945,0.008265222146424419,8.0,0.026361080639247386,0.00016662089959273985,0.08569999999963329,0,not_applicable,241.30285200844048,0,0,0.8508350909869329,0.21508321759583687,342,-0.8602873030583875,1.32670212888861,0.20447740104668094,running
Pure Pursuit,40.91000000000043,74.1061871797545,92.61312753015179,7.999926321859243,-2.6240171545561974,0.0011992695217699634,-0.001139704393653841,8.0,0.0251784127398048,0.003257232732182924,0.07869999999954302,0,not_applicable,242.1026433199888,0,0,0.8466987816449356,0.21409804439839059,360,-0.7818813716404078,1.4353330543802552,0.21997807798827249,running
Pure Pursuit,41.01000000000041,73.40750562788095,92.22346992995942,7.999954735209002,-2.627678624736168,0.0007367814075731616,0.0003574318007664528,8.0,0.025586249893878865,0.007388822860554978,0.08920000000145478,0,not_applicable,242.90243435878955,0,0,0.8083078426631848,0.20649898452195634,373,-0.7252548656163114,1.456848811553441,0.22062447658991918,running
Pure Pursuit,41.11000000000039,72.71181865063056,91.82849234025817,7.999972191191539,-2.6032297684396495,0.00045264790998089666,0.009874902005822592,8.0,0.027894818301213393,0.008148629397150664,0.09209999999981733,0,not_applicable,243.70222514645965,0,0,0.8145788670384451,0.2070847885542405,721,0.7905931417979613,1.3834136075453256,0.21807316453493353,running
Pure Pursuit,41.21000000000037,72.02225051776026,91.42294011483895,7.999982915422539,-2.5745706956467966,0.0002780880846131595,0.0053531886823571136,8.0,0.029163270398068604,0.02597123969924109,0.08499999999855845,0,not_applicable,244.502015904974,0,0,0.8468718659437939,0.20899544103411488,706,0.7252548656163116,1.471801241912789,0.2206244765899192,running
Pure Pursuit,41.31000000000035,71.34004479001729,91.00510705205058,7.9999895039448585,-2.570152644200266,0.0001708457746119052,-0.0022542558888029207,8.0,0.028051768729537085,0.01763336790931813,0.08910000000028617,0,not_applicable,245.3018069002733,0,0,0.8497537488886197,0.20319013025216953,733,0.8428637627432809,1.2891230253085408,0.20762130414308752,running
Pure Pursuit,41.41000000000033,70.66148524432113,90.5813705999671,7.999993551659456,-2.576214396487087,0.00010496055141473448,0.0020774557835999997,8.0,0.028982984229907794,0.003060643244948036,0.09470000000177947,0,not_applicable,246.10159698093867,0,0,0.7978645409302725,0.20439099331244406,338,-0.8777108433734939,1.2461920083992744,0.20148754432673713,running
Pure Pursuit,41.51000000000031,69.98659393056366,90.15181971319427,7.999996038407266,-2.5526713498410243,6.448340544196185e-05,0.014776460310452384,8.0,0.03351613711573931,0.004115704636195261,0.10980000000060386,0,not_applicable,246.90138574978195,0,0,0.8552359166552838,0.20752210688898096,363,-0.7688137164040778,1.4161586474137562,0.22293077345441883,running
Pure Pursuit,41.61000000000029,69.31837727570404,89.71197146505042,7.999997566161887,-2.5242445537449036,3.961592733858765e-05,0.01486133660479019,8.0,0.04021709893479638,0.014456351862469408,0.10529999999775441,0,not_applicable,247.7011734438627,0,0,0.8374342368003536,0.2064829163138833,363,-0.7688137164040778,1.410183792044809,0.22293077345441883,running
Pure Pursuit,41.71000000000027,68.65974112946101,89.25791309806606,7.999998504750902,-2.496944609336991,2.43383811326936e-05,0.01389390356475151,8.0,0.04607441580704712,0.021927740427880593,0.07460000000136802,0,not_applicable,248.50096062362525,0,0,0.8068979347676963,0.21009669541093628,358,-0.790593141797961,1.4003690184799036,0.21807316453493358,running
Pure Pursuit,41.81000000000025,68.01228466968516,88.78805472790356,7.999999081381027,-2.470927060131759,1.495249097871465e-05,0.013519720553087913,8.0,0.049851090777308704,0.026408366433750885,0.07280000000164932,0,not_applicable,249.30074829108793,0,0,0.8039707398450608,0.19999959771747522,357,-0.7949490268767376,1.3376505521909514,0.21713917065507293,running
Pure Pursuit,41.91000000000023,67.37680829941146,88.30211684734498,7.99999943563864,-2.445525369880602,9.186189728893623e-06,0.012614643156301748,8.0,0.051250237837943316,0.030823810131790363,0.07179999999706865,0,not_applicable,250.10053825708027,0,0,0.7836801882318317,0.2077258805818577,329,-0.9169138090824838,1.2061126166997653,0.19528096432440423,running
Pure Pursuit,42.01000000000021,66.75379359639723,87.800301644027,7.99999965327981,-2.4203259028823334,5.643613603112385e-06,0.009593604616471357,8.0,0.04878007156240396,0.037747360200199864,0.07090000000076202,0,not_applicable,250.90032895237965,0,0,0.8531646450989473,0.21519314447461343,732,0.8385078776645041,1.3594112472109328,0.20843240730709414,running
Pure Pursuit,42.11000000000019,66.14363069245145,87.2829360455678,7.99999978698951,-2.39516825883376,3.467201903362138e-06,0.003213007448373223,8.0,0.04117082107741868,0.04764094547966824,0.08700000000061436,0,not_applicable,251.7001186717189,0,0,0.8484540656270214,0.19788068109082876,729,0.8254402224281745,1.284602890688149,0.21092842571338707,running
Pure Pursuit,42.21000000000017,65.54476556179833,86.75251248467279,7.9999998691351975,-2.392914655142344,2.130104901354457e-06,-0.007579611048760839,8.0,0.031595835829166884,0.037403196145217255,0.0723000000029117,0,not_applicable,252.49990848951262,0,0,0.7932275833382172,0.21035872438055445,710,0.742678405931418,1.4638223611765864,0.2241197071405647,running
Pure Pursuit,42.31000000000015,64.94908410207428,86.21850612297278,7.999999919602098,-2.4227189735260284,1.3086480254997923e-06,-0.010244689247056791,8.0,0.028375329942503188,0.0019973756442386303,0.08649999999832403,0,not_applicable,253.2996988851483,0,0,0.8459646354755207,0.20850647273360082,380,-0.6947636700648749,1.4963223207670244,0.21491658495418048,running
Pure Pursuit,42.41000000000013,64.34973087420478,85.68862537458553,7.999999950606868,-2.4314616491915446,8.039790166947114e-07,0.00446693848488278,8.0,0.028188912164770805,0.017073158255195953,0.0992999999986921,0,not_applicable,254.09948994638268,0,0,0.8391891327224891,0.21212144420993684,372,-0.729610750695088,1.4864618886507825,0.22148173646210823,running
Pure Pursuit,42.51000000000011,63.749728981538155,85.1594787694112,7.99999996965491,-2.404906849338209,4.939313225094111e-07,0.011351705037674922,8.0,0.02882045597072331,0.006462377611603287,0.10959999999826664,0,not_applicable,254.89928140395983,0,0,0.8450191318648741,0.21024249252703683,703,0.7121872103799816,1.4912347994628479,0.21811666573475305,running
Pure Pursuit,42.61000000000009,63.15390963818086,84.62562759298524,7.999999981357236,-2.3972661949994083,3.03450899963309e-07,-0.0004215339995457731,8.0,0.028593149927808047,0.014395310243329185,0.11860000000041282,0,not_applicable,255.69907295956122,0,0,0.8532600371764079,0.21021098994772297,366,-0.755746061167748,1.4498682500827678,0.22600293112750477,running
Pure Pursuit,42.71000000000007,62.558727645087586,84.09106542162996,7.9999999885466595,-2.424062370587856,1.8642763777165783e-07,-0.005955486611072532,8.0,0.02785783991947868,0.009029861315134724,0.07969999999701827,0,not_applicable,256.4988644133561,0,0,0.8391951700268407,0.20950299349101384,363,-0.7688137164040778,1.427549482154911,0.22293077345441883,running
Pure Pursuit,42.81000000000005,61.95928383914282,83.56128733977806,7.999999992963543,-2.4317066433901395,1.145334049823532e-07,0.0053094058713154665,8.0,0.027757945888012718,0.012911410453513739,0.07739999999856195,0,not_applicable,257.29865584598787,0,0,0.8331005127874598,0.2130590598383041,731,0.8341519925857277,1.354328807824465,0.20925385860619153,running
Pure Pursuit,42.91000000000003,61.35916608272348,83.03227219320972,7.999999995677093,-2.404882146928699,7.036456750597608e-08,0.008173352838309729,8.0,0.027395269244940904,0.016516229571291063,0.07749999999973056,0,not_applicable,258.0984473404575,0,0,0.8422886317882596,0.2101261974455385,708,0.7339666357738648,1.4705387289999736,0.22234991952811328,running
Pure Pursuit,43.01000000000001,60.76328917908538,82.49848532653421,7.999999997344185,-2.397220676065294,4.322907365406081e-08,-0.007561176485997632,8.0,0.02727349825965012,0.025597737478257,0.1049999999978013,0,not_applicable,258.89823888513166,0,0,0.835288430520931,0.21445428944771366,705,0.7208989805375348,1.5085841836354532,0.2197779812188762,running
Pure Pursuit,43.10999999999999,60.16808785891407,81.9639446500735,7.999999998368376,-2.4240385801301514,2.65581512337576e-08,-0.015871675941292015,8.0,0.030717396562216778,0.0009780391871099248,0.07839999999958991,0,not_applicable,259.69803044823124,0,0,0.840383026966613,0.20756569400813954,710,0.742678405931418,1.4473622860851891,0.2241197071405647,running
Pure Pursuit,43.20999999999997,59.56673992601616,81.43634184182358,7.999999998997597,-2.4546031624312685,1.6316237250180166e-08,-0.005945303916607272,8.0,0.03113384233452175,0.03192909262366417,0.07749999999973056,0,not_applicable,260.4978220117676,0,0,0.8406498514943235,0.21194498741960216,736,0.8559314179796109,1.3167142224765844,0.20524858980469113,running
Pure Pursuit,43.30999999999995,58.95658755431078,80.91893878076696,7.999999999384165,-2.45984874306193,1.0024026053656598e-08,0.010200521474526048,8.0,0.026695675783340256,0.03754629710174573,0.0782999999984213,0,not_applicable,261.29761357535153,0,0,0.8431006523715652,0.19739609171682185,350,-0.8254402224281743,1.2819736189719346,0.21092842571338713,running
Pure Pursuit,43.40999999999993,58.343899314230185,80.40453401640721,7.999999999621656,-2.4311307604162478,6.158353826890561e-09,0.01874755815160204,8.0,0.02952215771504311,0.009163565530114326,0.07929999999944926,0,not_applicable,262.0974051384541,0,0,0.8331074231563687,0.19929162486470975,373,-0.7252548656163114,1.4137123069592947,0.22062447658991918,running
Pure Pursuit,43.50999999999991,57.73667948814573,79.8836992574236,7.999999999767561,-2.399747848445229,3.7834357868860025e-09,0.01084142995814483,8.0,0.03414873692982759,0.02191747778050379,0.08730000000056748,0,not_applicable,262.89719670146224,0,0,0.832369730681247,0.209386911152698,339,-0.8733549582947173,1.2780654477486078,0.20222103997141733,running
Pure Pursuit,43.60999999999989,57.13823371197798,79.35279955722248,7.9999999998572,-2.3942583025587245,2.3243895697078187e-09,-0.0021151708418807764,8.0,0.031318450576613414,0.02713829702589976,0.07529999999889014,0,not_applicable,263.6969882646148,0,0,0.8393603833636707,0.2106636906912569,712,0.7513901760889712,1.4574592123260988,0.22593517874601313,running
Pure Pursuit,43.70999999999987,56.54241942555299,78.81894143393559,7.999999999912268,-2.422935336524602,1.4280043814096643e-09,-0.00690948092202912,8.0,0.02747047716156472,0.0017744120733302893,0.09919999999752349,0,not_applicable,264.4967798280325,0,0,0.8407720870182781,0.2098740415935034,739,0.8689990732159409,1.2869065385816738,0.20296376061118723,running
Pure Pursuit,43.80999999999985,55.94293520567175,78.28920879633084,7.999999999946102,-2.4314199908432514,8.773159976271927e-10,0.005033182761102007,8.0,0.026541361989372285,0.010461594167611832,0.08989999999897691,0,not_applicable,265.2965713917447,0,0,0.8423341262635838,0.20468238218496204,355,-0.803660797034291,1.3518281029143655,0.21530714918272373,running
Pure Pursuit,43.90999999999983,55.342872645357545,77.7601310405034,7.999999999966888,-2.4048549205431025,5.38982192210824e-10,0.008585766090903316,8.0,0.026006951909493866,0.015934266482829695,0.07560000000239597,0,not_applicable,266.0963629556643,0,0,0.8337450910650407,0.2085241401566529,726,0.8123725671918445,1.360868504372444,0.2135218524542555,running
Pure Pursuit,44.00999999999981,54.747033768086496,77.22630169395023,7.999999999979657,-2.3972407549741708,3.311217966484037e-10,-0.006319522514996886,8.0,0.025491487902373176,0.023412180655541626,0.09189999999748011,0,not_applicable,266.8961545195612,0,0,0.8454760462392533,0.2073676461386299,749,0.9125579240037074,1.2107514312450152,0.19593688336746243,running
Pure Pursuit,44.10999999999979,54.15184793732371,76.69174378616857,7.999999999987502,-2.424053885145507,2.0342838524811668e-10,-0.01377367492200017,8.0,0.027624919726053986,0.0035039304901998136,0.09159999999752699,0,not_applicable,267.6959460834778,0,0,0.83289122355328,0.2062531231274737,709,0.7383225208526416,1.4435853949009623,0.2232291878884924,running
Pure Pursuit,44.20999999999977,53.55050430252085,76.16413609956837,7.999999999992323,-2.454609675913297,1.2497558543600462e-10,-0.003079407630927158,8.0,0.027153149724124897,0.03412948555128592,0.1832000000021594,0,not_applicable,268.4957376474427,0,0,0.8369826260493591,0.20244738370016796,358,-0.790593141797961,1.3573237117195056,0.21807316453493358,running
Pure Pursuit,44.309999999999754,52.94035252748053,75.6467323388388,7.999999999995282,-2.4598506620270677,7.677414259887883e-11,0.01373526639670442,8.0,0.025169676013389018,0.03940715147505314,0.11380000000116297,0,not_applicable,269.2955292114446,0,0,0.8411872913272846,0.1959088400009982,351,-0.8210843373493977,1.279764008491065,0.21178185999974475,running
Pure Pursuit,44.409999999999734,52.327664109272234,75.13232778648246,7.999999999997103,-2.4311310728320628,4.718003765447065e-11,0.02283295189099537,8.0,0.03310093869407918,0.010691124003727737,0.07999999999697138,0,not_applicable,270.0953207754588,0,0,0.8353274397619505,0.20592613472004248,355,-0.803660797034291,1.3587341727222055,0.21530714918272373,running
Pure Pursuit,44.509999999999714,51.72044410121372,74.61149323994171,7.999999999998221,-2.399747790964558,2.8972380050618085e-11,0.015347050728291914,8.0,0.04010110967908,0.020722379884364983,0.07760000000089917,0,not_applicable,270.89511233947144,0,0,0.833428422415585,0.2099312492518268,740,0.8733549582947173,1.2808622945393804,0.20222103997141733,running
Pure Pursuit,44.609999999999694,51.12392591384726,74.0784475343469,7.999999999998907,-2.3713533910259303,1.779021374659351e-11,0.002686137312315897,8.0,0.03507657741072413,0.04918109464932252,0.08370000000113009,0,not_applicable,271.6949039034706,0,0,0.8308924117420455,0.19690300400705193,706,0.7252548656163116,1.3994124864799309,0.2206244765899192,running
Pure Pursuit,44.709999999999674,50.53846690954888,73.53326244631492,7.99999999999933,-2.367966788737903,1.0933476346508542e-11,-0.015545950292970331,8.0,0.02480953724964034,0.052664907055403276,0.07959999999940237,0,not_applicable,272.4946954674093,0,0,0.8427293070497256,0.20349364448481308,704,0.7165430954587584,1.446547072734599,0.21894209497805303,running
Pure Pursuit,44.809999999999654,49.95627804104848,72.98457731048399,7.999999999999588,-2.397509811825224,6.696865284538944e-12,-0.027562803998868367,8.0,0.03601234579045681,0.023251859381130835,0.08709999999823026,0,not_applicable,273.2944870312484,0,0,0.837693379812508,0.19709988535944023,712,0.7513901760889712,1.3781662302697708,0.22593517874601313,running
Pure Pursuit,44.909999999999634,49.36843280877165,72.44196994635554,7.999999999999746,-2.4291458425335235,4.121147867408581e-12,-0.023985772207213242,8.0,0.05205080255778021,0.00823392798856215,0.09329999999962979,0,not_applicable,274.0942785949982,0,0,0.7776776570326368,0.19825717704030205,721,0.7905931417979613,1.3337437812581785,0.21807316453493353,running
Pure Pursuit,45.009999999999614,48.769684365024816,71.91143074121169,7.999999999999845,-2.4575857392992697,2.540190280342358e-12,-0.015673620250820558,8.0,0.055120185637613374,0.03654230263620706,0.07580000000118048,0,not_applicable,274.89407015882574,0,0,0.8366018294139141,0.21028482332890105,704,0.7165430954587584,1.4875158458624822,0.21894209497805303,running
Pure Pursuit,45.109999999999594,48.158288467610305,71.3955221573818,7.999999999999905,-2.4838721793782894,1.5543122344752192e-12,-0.00198246124599716,8.0,0.04171628157365844,0.06272140054325082,0.07689999999982433,0,not_applicable,275.6938617227552,0,0,0.8134779483372951,0.19763615182180366,368,-0.7470342910101946,1.3850781717915777,0.22502164647011183,running
Pure Pursuit,45.209999999999575,47.53588872190116,70.8929219462219,7.999999999999941,-2.4863841326086593,9.50350909079134e-13,0.019026895461878725,8.0,0.025337427819219077,0.06514999141001798,0.09850000000000136,0,not_applicable,276.4936532867464,0,0,0.8406301897017381,0.19375367598812937,365,-0.7601019462465246,1.3483735019956322,0.22496523842325905,running
Pure Pursuit,45.309999999999555,46.91174718192818,70.39248340843545,7.999999999999964,-2.4384509750098995,5.861977570020827e-13,0.03477748175448122,8.0,0.043500400853563485,0.017157715967029308,0.07929999999944926,0,not_applicable,277.2934448507399,0,0,0.8373340676559702,0.201085874065925,362,-0.7731696014828544,1.3732717953229236,0.22193355627601147,running
Pure Pursuit,45.409999999999535,46.3004388671094,69.87649957830867,7.999999999999977,-2.3711411033360634,3.6415315207705135e-13,0.024563527148780868,8.0,0.05659967488765068,0.05018710290027206,0.0916999999986956,0,not_applicable,278.09323641474447,0,0,0.8324787801031124,0.21579943170252244,362,-0.7731696014828544,1.4575158110606092,0.22193355627601147,running
Pure Pursuit,45.509999999999515,45.706800219913,69.34025925716803,7.999999999999986,-2.362321245364178,2.3092638912203256e-13,-0.004927730199432095,8.0,0.046609445215756,0.059017649198609856,0.17850000000052546,0,not_applicable,278.89302797875814,0,0,0.779663008375077,0.2140833133521526,742,0.8820667284522705,1.2892601217190005,0.20076314597215372,running
Pure Pursuit,45.609999999999495,45.12162686690892,68.79475862760721,7.999999999999991,-2.394199342512369,1.4210854715202004e-13,-0.014722491104181558,8.0,0.029857506147136663,0.02712617492067526,0.12879999999881875,0,not_applicable,279.6928195427699,0,0,0.840447496983027,0.2112240534331172,362,-0.7731696014828544,1.4313190034323278,0.22193355627601147,running
Pure Pursuit,45.709999999999475,44.533068048758885,68.25292198762415,7.999999999999991,-2.427901343696849,8.881784197001252e-14,-0.008106031916126423,8.0,0.026321334025097686,0.006613245257995004,0.08240000000014902,0,not_applicable,280.4926111067732,0,0,0.83924268323802,0.20992449548402023,376,-0.7121872103799816,1.4893091842031654,0.21811666573475305,running
Pure Pursuit,45.809999999999455,43.936180150678645,67.72027082904023,7.999999999999991,-2.4343629942801854,8.881784197001252e-14,0.0017090512184210766,8.0,0.027995175229299594,0.013133218938602642,0.0819999999990273,0,not_applicable,281.2924026707799,0,0,0.8356356861834194,0.20760702377240642,717,0.7731696014828544,1.4106093211660449,0.22193355627601147,running
Pure Pursuit,45.909999999999435,43.33674472326128,67.190481870861,7.999999999999991,-2.405967950930757,8.881784197001252e-14,0.0023214329750886973,8.0,0.028981631347338666,0.0151927146518398,0.07679999999865572,0,not_applicable,282.09219423477657,0,0,0.7914086355658522,0.20748808415558265,354,-0.8080166821130677,1.3612926082813703,0.2144087504700342,running
Pure Pursuit,46.009999999999415,42.74095080236359,66.65660206751757,7.999999999999991,-2.397527318070067,8.881784197001252e-14,-0.014137184381602157,8.0,0.033454647636705706,0.023554370733399388,0.08279999999771803,0,not_applicable,282.89198579873937,0,0,0.842131132012591,0.20015057093724442,717,0.7731696014828544,1.3679166192711454,0.22193355627601147,running
Pure Pursuit,46.109999999999395,42.14571171428295,66.12210346510153,7.999999999999991,-2.424082825812411,8.881784197001252e-14,-0.022215455875519652,8.0,0.03972125960669946,0.0030900114446983373,0.10599999999882925,0,not_applicable,283.6917773626695,0,0,0.8358256990755415,0.20379649650392298,743,0.8864226135310473,1.230749118925192,0.20004771979496722,running
Pure Pursuit,46.209999999999376,41.544331339195665,65.59453757076054,7.999999999999991,-2.4545906216134052,8.881784197001252e-14,-0.011777554742772731,8.0,0.03926182010696641,0.033697091735744866,0.09229999999860183,0,not_applicable,284.4915689265739,0,0,0.8303219888095271,0.2047563631304478,736,0.8559314179796109,1.2790161910466074,0.20524858980469113,running
Pure Pursuit,46.309999999999356,40.93416477615795,65.07715121049654,7.999999999999991,-2.459835746343238,8.881784197001252e-14,0.004908168075158479,8.0,0.02980621329689834,0.039051654524810964,0.0856000000020174,0,not_applicable,285.2913604904737,0,0,0.7907375151697419,0.20286244943621407,347,-0.8385078776645043,1.293459552357757,0.2084324073070941,running
Pure Pursuit,46.409999999999336,40.32147219518818,64.56275161995958,7.999999999999991,-2.431124660206751,8.881784197001252e-14,0.013941217614698779,8.0,0.02502946023593972,0.010460102450409181,0.08300000000005525,0,not_applicable,286.0911520544018,0,0,0.8352380619894837,0.20296960561310012,369,-0.742678405931418,1.4202762545237226,0.2241197071405647,running
Pure Pursuit,46.509999999999316,39.71425157327405,64.04191779441756,7.999999999999991,-2.39974588250347,8.881784197001252e-14,0.006439850209607396,8.0,0.027288039411763405,0.02078908796514689,0.09179999999986421,0,not_applicable,286.89094361835424,0,0,0.8358917554951097,0.20705477073873402,712,0.7513901760889712,1.4363617387424625,0.22593517874601313,running
Pure Pursuit,46.609999999999296,39.11580588179954,63.51101799938853,7.999999999999991,-2.3942579102250265,8.881784197001252e-14,-0.006174150895584009,8.0,0.025808756508943584,0.026141050245246156,0.1218000000022812,0,not_applicable,287.69073518223144,0,0,0.8372795954330221,0.2024678928169967,712,0.7513901760889712,1.4095471966571806,0.22593517874601313,running
Pure Pursuit,46.709999999999276,38.51999174883909,62.977159704851616,7.999999999999991,-2.422935352689745,8.881784197001252e-14,-0.010682641048307689,8.0,0.02446602092579271,0.002610134732908609,0.0764999999987026,0,not_applicable,288.49052674620634,0,0,0.8372254905197454,0.2121421451375006,339,-0.8733549582947173,1.2922220302644047,0.20222103997141733,running
Pure Pursuit,46.809999999999256,37.9205076083783,62.447426977438994,7.999999999999991,-2.431420049908979,8.881784197001252e-14,0.0014764505368427534,8.0,0.024324820706974074,0.011054212785570616,0.07929999999944926,0,not_applicable,289.2903183101756,0,0,0.8436620616167064,0.20991570990102437,364,-0.7644578313253012,1.4360075397144045,0.2239412608755995,running
Pure Pursuit,46.909999999999236,37.32044507572321,61.9183491902029,7.999999999999991,-2.4048549534188304,8.881784197001252e-14,0.005122480510510355,8.0,0.024232065167446647,0.015667203842389288,0.07390000000029318,0,not_applicable,290.09010987389087,0,0,0.8433156789025842,0.21034061747663696,712,0.7513901760889712,1.4555705507367247,0.22593517874601313,running
Pure Pursuit,47.009999999999216,36.72460620485642,61.384519836483825,7.999999999999991,-2.397240766954078,8.881784197001252e-14,-0.00985562671917423,8.0,0.026140279256958377,0.02355346659803681,0.07760000000089917,0,not_applicable,290.88990143733514,0,0,0.8367278521733508,0.19669201068109912,713,0.755746061167748,1.3711596679905083,0.22600293112750477,running
Pure Pursuit,47.1099999999992,36.129420374360706,60.84996192840444,7.999999999999991,-2.4240538880784164,8.881784197001252e-14,-0.017547879973666757,8.0,0.030749489567371523,0.0028649171830821274,0.0838999999999146,0,not_applicable,291.68969300102816,0,0,0.8406511959564282,0.20598197239828317,714,0.7601019462465248,1.4192747076967478,0.22496523842325897,running
Pure Pursuit,47.20999999999918,35.52807673891319,60.32235424253735,7.999999999999991,-2.4546096761353353,8.881784197001252e-14,-0.007277689154790992,8.0,0.030604816121793815,0.03291099987515311,0.0780999999996368,0,not_applicable,292.48948456400603,0,0,0.8534587544124421,0.20797788706079556,364,-0.7644578313253012,1.424818430904433,0.2239412608755995,running
Pure Pursuit,47.30999999999916,34.93276252169106,59.81810249013483,7.700706804359993,-2.4699248507936518,-3.4060008336888625,0.008893333007122426,7.659399916631105,0.04375483419649392,0.04760173578583338,0.07510000000010564,0,not_applicable,293.289276124758,0,0,0.8234299515197521,0.20166740274457287,386,-0.6686283595922151,1.4763494389378804,0.2104061992652272,running
Pure Pursuit,47.40999999999914,34.361509229612956,59.3435378663638,7.2867925714874575,-2.450682713922777,-4.710405190551992,0.022263162031952225,7.229666285304794,0.10010021763845998,0.027821672251787444,0.08759999999696788,0,not_applicable,293.88911979190516,0,0,0.8305759752444869,0.21418796669398366,378,-0.7034754402224281,1.4743258034430984,0.216496585417684,running
Pure Pursuit,47.50999999999912,33.820916926058715,58.89011637301072,6.937944790537899,-2.4167017640588555,-3.96993934393981,0.018834094312958342,6.8897986370934765,0.027551959216448964,0.006873760415054164,0.11860000000041282,0,not_applicable,294.68891135022074,0,0,0.8098181782517193,0.21864803550374262,343,-0.8559314179796107,1.249643840971618,0.20524858980469116,running
Pure Pursuit,47.6099999999991,33.32166486253069,58.45352409757116,6.473688761192632,-2.370411671157621,-5.292793449735438,0.006467401380759408,6.408665445564355,0.07338845452327127,0.0525826456216385,0.18799999999785655,0,not_applicable,295.2887550213356,0,0,0.836422244029371,0.24135715047264247,714,0.7601019462465248,1.4386018956940418,0.22496523842325897,running
Pure Pursuit,47.70999999999908,32.86689768373663,58.03049580357054,6.077345459719896,-2.3441474749121403,-4.51044539237337,-0.014505025137233262,6.022644221955295,0.0896558148110556,0.07679104363976874,0.11960000000144078,0,not_applicable,295.8885986368914,0,0,0.8364300665067328,0.25138050887019026,691,0.6599165894346619,1.4946601949951388,0.20897586948035746,running
Pure Pursuit,47.80999999999906,32.44871084969262,57.627815170289516,5.666787373850174,-2.374283371621241,-4.672211741265171,-0.03278055954689064,5.610124285593379,0.07141220150376457,0.042839225959160565,0.09780000000247924,0,not_applicable,296.4884422573781,0,0,0.8476171195034417,0.2632505970464195,733,0.8428637627432809,1.2720555425325035,0.20762130414308752,running
Pure Pursuit,47.90999999999904,32.05550722480433,57.2614043295481,5.225701995231837,-2.438434058814122,-5.020274049928464,-0.024008355222471113,5.164759968857328,0.029797391584597502,0.026615794657971925,0.13879999999844017,0,not_applicable,297.0882858587896,0,0,0.8389297253160655,0.2993481605210516,704,0.7165430954587584,1.4981210777862781,0.21894209497805303,running
Pure Pursuit,48.00999999999902,31.686141106023175,56.93782558561523,4.745083665471907,-2.4613456900757513,-5.485237086343471,0.00982471048049601,4.67717828659749,0.10080110487061776,0.05394555057389727,0.1125000000001819,0,not_applicable,297.4881814797679,0,0,0.8382695490779506,0.3156698451117116,383,-0.6816960148285449,1.4935395440811097,0.21261932153731194,running
Pure Pursuit,48.109999999999,31.343729915278512,56.64604735120607,4.373020270919359,-2.4313757685423902,-4.2341364604739695,0.04615270768485955,4.32167001942451,0.05241156477690596,0.03778454691255684,0.1107000000004632,0,not_applicable,298.08802069218837,0,0,0.8385471958982961,0.32695746206296417,359,-0.7862372567191844,1.3151326085160209,0.21901940157552577,running
Pure Pursuit,48.20999999999898,31.047196645293734,56.37573323487652,3.8099403293930516,-2.3405620530488456,-6.4768564736825995,0.09442185266012934,3.7253346235510993,0.05030801788193728,0.007470455667760945,0.10650000000111959,0,not_applicable,298.48776767509867,0,0,0.8349891165980464,0.32707930317099876,390,-0.6512048192771085,1.345194869342098,0.20758050283462462,running
Pure Pursuit,48.30999999999896,30.812659074449392,56.11656434226213,3.334960834769077,-2.2031875435436916,-5.418916464407935,0.13788044126595583,3.268048682952258,0.09930527161419915,0.06601187372504613,0.11699999999947863,0,not_applicable,298.6877155661023,0,0,0.8370810989099927,0.3747764345702304,393,-0.6381371640407785,1.3524306929907361,0.20555103769803026,running
Pure Pursuit,48.40999999999894,30.64048425864153,55.85346849479332,3.0523948805466574,-2.049898802262768,-3.2156423522948563,0.1561451464622554,3.0133965995395915,0.014442158419662468,0.025525380366565376,0.08530000000206428,0,not_applicable,299.08687194045837,0,0,0.8408535396219418,0.42222034788348584,410,-0.5640871177015756,1.3853098927724614,0.19536680809182225,running
Pure Pursuit,48.50999999999892,30.523064082375832,55.59086051326148,2.7913182393768468,-1.9131910794802183,-2.9710907913545093,0.14956974581627722,2.7552858014112065,0.09764332510602029,0.05144302877604856,0.07380000000267728,0,not_applicable,299.48566013780476,0,0,0.8532029977373254,0.4463092047920212,391,-0.6468489341983319,1.2940026199581351,0.20689564634075194,running
Pure Pursuit,48.6099999999989,30.448591643047095,55.3288112001969,2.69304253808535,-1.7949266897887526,-1.1183920162783023,0.13901361056488182,2.6794790377490165,0.025203057520649382,0.028953657893911355,0.12430000000307473,0,not_applicable,299.6847199331996,0,0,0.8418505482186852,0.4937592663273092,360,-0.7818813716404078,1.1979616939611117,0.21997807798827249,running
Pure Pursuit,48.70999999999888,30.404478765658745,55.059006221397674,2.770455503215641,-1.6995431634813247,2.00738152655608,0.12528952233920826,2.8937806907409582,0.04901668933558985,0.023655169813240562,0.07950000000178647,0,not_applicable,299.88466782420323,0,0,0.8613077938180669,0.5297629194939936,361,-0.7775254865616312,1.237671006934225,0.22094939445953415,running
Pure Pursuit,48.80999999999886,30.384027280900444,54.78179046405466,2.789182398813709,-1.6120424097475512,0.48560372555213505,0.10178453548139292,2.8190158757708543,0.07820715707506445,0.07227547914698285,0.0780999999996368,0,not_applicable,300.2840305423818,0,0,0.7855475304304624,0.5100021481751582,386,-0.6686283595922151,1.3191002739690594,0.2104061992652272,running
Pure Pursuit,48.90999999999884,30.386110357439286,54.49404318417354,2.9538032175457842,-1.5376844865052135,4.268752525537902,0.085128010104844,3.216057651367499,0.03619004860425601,0.043505369767106394,0.09820000000004825,0,not_applicable,300.4838105481891,0,0,0.7760395172743082,0.5269395765724897,358,-0.790593141797961,1.2519167185942315,0.21807316453493358,running
Pure Pursuit,49.00999999999882,30.405260557038734,54.19005158463434,3.124837368781704,-1.48850250170873,4.435055484870523,0.055820165184291816,3.3973087660328365,0.09776067146310344,0.04156683615852108,0.11080000000163182,0,not_applicable,300.8836806239369,0,0,0.8572840991691613,0.5197397242256756,387,-0.6642724745134383,1.418457109998764,0.20968660597172056,running
Pure Pursuit,49.1099999999988,30.438541653063037,53.86661366153927,3.3596613328544422,-1.4497099179163495,6.089177525740324,0.04337085113793817,3.7337551213557365,0.06611126184314016,0.012091095212785063,0.07959999999940237,0,not_applicable,301.0836285149406,0,0,0.7868940975696563,0.4929559516990092,356,-0.7993049119555145,1.290197072034192,0.21621722807816315,running
Pure Pursuit,49.20999999999878,30.485424535430433,53.52276915519933,3.5646039370816083,-1.4211870883370006,5.314329415460337,0.021577790104857504,3.891094274400476,0.05735930090829004,0.013002106674508962,0.10969999999943525,0,not_applicable,301.4835226280468,0,0,0.8661760063499753,0.5052381653511601,343,-0.8559314179796107,1.3179395308812558,0.20524858980469116,running
Pure Pursuit,49.30999999999876,30.54200562742124,53.15768663771992,3.8050405898419903,-1.4072791975266368,6.234719135817177,0.007358171011188663,4.188075850663326,0.06573599930263602,0.03744325347337796,0.0745000000001994,0,not_applicable,301.883417707645,0,0,0.803506904390956,0.47231410278224467,348,-0.8341519925857275,1.3403150905202221,0.20925385860619156,running
Pure Pursuit,49.40999999999874,30.605738118068153,52.76861665769414,4.059683275408332,-1.4087670597403275,6.603093190115956,-0.013361583033457521,4.465349908853586,0.05933411812397926,0.05212374424255284,0.07749999999973056,0,not_applicable,302.2833107458069,0,0,0.8727776901700377,0.42603178316766943,709,0.7383225208526416,1.422169016924381,0.2232291878884924,running
Pure Pursuit,49.50999999999872,30.670594955199206,52.35380548223585,4.316790847030333,-1.424253212844273,6.667009702354827,-0.031495936126945755,4.726384245643815,0.03187274115143518,0.05721183391259377,0.07929999999944926,0,not_applicable,302.68319993354254,0,0,0.8274942848460317,0.38145546745364445,707,0.729610750695088,1.3758520510325296,0.22148173646210823,running
Pure Pursuit,49.6099999999987,30.732081159311377,51.912723226964715,4.57013591333229,-1.4532148806207843,6.5694448608542455,-0.048105698567837474,4.973735333115758,0.02258263567245639,0.05332680469953788,0.07779999999968368,0,not_applicable,303.0830835389432,0,0,0.8695540627050635,0.34171264397602685,706,0.7252548656163116,1.3244881378102793,0.2206244765899192,running
Pure Pursuit,49.70999999999868,30.78129777007813,51.445009510743546,4.816644044636518,-1.5013545605348089,6.392157542255754,-0.05910549582890897,5.209351667557866,0.09430203711398219,0.034898984199147165,0.0743000000014149,0,not_applicable,303.48295978640164,0,0,0.7812988103870256,0.3218775211457296,722,0.7949490268767376,1.2473284077731142,0.21713917065507293,running
Pure Pursuit,49.80999999999866,30.80991507395714,50.95137124492847,5.055014721683283,-1.567564907087771,6.181146695143376,-0.06942343257694464,5.434758714150855,0.0758613196039039,0.022930331997447873,0.09690000000261989,0,not_applicable,304.08277499654474,0,0,0.7677092594208554,0.31559110334531937,713,0.755746061167748,1.3322637470905292,0.22600293112750477,running
Pure Pursuit,49.90999999999864,30.806164680045292,50.43138522979682,5.325476315874068,-1.6496021202241948,7.013290434072994,-0.07723754768047762,5.756343765090582,0.12704152013240766,0.01698734679842806,0.0743999999990308,0,not_applicable,304.482632438703,0,0,0.7741595143544473,0.28805047956580354,742,0.8820667284522705,1.126197142071291,0.20076314597215372,running
Pure Pursuit,50.00999999999862,30.76212263075656,49.89749316906616,5.386681622847001,-1.7444840905887835,1.5871036891284973,-0.07033462944573922,5.484186684786918,0.10303439998240439,0.04098227330459725,0.08620000000192363,0,not_applicable,305.082373990266,0,0,0.7834533602538651,0.2803027304539482,701,0.7034754402224284,1.3548623024125444,0.21649658541768402,running
Pure Pursuit,50.1099999999986,30.675494094311688,49.38719302539812,5.071288914624808,-1.856478412909519,-3.589215668091228,-0.05642584730638644,5.027760056037878,0.1219572341114701,0.0770161349652243,0.08989999999897691,0,not_applicable,305.6821686999341,0,0,0.7128780743416933,0.2853117724275922,748,0.9082020389249306,1.1420368691865548,0.19660096634514493,running
Pure Pursuit,50.20999999999858,30.54910231117008,48.9218757921256,4.697779110818528,-1.9574394110844686,-4.250596811714269,-0.03553898506014386,4.646229233453381,0.08268846799976529,0.128991939177725,0.07499999999893703,0,not_applicable,306.0820260219297,0,0,0.795495139304288,0.3275555191648311,711,0.7470342910101948,1.4438036981446052,0.22502164647011186,running
Pure Pursuit,50.30999999999856,30.38718924643864,48.49562334247198,4.491246327465117,-2.0206552199401306,-2.3503736220316274,-0.006300024852933572,4.4627417486153655,0.07509558252017517,0.14408148951284394,0.07570000000001187,0,not_applicable,306.48189573876823,0,0,0.7739502091970449,0.35659486219270875,371,-0.7339666357738648,1.4662278736603322,0.22234991952811328,running
Pure Pursuit,50.40999999999854,30.207112068822425,48.095927871756736,4.329449828853332,-2.0276128044866635,-1.8412680849000562,0.010982529143883079,4.307119518975111,0.09457512719566719,0.10368832410093987,0.10430000000027917,0,not_applicable,306.88177659190615,0,0,0.8178804595261105,0.3745810429314675,369,-0.742678405931418,1.4634289723931664,0.2241197071405647,running
Pure Pursuit,50.50999999999852,30.025553337461496,47.70930232073122,4.241696797215027,-2.008810065005675,-0.9986424792573878,0.004200567266313613,4.229585580927593,0.07968283322683264,0.014293433827508029,0.08120000000033656,0,not_applicable,307.4816045142608,0,0,0.8538207406317115,0.4006943297165436,698,0.6904077849860983,1.551637643574214,0.21414126651260781,running
Pure Pursuit,50.6099999999985,29.843326289344922,47.31908841542412,4.362004585382196,-2.0078627012464016,3.1196793852442273,-0.021351186626589778,4.553664735739449,0.0486067314131323,0.032455446401745025,0.10380000000154155,0,not_applicable,307.88147444212933,0,0,0.8441904189892632,0.3620520914659725,720,0.7862372567191844,1.304022465310532,0.21901940157552577,running
Pure Pursuit,50.70999999999848,29.650833802246886,46.918692562904134,4.511524845071292,-2.0387390624686663,3.877182673995234,-0.04758324633199178,4.749722852781719,0.009728369744041895,0.046988867243659804,0.0782999999984213,0,not_applicable,308.28133667020444,0,0,0.8457459023814935,0.35248175642828206,732,0.8385078776645041,1.2363817498928835,0.20843240730709414,running
Pure Pursuit,50.80999999999846,29.435353199456713,46.51182705471714,4.683938562799556,-2.106753251924305,4.470828772803985,-0.0667237516838299,4.95860772235169,0.06452800302685431,0.024256291057350055,0.07549999999767465,0,not_applicable,308.6811930987566,0,0,0.8090340712098288,0.3307178026104678,695,0.6773401297497683,1.3745346090626527,0.21187243445594103,running
Pure Pursuit,50.90999999999844,29.184289787558345,46.10434014414198,4.875268553745831,-2.191341643376342,4.96134321499353,-0.06542941861388357,5.180072884298909,0.08662713676788338,0.008369192874086995,0.07739999999856195,0,not_applicable,309.2809418957628,0,0,0.7899907055269104,0.3358315603157833,693,0.6686283595922151,1.4447076489434592,0.2104061992652272,running
Pure Pursuit,51.00999999999842,28.892514369578464,45.69813124199078,5.110340257068674,-2.2558373675790833,6.095601607200365,-0.06224452664720384,5.484828714465867,0.07232047870228259,0.00788125966863662,0.08150000000028967,0,not_applicable,309.68078237120494,0,0,0.764554656831969,0.3129717928896712,711,0.7470342910101948,1.3445278816242725,0.22502164647011186,running
Pure Pursuit,51.1099999999984,28.567698852243453,45.29722870531073,5.202988859682196,-2.308598221742753,2.4024540725782195,-0.0630939169421861,5.350585664326496,0.10320077008270503,0.017325987928651365,0.07749999999973056,0,not_applicable,310.28056686348896,0,0,0.7739801608036929,0.28293443602733126,709,0.7383225208526416,1.2926083570786984,0.2232291878884924,running
Pure Pursuit,51.20999999999838,28.228253147241674,44.928115831342524,4.920619534286969,-2.405014728018729,-3.2134046871587962,-0.07974481759008908,4.881648390966316,0.10649629622152587,0.026335519981941946,0.07850000000075852,0,not_applicable,310.68040455753544,0,0,0.7636437054438558,0.2809652443472581,723,0.7993049119555145,1.2354329010885867,0.21621722807816315,running
Pure Pursuit,51.30999999999836,27.876943084350337,44.608543452994574,4.664349860356083,-2.5103923596718554,-2.916386793195498,-0.06138037898829794,4.628980854967419,0.1436737011322442,0.060664556287619575,0.07839999999958991,0,not_applicable,311.28018598963587,0,0,0.779012802825943,0.29555243106348167,713,0.755746061167748,1.2843851812777698,0.22600293112750477,running
Pure Pursuit,51.40999999999834,27.504609341291307,44.32703112782201,4.673095548325844,-2.5713930902281876,0.2267828449404341,-0.03407607517984071,4.687028144850126,0.09830762509675015,0.08068419498370405,0.07749999999973056,0,not_applicable,311.6800784594098,0,0,0.7840526276761295,0.339329208810507,723,0.7993049119555145,1.3197188085811906,0.21621722807816315,running
Pure Pursuit,51.50999999999832,27.118214147554674,44.0744201644903,4.588340186750284,-2.615889654934782,-0.96452855056949,-0.007973017894580282,4.576642693268895,0.07027212846714893,0.09407369565550017,0.06909999999749061,0,not_applicable,312.07997012580887,0,0,0.778963638744701,0.35267451895907154,368,-0.7470342910101946,1.43423105806452,0.22502164647011183,running
Pure Pursuit,51.6099999999983,26.74477434166175,43.847515169165334,4.258223452936407,-2.608132313638819,-3.756777257098607,0.045173010694346864,4.2126624610404235,0.06935803759138419,0.08210314292680865,0.07390000000029318,0,not_applicable,312.4798656921733,0,0,0.8482919939670647,0.3359877879442616,374,-0.7208989805375348,1.3778671387993078,0.2197779812188762,running
Pure Pursuit,51.70999999999828,26.40861266510496,43.630928572539034,3.867962062919394,-2.5128533220541933,-4.441232340455108,0.09760112893208486,3.814100218890896,0.06038298716695336,0.02808346262967021,0.10359999999920433,0,not_applicable,312.8797517849036,0,0,0.8336884224000671,0.3372057210352159,381,-0.6904077849860983,1.3211985362525371,0.21414126651260781,running
Pure Pursuit,51.80999999999826,26.130275974217685,43.406710419205716,3.4292661269297637,-2.3490849533463565,-4.992424637390944,0.12912489306950115,3.3687195991802996,0.018225790187774003,0.040000943274916434,0.07850000000075852,0,not_applicable,313.27958589653133,0,0,0.8324891125547432,0.3870610421911308,390,-0.6512048192771085,1.398334864926545,0.20758050283462462,running
Pure Pursuit,51.90999999999824,25.922366475492712,43.177043756719684,2.9265482313383733,-2.1923084282739174,-5.7451590232523975,0.1241752054322676,2.854750224604524,0.07165626307232714,0.03594202189860729,0.07369999999795596,0,not_applicable,313.6792001174963,0,0,0.8402115363822821,0.441897152920036,374,-0.7208989805375348,1.3581528160954617,0.2197779812188762,running
Pure Pursuit,52.00999999999822,25.766502136612154,42.94053698457972,2.78757117565143,-2.0906768066550327,-1.5815794492793067,0.10434520785895392,2.7683902864104426,0.02312582009993872,0.04428371962080169,0.07350000000272416,0,not_applicable,313.8784285534332,0,0,0.845138678634699,0.5178578310170096,361,-0.7775254865616312,1.3009985439490563,0.22094939445953415,running
Pure Pursuit,52.1099999999982,25.647912142687574,42.70934725201738,2.5030386208233395,-2.0078619483759237,-3.2380225580597255,0.0950483617290656,2.4637689198454575,0.07839771157535332,0.026450932227235047,0.0838999999999146,0,not_applicable,314.07837644443686,0,0,0.8474548354940182,0.5226183074525753,372,-0.729610750695088,1.3074565117155983,0.22148173646210823,running
Pure Pursuit,52.20999999999818,25.549346951768158,42.47494283713652,2.5775547118139728,-1.9503137793857634,1.9322632098384718,0.08507629939127805,2.6962649418071867,0.06904752927315666,0.06623850596823022,0.07309999999804973,0,not_applicable,314.4776832061358,0,0,0.8476586735018272,0.5971505781647277,394,-0.6337812789620019,1.4093041037320653,0.20489107222660924,running
Pure Pursuit,52.30999999999816,25.46000657925857,42.22143699894117,2.782489934214319,-1.8933765464068069,5.314137998650947,0.08140392035448013,3.1089685116790675,0.005104513537892056,0.06203052485585836,0.09850000000000136,0,not_applicable,314.67736251565367,0,0,0.8479819005589871,0.5608572838448056,352,-0.8167284522706209,1.2023454304456136,0.2126462795560751,running
Pure Pursuit,52.40999999999814,25.37931756367348,41.944028467871554,2.980529219904624,-1.8332354914966524,5.135320717375937,0.06685297328814224,3.2960220059519125,0.09174342065353724,0.04399839632120006,0.07670000000103983,0,not_applicable,314.8773104066574,0,0,0.8318033439855619,0.5441217443178868,381,-0.6904077849860983,1.3814248827415319,0.21414126651260781,running
Pure Pursuit,52.50999999999812,25.308415881085246,41.64399899486804,3.1705418553234437,-1.7841173696219563,4.927183108281801,0.0550403115295029,3.473247530732804,0.026481378272058764,0.04219588055314727,0.07680000000220844,0,not_applicable,315.2771279443512,0,0,0.8502099132663359,0.4943000293499722,348,-0.8341519925857275,1.199009398197334,0.20925385860619156,running
Pure Pursuit,52.6099999999981,25.245008212821606,41.31993910710737,3.414420883671449,-1.7450297030460549,6.323982751419983,0.04471292040374613,3.802940130465442,0.08063603053497835,0.018419714843117774,0.08090000000038344,0,not_applicable,315.6770155183536,0,0,0.8181607442749409,0.49593859404326796,370,-0.7383225208526414,1.3861696771072154,0.22322918788849236,running
Pure Pursuit,52.70999999999808,25.188215275302202,40.96865726453776,3.681237225881284,-1.7168097012845758,6.918766067593967,0.02849133247907176,4.106297490430846,0.0926740141614118,0.00694981544514528,0.07940000000061787,0,not_applicable,315.8769628847814,0,0,0.7891287128966075,0.4930550119365009,366,-0.755746061167748,1.4511850710596677,0.22600293112750477,running
Pure Pursuit,52.80999999999806,25.134388791087183,40.59252715240816,3.9005241898629874,-1.7026101153653217,5.68629040071738,0.016086291038127493,4.249866265953022,0.07353401209823682,0.015828364809300943,0.09100000000117348,0,not_applicable,316.2768583412882,0,0,0.8631576554112901,0.43396274268222196,355,-0.803660797034291,1.3241072268674179,0.21530714918272373,running
Pure Pursuit,52.90999999999804,25.083142883044342,40.19277846441902,4.140713417316722,-1.6881720785890728,6.228303195167841,0.009841110533514184,4.523354509379772,0.0730680299371885,0.02534382771611554,0.14200000000030855,0,not_applicable,316.6767539463847,0,0,0.798165508784763,0.43661511973165257,372,-0.729610750695088,1.490976459790253,0.22148173646210823,running
Pure Pursuit,53.00999999999802,25.03475077618507,39.76811985110212,4.3877211588309,-1.67321810623264,6.4051128437901195,0.0023359299050180336,4.781224701695734,0.09583583415154211,0.03567173731976325,0.08869999999916445,0,not_applicable,317.0766496852822,0,0,0.8601426758420891,0.39270357958160734,709,0.7383225208526416,1.425870525711716,0.2232291878884924,running
Pure Pursuit,53.109999999998,24.987604973685695,39.31852277339818,4.633822249483364,-1.674453097797958,6.381602645107289,-0.0072378997995333335,5.025881423341629,0.054236448809011704,0.028430159068644656,0.07839999999958991,0,not_applicable,317.67649316289226,0,0,0.8482548484659397,0.38053805441371064,735,0.8515755329008341,1.3060222870228357,0.20602954162158948,running
Pure Pursuit,53.20999999999798,24.934817786580766,38.84268831247582,4.918500011851615,-1.691387422991185,7.381927306847826,-0.010417232443875355,5.372014980168147,0.025190729923172457,0.007943809358510467,0.08189999999785869,0,not_applicable,318.0763887873595,0,0,0.826654535847257,0.3515637450903802,721,0.7905931417979613,1.3640096390216905,0.21807316453493353,running
Pure Pursuit,53.30999999999796,24.872675709679445,38.34067123272035,5.177796942201397,-1.7080212002898163,6.723781565540179,-0.0029773476716504505,5.590878168405633,0.06952560599347854,0.013333998556546156,0.07260000000286482,0,not_applicable,318.676232302979,0,0,0.870272753405028,0.33197390886208156,369,-0.742678405931418,1.4269480577923301,0.2241197071405647,running
Pure Pursuit,53.40999999999794,24.80185599796619,37.81249506674768,5.4578432744117364,-1.7066360811506192,7.261830533330906,0.006060795015686174,5.903979995534487,0.0637494155137792,0.014482629887839327,0.07090000000076202,0,not_applicable,319.07612794642984,0,0,0.8694369599375484,0.32804875117428856,381,-0.6904077849860983,1.5237154647435334,0.21414126651260781,running
Pure Pursuit,53.50999999999792,24.73001657286667,37.257893970361565,5.7069503473055425,-1.6872025677523075,6.459550224175894,0.008602757951921634,6.103798296829326,0.023552714319760918,0.0019482505423518148,0.0724000000005276,0,not_applicable,319.6759714335302,0,0,0.8024371801514608,0.30505581528037035,726,0.8123725671918445,1.3586357762613135,0.2135218524542555,running
Pure Pursuit,53.6099999999979,24.662351377447344,36.67686806747659,5.9710660755139955,-1.669205580151318,6.8487369368455475,0.0017272903557459425,6.391824040990097,0.009068423408683251,0.017803066598780504,0.0745000000001994,0,not_applicable,320.2758150600254,0,0,0.8698625985787812,0.2956207204973566,346,-0.8428637627432809,1.3300907079323816,0.20762130414308752,running
Pure Pursuit,53.70999999999788,24.598452805606257,36.068606872848946,6.239608677696157,-1.670951159176246,6.963529401134405,-0.006611420035481891,6.667419015627436,0.02012718769527544,0.014866078783335013,0.07350000000272416,0,not_applicable,320.87565870269685,0,0,0.8668895299171973,0.28292789842746496,734,0.8472196478220577,1.3253080074418333,0.20682039817249392,running
Pure Pursuit,53.80999999999786,24.529817766191268,35.43392763067874,6.5066489444964555,-1.6925508441176556,6.924572615443951,-0.008063772719079659,6.932065939240552,0.05890845692638863,0.006969071942534377,0.08049999999926172,0,not_applicable,321.4755023748979,0,0,0.8474206012115192,0.26534744912835495,746,0.8994902687673774,1.2277924104595666,0.19795406078248534,running
Pure Pursuit,53.909999999997844,24.452515952438905,34.773604193693565,6.7690106615932075,-1.6928406637025475,6.803253993554614,0.00023169940537098776,7.186974343851917,0.07677037433904971,0.006149561807418991,0.07529999999889014,0,not_applicable,322.27529393548855,0,0,0.8062750328328233,0.2517377194545548,729,0.8254402224281745,1.3218539089149264,0.21092842571338707,running
Pure Pursuit,54.009999999997824,24.372399831079207,34.085851220671096,7.056082456534718,-1.679774675783115,7.444006530314429,-8.843831068264341e-05,7.51341131462465,0.017412526074969133,0.008415425068210247,0.07070000000197751,0,not_applicable,322.87513760037865,0,0,0.8232651807381746,0.2441208488114705,703,0.7121872103799816,1.4689178753394236,0.21811666573475305,running
Pure Pursuit,54.109999999997804,24.290232518963162,33.370511615680385,7.323385092263638,-1.6896232038731123,6.931376056438223,-0.0070128705793082976,7.749220062178541,0.0644344384588923,0.00019108429709691066,0.07979999999818688,0,not_applicable,323.6749291438212,0,0,0.8713900168625702,0.23159459961016593,710,0.742678405931418,1.4279329106827385,0.2241197071405647,running
Pure Pursuit,54.209999999997784,24.199794525904014,32.629585156646904,7.584315889754297,-1.7115677855683815,6.7661490773636235,-0.004447447147815298,8.0,0.08323534457712885,0.020889384246054465,0.0724000000005276,0,not_applicable,324.2747728026276,0,0,0.8645274847325971,0.22381314516614564,351,-0.8210843373493977,1.3286899463942408,0.21178185999974475,running
Pure Pursuit,54.309999999997764,24.098826820657102,31.869171698148836,7.744620939422031,-1.712001733631828,4.1568411024570295,0.007093002967434615,8.0,0.050094330886960026,0.020602335511681336,0.09130000000112659,0,not_applicable,325.0745643615364,0,0,0.8679115780111448,0.21425734046964176,353,-0.8123725671918443,1.3311580257203754,0.21352185245425553,running
Pure Pursuit,54.409999999997744,23.996729095952666,31.09610586746883,7.843105707015994,-1.6850982509418753,2.553790605779689,0.010331412978211788,8.0,0.03138406868351255,0.006502526870165504,0.07589999999879637,0,not_applicable,325.8743559251306,0,0,0.8722874851725541,0.21156177055699427,368,-0.7470342910101946,1.427175725086019,0.22502164647011183,running
Pure Pursuit,54.509999999997724,23.903703080792706,30.314051167221827,7.903610659717984,-1.6577260969249847,1.5689429298400626,0.00022646192611365428,8.0,0.019249344556784957,0.03355730137883839,0.08090000000038344,0,not_applicable,326.67414748824535,0,0,0.8607201238145397,0.21800032242304074,358,-0.790593141797961,1.4207869656685137,0.21807316453493358,running
Pure Pursuit,54.609999999997704,23.82281072831228,29.52582665364176,7.940782390848662,-1.6548197101990123,0.9638934028201618,-0.013130140680084033,8.0,0.012296707230312783,0.03560952289524666,0.0782999999984213,0,not_applicable,327.47393905111375,0,0,0.8764354968231153,0.21202360873149448,731,0.8341519925857277,1.3350342539775149,0.20925385860619153,running
Pure Pursuit,54.709999999997684,23.744319683921276,28.734398739320177,7.963619159303916,-1.6836005436273025,0.5921760915133767,-0.018659958518924852,8.0,0.023484765044803384,0.005455096326657305,0.07890000000188024,0,not_applicable,328.2737306070764,0,0,0.8715669984372243,0.2142883073416667,359,-0.7862372567191844,1.4212341508636188,0.21901940157552577,running
Pure Pursuit,54.809999999997665,23.65657707487179,27.942133017603098,7.977649121794647,-1.7140756126572239,0.36380840696083716,-0.009540672025806532,8.0,0.028585906691129145,0.026908270412952184,0.08159999999790557,0,not_applicable,329.0735221411624,0,0,0.8667904578232146,0.20726110946490284,364,-0.7644578313253012,1.4152374189071706,0.2239412608755995,running
Pure Pursuit,54.909999999997645,23.55542534789839,27.1503425036084,7.986268548307507,-1.7188693174161935,0.22350878205353197,0.004012869280246676,8.0,0.019070209449222393,0.03393420831454552,0.0801999999993086,0,not_applicable,329.8733136499794,0,0,0.8753045070860882,0.20621703317162549,365,-0.7601019462465246,1.4172970787524197,0.22496523842325905,running
Pure Pursuit,55.009999999997625,23.4504971753366,26.358350815038822,7.991563966129165,-1.6901015085347773,0.13731451692493124,0.010478321919947695,8.0,0.0041444036762124156,0.0072980447453403485,0.0975999999965893,0,not_applicable,330.6731051606993,0,0,0.8681562370503829,0.21264373068453193,359,-0.7862372567191844,1.4188412760297107,0.21901940157552577,running
Pure Pursuit,55.109999999997605,23.35401872701538,25.564872189418455,7.99481725100422,-1.6589023391500817,0.08436033870834692,0.0028715975906784346,8.0,0.0038523255483541665,0.021920365474831005,0.10230000000177597,0,not_applicable,331.4728966846174,0,0,0.866618788689592,0.20673736842033585,727,0.8167284522706209,1.3437272727874594,0.2126462795560751,running
Pure Pursuit,55.209999999997585,23.270778579682872,24.76963221855586,7.996815934174219,-1.6535663194871164,0.0518274899577964,-0.00828396060423786,8.0,0.00031436521895634144,0.025426777049622373,0.0952000000005171,0,not_applicable,332.2726882265302,0,0,0.8512349257209789,0.20292498347046942,732,0.8385078776645041,1.29309087638173,0.20843240730709414,running
Pure Pursuit,55.309999999997565,23.191406044787314,23.973833344452114,7.998043842140308,-1.6822639431253474,0.03184065825781346,-0.013292253751355697,8.0,0.006351009916733378,0.004949414615414316,0.11489999999980682,0,not_applicable,333.07247978047553,0,0,0.8275252363425544,0.20828922302132405,714,0.7601019462465248,1.432171768523523,0.22496523842325897,running
Pure Pursuit,55.409999999997545,23.10649313816592,23.178509511855964,7.998798217819163,-1.690714960682449,0.019561578596922757,0.00045607464742078224,8.0,0.005838524730696126,0.01492751477132881,0.07880000000071163,0,not_applicable,333.87227132771227,0,0,0.8032297049409468,0.20673303305512042,339,-0.8733549582947173,1.2641699079194084,0.20222103997141733,running
Pure Pursuit,55.509999999997525,23.020695942671725,22.3832202821977,7.999261674919015,-1.6641386191012169,0.012017821808374407,0.006116929336370222,8.0,0.0032841913275502995,0.010273160959815009,0.07579999999762776,0,not_applicable,334.67206287249377,0,0,0.8499025671321393,0.2103851487996023,344,-0.8515755329008341,1.3146746061713448,0.20602954162158948,running
Pure Pursuit,55.609999999997505,22.941218056611394,21.587238197842144,7.999546403721153,-1.656530221958148,0.007383250809853692,-0.005448257730199248,8.0,0.006045314232996493,0.016657287780478036,0.07869999999954302,0,not_applicable,335.47185441974347,0,0,0.8718148797424738,0.20959381478170577,363,-0.7688137164040778,1.427960473974395,0.22293077345441883,running
Pure Pursuit,55.709999999997486,22.86270974875046,20.79113687612399,7.999721329276923,-1.6833436170062788,0.004535962788470016,-0.009458645586339692,8.0,0.008873048061314956,0.011228697940265597,0.08449999999982083,0,not_applicable,336.271645971985,0,0,0.8691065904699449,0.20959551018784636,362,-0.7731696014828544,1.421926565561142,0.22193355627601147,running
Pure Pursuit,55.809999999997466,22.77783138000905,19.99567596756282,7.99982879627651,-1.6909908698177913,0.0027867072307685703,0.0026796530600087577,8.0,0.004511688592027848,0.01979697959682447,0.07349999999917145,0,not_applicable,337.0714375298294,0,0,0.8720523483087095,0.21081665891629423,361,-0.7775254865616312,1.4228182190251712,0.22094939445953415,running
Pure Pursuit,55.909999999997446,22.6919410865924,19.200314718063794,7.999894819539659,-1.6641676875362448,0.0017120372349044288,0.008135130855230505,8.0,0.0016299425898863601,0.006247236591994998,0.07180000000062137,0,not_applicable,337.87122909251116,0,0,0.8723237328526805,0.20375841403619796,725,0.8080166821130677,1.340652871363813,0.2144087504700342,running
Pure Pursuit,56.009999999997426,22.612400110039662,18.40428857960465,7.99993538149164,-1.6565078009832046,0.0010518046034135864,-0.002178049491247527,8.0,0.0019115029702732606,0.013292448251950084,0.08279999999771803,0,not_applicable,338.67102065501336,0,0,0.8471568146118716,0.2028794430600822,712,0.7513901760889712,1.411937495073254,0.22593517874601313,running
Pure Pursuit,56.109999999997406,22.53386561035302,17.6081588835576,7.999960301071044,-1.6833258254093675,0.0006461850836014804,-0.005487658901818406,8.0,0.0016831871144831543,0.013985974498234466,0.08220000000136451,0,not_applicable,339.47081221712847,0,0,0.8220084436424762,0.2062810354684259,343,-0.8559314179796107,1.287003022938424,0.20524858980469116,running
Pure Pursuit,56.209999999997386,22.448979671624503,16.81267974965168,7.999975610626115,-1.6909849942876898,0.0003969892895572258,0.007210801321733854,8.0,0.007854094027878905,0.021953944681848192,0.07460000000136802,0,not_applicable,340.2706037799639,0,0,0.8707796197681056,0.2001397618966686,373,-0.7252548656163114,1.418783855024559,0.22062447658991918,running
Pure Pursuit,56.309999999997366,22.363087567365053,16.017307004885577,7.999985016181188,-1.6641667916235825,0.0002438937388493656,0.013052060663195676,8.0,0.015376092032576333,0.004707048216111787,0.1047000000014009,0,not_applicable,341.0703953435936,0,0,0.8645849070499301,0.2098535374878719,365,-0.7601019462465246,1.4417188211537466,0.22496523842325905,running
Pure Pursuit,56.409999999997346,22.286417724047354,15.221000596263735,7.999990794563761,-1.63360256820176,0.00014983818812375205,0.002950625708652271,8.0,0.013742276177561503,0.03526617413947797,0.09799999999771103,0,not_applicable,341.8701869075833,0,0,0.8644953771215638,0.2022534743427707,723,0.7993049119555145,1.344312453444311,0.21621722807816315,running
Pure Pursuit,56.509999999997326,22.22317001885109,14.423510529784787,7.999994344562131,-1.6283573006799594,9.205436239057008e-05,-0.012102352436154668,8.0,0.0021140065871836713,0.040657794877965614,0.11069999999691049,0,not_applicable,342.66997847152226,0,0,0.8724095179786815,0.19510245881298025,717,0.7731696014828544,1.3390118390295578,0.22193355627601147,running
Pure Pursuit,56.60999999999731,22.16383720551432,13.625714790257302,7.999996525533754,-1.6570753392051047,5.655437869123148e-05,-0.019830638706977613,8.0,0.020859021261072502,0.0122305146136088,0.07769999999851507,0,not_applicable,343.4697700351665,0,0,0.8230770232432008,0.20775669374221242,695,0.6773401297497683,1.5070142390718415,0.21187243445594103,running
Pure Pursuit,56.70999999999729,22.096090825948224,12.828598267252609,7.999997865432177,-1.6884581799532485,3.474466246267127e-05,-0.012941239766475881,8.0,0.031963733537725844,0.01881869994797647,0.0782000000008054,0,not_applicable,344.26956159832963,0,0,0.8427201529159974,0.21618130682401948,352,-0.8167284522706209,1.3966440292291835,0.2126462795560751,running
Pure Pursuit,56.80999999999727,22.012181432610745,12.033028901418623,7.9999986886101455,-1.7168524876546325,2.1345678229423015e-05,-0.002023395532245075,8.0,0.027117979686851746,0.04690352788027763,0.07779999999968368,0,not_applicable,345.0693531613452,0,0,0.8621242650344263,0.20361029568369887,368,-0.7470342910101946,1.420144031369157,0.22502164647011183,running
Pure Pursuit,56.90999999999725,21.91195838633682,11.239338658967851,7.999999194336515,-1.720239088127296,1.3113898544858671e-05,0.012891482270468286,8.0,0.006238110215217612,0.050006292738917324,0.07910000000066475,0,not_applicable,345.86914472445113,0,0,0.8712418613805919,0.20287172141620852,370,-0.7383225208526414,1.423578157739718,0.22322918788849236,running
Pure Pursuit,57.00999999999723,21.80698413387312,10.44625634222293,7.999999505033802,-1.6906960894104879,8.056634852593447e-06,0.02147232463160938,8.0,0.019652063559129303,0.020204991323600652,0.0780000000020209,0,not_applicable,346.66893628778973,0,0,0.8666515446480398,0.20623949343056727,366,-0.755746061167748,1.426745761029697,0.22600293112750477,running
Pure Pursuit,57.10999999999721,21.71024742827477,9.652136253204478,7.999999695913315,-1.6590600829439905,4.949661978059794e-06,0.0160630238077842,8.0,0.03674952061173754,0.01166380846290771,0.08140000000267378,0,not_applicable,347.4687278514275,0,0,0.8440927064525808,0.21145948396217887,325,-0.9343373493975904,1.1981867976936815,0.1927368289037113,running
Pure Pursuit,57.20999999999719,21.62967553480759,8.85622188686033,7.999999813181765,-1.6306202013530404,3.0408668472148292e-06,0.006805868207466008,8.0,0.03743979248821057,0.040313970514179065,0.07779999999968368,0,not_applicable,348.2685194153688,0,0,0.7987793304943701,0.2074340163580696,338,-0.8777108433734939,1.2617471744711752,0.20148754432673713,running
Pure Pursuit,57.30999999999717,21.56549022207276,8.058807815726443,7.999999885226632,-1.6272386057336625,1.8681823465982461e-06,-0.006478221441589821,8.0,0.02154389895724877,0.04387634628913517,0.07929999999944926,0,not_applicable,349.0683109792374,0,0,0.7823010754248481,0.2099004966313629,346,-0.8428637627432809,1.3248420450810539,0.20762130414308752,running
Pure Pursuit,57.40999999999715,21.50609639913231,7.26101610148537,7.999999929488006,-1.65679032588318,1.1477336769871727e-06,-0.013529162825691596,8.0,0.0017569719392241164,0.014479667524033069,0.07650000000225532,0,not_applicable,349.86810254303504,0,0,0.8585718536155299,0.21149670991132558,362,-0.7731696014828544,1.4328801092905508,0.22193355627601147,running
Pure Pursuit,57.50999999999713,21.438432311995367,6.4638923115463465,7.999999956680357,-1.6884308645265547,7.051199357732685e-07,-0.006686470511411543,8.0,0.012201783994855504,0.01703125959690821,0.0724000000005276,0,not_applicable,350.66789410685413,0,0,0.8660856911572554,0.2113224272991067,362,-0.7731696014828544,1.4318822426438607,0.22193355627601147,running
Pure Pursuit,57.60999999999711,21.35744722850322,5.668007154528151,7.999999973386211,-1.6939674901080428,4.3319642983874473e-07,0.003922386521463882,8.0,0.011641463610658657,0.022463887404412297,0.0745000000001994,0,not_applicable,351.4676856707354,0,0,0.8746572658209856,0.21503881113600906,731,0.8341519925857277,1.3649688746565338,0.20925385860619153,running
Pure Pursuit,57.70999999999709,21.272490254259353,4.872531523957055,7.999999983649593,-1.6652857763333762,2.6613789394502874e-07,0.006701677394983908,8.0,0.00728100723482033,0.006296350361648884,0.07139999999949964,0,not_applicable,352.2674772346829,0,0,0.851997757909055,0.20578888267796192,715,0.7644578313253012,1.4121789803949991,0.2239412608755995,running
Pure Pursuit,57.80999999999707,21.19300926910894,4.076490836587837,7.99999998995499,-1.6567924147608366,1.635040725034287e-07,-0.005349720625094222,8.0,0.008335810534110701,0.01484252038937317,0.07409999999907768,0,not_applicable,353.06726879867665,0,0,0.8334431978061314,0.2116126486848253,700,0.6991195551436515,1.5114635999649135,0.2157016455530536,running
Pure Pursuit,57.90999999999705,21.114392169920674,3.280364152672142,7.999999993828763,-1.6833529283920026,1.0045010157000434e-07,-0.00973012425200079,8.0,0.010261031658547987,0.01169058977353643,0.07229999999935899,0,not_applicable,353.8670603626889,0,0,0.866593016430355,0.20917429902763912,349,-0.8297961075069509,1.339670876376725,0.21008581223244965,running
Pure Pursuit,58.00999999999703,21.029449785672917,2.4848878618649284,7.999999996208648,-1.690965499090371,6.171236854868312e-08,0.002163394082089215,8.0,0.006176141393404885,0.01930131886304398,0.07340000000155555,0,not_applicable,354.6668519267031,0,0,0.8582367530784912,0.20697117436962334,349,-0.8297961075069509,1.3277735419216599,0.21008581223244965,running
Pure Pursuit,58.10999999999701,20.943534550226655,1.689515683796791,7.99999999767075,-1.6641520011950792,3.79135212114079e-08,0.007263123393062336,8.0,0.00294010841751773,0.007488403976996683,0.07980000000173959,0,not_applicable,355.46664349070875,0,0,0.8701291411233845,0.21255948494128896,719,0.781881371640408,1.4266173125213353,0.21997807798827246,running
Pure Pursuit,58.20999999999699,20.863986211027328,0.8934819175029219,7.999999998569006,-1.6565010324673013,2.3292496820204178e-08,-0.0035657594534102824,8.0,0.0033347484597802905,0.015090117545404347,0.07530000000244286,0,not_applicable,356.2664350546911,0,0,0.8712403522433381,0.20560151296042137,732,0.8385078776645041,1.3081096673449852,0.20843240730709414,running
Pure Pursuit,58.30999999999697,20.78545032015144,0.09734721679026768,7.999999999120856,-1.6833237567536719,1.430993989970375e-08,-0.007481291013588241,8.0,0.00453457866339535,0.0118073861916006,0.10289999999812949,0,not_applicable,357.06622661864503,0,0,0.8759243362528102,0.21363425130420885,717,0.7731696014828544,1.4451188436326945,0.22193355627601147,running
Pure Pursuit,58.40999999999695,20.700564399783193,-0.6981350800976935,7.999999999459891,-1.690985025041213,8.791438688149356e-09,0.004585775437215041,8.0,0.0038279642093752586,0.019559146459563692,0.11450000000223781,0,not_applicable,357.8660181826027,0,0,0.8272498283896044,0.20165606291694105,345,-0.8472196478220575,1.2749028930908306,0.20682039817249398,running
Pure Pursuit,58.50999999999693,20.614672296871237,-1.4935097673406554,7.99999999966818,-1.6641672248408357,5.4010929062542345e-09,0.009778759425770812,8.0,0.007967653482870415,0.007168629604680454,0.08130000000150517,0,not_applicable,358.6658097466045,0,0,0.8441400119950249,0.2078512735630911,347,-0.8385078776645043,1.3201427044115903,0.2084324073070941,running
Pure Pursuit,58.60999999999691,20.53513051353521,-2.2895441942121098,7.9999999997961435,-1.6565075676048222,3.31819904886288e-09,-0.0009707093177343755,8.0,0.007442619845468631,0.014743079759427236,0.08250000000131763,0,not_applicable,359.46560131058555,0,0,0.8711605894379872,0.20709911312013365,363,-0.7688137164040778,1.41372744243619,0.22293077345441883,running
Pure Pursuit,58.70999999999689,20.456595576856017,-3.0856789881189832,7.99999999987476,-1.6833256987704024,2.0385648724641214e-09,-0.004800932470546116,8.0,0.006225087838816254,0.012156918425685781,0.08940000000023929,0,not_applicable,360.26539287454005,0,0,0.8640677571307613,0.2095769708868546,364,-0.7644578313253012,1.4340516396863954,0.2239412608755995,running
Pure Pursuit,58.80999999999687,20.371709393246917,-3.881161256806777,7.999999999923058,-1.6909853483504875,1.2524026260507526e-09,0.007361032981872032,8.0,0.010375749885345523,0.019895254691808972,0.09230000000215455,0,not_applicable,361.06518443848483,0,0,0.8691280312808412,0.20475985771151986,366,-0.755746061167748,1.4181313235407442,0.22600293112750477,running
Pure Pursuit,58.90999999999685,20.285817014456093,-4.676535914227974,7.99999999995273,-1.6641671708927257,7.694200832020215e-10,0.012643067249939419,8.0,0.015935008497807296,0.00684742094855828,0.08169999999907418,0,not_applicable,361.86497600243365,0,0,0.8479495784884612,0.21423135175260594,724,0.8036607970342913,1.4048497840412464,0.2153071491827237,running
Pure Pursuit,59.00999999999683,20.209146879972625,-5.472843486653935,7.99999999997096,-1.633602656786385,4.726974367486036e-10,0.001973239213332017,8.0,0.012820474305593207,0.03733970796420394,0.09769999999775791,0,not_applicable,362.6647675663978,0,0,0.8227498847853669,0.20983745691158082,702,0.7078313253012047,1.492733404455588,0.21730154451353453,running
Pure Pursuit,59.10999999999681,20.145898982774256,-6.2703342689168,7.999999999982159,-1.6283571509611718,2.9039881610515295e-10,-0.013598708072441531,8.0,0.006778693809032147,0.04251622587619863,0.07970000000057098,0,not_applicable,363.4645591303851,0,0,0.8401473893906891,0.21094067851669196,736,0.8559314179796109,1.311447503047194,0.20524858980469113,running
Pure Pursuit,59.20999999999679,20.0865661149504,-7.068130453419444,7.999999999989039,-1.6570751692299321,1.7840839916516416e-10,-0.021735799567534922,8.0,0.025919794788325703,0.013732475658272847,0.08050000000281443,0,not_applicable,364.26435069438236,0,0,0.8687441448600716,0.20898637498218597,731,0.8341519925857277,1.3324403743249973,0.20925385860619153,running
Pure Pursuit,59.30999999999677,20.01881976417673,-7.8652472549994386,7.999999999993266,-1.6884580928258535,1.0961009877519245e-10,-0.015119899014423283,8.0,0.037951189593926,0.017712901402419767,0.09019999999893002,0,not_applicable,365.064142258366,0,0,0.8666447180257887,0.20947880423936488,731,0.8341519925857277,1.3350869100231175,0.20925385860619153,running
Pure Pursuit,59.40999999999675,19.934910414713425,-8.660816795369403,7.999999999995864,-1.7168524792175113,6.73416877816635e-11,-0.004363127239285899,8.0,0.033883055798658766,0.04616650972863212,0.08430000000103632,0,not_applicable,365.8639338223435,0,0,0.871334681365004,0.2115860563123727,746,0.8994902687673774,1.2508218051900148,0.19795406078248534,running
Pure Pursuit,59.50999999999673,19.83468739266851,-9.454507145494695,7.999999999997458,-1.7202391187085846,4.136246900543483e-11,0.01050230357721378,8.0,0.013820143957438644,0.04960933653815758,0.1012999999971953,0,not_applicable,366.6637253863222,0,0,0.8556275557253167,0.20682005376717116,329,-0.9169138090824838,1.2017048153822003,0.19528096432440423,running
Pure Pursuit,59.60999999999671,19.72971314111115,-10.24758952670864,7.9999999999984395,-1.6906961193227108,2.5419666371817584e-11,0.019117374542538815,8.0,0.013367059413725213,0.020119070731769995,0.10710000000102582,0,not_applicable,367.463516950309,0,0,0.8046732766422446,0.19788354687489365,344,-0.8515755329008341,1.2489528661381075,0.20602954162158948,running
Pure Pursuit,59.70999999999669,19.63297642455105,-11.041709653880824,7.999999999999042,-1.659060097930368,1.56052948341312e-11,0.013787397411238179,8.0,0.03005271792464445,0.011467368506222098,0.09400000000070463,0,not_applicable,368.26330851430737,0,0,0.786964564429991,0.200672334355321,358,-0.790593141797961,1.3473348153449347,0.21807316453493358,running
Pure Pursuit,59.80999999999667,19.552404519511104,-11.837624043249011,7.999999999999411,-1.6306202036806487,9.583445148564351e-12,0.00466041714279432,8.0,0.031015509000208167,0.03986006862529834,0.09370000000075152,0,not_applicable,369.0631000783185,0,0,0.7824433871676759,0.21026877987555948,361,-0.7775254865616312,1.4197365110409914,0.22094939445953415,running
Pure Pursuit,59.90999999999665,19.488219199629192,-12.635038128641302,7.999999999999638,-1.627238602040305,5.88862292261183e-12,-0.008458709691835058,8.0,0.015942541179519182,0.04319889252239273,0.0801999999993086,0,not_applicable,369.8628916423242,0,0,0.8691894545266409,0.20675036778441683,729,0.8254402224281745,1.3327286889391443,0.21092842571338707,running
Pure Pursuit,60.00999999999663,19.42882537409627,-13.432829851802321,7.999999999999778,-1.6567903221968985,3.623767952376511e-12,-0.01529091876456371,8.0,0.007080896036041893,0.013607397308044611,0.07180000000062137,0,not_applicable,370.66268320632435,0,0,0.8689829647709089,0.20471591793809468,725,0.8080166821130677,1.3459695467236126,0.2144087504700342,running
Pure Pursuit,60.10999999999661,19.36116128684878,-14.229953647336366,7.999999999999863,-1.6884308629736395,2.220446049250313e-12,-0.008157617863885977,8.0,0.017743094765798297,0.018069613472105228,0.12100000000003774,0,not_applicable,371.46247477032375,0,0,0.8454229977337517,0.2092264601813967,718,0.7775254865616312,1.4137940243749354,0.22094939445953415,running
Pure Pursuit,60.20999999999659,19.280176203821117,-15.02583880784915,7.999999999999916,-1.6939674901531596,1.3677947663381929e-12,0.002792622317078054,8.0,0.01638674534834317,0.02363947826604118,0.08429999999748361,0,not_applicable,372.26226633432555,0,0,0.8212957369550772,0.21396070880111417,336,-0.8864226135310473,1.2821546534436248,0.20004771979496722,running
Pure Pursuit,60.30999999999657,19.195219229799932,-15.821314440563247,7.9999999999999485,-1.665285776663155,8.43769498715119e-13,0.0059331756630386255,8.0,0.011396155256063559,0.0050122351029902035,0.07350000000272416,0,not_applicable,373.0620578983313,0,0,0.8484978940638198,0.214167615696143,339,-0.8733549582947173,1.302629037854982,0.20222103997141733,running
Pure Pursuit,60.40999999999655,19.115738244635576,-16.617355129232134,7.999999999999968,-1.6567924148354898,5.151434834260726e-13,-0.00576864265728617,8.0,0.011476955415933564,0.013478703517113999,0.08160000000145828,0,not_applicable,373.8618494623419,0,0,0.8666619702157304,0.20962487213527664,733,0.8428637627432809,1.3233750264715618,0.20762130414308752,running
Pure Pursuit,60.50999999999653,19.037121145394178,-17.41348181394175,7.99999999999998,-1.6833529283731385,3.197442310920451e-13,-0.009773869439221351,8.0,0.012300224399226898,0.013105238714459233,0.07769999999851507,0,not_applicable,374.6616410263544,0,0,0.8681074762457415,0.21221937390573953,362,-0.7731696014828544,1.4370178150746615,0.22193355627601147,running
Pure Pursuit,60.60999999999651,18.952178761114837,-18.20895810523696,7.9999999999999885,-1.6909654991167766,2.042810365310288e-13,0.002536613121337796,8.0,0.008007264175130058,0.02073816640472037,0.0800000000005241,0,not_applicable,375.4614325903659,0,0,0.8644336732508415,0.21230352482687243,361,-0.7775254865616312,1.4313370255569198,0.22094939445953415,running
Pure Pursuit,60.70999999999649,18.86626352563975,-19.004330283603917,7.999999999999991,-1.6641520012218773,1.1546319456101628e-13,0.008038853603191955,8.0,0.006329355435986006,0.006058343529288912,0.08709999999823026,0,not_applicable,376.26122415437754,0,0,0.8708118356202563,0.2078502331786386,713,0.755746061167748,1.4361237385708365,0.22600293112750477,running
Pure Pursuit,60.80999999999647,18.78671518641355,-19.800364050080443,7.999999999999991,-1.6565010324624652,8.881784197001252e-14,-0.0024352602792050825,8.0,0.006564041052891399,0.013695489693765772,0.09569999999925471,0,not_applicable,377.06101571839014,0,0,0.8266942306984328,0.21254652065392998,702,0.7078313253012047,1.5091996076781298,0.21730154451353453,running
Pure Pursuit,60.90999999999645,18.708179295522733,-20.596498750905475,7.999999999999991,-1.6833237567445059,8.881784197001252e-14,-0.0060040662915649,8.0,0.006639803048622046,0.013137854280173222,0.11530000000092855,0,not_applicable,377.86080728240375,0,0,0.8734276148176473,0.20258945539995846,353,-0.8123725671918443,1.3282145359681041,0.21352185245425553,running
Pure Pursuit,61.00999999999643,18.623293375148595,-21.39198104786281,7.999999999999991,-1.6909850250433722,8.881784197001252e-14,0.006424080050517339,8.0,0.009140884106347304,0.02080642356198137,0.10849999999962279,0,not_applicable,378.660598846418,0,0,0.8699158657644178,0.2025724501600885,371,-0.7339666357738648,1.425668062117391,0.22234991952811328,running
Pure Pursuit,61.10999999999641,18.53740127223243,-22.187355735148326,7.999999999999991,-1.6641672248448005,8.881784197001252e-14,0.011943084275701536,8.0,0.014457753585952445,0.0060072398529005255,0.08710000000178297,0,not_applicable,379.46039041043264,0,0,0.868879637446721,0.21120734217148743,363,-0.7688137164040778,1.4373492986889493,0.22293077345441883,running
Pure Pursuit,61.20999999999639,18.460731267750134,-22.983663320274058,7.999999999999991,-1.6336027294777171,8.881784197001252e-14,0.0014618705280593396,8.0,0.012265476750066989,0.03657103649561755,0.10739999999742622,0,not_applicable,380.2601819744473,0,0,0.8626259182017715,0.20019562985485506,736,0.8559314179796109,1.2550991437110994,0.20524858980469113,running
Pure Pursuit,61.30999999999637,18.397483412612353,-23.781154105932252,7.999999999999991,-1.6283571871224867,8.881784197001252e-14,-0.013954800109561861,8.0,0.009541511139952052,0.04181896291501097,0.08860000000154855,0,not_applicable,381.0599735384619,0,0,0.8657273957378084,0.1945138424624925,719,0.781881371640408,1.3241773761333906,0.21997807798827246,running
Pure Pursuit,61.40999999999635,18.338150553226455,-24.57895029105977,7.999999999999991,-1.6570751814327203,8.881784197001252e-14,-0.021950710321900775,8.0,0.027315845662201296,0.01310660729764379,0.10229999999822326,0,not_applicable,381.8597651024763,0,0,0.8061985580965496,0.20390895290697034,701,0.7034754402224284,1.4605020946959244,0.21649658541768402,running
Pure Pursuit,61.50999999999633,18.27040420213095,-25.37606709260918,7.999999999999991,-1.68845809547601,8.881784197001252e-14,-0.015189593391836339,8.0,0.03873160942960982,0.018267246789472225,0.10160000000070113,0,not_applicable,382.6595566664901,0,0,0.8468154057018906,0.2118540072138575,694,0.6729842446709915,1.536434125543504,0.2111347683074644,running
Pure Pursuit,61.60999999999631,18.186494851415762,-26.171636632848337,7.999999999999991,-1.716852479244272,8.881784197001252e-14,-0.004294477300408031,8.0,0.034316058689603246,0.04664950581507643,0.07219999999819038,0,not_applicable,383.4593482305035,0,0,0.8622855394283548,0.20656734040349284,367,-0.7513901760889712,1.4335122577968225,0.22593517874601313,running
Pure Pursuit,61.70999999999629,18.086271828673006,-26.96532698288654,7.999999999999991,-1.720239118390051,8.881784197001252e-14,0.010707215015103055,8.0,0.014555806228309235,0.05002077981440589,0.09139999999874249,0,not_applicable,384.2591397945171,0,0,0.8630213056284666,0.20561509042313372,367,-0.7513901760889712,1.4279454762932116,0.22593517874601313,running
Pure Pursuit,61.80999999999627,17.98359534492008,-27.74093727672586,7.733899001098423,-1.6918976718993086,-3.0282687254753426,0.019387420364634235,7.697173127452457,0.016383580339424206,0.02163008714003478,0.08730000000056748,0,not_applicable,385.05893135848515,0,0,0.8715417210031212,0.20984068442673012,364,-0.7644578313253012,1.435574337990299,0.2239412608755995,running
Pure Pursuit,61.90999999999625,17.893730128522783,-28.48187000978385,7.325972608478782,-1.6497746369518946,-4.642262682835625,0.01702939298698293,7.26967273281486,0.06995447898197382,0.02168043135286002,0.07860000000192713,0,not_applicable,385.8587228962272,0,0,0.8440663807399456,0.21315491067077352,715,0.7644578313253012,1.413772256793616,0.2239412608755995,running
Pure Pursuit,62.00999999999623,17.825153344859764,-29.181478863060256,6.877630013099506,-1.6211021573169724,-5.105629113075727,-0.0009790229723188344,6.8154096971712095,0.04670708552590355,0.05283563390918822,0.0914000000022952,0,not_applicable,386.4585665085358,0,0,0.7943458058173218,0.23418795422760463,345,-0.8472196478220575,1.3427027967480407,0.20682039817249398,running
Pure Pursuit,62.10999999999621,17.772928152697816,-29.842511215471713,6.505168478232904,-1.6321233518447995,-4.238667356135304,-0.01903706846601533,6.453763277485976,0.09798102011765984,0.04729271034138627,0.08649999999832403,0,not_applicable,387.2583577606936,0,0,0.8676416315423631,0.2370123611162721,727,0.8167284522706209,1.3286168617550607,0.2126462795560751,running
Pure Pursuit,62.20999999999619,17.726334117804043,-30.45881352003111,6.008188338099911,-1.6590469249939908,-5.677674959373942,-0.02371909597341312,5.93740098229551,0.08105032340844234,0.025998680357229187,0.07440000000258351,0,not_applicable,387.8582008087169,0,0,0.8486083281960328,0.2437499698581687,738,0.8646431881371641,1.2326526021343849,0.2037158366078793,running
Pure Pursuit,62.30999999999617,17.675149969765364,-31.028830951456367,5.577899281997641,-1.6945598423973474,-4.896753100843512,-0.023489050732038233,5.51851302801556,0.09679205571110612,0.0049428582476549465,0.0916999999986956,0,not_applicable,388.2580961874585,0,0,0.8228143183827584,0.264858123558177,728,0.8210843373493977,1.296150150281316,0.21178185999974475,running
Pure Pursuit,62.40999999999615,17.6124703103546,-31.562135557514413,5.26394546495607,-1.7295771305532464,-3.5728408736348882,-0.021902264026382675,5.220615194634152,0.04399100481930158,0.026395707863189344,0.07879999999715892,0,not_applicable,388.857939331649,0,0,0.8572550286481198,0.2839358429754218,714,0.7601019462465248,1.372824292019957,0.22496523842325897,running
Pure Pursuit,62.50999999999613,17.538057457697303,-32.052545222613695,4.803190980135239,-1.7675719917502617,-5.25161036759231,-0.031651760568793416,4.738784428196839,0.08285453528055176,0.020991774922795692,0.0762999999999181,0,not_applicable,389.4577752021115,0,0,0.8635891398867861,0.3035284674921127,735,0.8515755329008341,1.2586299102099427,0.20602954162158948,running
Pure Pursuit,62.60999999999611,17.452296032146183,-32.49042837256616,4.278064073306415,-1.8240531932467707,-6.011211457297518,-0.04920105084025407,4.202069834405487,0.04609646441922735,0.021410139914137094,0.07289999999926522,0,not_applicable,389.85766078782694,0,0,0.7930971419184296,0.31495361887240175,727,0.8167284522706209,1.2483115155192732,0.2126462795560751,running
Pure Pursuit,62.70999999999609,17.346807764181136,-32.87856860719069,3.8938796565829836,-1.9187079776106675,-4.372075485552398,-0.06445554342109103,3.840856524751175,0.0447101522638147,0.0416605010247828,0.07560000000239597,0,not_applicable,390.25750212706424,0,0,0.8476816973939194,0.35365289458601307,704,0.7165430954587584,1.3598282391109986,0.21894209497805303,running
Pure Pursuit,62.80999999999607,17.21440166734442,-33.232443336874226,3.721080249084872,-1.997130738146435,-1.9664828154243974,-0.05700536752062292,3.697231375040544,0.060776513961728604,0.03275566011215947,0.07210000000057448,0,not_applicable,390.6572769723987,0,0,0.836561491986261,0.4003851034148242,711,0.7470342910101948,1.3689088753716825,0.22502164647011186,running
Pure Pursuit,62.90999999999605,17.06049451505536,-33.566156587691324,3.6523659090234535,-2.0488123945665455,-0.7819793531727459,-0.051655010334663805,3.6428823137675974,0.09166705018104718,0.0013747659213261265,0.07589999999879637,0,not_applicable,391.0570337060952,0,0,0.8458672396887441,0.412005388900858,719,0.781881371640408,1.3078528345520881,0.21997807798827246,running
Pure Pursuit,63.00999999999603,16.886682582169552,-33.89240239257764,3.734974628826091,-2.094491511452687,2.1421116964731413,-0.05688782178313211,3.8665770786707676,0.08194346861097056,0.01020312479251606,0.08040000000164582,0,not_applicable,391.256857853827,0,0,0.7991509431973276,0.40344376038235,689,0.6512048192771083,1.3795540174243723,0.2075805028346246,running
Pure Pursuit,63.10999999999601,16.69043857089944,-34.21703775992694,3.8443627695981926,-2.156303968918471,2.8365239936315767,-0.06458457671975137,4.018627028189249,0.06361328475152069,0.0014464157252329635,0.08530000000206428,0,not_applicable,391.6566470456554,0,0,0.796162550838619,0.4153887634030121,689,0.6512048192771083,1.441545708617501,0.2075805028346246,running
Pure Pursuit,63.20999999999599,16.46439331085791,-34.53972620114145,4.022678605709508,-2.2319163895703618,4.623875531699513,-0.06509547142390877,4.306750322768144,0.05989276987054127,0.012963919010478886,0.08400000000108321,0,not_applicable,392.0564510476681,0,0,0.8393077977820065,0.4059100030459532,698,0.6904077849860983,1.417238762882119,0.21414126651260781,running
Pure Pursuit,63.30999999999597,16.205284898205516,-34.86230169418669,4.236363409137698,-2.291329645351447,5.541021793772822,-0.058889186642733536,4.5767807850867905,0.07230669784787405,0.01183293885688741,0.21690000000162968,0,not_applicable,392.4562626750015,0,0,0.8054522588478438,0.3895069967529201,707,0.729610750695088,1.3894734255715202,0.22148173646210823,running
Pure Pursuit,63.409999999995954,15.915261104739523,-35.18784493240795,4.465968559252128,-2.3363344710453626,5.953849409670777,-0.061443338979112055,4.8317483501047755,0.10651979730632308,0.002931359179533022,0.08040000000164582,0,not_applicable,392.85607823109046,0,0,0.7849106612520238,0.3467343608147382,699,0.6947636700648747,1.3433273799480998,0.21491658495418042,running
Pure Pursuit,63.509999999995934,15.597270502602807,-35.50966588389293,4.5752155783652055,-2.4039002616354073,2.8328645935447216,-0.0750925134642548,4.7492550186066005,0.08619059698630521,0.025573271300279643,0.11729999999943175,0,not_applicable,393.4558504306766,0,0,0.8330782990845631,0.3089834131605844,718,0.7775254865616312,1.2043446594240441,0.22094939445953415,running
Pure Pursuit,63.609999999995914,15.263988454389182,-35.801024148585206,4.353240223701756,-2.5090248086487454,-2.526112367591189,-0.0822707501877794,4.322604341606087,0.07951307572074676,0.02118045458211215,0.08550000000084879,0,not_applicable,393.85568926992136,0,0,0.7683319439807206,0.3168737052088081,710,0.742678405931418,1.2921038177687958,0.2241197071405647,running
Pure Pursuit,63.709999999995894,14.921690212272365,-36.04614755769168,4.140149898694841,-2.6178970739465353,-2.4249994159492516,-0.06716913041167089,4.110740282106831,0.07465817019411193,0.07278839108227331,0.08659999999949264,0,not_applicable,394.25554796593696,0,0,0.7607697354192633,0.33899203030979985,717,0.7731696014828544,1.2781027605908037,0.22193355627601147,running
Pure Pursuit,63.809999999995874,14.572717937279778,-36.24614271478,3.964078168435569,-2.7008348143428744,-2.0037223324430897,-0.03938068116169713,3.9397776654505323,0.05533272296220365,0.09978115868983473,0.07759999999734646,0,not_applicable,394.6554189051258,0,0,0.7728737072726064,0.3990095175590731,714,0.7601019462465248,1.4222487365885754,0.22496523842325897,running
Pure Pursuit,63.909999999995854,14.214856182326136,-36.417031397569104,3.967943268825609,-2.738568567233521,0.10022521561074527,-0.014840539866079229,3.9741006899966433,0.030336238181706453,0.08305212163726594,0.07759999999734646,0,not_applicable,395.0552849760679,0,0,0.8438480368060748,0.4202564038568046,698,0.6904077849860983,1.4985500182166327,0.21414126651260781,running
Pure Pursuit,64.00999999999584,13.845952357363894,-36.57634614891026,4.061499286296162,-2.753607505071799,2.4259840822847245,-0.010876361555430307,4.210541677054081,0.012507072498749711,0.045217258870315025,0.07799999999846818,0,not_applicable,395.455139719472,0,0,0.8400734780844241,0.4183773083171851,716,0.768813716404078,1.4161025194725805,0.22293077345441878,running
Pure Pursuit,64.10999999999589,13.462113103661936,-36.73256404407721,4.214574229038075,-2.7684024647317536,3.9693585140625753,-0.023429825093649284,4.45843513770242,0.004411061941249828,0.007445692294041795,0.08459999999743673,0,not_applicable,395.85498421994447,0,0,0.8561996224615602,0.4004508553220386,733,0.8428637627432809,1.289730664016863,0.20762130414308752,running
Pure Pursuit,64.20999999999594,13.060932508019048,-36.88632611386534,4.366341280208066,-2.7979053311021076,3.935443815461399,-0.04744068596470536,4.608118610584215,0.03451386078516262,0.01949799955850562,0.07299999999688112,0,not_applicable,396.25480934798884,0,0,0.8514637705484208,0.35018873594346006,709,0.7383225208526416,1.3148001493077894,0.2232291878884924,running
Pure Pursuit,64.309999999996,12.643680472157278,-37.02643797556907,4.432590971478631,-2.8673516604056273,1.7179087013751637,-0.07149062239953731,4.538132150345582,0.07680675164120367,0.013548346816434798,0.07699999999744023,0,not_applicable,396.654608691922,0,0,0.8194331131138072,0.3398928737781641,693,0.6686283595922151,1.3749297580412383,0.2104061992652272,running
Pure Pursuit,64.40999999999605,12.214467111271084,-37.13816606703011,4.439499920922216,-2.958880683637175,0.17915471210308453,-0.08507692636041772,4.45050644268894,0.09760286054905203,0.03475079888180144,0.0838999999999146,0,not_applicable,397.2543235956082,0,0,0.7965223211934654,0.3162700593062996,711,0.7470342910101948,1.2536026819735309,0.22502164647011186,running
Pure Pursuit,64.5099999999961,11.776654856183756,-37.2134867773324,4.447622819187075,-3.05138027199281,0.2106333983141706,-0.0909353761206796,4.460563260753633,0.08157584783287605,0.024670573267243423,0.1335000000004527,0,not_applicable,397.65405954218977,0,0,0.7774132635871428,0.30921258837758975,713,0.755746061167748,1.2250350343883496,0.22600293112750477,running
Pure Pursuit,64.60999999999615,11.347108310274669,-37.24714514925832,4.240428622902925,-3.1571342648941534,-2.3579005990104562,-0.09506893640589517,4.211832759286029,0.08832570155726902,0.0033930455435675633,0.08790000000047371,0,not_applicable,398.05381174275595,0,0,0.7764137876802615,0.3340526704206412,680,0.6120018535681186,1.417788343814585,0.20171054956370096,running
Pure Pursuit,64.7099999999962,10.9290015163938,-37.23704098476216,4.155421752092919,-3.2547193137311057,-0.9673907628572476,-0.08528370739258721,4.143689546617201,0.09407083098981932,0.031998843710656644,0.07460000000136802,0,not_applicable,398.4536031852586,0,0,0.7728835117602414,0.3576269402855722,687,0.6424930491195551,1.4203290167864866,0.20621919386478796,running
Pure Pursuit,64.80999999999625,10.517425452015939,-37.185971601161405,4.145562472436198,-3.3438079037221105,-0.1122000607416318,-0.06914573332601429,4.144201746018756,0.08810976457653857,0.06089171519543113,0.08160000000145828,0,not_applicable,398.85343228309875,0,0,0.7318930357041774,0.36760947734146726,702,0.7078313253012047,1.3779109034841681,0.21730154451353453,running
Pure Pursuit,64.9099999999963,10.110767883981392,-37.099482212846304,4.169409973048752,-3.412422122880652,0.6183852033520054,-0.04800895930111779,4.207400992771398,0.07160388230124003,0.07669317289880118,0.09820000000004825,0,not_applicable,399.25329268522574,0,0,0.7728940153717837,0.3970527256010617,713,0.755746061167748,1.4239010178928433,0.22600293112750477,running
Pure Pursuit,65.00999999999635,9.707827999527064,-36.987967990792455,4.191252129160246,-3.449718573838958,0.5663849796293352,-0.027534898459368618,4.226048471011685,0.055847816522484064,0.06541150533687246,0.07330000000038694,0,not_applicable,399.6531707181013,0,0,0.8443726651392467,0.39459749797295857,714,0.7601019462465248,1.417377969721174,0.22496523842325897,running
Pure Pursuit,65.1099999999964,9.306902655231076,-36.86220858445519,4.2111241638771135,-3.466849965520237,0.5152981198767304,-0.02487377905360349,4.242781941147919,0.05580304383126133,0.036409516571999756,0.10160000000070113,0,not_applicable,400.05304902142524,0,0,0.8467530147324736,0.37514612278803616,727,0.8167284522706209,1.289079742338789,0.2126462795560751,running
Pure Pursuit,65.20999999999646,8.902531767217797,-36.72363102542698,4.328962175958977,-3.496594038353979,3.055636070535517,-0.03297821037314889,4.516687770930665,0.07508960520277541,0.02233049705892798,0.0745999999978153,0,not_applicable,400.45291940227037,0,0,0.8008280886691804,0.3639312778467472,727,0.8167284522706209,1.2618513235524969,0.2126462795560751,running
Pure Pursuit,65.3099999999965,8.48999254787984,-36.564543237338654,4.500935149336676,-3.5453235414561846,4.459399911168562,-0.037518579896700946,4.774902167075833,0.09585377542836193,0.008709522841674033,0.07860000000192713,0,not_applicable,401.0527335569347,0,0,0.8253046428713742,0.36949246106688693,730,0.8297961075069509,1.2898029767355854,0.21008581223244965,running
Pure Pursuit,65.40999999999656,8.065435567186405,-36.37902177105071,4.746596225812071,-3.5927449655743353,6.370192717468122,-0.033670551647305376,5.137954421083488,0.040304560114911715,0.017746270101521855,0.07830000000197401,0,not_applicable,401.4525984139217,0,0,0.8408209682203531,0.3577872215939797,723,0.7993049119555145,1.3389804496527924,0.21621722807816315,running
Pure Pursuit,65.50999999999661,7.6270887263107605,-36.16559333404494,4.98560089436259,-3.6264692779871526,6.197586613579329,-0.030544400016751554,5.3663548871700035,0.06431060059676807,0.014974138373238244,0.07789999999729957,0,not_applicable,401.8524637174785,0,0,0.8035506679551789,0.32941652837415997,710,0.742678405931418,1.3759664604596293,0.2241197071405647,running
Pure Pursuit,65.60999999999666,7.174514040271048,-35.92826059803166,5.216917424030465,-3.6550586212688736,5.998226881774205,-0.033175360104416594,5.5854235825400105,0.047783728899352174,0.007457168977622608,0.08259999999893353,0,not_applicable,402.4522522615737,0,0,0.8508571929366665,0.3129940378211575,732,0.8385078776645041,1.2517163563692681,0.20843240730709414,running
Pure Pursuit,65.70999999999671,6.709477540775609,-35.66202356993413,5.479874632857003,-3.704615012205931,6.818695581350358,-0.044846802944489915,5.898786982165501,0.10849597726359113,0.007357167409370202,0.0821000000001959,0,not_applicable,403.0520721789388,0,0,0.7694519801871953,0.30288317454492364,721,0.7905931417979613,1.329564806563493,0.21807316453493353,running
Pure Pursuit,65.80999999999676,6.233800480129696,-35.36169455272014,5.7504690583375915,-3.754261384499034,7.0167348581026,-0.04367282040368927,6.181548118667263,0.08497505700935824,0.010145712229593595,0.07910000000066475,0,not_applicable,403.45194649576246,0,0,0.8395473781440955,0.270512500247279,715,0.7644578313253012,1.2938565685127617,0.2239412608755995,running
Pure Pursuit,65.90999999999681,5.759662547347267,-35.03032306004669,5.8147441893128935,-3.812608159928522,1.6667067372970212,-0.045007819410164185,5.917139732067294,0.07991934853791863,0.02122901969685964,0.0953000000016857,0,not_applicable,404.05175758059056,0,0,0.8257319530098376,0.257212553818712,720,0.7862372567191844,1.264018017060821,0.21901940157552577,running
Pure Pursuit,66.00999999999686,5.313149186519448,-34.67987078441995,5.6069614160101775,-3.891703172601005,-2.3645986925359086,-0.04179949653952955,5.578284320059303,0.07489109713644582,0.05237686262939745,0.07970000000057098,0,not_applicable,404.6515921331332,0,0,0.8272480760681825,0.2793668917773154,753,0.9299814643188138,1.1645348985631,0.1933611363769019,running
Pure Pursuit,66.10999999999692,4.91306396287242,-34.319393697903976,5.273843043261809,-3.9697025068235736,-3.7909363521339845,-0.03143947371046516,5.227867780796779,0.09248670970862136,0.08276123923784562,0.07929999999944926,0,not_applicable,405.25142897341215,0,0,0.7694822981608602,0.30228542212908277,700,0.6991195551436515,1.512995575809803,0.2157016455530536,running
Pure Pursuit,66.20999999999697,4.543000535461955,-33.940493062213335,5.316647231394327,-3.9935672137716223,1.1099476214589288,-0.007726549412313915,5.3848378054077015,0.0814708772141102,0.07547216135064616,0.08120000000033656,0,not_applicable,405.6513150251224,0,0,0.827973498004625,0.3069631776327169,719,0.781881371640408,1.368714653454441,0.21997807798827246,running
Pure Pursuit,66.30999999999702,4.182907260178141,-33.541292544085834,5.427151956820531,-4.007579805405641,2.8654779473227343,-0.008209007926067642,5.603195026126601,0.029498650066872252,0.04373772525151365,0.0799000000029082,0,not_applicable,406.251126565447,0,0,0.8423237599125417,0.3019768100453949,708,0.7339666357738648,1.4144742036597333,0.22234991952811328,running
Pure Pursuit,66.40999999999707,3.8223750169278694,-33.12213627444179,5.615528894608772,-4.022661737465086,4.884768130362671,-0.014517797044325839,5.915628769856798,0.05148183262045127,0.013050486120519622,0.1201000000001784,0,not_applicable,406.8509508796639,0,0,0.8348730439558851,0.28930460744312786,716,0.768813716404078,1.3514181803710001,0.22293077345441878,running
Pure Pursuit,66.50999999999712,3.455957383233471,-32.680337059799164,5.845697731742173,-4.038684308497386,5.968466275291906,-0.023589442227434566,6.212375522137963,0.07791580034248809,0.014024778535703497,0.07570000000001187,0,not_applicable,407.45075569810376,0,0,0.8337927292048832,0.2834691777336875,730,0.8297961075069509,1.2846123425066143,0.21008581223244965,running
Pure Pursuit,66.60999999999717,3.083170925200335,-32.2126429253457,6.096315721858714,-4.06984082673547,6.498729544021948,-0.03780713753842049,6.495570686144368,0.08794965941170196,0.025545915377694683,0.0762999999999181,0,not_applicable,408.0505818621295,0,0,0.8347907499518318,0.25465270152495273,717,0.7731696014828544,1.287341723713421,0.22193355627601147,running
Pure Pursuit,66.70999999999722,2.713001950450012,-31.71463765613885,6.2985698125219765,-4.126242202849792,5.244614058956518,-0.04926324267186155,6.620777127754366,0.08864211421686266,0.009378247004464768,0.07950000000178647,0,not_applicable,408.6503981029877,0,0,0.8337091550788422,0.24073624405711394,705,0.7208989805375348,1.3222607856069484,0.2197779812188762,running
Pure Pursuit,66.80999999999727,2.3620247593366863,-31.193268797027855,6.279180036970782,-4.1946702833658485,-0.22065851363973543,-0.05167827185153958,6.276503961158003,0.09206821722137033,0.019316842143295432,0.07759999999734646,0,not_applicable,409.2502329119526,0,0,0.7690088130943835,0.22987197617087732,725,0.8080166821130677,1.214787066077423,0.2144087504700342,running
Pure Pursuit,66.90999999999732,2.053521218198625,-30.668145622786827,5.996111485205764,-4.289117630841315,-3.2213619866668974,-0.045990043746676944,5.9570438383040925,0.09755669300659346,0.07554952866228959,0.07779999999968368,0,not_applicable,409.8500703339908,0,0,0.7613156075863025,0.2498123773050095,734,0.8472196478220577,1.2453536687123672,0.20682039817249392,running
Pure Pursuit,67.00999999999738,1.7928899095613653,-30.134703881407436,5.9089629423129555,-4.355744586818378,-0.9917633079260302,-0.019020989024599113,5.896935154413161,0.08467795128799822,0.10567277290530885,0.07929999999944926,0,not_applicable,410.4499054323305,0,0,0.7579222927490729,0.2784338146548558,378,-0.7034754402224281,1.4896704023842537,0.216496585417684,running
Pure Pursuit,67.10999999999743,1.5622259038033306,-29.58526022716347,6.002154669758287,-4.353285395406635,2.4165377438618396,0.005242022827080244,6.1506167166991395,0.0648965706849837,0.06717030114016254,0.07689999999982433,0,not_applicable,411.04974102520526,0,0,0.8433537629329955,0.2824125994381271,715,0.7644578313253012,1.4283857098163981,0.2239412608755995,running
Pure Pursuit,67.20999999999748,1.3376672763719017,-29.018895220293086,6.169673255420568,-4.343188836069585,4.343893993044947,-0.001869394215905448,6.436544069062782,0.04497689323626283,0.022871951688071768,0.0800000000005241,0,not_applicable,411.649564265452,0,0,0.8059399637677448,0.28136023225119267,690,0.6555607043558851,1.5469705217164855,0.2082738731989199,running
Pure Pursuit,67.30999999999753,1.1121911049977034,-28.43252966804359,6.37815886907494,-4.360056401874472,5.406202548863979,-0.01664122628598232,6.710293510306966,0.022501351912255767,0.005632518015979748,0.08100000000155205,0,not_applicable,412.24939666157746,0,0,0.8466546682554328,0.2630069631082154,730,0.8297961075069509,1.3054285764876845,0.21008581223244965,running
Pure Pursuit,67.40999999999758,0.886955460298722,-27.822583521948314,6.607673327375002,-4.3789985750017175,5.9514976967185,-0.023783969181355277,6.97330863874679,0.049830738422092215,0.007986776243173566,0.08220000000136451,0,not_applicable,412.8492179866215,0,0,0.8461276829004537,0.2411400360283499,723,0.7993049119555145,1.288539313679701,0.21621722807816315,running
Pure Pursuit,67.50999999999763,0.6654914785112369,-27.18638662464616,6.846416213677464,-4.4119578018044825,6.190798385692107,-0.03255361488036108,7.226753165944213,0.10041967406692538,0.017312072088665253,0.07949999999823376,0,not_applicable,413.6489910185913,0,0,0.7562878244907423,0.23551420714635696,718,0.7775254865616312,1.3299785407009963,0.22094939445953415,running
Pure Pursuit,67.60999999999768,0.45826752037755236,-26.520638568062065,7.080815256776565,-4.4696336272344395,6.078158977215686,-0.04264255585988174,7.454232111399032,0.07152303898887473,0.010135564364635918,0.07169999999945276,0,not_applicable,414.24882809221975,0,0,0.7656016786293652,0.22534290271322846,751,0.9212696941612606,1.1277279358583712,0.19463310273330892,running
Pure Pursuit,67.70999999999773,0.27888304449123985,-25.83478654204392,7.097888685449017,-4.538984422506617,0.44272797527352026,-0.03488513855277685,7.125088054303917,0.12104526866991645,0.04222320965215154,0.07590000000234909,0,not_applicable,415.0486128348986,0,0,0.7369136988463373,0.21797003983088833,744,0.8907784986098242,1.1698452030128133,0.19934114321212792,running
Pure Pursuit,67.80999999999779,0.14173250678453195,-25.15367413444626,6.872897730074721,-4.617656218004406,-2.5604303497065217,-0.0245317144702212,6.841845650478365,0.08235814853021631,0.09454434289000258,0.1165999999983569,0,not_applicable,415.6484543645506,0,0,0.7780275047803429,0.23852265106120124,354,-0.8080166821130677,1.384164273285987,0.2144087504700342,running
Pure Pursuit,67.90999999999784,0.04244060654867277,-24.46886355714849,6.960475106929246,-4.621183768429075,2.270953039276158,0.003937015024761153,7.0999930340023365,0.11366507605942888,0.07418012953882602,0.11199999999789156,0,not_applicable,416.2482903944067,0,0,0.7975269562730665,0.24729464942749596,342,-0.8602873030583875,1.313010132449493,0.20447740104668094,running
Pure Pursuit,68.00999999999789,-0.04360997764553332,-23.77000169842184,7.11033572294491,-4.585868623162792,3.88600839202903,0.00016362446276039285,7.349075946132149,0.04206026986518605,0.009156140333829832,0.07700000000099294,0,not_applicable,417.0480729305352,0,0,0.7984013941004047,0.2332032723969576,753,0.9299814643188138,1.16379270612947,0.1933611363769019,running
Pure Pursuit,68.10999999999794,-0.13426472869304218,-23.053050695614427,7.325630293884143,-4.578349778259962,5.582764382475913,-0.025318089826970737,7.6686121611925016,0.09044262278384783,0.025072306879166284,0.09130000000112659,0,not_applicable,417.8478564947043,0,0,0.8047592977938752,0.21054383090619405,725,0.8080166821130677,1.2487620883307193,0.2144087504700342,running
Pure Pursuit,68.20999999999799,-0.22513233986132086,-22.312518633180925,7.576191753704034,-4.6175670856612285,6.497263667175659,-0.03929052534324224,7.975356660601709,0.08947831736245954,0.004122275369398132,0.08100000000155205,0,not_applicable,418.4476969720462,0,0,0.7820760166737061,0.21127144384751265,716,0.768813716404078,1.3353159234569252,0.22293077345441878,running
Pure Pursuit,68.30999999999804,-0.2973123611297537,-21.549528460265545,7.739629807499049,-4.685657288788083,4.23808246295966,-0.03408578875875844,8.0,0.07894479995252371,0.042434074548112655,0.13450000000148066,0,not_applicable,419.24748408710883,0,0,0.7778434611405584,0.214980327428676,757,0.9474050046339202,1.1417501521638578,0.19090943400131305,running
Pure Pursuit,68.40999999999809,-0.33634867560240145,-20.771186060171818,7.840039362764925,-4.737676549468404,2.6037019250095117,-0.013110325955901853,8.0,0.06614415254526877,0.07576808383057987,0.12639999999919382,0,not_applicable,420.0472737661173,0,0,0.7823892472624361,0.215747945812006,366,-0.755746061167748,1.4412234204080063,0.22600293112750477,running
Pure Pursuit,68.50999999999814,-0.34680196402210306,-19.98394083633622,7.901726825106687,-4.735110773546493,1.5996063723507525,0.006975133172150194,8.0,0.04303453289744773,0.0573832606016218,0.08049999999926172,0,not_applicable,420.8470643464726,0,0,0.865669535397768,0.21151221726354413,363,-0.7688137164040778,1.4147848497967475,0.22293077345441883,running
Pure Pursuit,68.6099999999982,-0.34791384654997,-19.191722609018317,7.939625041069205,-4.701085029495772,0.98273174893313,0.006596049516337959,8.0,0.025177342124913665,0.010469340208426381,0.07250000000169621,0,not_applicable,421.6468546270645,0,0,0.8655920074354683,0.20898493822496694,730,0.8297961075069509,1.3247848625469194,0.21008581223244965,running
Pure Pursuit,68.70999999999825,-0.3537084788763336,-18.396525059742086,7.962908131645768,-4.691561339160552,0.603749589307947,-0.008185710488278259,8.0,0.022553668125937065,0.008996952945322434,0.0819999999990273,0,not_applicable,422.4466452004257,0,0,0.8646425155309756,0.20608520810844913,725,0.8080166821130677,1.3449413929317693,0.2144087504700342,running
Pure Pursuit,68.8099999999983,-0.3604000792854609,-17.599490870330076,7.977212295919162,-4.717870634221254,0.3709186835423228,-0.014149389232990672,8.0,0.02490367326042015,0.01031959161229512,0.08129999999795245,0,not_applicable,423.2464362535546,0,0,0.8708934273864546,0.2082106277826339,714,0.7601019462465248,1.4265994238959687,0.22496523842325897,running
Pure Pursuit,68.90999999999835,-0.35796944296709693,-16.80130845153384,7.986000180624049,-4.7480047207859455,0.2278770408083819,-0.00251872532795235,8.0,0.024050117613882968,0.036411932613433784,0.07950000000178647,0,not_applicable,424.0462276684094,0,0,0.8740558297430592,0.20503881306711608,364,-0.7644578313253012,1.4044757214144912,0.2239412608755995,running
Pure Pursuit,69.0099999999984,-0.3423000455875239,-16.00257540514241,7.991399092165494,-4.752966209531737,0.13999819375951184,0.014807644220364347,8.0,0.023594397475055807,0.040281398450295214,0.09030000000009863,0,not_applicable,424.84601922238295,0,0,0.864086461217181,0.2018196536305081,369,-0.742678405931418,1.411417879091822,0.2241197071405647,running
Pure Pursuit,69.10999999999845,-0.32292386706454895,-15.203491842991962,7.994715959285536,-4.724262285573509,0.08600907834505733,0.02501701077868262,8.0,0.034666291810428955,0.013515805634403577,0.07360000000034006,0,not_applicable,425.64581078081085,0,0,0.8727470879102942,0.20608332129081844,366,-0.755746061167748,1.4245466777829396,0.22600293112750477,running
Pure Pursuit,69.2099999999985,-0.3120986527716697,-14.40399308602217,7.996753704747295,-4.693021227002362,0.05284040714464311,0.02039337964794724,8.0,0.04597039058451361,0.012817227939605047,0.07310000000160244,0,not_applicable,426.4456022102463,0,0,0.8703367263633758,0.21124202729201355,361,-0.7775254865616312,1.4244897320046026,0.22094939445953415,running
Pure Pursuit,69.30999999999855,-0.3175167703287607,-13.604286116987401,7.998005610963805,-4.664749776090165,0.03246295252704812,0.013119196998190351,8.0,0.048268219723301815,0.0337910917084141,0.08040000000164582,0,not_applicable,427.24539325979924,0,0,0.8657090504896479,0.22059704818355108,354,-0.8080166821130677,1.433257201028551,0.2144087504700342,running
Pure Pursuit,69.4099999999986,-0.3421950528922734,-12.804845544606186,7.998774730171452,-4.638527597730116,0.019943890361950878,0.0021922971404258577,8.0,0.039046905423723965,0.05467801120385385,0.09109999999878937,0,not_applicable,428.0451844424882,0,0,0.872873623821985,0.21679741258135962,721,0.7905931417979613,1.4377727871488017,0.21807316453493353,running
Pure Pursuit,69.50999999999866,-0.3840633588021645,-12.00604622025787,7.99924724508333,-4.636032123143957,0.012252698285477592,-0.015434882610125338,8.0,0.0255277806089843,0.05534682803474755,0.08049999999926172,0,not_applicable,428.844975934577,0,0,0.8786288844895145,0.20542555483733574,712,0.7513901760889712,1.426653536898542,0.22593517874601313,running
Pure Pursuit,69.6099999999987,-0.4307845119874149,-11.207471856354307,7.99953753862915,-4.665814337070837,0.007527549166699288,-0.028401715189108313,8.0,0.03621401356609933,0.02724628112236438,0.0876000000005206,0,not_applicable,429.6447674839207,0,0,0.8674072330353146,0.1999719330020712,725,0.8080166821130677,1.3196433131003331,0.2144087504700342,running
Pure Pursuit,69.70999999999876,-0.4691557653783872,-10.408438875967661,7.999715882932424,-4.697470275457879,0.004624613708497094,-0.027906092862081483,8.0,0.05648364171057196,0.0007430318638474986,0.11789999999933798,0,not_applicable,430.44455895928553,0,0,0.8693942445047876,0.19949449124795046,721,0.7905931417979613,1.340641735036839,0.21807316453493353,running
Pure Pursuit,69.80999999999881,-0.49123370156905377,-9.608783922746433,7.99982545026855,-4.725888101544153,0.0028411706757580646,-0.025184803275866807,8.0,0.06878034355682972,0.020654648931406783,0.08680000000182986,0,not_applicable,431.2443503044833,0,0,0.7786483503500916,0.20208927841719235,724,0.8036607970342913,1.3373897634343073,0.2153071491827237,running
Pure Pursuit,69.90999999999886,-0.4939608417063723,-8.808823270532125,7.999892763891274,-4.7521577047873995,0.001745497314500355,-0.01945105620510247,8.0,0.06853489272013503,0.04010827217715551,0.08500000000211116,0,not_applicable,432.04414147344465,0,0,0.7787792373638142,0.20583473942296027,746,0.8994902687673774,1.2221804824693714,0.19795406078248534,running
Pure Pursuit,70.00999999999891,-0.4765352063817689,-8.009043029548563,7.99993411858661,-4.777566806353526,0.0010723610872620526,-0.008689818319027537,8.0,0.05499613551160305,0.05903474088021099,0.0801000000016927,0,not_applicable,432.84393257903497,0,0,0.8647846002115216,0.21085076144169507,365,-0.7601019462465246,1.447488173428451,0.22496523842325905,running
Pure Pursuit,70.10999999999896,-0.4417596821361067,-7.20981165579774,7.999959525194622,-4.779834075853549,0.0006588141338959019,0.008274179019601455,8.0,0.03418821149970248,0.055154175333323785,0.09650000000149817,0,not_applicable,433.6437237162638,0,0,0.8681266370994546,0.20039663700687654,357,-0.7949490268767376,1.3398659557953538,0.21713917065507293,running
Pure Pursuit,70.20999999999901,-0.40214002041892327,-6.410797025105034,7.999975133959852,-4.7500068321119375,0.00040474805378387657,0.018099376627575197,8.0,0.02855915860473583,0.018861566844222466,0.08929999999907068,0,not_applicable,434.4435148653851,0,0,0.8694249840073583,0.22031182616707037,368,-0.7470342910101946,1.5181700717727915,0.22502164647011183,running
Pure Pursuit,70.30999999999906,-0.37089857089297523,-5.611418881390271,7.999984723337224,-4.718344526704525,0.0002486604014784177,0.009762591466238497,8.0,0.03404846142219598,0.021395830500966717,0.0876000000005206,0,not_applicable,435.24330598449916,0,0,0.8451861830879042,0.2063287733644937,712,0.7513901760889712,1.4321138637727089,0.22593517874601313,running
Pure Pursuit,70.40999999999912,-0.353086889881837,-4.811623582726724,7.999990614652587,-4.712829921208427,0.00015276662775676186,-0.007099579120114533,8.0,0.02967416492486191,0.03810941844328575,0.07480000000015252,0,not_applicable,436.0430973499585,0,0,0.8720155644807022,0.20762156911518573,714,0.7601019462465248,1.428778997579092,0.22496523842325897,running
Pure Pursuit,70.50999999999917,-0.3392900959888584,-4.01174382075428,7.999994234032175,-4.741527260757313,9.385347413015666e-05,-0.02047827597283359,8.0,0.028928934972458905,0.02282993640823161,0.08629999999953952,0,not_applicable,436.84288789647104,0,0,0.8704839578889159,0.19593284039892903,719,0.781881371640408,1.3322313155957226,0.21997807798827246,running
Pure Pursuit,70.60999999999922,-0.31711206155668814,-3.212061228147966,7.999996457628737,-4.772931811107366,5.765967824977736e-05,-0.022546533744767026,8.0,0.04449746003139816,0.00685634826174919,0.0801999999993086,0,not_applicable,437.642677166341,0,0,0.8032089691057956,0.20798688953911598,726,0.8123725671918445,1.3579116060055678,0.2135218524542555,running
Pure Pursuit,70.70999999999927,-0.2787317628375157,-2.4130003969794824,7.999997823714154,-4.801341546035365,3.542371262987842e-05,-0.02416436824682234,8.0,0.062355980763326234,0.00809353230981813,0.08120000000033656,0,not_applicable,438.44246651492915,0,0,0.861182167278531,0.19940558700694153,738,0.8646431881371641,1.2388882336795193,0.2037158366078793,running
Pure Pursuit,70.80999999999932,-0.2210867625124435,-1.6151009810529124,7.999998662980323,-4.827639351487763,2.176285845756354e-05,-0.023634612636663204,8.0,0.07229976413236011,0.024845077070284383,0.0935999999995829,0,not_applicable,439.24225691254577,0,0,0.7793161900112457,0.1936279745349285,738,0.8646431881371641,1.2088951386274953,0.2037158366078793,running
Pure Pursuit,70.90999999999937,-0.14337851395069182,-0.8189056816862631,7.999999178590616,-4.853066660900239,1.337019677194462e-05,-0.01782043193233164,8.0,0.06952716626623161,0.04463810628713194,0.08169999999907418,0,not_applicable,440.04204809832106,0,0,0.7797694490289736,0.19704463411831155,732,0.8385078776645041,1.2623422938705142,0.20843240730709414,running
Pure Pursuit,71.00999999999942,-0.045552238183060714,-0.02493107090538875,7.999999495360175,-4.878245904985104,8.21409384066385e-06,-0.004371611841802559,8.0,0.05192845751585364,0.06801417686137867,0.08379999999874599,0,not_applicable,440.84183962108176,0,0,0.7889660098123045,0.2008413398550021,357,-0.7949490268767376,1.3423665646815666,0.21713917065507293,running
Pure Pursuit,71.10999999999947,0.06943443429333758,0.7667548322773295,7.999999689970242,-4.880483525522544,5.046398250385664e-06,0.017825851184707205,8.0,0.030472835399945063,0.07038390337849432,0.08480000000332666,0,not_applicable,441.64163118491865,0,0,0.8673965269582287,0.19476384143193445,362,-0.7731696014828544,1.3370742647961262,0.22193355627601147,running
Pure Pursuit,71.20999999999952,0.18708116717553,1.5580515388497478,7.999999809530587,-4.832527927533091,3.100297583102929e-06,0.03530736835766762,8.0,0.045957013297274654,0.02260083954876624,0.08490000000094255,0,not_applicable,442.4414227486916,0,0,0.8730386183912708,0.19946235666138581,374,-0.7208989805375348,1.4184871012481781,0.2197779812188762,running
Pure Pursuit,71.30999999999958,0.284691732148741,2.352034633743207,7.9999998829835,-4.765239416274028,1.9046941268641149e-06,0.027063815099249714,8.0,0.06222163532111773,0.04455090359467384,0.08340000000117698,0,not_applicable,443.2412143125143,0,0,0.8657983379247765,0.2105157771222957,731,0.8341519925857277,1.3406600404732378,0.20925385860619153,running
Pure Pursuit,71.40999999999963,0.35555044661846696,3.14886555074028,7.99999992810992,-4.7564350181863855,1.1701649960116356e-06,-0.0003050482122588663,8.0,0.056226928994732105,0.05325447985658549,0.07669999999748711,0,not_applicable,444.0410058764214,0,0,0.8580274316979806,0.20561764722980705,717,0.7731696014828544,1.3992189201309586,0.22193355627601147,running
Pure Pursuit,71.50999999999968,0.41389935800905236,3.94673407625345,7.999999955833719,-4.788319557124589,7.189007966701411e-07,-0.007998929417817298,8.0,0.041354622274352486,0.02130491993976591,0.07929999999944926,0,not_applicable,444.8407974403978,0,0,0.8167049496480729,0.2107330531881178,338,-0.8777108433734939,1.278609606755347,0.20148754432673713,running
Pure Pursuit,71.60999999999973,0.47434554533766043,4.744446697816644,7.999999972866069,-4.799118576351271,4.4166281298885224e-07,0.0006687008642809509,8.0,0.03239667503438671,0.010477047203041323,0.08370000000113009,0,not_applicable,445.64058900440733,0,0,0.8506932107521499,0.20908474351595263,345,-0.8472196478220575,1.314249304922012,0.20682039817249398,running
Pure Pursuit,71.62999999999974,0.4866917850217899,4.903969641625626,7.9999999753851565,-4.7953315260158424,2.71339306578966e-07,-0.0010657092358381552,8.0,0.07101522348733807,0.014263352824184672,0.08009999999813999,0,not_applicable,445.840536895411,1,0,0.826705183988195,0.20731913055118817,340,-0.8689990732159407,1.273711109028617,0.20296376061118726,lap_complete
