controller,time_s,x_m,y_m,speed_mps,yaw_rad,accel_command_mps2,steer_command_rad,speed_command_mps,cross_track_error_m,heading_error_rad,controller_update_ms,controller_iterations,controller_status,progress_m,lap_count,collision,minimum_clearance_m,minimum_ttc_s,critical_beam_index,critical_beam_angle_rad,critical_scan_range_m,critical_side_distance_m,termination_reason
MPC,0.10999999999999999,-0.15468177081055906,-0.14824840573369022,0.28888366911569724,3.9064129078869554,7.999999999955618,0.0010674699578754232,0.7999999999955618,0.014290754716785635,0.0006784020779875277,0.5650000000003708,2,optimal,0.0,0,0,1.0036191251214535,nan,911,1.6182113067655237,1.1587935224582913,0.15517439733683772,running
MPC,0.21000000000000005,-0.18765315020192364,-0.17967402240838462,0.5973968804058389,3.9049282055530163,8.0,-0.00020474431640465435,1.0888836691156973,0.059839372120384246,0.0008063002559506316,0.4480999999998403,2,optimal,0.0,0,0,1.0035298597699316,7.027108816419448,355,-0.803660797034291,1.624293115335099,0.21530714918272373,running
MPC,0.3100000000000001,-0.24433877682234767,-0.23088199383646593,0.9059100916959805,3.892810200529205,8.0,-0.09200759078008543,1.397396880405839,0.06380895508908481,0.01297521935627266,0.7835999999996623,3,optimal,0.19996152729069755,0,0,1.0192044054345164,3.3403726319953813,361,-0.7775254865616312,1.6430658197200732,0.22094939445953415,running
MPC,0.4100000000000002,-0.3232234752764248,-0.30347152702926167,1.214423302986122,3.896421540917716,8.0,0.2221516745788939,1.7059100916959804,0.0436512162988778,0.009363878967761252,0.8871000000003626,3,optimal,0.19996152729069755,0,0,1.0332980903146094,2.2066105090825596,346,-0.8428637627432809,1.5376050291414343,0.20762130414308752,running
MPC,0.5100000000000002,-0.41597397585559925,-0.4057778976461084,1.5229365142762639,3.9407649329227463,8.0,-0.09200759078008541,2.0144233029861223,0.019481649579847958,0.034918223369249546,0.9270000000003442,3,optimal,0.39992305437013026,0,0,1.043725618279521,1.6495013705254764,695,0.6773401297497683,1.7728454278549484,0.21187243445594103,running
MPC,0.6100000000000003,-0.5392348243888925,-0.5212253915982704,1.8314497255664055,3.8948338919594927,8.0,-0.13566492001314717,2.3229365142762637,0.04998629923219351,0.01106588199639802,0.9664999999996482,3,optimal,0.5998845816608278,0,0,1.048239046794647,1.3166775302022549,361,-0.7775254865616312,1.649970058964982,0.22094939445953415,running
MPC,0.7100000000000004,-0.6922198180642792,-0.6497295777151493,2.139962936856547,3.858069686370406,8.0,0.17849434534583214,2.6314497255664056,0.051454301017511354,0.047894628145563445,0.967499999999788,3,optimal,0.7998461085784672,0,0,1.0370994060480452,1.0249854037613033,351,-0.8210843373493977,1.4909647911273418,0.21178185999974475,running
MPC,0.8100000000000005,-0.8575532347061201,-0.8105131073065851,2.448476148146688,3.9152389531847787,8.0,-0.13566492001314717,2.9399629368565474,0.02150313018235511,0.00921934997569629,0.8590000000001652,3,optimal,0.9998076358691644,0,0,1.0498313442984606,0.9334016336765802,717,0.7731696014828544,1.6515060622409339,0.22193355627601147,running
MPC,0.9100000000000006,-1.0481962256309658,-0.9894994855387843,2.756989359436829,3.894663597451964,8.0,0.17849434534583214,3.248476148146688,0.043139179789903594,0.011423947431906,0.859499999999791,3,optimal,1.1997691626984577,0,0,1.0007080025024315,0.7991854303864668,356,-0.7993049119555145,1.5804988609695254,0.21621722807816315,running
MPC,1.0100000000000007,-1.2494766498462109,-1.2014234655084501,3.06550257072697,3.979584213412343,8.0,0.09879408843696688,3.5569893594368294,0.06632201938662453,0.07336788690819418,0.8767000000000635,3,optimal,1.5996922168357823,0,0,1.010369627581573,0.6823797147214182,717,0.7731696014828544,1.5683908297339682,0.22193355627601147,running
MPC,1.1100000000000008,-1.4566406402396563,-1.4494920082526077,3.374015782017111,4.030305164898262,8.0,-0.21536517692201243,3.86550257072697,0.06691636841704288,0.12402913515619751,0.8259999999995493,3,optimal,1.79965374412648,0,0,0.9884861298570967,0.5739751943542752,703,0.7121872103799816,1.549959662904119,0.21811666573475305,running
MPC,1.2100000000000009,-1.6934371047852979,-1.7126523966831413,3.682528993307252,3.951447139204283,8.0,0.09879408843696688,4.174015782017111,0.06456829525069724,0.04503350602251999,0.8200000000000429,3,optimal,2.1995767984191548,0,0,0.9359793138017499,0.5491194187539018,733,0.8428637627432809,1.4402987746184746,0.20762130414308752,running
MPC,1.310000000000001,-1.9519251555109727,-1.9978518485242174,3.991042204597393,3.9830622406534957,8.0,-0.00675334955149487,4.482528993307252,0.09115127077285703,0.07649411926780836,0.8717000000006969,3,optimal,2.599499852963061,0,0,0.9346591254629788,0.46685814297745215,710,0.742678405931418,1.4905991358650257,0.2241197071405647,running
MPC,1.410000000000001,-2.2346195808649316,-2.30265214410822,4.299555415887536,3.9319021579386146,8.0,-0.3209126149104742,4.791042204597393,0.11513368066350932,0.025185479680981615,0.8849000000004104,3,optimal,2.999422907147121,0,0,0.9391804357154421,0.45080175762816055,716,0.768813716404078,1.5160581498432515,0.22293077345441878,running
MPC,1.5100000000000011,-2.57451966126964,-2.5916874544609305,4.608068627177678,3.719059097340516,8.0,-0.00675334955149487,5.099555415887536,0.10254181572033666,0.18781167201059468,0.8007999999999349,3,optimal,3.399345961075149,0,0,0.9783243723545667,0.43112443499883,384,-0.6773401297497683,1.656310102953084,0.21187243445594103,running
MPC,1.6100000000000012,-2.966318219682367,-2.8645415274951307,4.91658183846782,3.723897083155879,8.0,0.14726763504048646,5.408068627177678,0.07668495649257892,0.18320724361722895,0.6812999999996627,3,optimal,3.999230542177657,0,0,1.0342825611101514,0.3633960362433251,378,-0.7034754402224281,1.49350907981726,0.216496585417684,running
MPC,1.7100000000000013,-3.376236626822465,-3.165079854218839,5.225095049757963,3.8216129970805204,8.0,-0.05959049710141982,5.71658183846782,0.06111334141946702,0.0856584545163166,0.7119999999996018,3,optimal,4.399153596054035,0,0,0.9865036022458263,0.3693682926064235,377,-0.7078313253012047,1.597072963406737,0.21730154451353453,running
MPC,1.8100000000000014,-3.803681291409606,-3.4936752769370205,5.533608261048105,3.818919699268223,8.0,0.1501268923405788,6.0250950497579625,0.11902937435550043,0.0886224900995245,0.7370999999993799,3,optimal,4.999038177500656,0,0,0.8927672238181521,0.32121407493756743,348,-0.8341519925857275,1.3367957421041328,0.20925385860619156,running
MPC,1.9100000000000015,-4.231493518895886,-3.869687817254596,5.838784472402548,3.98480336244936,7.913468861271919,0.2100910799599415,6.324955147175297,0.15431497256467577,0.07697840443571025,0.69549999999996,3,optimal,5.598922758598983,0,0,0.8846507843361795,0.34154154878585835,348,-0.8341519925857275,1.4789385273207456,0.20925385860619156,running
MPC,2.010000000000001,-4.6262209504433125,-4.3197848744075875,6.1200840564067995,4.151423202008416,7.294328377780955,-0.10406818539903781,6.568217310180644,0.11297036903356447,0.243319777782121,0.8220999999997147,3,optimal,6.198807339457707,0,0,0.9322794123821134,0.29401554814428876,697,0.6860518999073215,1.5416724264941413,0.21337555590733343,running
MPC,2.109999999999999,-5.0119841796188105,-4.812558343702927,6.376438094218627,3.99444287332019,6.647469954101619,-0.24956012513108008,6.784831051816962,0.050239764567714514,0.08603013214289668,0.8531999999998874,3,optimal,6.798691919157695,0,0,1.0252823991527358,0.30601349539623013,711,0.7470342910101948,1.599129246908258,0.22502164647011186,running
MPC,2.209999999999997,-5.462201500112872,-5.280486284906121,6.603926009948157,3.728595149637854,5.898947789709778,-0.023826253710123726,6.966332873189605,0.023171863591218433,0.18012476722716464,0.7773999999995951,3,optimal,7.3985765004717345,0,0,0.980608783936276,0.27422680680477274,364,-0.7644578313253012,1.485999783948124,0.2239412608755995,running
MPC,2.3099999999999947,-5.979865812368004,-5.707169730211694,6.79980158462501,3.757254789966607,5.07921392040855,0.13810685099932563,7.111847401989012,0.07369471693114714,0.15179530380784811,0.8771000000002971,3,optimal,7.998461082092316,0,0,1.0317092384058626,0.2555334901025001,372,-0.729610750695088,1.4794195694285572,0.22148173646210823,running
MPC,2.4099999999999926,-6.509110859130293,-6.147809292844282,6.962799854670316,3.954269431720408,4.22667851049047,0.10326463969160407,7.222469435674057,0.09161536058439887,0.044766894298398086,0.7163999999999504,3,optimal,8.798307188796073,0,0,0.944385940607414,0.2928126162787326,372,-0.729610750695088,1.7056911400377361,0.22148173646210823,running
MPC,2.5099999999999905,-7.007760355585161,-6.644752593811791,7.110513388418014,4.0719890007242885,3.8303327920380372,-0.011917105674898187,7.34583313387412,0.0902704598788925,0.16212116134135002,0.706199999999324,3,optimal,9.39819176769663,0,0,0.9482752570746602,0.262159043842626,710,0.742678405931418,1.5687899152224207,0.2241197071405647,running
MPC,2.6099999999999883,-7.482288690628142,-7.182991472102083,7.231326902517723,4.0123587903959725,3.132793272469323,-0.08221719543206968,7.423792715664947,0.028381401205152187,0.10199883592007097,0.866699999999998,3,optimal,10.198037876180749,0,0,0.9971947230409418,0.25967060267687964,717,0.7731696014828544,1.5433969076014067,0.22193355627601147,running
MPC,2.709999999999986,-7.970237528853415,-7.724576749249018,7.340459321534206,3.899825249974171,2.8298929192721047,-0.0593011032356638,7.514316194444933,0.1057237512054923,0.011048881170466984,0.7367999999998709,3,optimal,10.997883983467014,0,0,0.9924617750258048,0.27844908166642446,724,0.8036607970342913,1.6128681789295807,0.2153071491827237,running
MPC,2.809999999999984,-8.492672133690856,-8.247825714535495,7.441455487026101,3.841733242294701,2.6189132081455906,-0.003046920199736371,7.602350642348766,0.06517256731565522,0.0695535244205292,0.6216999999999473,2,optimal,11.597768561213432,0,0,0.9919063940654343,0.27073629959905543,359,-0.7862372567191844,1.623093434776877,0.21901940157552577,running
MPC,2.909999999999982,-9.04380242006856,-8.753981107414818,7.518666697464148,3.8467082955839182,2.0021498623068106,0.029155491425722217,7.641670473256782,0.03234647825552199,0.06509162016164183,0.6983000000002626,3,optimal,12.3976146681975,0,0,1.0480613744596,0.26220171607370224,372,-0.729610750695088,1.675944380583566,0.22148173646210823,running
MPC,3.00999999999998,-9.606976373019123,-9.257654108140443,7.5868242823873056,3.8809631585209043,1.767381944860902,0.0306266678167086,7.695404891950239,0.05580365571513906,0.030524178373777744,0.8341000000005039,3,optimal,13.197460777145073,0,0,1.017488550188269,0.2693185705687345,356,-0.7993049119555145,1.6279995209915745,0.21621722807816315,running
MPC,3.1099999999999777,-10.170105316690213,-9.77109920180724,7.649587419971164,3.911142564388843,1.6274995115157704,0.015320934541965574,7.749574233538882,0.09668090059437254,0.0015763806215751686,0.514400000000137,2,optimal,13.997306844941972,0,0,1.0154663405165936,0.2648689099359985,362,-0.7731696014828544,1.6601438357574219,0.22193355627601147,running
MPC,3.2099999999999755,-10.728441504178384,-10.29855340591363,7.707543722756373,3.9251397862640727,1.5028543521451598,-4.138355185588226e-05,7.79987285518568,0.0803784014238529,0.018232863690567314,0.550699999999793,2,optimal,14.597191275072834,0,0,0.9980436293706755,0.26474294709921975,337,-0.8820667284522707,1.4878766098920218,0.2007631459721537,running
MPC,3.3099999999999734,-11.284391130725195,-10.835235377461535,7.74408720069671,3.91167081224391,0.947602283546181,-0.007282164393265299,7.802303951110991,0.05435618357911056,0.009662305792234704,0.4855999999997529,2,optimal,15.397037337625711,0,0,1.0484868584055316,0.2627678721892518,721,0.7905931417979613,1.642713878374792,0.21807316453493353,running
MPC,3.4099999999999713,-11.844858241896251,-11.371977281020309,7.774096320346791,3.8826258621308156,0.7781610265463292,-0.004779990449372845,7.821903303351343,0.031873169132639566,0.012827942005362303,0.5048999999996973,2,optimal,16.196883098163635,0,0,1.0067858149514979,0.2539779038240736,365,-0.7601019462465246,1.6504541562727977,0.22496523842325905,running
MPC,3.509999999999969,-12.41390735704946,-11.903829856197422,7.801728775546382,3.8771149199016066,0.7165321727141095,0.005896893252541619,7.845749537618202,0.01996114529486012,0.010126193457956845,0.5620999999997878,2,optimal,16.99672826732835,0,0,1.0429561589879717,0.2584495839644974,345,-0.8472196478220575,1.5370581876562845,0.20682039817249398,running
MPC,3.609999999999967,-12.986205365388097,-12.43614222972727,7.827970434019403,3.904542521719374,0.6804676756183661,0.0026200465935349894,7.8697755431082195,0.02006515471570234,0.027506420447920732,0.6053000000001418,2,optimal,17.79657373237189,0,0,1.0331015384060893,0.2554902866292743,718,0.7775254865616312,1.6414536102493589,0.22094939445953415,running
MPC,3.709999999999965,-13.55617093127004,-12.974680364025321,7.852963526600049,3.9116242430727546,0.6480913404292606,-0.02222288440558157,7.89277956806233,0.03219902228046788,0.04645156745833212,0.6092999999998128,2,optimal,18.59641859391805,0,0,0.9962771994517976,0.2448147634792955,733,0.8428637627432809,1.4826569535765297,0.20762130414308752,running
MPC,3.8099999999999627,-14.128854116466218,-13.513859738498478,7.876547188595765,3.867215131013518,0.6115436521397094,-0.039499664916610014,7.91411789181402,0.05871537808206169,0.015329036756703829,0.7448999999994932,3,optimal,19.396262095509734,0,0,0.9963178203629182,0.23942416975658823,707,0.729610750695088,1.6230386045173604,0.22148173646210823,running
MPC,3.9099999999999606,-14.71728549007862,-14.039159173827363,7.898301346234049,3.8033622061031083,0.5641031072170096,-0.028452896550756005,7.9329574993174665,0.08038333847374177,0.03467836131517821,0.5237999999998522,2,optimal,20.196106964331527,0,0,0.9955229799396049,0.2498636492857239,729,0.8254402224281745,1.5457346330850743,0.21092842571338707,running
MPC,4.009999999999959,-15.32603944717562,-14.544070335964612,7.918846668860484,3.774211964426439,0.5327570262685284,-0.003738901623256555,7.951577048860901,0.08860595534059437,0.050155484445154386,0.45669999999997657,2,optimal,20.99595248066228,0,0,0.9544513092661828,0.2522200327002276,727,0.8167284522706209,1.576463650923351,0.2126462795560751,running
MPC,4.109999999999957,-15.950959164096437,-15.032002351717905,7.936849872913142,3.775267872705245,0.46683781164177435,0.0051732321771322054,7.965530450024661,0.08826165583093981,0.03562308845821072,0.6175999999999959,2,optimal,21.79579611668293,0,0,0.9910089101601761,0.2501220660395441,718,0.7775254865616312,1.6324830140187685,0.22094939445953415,running
MPC,4.209999999999955,-16.58308040272624,-15.513215412927531,7.950976335570159,3.7842172600627917,0.3663107352308937,-0.0005452804639560246,7.973480946436232,0.0886853516333152,0.013388309944410537,0.46790000000029863,2,optimal,22.595640153319863,0,0,0.9445232477474717,0.25552789728918995,721,0.7905931417979613,1.6446776234291207,0.21807316453493353,running
MPC,4.3099999999999525,-17.22042107965093,-15.989345153605571,7.959464476722837,3.7617805310454226,0.22010444524386785,-0.011014563563434273,7.972986780094546,0.09047660761602662,0.022124260576660504,0.5219000000002971,2,optimal,23.395485501249045,0,0,1.0004130250086354,0.25282357873669725,740,0.8733549582947173,1.493285674438346,0.20222103997141733,running
MPC,4.40999999999995,-17.86518271970443,-16.456039099083483,7.959566099336743,3.7336785340106116,0.0026351575281177058,-0.00530462461290483,7.959727992475648,0.09215418222661995,0.03731983389835136,0.5860000000001975,2,optimal,24.19532930525479,0,0,1.0012352853240922,0.2548341743562545,378,-0.7034754402224281,1.7633086093576456,0.216496585417684,running
MPC,4.509999999999948,-18.516557780477015,-16.910279861174477,7.931890205576034,3.7284074746332654,-0.31495576443189727,0.0034248828059293625,7.928070522893553,0.09613109955342311,0.029854870149907953,0.6083999999995093,2,optimal,24.995173616181464,0,0,1.0202256451357163,0.2520714142586473,352,-0.8167284522706209,1.5862325221231885,0.2126462795560751,running
MPC,4.609999999999946,-19.166113167318663,-17.35826054353054,7.869484197736128,3.7566934937480765,-0.7101895994507734,0.0008889041115573382,7.860871245630956,0.09332955175840249,0.008146813728881597,0.623200000000157,2,optimal,25.595058163925433,0,0,1.0136182013999968,0.2521502782990127,702,0.7078313253012047,1.7368704773026444,0.21730154451353453,running
MPC,4.709999999999944,-19.803594770961382,-17.804327196318585,7.7351033096664645,3.767310921093577,-1.5292743819931758,-0.019334160435668313,7.71655675953681,0.072153556393987,0.031335125696646315,0.5532000000001425,2,optimal,26.394902588578837,0,0,1.009099609690951,0.245958375076583,722,0.7949490268767376,1.572656665491377,0.21713917065507293,running
MPC,4.809999999999942,-20.426408038233667,-18.239010873926837,7.523713499144419,3.722541059423368,-2.4056473095948836,-0.03686709941214038,7.494538578706976,0.04105487642495914,0.0006182809076094031,0.7869000000000348,3,optimal,27.19474582268216,0,0,0.9951721307906456,0.2535461533210675,704,0.7165430954587584,1.6978493805006547,0.21894209497805303,running
MPC,4.90999999999994,-21.040096872894345,-18.641951847524947,7.249304108092465,3.640818055651087,-3.122819457009061,-0.019481263857202193,7.2114315534435125,0.04873012492608463,0.06470549489248256,0.7049000000001193,3,optimal,27.994590848970198,0,0,0.9986838283386861,0.2640986452110496,361,-0.7775254865616312,1.6369900029786926,0.22094939445953415,running
MPC,5.009999999999938,-21.64450392009921,-19.002255414467033,6.928786782032626,3.603127413159892,-3.647534577046169,0.016722479221060096,6.884550650387848,0.0706475156747874,0.08815102677656128,0.7077000000004219,3,optimal,28.594473915856668,0,0,1.0170202269954518,0.2642985677397006,364,-0.7644578313253012,1.6068151235792567,0.2239412608755995,running
MPC,5.1099999999999355,-22.228989281679084,-19.32669616100186,6.560677852644476,3.627720311437596,-4.189134062013382,0.0344197104318762,6.509873375831288,0.06424209164804336,0.04286897050410943,0.7942999999999145,3,optimal,29.394313883473778,0,0,1.0301959894343171,0.2886695657706054,354,-0.8080166821130677,1.5963656184385364,0.2144087504700342,running
MPC,5.209999999999933,-22.778692156834893,-19.634865337115137,6.17009639375598,3.6935260959582457,-4.4448747715527395,0.014394537133868122,6.116190375489202,0.035005550460507684,0.03809545788904778,0.6222999999998535,3,optimal,29.994195306299673,0,0,0.9991531338537533,0.29945617723505297,713,0.755746061167748,1.6557862137352832,0.22600293112750477,running
MPC,5.309999999999931,-23.28680027990142,-19.933845291458507,5.755436128834522,3.70069133561827,-4.718895145611456,-0.034511620085743044,5.698206879194834,0.04438774375565142,0.043365037718057664,0.6053000000001418,3,optimal,30.594079631166828,0,0,1.0230126736460547,0.3199266662286827,728,0.8210843373493977,1.5569059877532458,0.21178185999974475,running
MPC,5.409999999999929,-23.759591123390152,-20.209012162239468,5.325195377113608,3.63002622067804,-4.896203389839163,-0.046895297341465844,5.265815789850606,0.097092693201486,0.055742766086423146,0.5998999999996535,3,optimal,31.19395533662629,0,0,1.0301826262307374,0.3226570455084962,363,-0.7688137164040778,1.5576464964864627,0.22293077345441883,running
MPC,5.509999999999927,-24.204155982337003,-20.445489856046617,4.888246454676266,3.568446873227341,-4.97254336477185,0.009812083276923369,4.827941040636423,0.02923790082944232,0.14942313081968805,0.8164000000006055,3,optimal,31.59384836905619,0,0,0.9659817495041765,0.3309985549587824,369,-0.742678405931418,1.522579993098764,0.2241197071405647,running
MPC,5.609999999999925,-24.61501054111198,-20.650951862908595,4.442698472689103,3.600851951729181,-5.072760534057963,0.07330917740714749,4.38097040127047,0.10343384799059298,0.12461696819343437,0.5948000000000064,3,optimal,31.99377135070578,0,0,0.9394338608951027,0.38213199070711845,344,-0.8515755329008341,1.4366360227931347,0.20602954162158948,running
MPC,5.709999999999923,-24.980943525621452,-20.84746968354386,4.006848571673786,3.6880247026557673,-4.960036338437159,0.0586516051505934,3.946694838845387,0.13965117018571338,0.005722207206007468,0.6132999999999278,3,optimal,32.39360226137669,0,0,0.9059954982823082,0.4194857671362798,673,0.5815106580166822,1.754902523849555,0.19757457900687891,running
MPC,5.809999999999921,-25.300047338419834,-21.04036559926875,3.587194825569874,3.7235936376144756,-4.775721700034389,-0.05108119222810779,3.5292764016703475,0.11351127547952918,0.14753704424443015,0.43860000000028876,2,optimal,32.79333223131256,0,0,0.9408683095100595,0.4079988780005891,692,0.6642724745134383,1.4968636375182631,0.20968660597172056,running
MPC,5.909999999999918,-25.587220417425304,-21.207863899538864,3.1921481523627793,3.6272117498269165,-4.495689570931075,-0.18254302223268454,3.1376258684767664,0.03697131000166619,0.22392393298231816,0.6059000000000481,2,optimal,33.19325528589396,0,0,0.9935070660969032,0.40089979289626587,667,0.5553753475440222,1.416265390210284,0.19430327888470372,running
MPC,6.009999999999916,-25.861777480979274,-21.317142294866603,2.844240759930571,3.4062534829634625,-3.959237583523116,-0.2900198673146852,2.7962243940104674,0.09845427426323118,0.11237253088027188,0.7153999999998106,3,optimal,33.39311262045216,0,0,0.9681294874246248,0.45459088483704263,667,0.5553753475440222,1.427324941124413,0.19430327888470372,running
MPC,6.109999999999914,-26.127844720477075,-21.346319660274187,2.606200812554253,3.13029220358907,-2.7089298087157676,-0.327400410558952,2.5733477790589943,0.06681277140763696,0.055249735378433584,0.7433999999997276,3,optimal,33.79223901326393,0,0,0.9659904523373144,0.5518468446492302,690,0.6555607043558851,1.452493934021418,0.2082738731989199,running
MPC,6.209999999999912,-26.37622278009388,-21.303001155891668,2.4883477759122328,2.8865696213248997,-1.3411849881756521,-0.31478846375049335,2.4720823137366876,0.02676110762641684,0.08953300980292944,1.0822000000003662,3,optimal,33.99220054055463,0,0,1.0183528549998604,0.6402904623338393,678,0.6032900834105654,1.5746433314174466,0.20049220035001988,running
MPC,6.30999999999991,-26.6000350712926,-21.208242314855934,2.406025282628588,2.6930047421342533,-0.9368421495712992,-0.19290429360653866,2.394663560955103,0.04346980410549302,0.15919967907381505,0.4168999999998313,2,optimal,34.19075797005888,0,0,0.9885427627117505,0.7035710833403,650,0.4813253012048193,1.7380781864094843,0.18626277668974425,running
MPC,6.409999999999908,-26.802909101732602,-21.08496541287369,2.3593371619650236,2.5708284560560837,-0.5313177186117577,-0.14847526507104425,2.3528935107674123,0.09429661742635069,0.16745628928163647,0.5149000000002069,2,optimal,34.39071949734958,0,0,0.9497296609096663,0.7150972666103947,672,0.5771547729379054,1.6388584912096649,0.19701235368537667,running
MPC,6.509999999999906,-26.98773878319794,-20.94452154087253,2.303491210298642,2.4718491924898847,-0.6355351899233894,-0.12885214673169249,2.2957836429726846,0.10188292318168915,0.021912867071673503,0.5241000000002494,2,optimal,34.78851991754212,0,0,0.9604549358930236,0.6904155418753425,662,0.533595922150139,1.5942335075635523,0.19175741883582492,running
MPC,6.6099999999999035,-27.151710627501764,-20.78640602629847,2.2685987875515297,2.3448721880248375,-0.397080931666207,-0.28698294968489985,2.263783117132021,0.0872531336563769,0.072548133183572,0.42149999999985255,2,optimal,34.98556626359287,0,0,0.9776209590695364,0.7001808424312767,669,0.5640871177015754,1.5583580823458085,0.19536680809182222,running
MPC,6.709999999999901,-27.28089492085101,-20.606386376190017,2.193554891888311,2.1665311338557487,-0.8540106321014667,-0.26418275028540605,2.183197724341383,0.07923354655523834,0.04697189432221016,0.44169999999965626,2,optimal,35.18552779088357,0,0,0.9178815127182551,0.7142089888831075,658,0.5161723818350326,1.5989907602893232,0.18983237004919867,running
MPC,6.809999999999899,-27.372105859162488,-20.409925142071952,2.1573718598732965,1.9823174027682602,-0.4117682560239966,-0.2881975930942831,2.1523780662859116,0.09821108136636855,0.026457964324485772,0.47610000000020136,2,optimal,35.383398128241495,0,0,0.966469716429669,0.7632059403610977,648,0.4726135310472661,1.6760443517915156,0.18542611138026788,running
MPC,6.909999999999897,-27.425482901716137,-20.20577886163649,2.0883049258064887,1.8205993053416,-0.7859919251049031,-0.18074704123307897,2.078772667362806,0.10629688728658737,0.0037222845304825114,0.4973999999995371,2,optimal,35.5833596555322,0,0,0.9073066720868175,0.7722371565902387,698,0.6904077849860983,1.498606666519855,0.21414126651260781,running
MPC,7.009999999999895,-27.455781327073666,-20.000297766912894,2.0727728996469144,1.7120986845168797,-0.17675675497822263,-0.1703226944285829,2.0706292503086665,0.12642140948246555,0.024259606345570006,0.4648999999994352,2,optimal,35.78266324383185,0,0,0.9379318944500876,0.8268145377429428,689,0.6512048192771083,1.5808713661740568,0.2075805028346246,running
MPC,7.109999999999893,-27.465197165762067,-19.795660022817433,2.0371457002982516,1.6154026004547832,-0.4054427980698415,-0.12859637348681807,2.0322286198399304,0.12344299825499352,0.05027909904827865,0.8289000000001323,2,optimal,35.982624771122545,0,0,0.9680481683565026,0.8469271354717904,695,0.6773401297497683,1.5798229461807645,0.21187243445594103,running
MPC,7.209999999999891,-27.457142215654823,-19.59146902264432,2.0500727306102298,1.5294141016235994,0.33520847312618846,-0.15112840962022972,2.0706665476108705,0.10238314987470847,0.1486444578368218,0.4474000000000977,2,optimal,36.38231650357501,0,0,0.9820537844817584,0.8724422515284991,705,0.7208989805375348,1.5549022029978876,0.2197779812188762,running
MPC,7.309999999999889,-27.429683342759404,-19.384384829031056,2.1239046393189307,1.4334336599204973,1.9145218034573097,-0.18422844165046656,2.2415249109559605,0.08771953517374383,0.08321635103385994,0.4388999999997978,2,optimal,36.58227803086571,0,0,0.9666597881205097,0.9013187250153989,712,0.7513901760889712,1.5761748963706048,0.22593517874601313,running
MPC,7.4099999999998865,-27.380732748149853,-19.171926891624693,2.229003165631322,1.3431821932363306,2.7252907808489697,-0.12000801496692066,2.3964337174038275,0.07103643248660506,0.02463341483393222,0.40210000000007184,2,optimal,36.78216646571364,0,0,1.013762819430793,0.9570752759984424,351,-0.8210843373493977,1.59694550392296,0.21178185999974475,running
MPC,7.509999999999884,-27.317984551075856,-18.951144180055845,2.351794967814055,1.2957648384052165,3.1840919011342566,-0.02697170763618654,2.547412355744748,0.05652037506590853,0.012103788965545093,0.4233999999998517,2,optimal,36.98212799300434,0,0,0.9881061859199287,0.8769548926031936,361,-0.7775254865616312,1.613994651529414,0.22094939445953415,running
MPC,7.609999999999882,-27.25169328385876,-18.71804432390228,2.484472260932131,1.2967486304760136,3.440430769580219,0.031615661144146705,2.695838044772077,0.05777706406722128,0.005767977859672868,0.5076999999999998,2,optimal,37.18208672456746,0,0,0.9667509498372835,0.8280631022063029,360,-0.7818813716404078,1.6018565679176677,0.21997807798827249,running
MPC,7.70999999999988,-27.186011605074324,-18.470781368301772,2.621505142802659,1.3185412322009311,3.553374749755003,0.03444685398792462,2.839809735907631,0.09150087526110078,0.02064571712674379,0.4762000000000377,2,optimal,37.38204825185816,0,0,0.9715194200611932,0.8200261709808283,705,0.7208989805375348,1.75024776142021,0.2197779812188762,running
MPC,7.809999999999878,-27.123710243531136,-18.208525117922004,2.7586630277581805,1.342245867488176,3.5566161820287525,0.006600963370522147,2.977166761005534,0.06685402741559686,0.055394116684055916,0.44239999999939883,2,optimal,37.78196796972533,0,0,0.9740107695906284,0.7533251503425734,702,0.7078313253012047,1.7177374250624913,0.21730154451353453,running
MPC,7.909999999999876,-27.057722687627273,-17.931254547889242,2.9282172094870766,1.3294931928020994,4.3966786646148215,-0.047422158146673686,3.1983308942196627,0.03879973289749257,0.04969277510749315,0.48260000000022174,2,optimal,37.98192599568997,0,0,0.979273388914982,0.7047820560333552,703,0.7121872103799816,1.6897909994626887,0.21811666573475305,running
MPC,8.009999999999874,-26.978721971494707,-17.639861777238526,3.096813984896578,1.2920285003946304,4.371852335385259,-0.053452764965932306,3.3654024430256024,0.06900386636137004,0.02637497466098715,0.5273000000003414,2,optimal,38.381847509972815,0,0,0.9991155676432121,0.6726762305414901,718,0.7775254865616312,1.6246893311904047,0.22094939445953415,running
MPC,8.109999999999872,-26.884056537726163,-17.33423565937944,3.287317107750024,1.2528726087984432,4.939901848787593,-0.042629968644709935,3.5908041697753372,0.053829229112741246,0.0050765308499372,0.4509999999999792,2,optimal,38.58180903726351,0,0,1.0094574612917995,0.6565526064241711,711,0.7470342910101948,1.7168107290108758,0.22502164647011186,running
MPC,8.20999999999987,-26.77345244288866,-17.014392267821794,3.46699083495516,1.2243538159403013,4.6590867588140314,-0.012667244330178608,3.753225783631427,0.017119844386239588,0.015857881925679607,0.4854000000000802,2,optimal,38.98172886452678,0,0,1.0058821496847197,0.6231710588687105,734,0.8472196478220577,1.5631099062603522,0.20682039817249392,running
MPC,8.309999999999867,-26.65067274735776,-16.679125441290086,3.658574719606725,1.2102971677469934,4.967926886512213,-0.0038310711655887265,3.9637835236063816,0.05480381367499853,0.010764724746543664,0.7039999999998159,2,optimal,39.38164336541171,0,0,1.0134471223559005,0.5811598525909634,713,0.755746061167748,1.6923491510920032,0.22600293112750477,running
MPC,8.409999999999865,-26.515941923248985,-16.32714272483249,3.8628805706689024,1.1960786120314428,5.297817884888897,-0.011297088175791377,4.188356508095615,0.07735616488586677,0.003968420736521594,0.4876999999998688,2,optimal,39.78155327760704,0,0,1.003392069731212,0.5563252033863241,350,-0.8254402224281743,1.591376020196279,0.21092842571338713,running
MPC,8.509999999999863,-26.368608368705335,-15.957707827158666,4.074820259784664,1.1813397313053189,5.495769551766604,-0.021139469318397452,4.4124575258455625,0.07925839263365926,0.003999887722557105,0.4728000000007171,2,optimal,40.18146097858833,0,0,1.003548733648535,0.5268621100941161,717,0.7731696014828544,1.6785312797676197,0.22193355627601147,running
MPC,8.60999999999986,-26.207919452903983,-15.570747522340156,4.2881304152070685,1.166171470293678,5.531306864438844,-0.030993194300246465,4.627950946228548,0.059837638921166704,0.011929104137839985,0.46560000000006596,2,optimal,40.58137235036274,0,0,0.9927424830604581,0.48814822093895543,729,0.8254402224281745,1.560013779516379,0.21092842571338707,running
MPC,8.709999999999859,-26.031658526026746,-15.167539030576688,4.496497011367364,1.1370199316759817,5.403116327860243,-0.04056379871805907,4.828442047993093,0.02205191701829108,0.0051104917023359064,0.4609999999996006,2,optimal,40.981291638406034,0,0,1.0317161283924587,0.475290722851961,723,0.7993049119555145,1.6371970774744318,0.21621722807816315,running
MPC,8.809999999999857,-25.832760217056414,-14.752485527489744,4.6933570989062146,1.0879300131582244,5.104743144466861,-0.038327506221146806,5.00697132581405,0.04754000391800452,0.02277087267757949,0.46179999999917953,2,optimal,41.38121469298743,0,0,1.010561007328354,0.4539520440028051,718,0.7775254865616312,1.675609640547876,0.22094939445953415,running
MPC,8.909999999999854,-25.60883760317155,-14.329087453257099,4.872076854589286,1.0516366875939727,4.634349496689645,-0.017371336412391043,5.156792048575179,0.07742877913787558,0.02825075174037117,0.46919999999950335,2,optimal,41.98108538668413,0,0,0.9989396405068611,0.4302207563961469,347,-0.8385078776645043,1.5584017630497422,0.2084324073070941,running
MPC,9.009999999999852,-25.364685647765057,-13.896524235716415,5.048234271028166,1.0359338730773802,4.567905943534125,-0.0016718361229051246,5.328867448942699,0.03466031902488555,0.025393792391156467,0.48680000000000945,2,optimal,42.38099835861281,0,0,1.018453447960813,0.4089117746783793,343,-0.8559314179796107,1.5111988871624733,0.20524858980469116,running
MPC,9.10999999999985,-25.10387591694648,-13.454874955951874,5.1980859757612,1.019593064725071,3.8857773151790487,-0.003911223700539849,5.436812002546071,0.07191602784388837,0.016270726441202754,0.7227999999992463,3,optimal,42.98087446397535,0,0,0.963833002086439,0.3940939431381675,348,-0.8341519925857275,1.5457976168965148,0.20925385860619156,running
MPC,9.209999999999848,-24.83054443210088,-13.004923745398184,5.321366236188386,1.0204448275318212,3.196758023078569,0.010148771752206034,5.517761778069056,0.07148923961867883,0.001089628476371729,0.633899999999521,3,optimal,43.38079228595655,0,0,1.0130555150479936,0.3829694207364116,366,-0.755746061167748,1.6747607129576139,0.22600293112750477,running
MPC,9.309999999999846,-24.554064896228894,-12.545998054954126,5.3887629930226115,1.0412420713555304,1.7476530499912513,0.027421831072949317,5.496131541187511,0.022217442728934205,0.04361763079624481,0.6465999999996086,3,optimal,43.98067578990725,0,0,1.010100716883228,0.36976408168077085,708,0.7339666357738648,1.6833760001098268,0.22234991952811328,running
MPC,9.409999999999844,-24.27977244320261,-12.081182391559063,5.404259191671852,1.0430073460247433,0.4018291102527144,-0.010743512061348852,5.428945904047883,0.06128575861642069,0.056262081068773284,0.7143999999996709,3,optimal,44.58055845719552,0,0,0.9990178999998223,0.3505513885771046,732,0.8385078776645041,1.4713927860008624,0.20843240730709414,running
MPC,9.509999999999842,-24.00596551061827,-11.620735981242548,5.333025306352017,1.02132446837877,-0.8106521508697991,-0.0036488372138411924,5.323193976584872,0.07932291614347386,0.03324880571444844,0.6719999999997839,3,optimal,44.98048136123855,0,0,1.0003781266433664,0.35731067784807985,720,0.7862372567191844,1.5832960553869202,0.21901940157552577,running
MPC,9.60999999999984,-23.73503057321707,-11.174740214531889,5.15996158366787,1.0173368347435496,-1.9694907613353239,0.013697728349867447,5.136076230218484,0.04475468653155371,0.015633851574781588,0.49359999999953885,2,optimal,45.58036340960745,0,0,0.9933481268431055,0.38504989476260304,724,0.8036607970342913,1.6405788126968879,0.2153071491827237,running
MPC,9.709999999999837,-23.477882903843003,-10.74526221380113,4.927286123877567,1.0555609027634039,-2.647881146546177,0.034194534199192106,4.895173469013252,0.11093982008716044,0.03059166980192707,0.45849999999969526,2,optimal,45.98027508359235,0,0,0.9554476640379225,0.3863076782660244,351,-0.8210843373493977,1.570094624444641,0.21178185999974475,running
MPC,9.809999999999835,-23.247525365128816,-10.329951919904662,4.6587743818087315,1.110212801229502,-3.0557033392826076,0.019196471458513352,4.621715789949307,0.058801383289561096,0.010530386616114384,0.44250000000012335,2,optimal,46.58015377311319,0,0,0.9683640085519067,0.4052742345574689,392,-0.6424930491195551,1.8049478697072365,0.20621919386478796,running
MPC,9.909999999999833,-23.045393068554773,-9.930595680712221,4.383130370976787,1.140469648504471,-3.1368696127132307,0.02010401382134914,4.345087420537409,0.048465823637826116,0.02948290565047884,0.44850000000007384,2,optimal,46.980011694946796,0,0,1.0114011884319356,0.3931742462568202,356,-0.7993049119555145,1.4932949778079747,0.21621722807816315,running
MPC,10.009999999999831,-22.870594737159262,-9.546069255242708,4.143644113692555,1.1926631845142963,-2.7253890293859615,0.07691230112528237,4.110591468038191,0.0519268786811753,0.06325211603061831,0.42070000000027363,2,optimal,47.37974771800729,0,0,0.9910027994806961,0.40263972596577424,346,-0.8428637627432809,1.381806382205304,0.20762130414308752,running
MPC,10.109999999999829,-22.734275463381785,-9.165413899563582,3.9958894551417474,1.3227585389086234,-1.6814698681315616,0.16674196223706056,3.975497126879399,0.06206848313464193,0.023815181627632853,0.5614000000004893,3,optimal,47.77942767315737,0,0,0.9961119097085025,0.41410902296463936,364,-0.7644578313253012,1.4624200732163655,0.2239412608755995,running
MPC,10.209999999999827,-22.658171367743513,-8.781506442433779,3.878371522017288,1.5066667717414703,-1.3373714605819347,0.14921850834461456,3.862152309083554,0.0599936272203874,0.07247458755783853,0.5981000000003789,3,optimal,48.17914451379419,0,0,0.9918641257747929,0.4729867005825465,369,-0.742678405931418,1.6164088019698528,0.2241197071405647,running
MPC,10.309999999999825,-22.641207361683282,-8.402246111711575,3.7581634963525983,1.6267291028239237,-1.367985111571005,0.05180854942029607,3.7415730108601877,0.03343557452756685,0.10830754376791418,0.6155000000003241,2,optimal,48.57893106499704,0,0,1.0080902755636756,0.5074524428008146,359,-0.7862372567191844,1.609500338955511,0.21901940157552577,running
MPC,10.409999999999823,-22.657741220443725,-8.034040680245814,3.6494509872552707,1.656968958281679,-1.2371644327767717,-0.009700556467367987,3.634447053074921,0.015645073651931414,0.05348166061174808,0.6038999999997685,3,optimal,48.978812337510384,0,0,1.0273634404970675,0.5146846456701627,358,-0.790593141797961,1.5786841480430787,0.21807316453493358,running
MPC,10.50999999999982,-22.68468053207068,-7.6745265514314935,3.5827755864858646,1.6589084983984792,-0.7587759224579781,0.015650772621491105,3.573573395009473,0.053232472709071776,0.024978798916459155,0.41419999999980917,2,optimal,49.37867256712679,0,0,1.0129406472899716,0.5071528829173297,366,-0.755746061167748,1.572962808639825,0.22600293112750477,running
MPC,10.609999999999818,-22.72094800592214,-7.3183020094129825,3.5800541428110644,1.6982192855076779,-0.030970431537494396,0.09437605019858643,3.579678543332115,0.09686270583668326,0.06117354633239813,0.4736999999988001,2,optimal,49.778466322347924,0,0,1.028191959407808,0.48378947442283016,372,-0.729610750695088,1.513549154509964,0.22148173646210823,running
MPC,10.709999999999816,-22.781249693796553,-6.963948473639135,3.6093805262638,1.7988203412970938,0.7604571183217327,0.15683320083637403,3.6560998546432377,0.06788701577343464,0.005858526334057146,0.6308999999991016,3,optimal,49.97842784963862,0,0,1.0299395172692976,0.4911800639569679,361,-0.7775254865616312,1.474112531849527,0.22094939445953415,running
MPC,10.809999999999814,-22.88022119630775,-6.6155282436032605,3.6361505043220688,1.9216631477468913,0.6941674347447621,0.12182725385629696,3.678797269738276,0.033395773725850925,0.05566232207961441,0.6440999999997032,3,optimal,50.37819339413309,0,0,1.0037510589195866,0.5364893399905084,394,-0.6337812789620019,1.7652259127567596,0.20489107222660924,running
MPC,10.909999999999812,-23.01637423998888,-6.276395765071079,3.672496563650786,2.0176877403688924,0.9424830574152718,0.09221231242310723,3.730398810063596,0.01433670927792794,0.07958186099482667,0.44269999999979603,2,optimal,50.77796645615609,0,0,1.0224317692887719,0.5426584043947549,372,-0.729610750695088,1.6923627357323314,0.22148173646210823,running
MPC,11.00999999999981,-23.180647603784394,-5.947112603076608,3.687315741971843,2.0801859861589844,0.3842734191922938,0.034951483318448516,3.710923905570015,0.04702555328552619,0.07026560260057124,0.48240000000010497,2,optimal,51.177782496861234,0,0,1.0065028339667983,0.5510649694032607,363,-0.7688137164040778,1.6774972945327002,0.22293077345441883,running
MPC,11.109999999999808,-23.362043182481678,-5.627345270968969,3.6710856685126076,2.114805225846806,-0.18470063649385665,0.0059288280005303975,3.6688456783224574,0.0820409867611906,0.027456072347668226,0.4592999999992742,2,optimal,51.577678977116875,0,0,1.0037710168962697,0.5333598584428464,372,-0.729610750695088,1.6875014415865406,0.22148173646210823,running
MPC,11.209999999999805,-23.551714679389363,-5.314295746827053,3.6548619608097104,2.131159967379811,-0.18462819324519195,0.02804343687970203,3.6526228491880883,0.101189604933195,0.008918232205822108,0.4588999999999288,2,optimal,51.77764050440758,0,0,0.9938600683066415,0.5166589616687713,348,-0.8341519925857275,1.483467960604618,0.20925385860619156,running
MPC,11.309999999999803,-23.7469892910331,-5.009162814286005,3.6065339971518506,2.161013082548174,-0.5499793744297164,0.038224930896624355,3.599864023366739,0.06348820434493685,0.03529226243837513,0.4661999999999722,2,optimal,52.17749008291511,0,0,1.011360308257284,0.4972278026787155,392,-0.6424930491195551,1.6611568079795944,0.20621919386478796,running
MPC,11.409999999999801,-23.956517862559167,-4.715714120275811,3.6067643642460308,2.2381734844388337,0.005973607242749381,0.12308430986999153,3.6071313578761255,0.020514829759095174,0.03410790018299892,0.5069000000004209,2,optimal,52.57727058943247,0,0,1.000021249089651,0.499731603490309,351,-0.8210843373493977,1.4399188705988752,0.21178185999974475,running
MPC,11.509999999999799,-24.195407949156078,-4.4443544722331625,3.6276003969542523,2.3772650857154254,0.540295376553614,0.16050129644596928,3.660793901901392,0.018793282071147745,0.02659359737732281,0.620500000001023,3,optimal,52.977015096347216,0,0,1.030855587075119,0.526457219584244,381,-0.6904077849860983,1.6780957099377132,0.21414126651260781,running
MPC,11.609999999999797,-24.471524168340835,-4.2079140507461155,3.6465083142244663,2.5252516601358552,0.4902977656261678,0.10887744677884292,3.676630173516869,0.0569093540333385,0.09339345330426063,0.46670000000048617,2,optimal,53.376759089583196,0,0,0.9903767232384699,0.5494928677042519,737,0.8602873030583873,1.5045733947454039,0.20447740104668097,running
MPC,11.709999999999795,-24.77240933366358,-4.004104165685918,3.62935140908949,2.605914285202054,-0.19524811804789174,0.004671050525340998,3.626983502419677,0.10066121570399325,0.08988439401967341,0.44609999999956074,2,optimal,53.77654394425353,0,0,0.988674542969245,0.5499803548501409,722,0.7949490268767376,1.621638801157774,0.21713917065507293,running
MPC,11.809999999999793,-25.077979070593486,-3.8152467626875257,3.573294945034643,2.594310044887692,-0.6379308520401916,-0.04405760423391662,3.5655583238854707,0.10022443292021596,0.031033578947923246,0.646699999999889,3,optimal,53.976460635304804,0,0,0.9995137304605507,0.5353270136168761,371,-0.7339666357738648,1.6649909383011599,0.22234991952811328,running
MPC,11.90999999999979,-25.37194967662664,-3.6256195756913803,3.460241600970599,2.5459857346092822,-1.2865637767342133,-0.05143282363728058,3.444638567361222,0.057775810417514464,0.10298751372990722,0.5917999999995871,3,optimal,54.376383689886204,0,0,0.971787315619369,0.4944891629225921,374,-0.7208989805375348,1.5471374021912592,0.2197779812188762,running
MPC,12.009999999999788,-25.654645086110758,-3.4321470425235123,3.40806441209294,2.5396270543046215,-0.5937841267551217,0.10480608757100178,3.400863188295087,0.0316730690305489,0.1913907678253981,0.43169999999914666,2,optimal,54.776225295646206,0,0,0.9900707081206777,0.45089219925559954,375,-0.7165430954587582,1.3954556869130597,0.21894209497805295,running
MPC,12.109999999999786,-25.949824015814716,-3.259856705084657,3.4318348317691605,2.6912081301344783,0.6163864316037961,0.25782465550956757,3.4697030552533197,0.10898963874722746,0.11707996445082891,0.6100999999993917,3,optimal,55.17600002148878,0,0,0.966778224085138,0.4723175467141803,389,-0.6555607043558851,1.4842840968403346,0.2082738731989199,running
MPC,12.209999999999784,-26.275747962633517,-3.1439613915382365,3.4936238319869237,2.9239923530239276,1.6022393325556072,0.2357486208094427,3.592058765024721,0.07765377556333516,0.07504795979862244,0.6789999999998741,3,optimal,55.375798023830775,0,0,0.9886189964886195,0.5362440811248465,363,-0.7688137164040778,1.5456213959860161,0.22293077345441883,running
MPC,12.309999999999782,-26.624242858812504,-3.0939322387071817,3.5514526430089064,3.108618134296826,1.4995483864085748,0.068181911175293,3.643578670627781,0.02194056460477972,0.18805453320535648,0.45769999999922817,2,optimal,55.77558022301328,0,0,1.0120414835215508,0.5632270393941873,738,0.8646431881371641,1.4805814862441593,0.2037158366078793,running
MPC,12.40999999999978,-26.982464418966746,-3.080814500462689,3.6133727294711027,3.136297065706637,1.60563850613097,-0.07410821990407382,3.7120164936220035,0.06122506910319111,0.14757700843759025,0.5934999999999135,3,optimal,56.17541741195584,0,0,0.9762033678557834,0.5386126132414919,716,0.768813716404078,1.5977700560222616,0.22293077345441878,running
MPC,12.509999999999778,-27.345689757346197,-3.060744699630024,3.6596993051522198,3.0482299402783717,1.201286012677095,-0.10762537461047297,3.7335013307388123,0.10550841457806275,0.0029594789788518483,0.736299999999801,3,optimal,56.57532476684131,0,0,1.020545663415364,0.5636051531585148,370,-0.7383225208526414,1.729433240684913,0.22322918788849236,running
MPC,12.609999999999776,-27.711060169522625,-3.014103299419881,3.7045200492231123,2.970322597224305,1.162238566924543,-0.013387133513781834,3.7759231618446742,0.09522352471496401,0.11173882004370661,0.5070999999992054,2,optimal,56.77528629413201,0,0,1.027329599652518,0.496095641573162,370,-0.7383225208526414,1.5660155110268152,0.22322918788849236,running
MPC,12.709999999999773,-28.079319265800457,-2.957116945470903,3.745204763669112,2.993380757253222,1.054987934574722,0.08946792737110577,3.8100188426805843,0.0570349948489394,0.14030350206492415,0.6593999999999767,3,optimal,57.17517673757841,0,0,1.0244427114432706,0.4577302456873394,396,-0.6250695088044487,1.5786528760870822,0.20359530110414154,running
MPC,12.809999999999771,-28.455491355035015,-2.9189494947734618,3.8143908070693566,3.10420332737215,1.794050714675642,0.16028582371495703,3.9246098351366765,0.059260882899182556,0.07199554648316742,0.6205999999995271,3,optimal,57.57505684459101,0,0,1.0185676116003712,0.46438733069969673,356,-0.7993049119555145,1.428814332423019,0.21621722807816315,running
MPC,12.90999999999977,-28.841944473920556,-2.9278206296511025,3.914509779712775,3.2623381116570105,2.5961668798490933,0.13015904954056948,4.074007495054266,0.06395535247613619,0.05168014641321861,0.6075999999994863,3,optimal,57.974947475746454,0,0,1.0096216173348944,0.5092917636164139,339,-0.8733549582947173,1.4498969482496065,0.20222103997141733,running
MPC,13.009999999999767,-29.23593052615894,-2.984987579570701,4.040204435872432,3.355281046815713,3.259365279925024,0.021044318491194276,4.240446307705278,0.03952776790880056,0.11869703804749676,0.5306000000002697,2,optimal,58.37485506592859,0,0,0.957058062824116,0.4986538191857868,711,0.7470342910101948,1.6572072612460054,0.22502164647011186,running
MPC,13.109999999999765,-29.640283169264137,-3.063281722789516,4.185470070282246,3.340207496389338,3.766856759289949,-0.06327149142557258,4.416890111801426,0.02220845206748695,0.0862803096851863,0.6957999999999132,3,optimal,58.77477440279431,0,0,1.0265162114919517,0.47160615131887534,727,0.8167284522706209,1.51709119110412,0.2126462795560751,running
MPC,13.209999999999763,-30.06123922519691,-3.1353181530240253,4.344178109825892,3.2722577481796256,4.115429323236047,-0.06582915705705701,4.597013002605851,0.05236084002259918,0.009478203736222213,0.5802000000008078,3,optimal,59.17469740555721,0,0,1.0261034408577323,0.46423326020490047,714,0.7601019462465248,1.633210081038297,0.22496523842325897,running
MPC,13.30999999999976,-30.50154613299411,-3.1874244368057383,4.510728503521952,3.2200721834206343,4.318787983168152,-0.018728685860315467,4.776056908142707,0.09367212141929007,0.04484311230627469,0.4423999999998429,2,optimal,59.574620460138604,0,0,1.0289208406257262,0.46068467412806696,364,-0.7644578313253012,1.66839230524653,0.2239412608755995,running
MPC,13.409999999999759,-30.95989484343408,-3.2288288556649647,4.680061067138247,3.222119544946652,4.3909319256229855,0.027245890424479974,4.949821696084251,0.04772885817908249,0.042616193184489504,0.484000000000151,2,optimal,60.17450502685398,0,0,1.0262211828010193,0.4330162673111787,374,-0.7208989805375348,1.6870606694237156,0.2197779812188762,running
MPC,13.509999999999756,-31.436383391173187,-3.2738951042646103,4.876683015503598,3.255488530070837,5.0985680008481316,0.03869423639262845,5.189917867223061,0.03330458352122125,0.011282314348237676,0.4860000000013187,2,optimal,60.57442791534923,0,0,1.0158136413938628,0.4322357494404676,378,-0.7034754402224281,1.75914950664002,0.216496585417684,running
MPC,13.609999999999754,-31.930815508036897,-3.3347667498976055,5.071359657867736,3.293857731834005,5.048124624551117,0.022880972581428932,5.38149547795871,0.0726881798931653,0.02108785275084557,0.524500000000927,2,optimal,61.17431198063633,0,0,1.0060445656658312,0.416898440025174,365,-0.7601019462465246,1.6984731556085713,0.22496523842325905,running
MPC,13.709999999999752,-32.44356993417763,-3.410846813392433,5.279532847327753,3.3100598256081315,5.398101133873079,0.004889337171307595,5.611169771255043,0.04805138692323748,0.031232283411705808,0.4509999999999792,2,optimal,61.574234337613916,0,0,1.0230648523161956,0.39179108420786685,727,0.8167284522706209,1.5729061972636762,0.2126462795560751,running
MPC,13.80999999999975,-32.9749238244405,-3.4975151755680893,5.472537607739034,3.3077396888382813,5.0047713575486314,-0.0010568948463525662,5.780009983082617,0.0144478827299974,0.017031278257800153,0.41240000000009047,2,optimal,62.17411870934275,0,0,1.0112556727568205,0.385417050119595,355,-0.803660797034291,1.6276281488006679,0.21530714918272373,running
MPC,13.909999999999748,-33.52510951647974,-3.587872226290125,5.663314405019605,3.3057365455737218,4.946998450608457,0.012315623334050603,5.96723745279988,0.056919474435080275,0.0006671671109046429,0.5269999999999442,2,optimal,62.77399980854955,0,0,1.0185965756885502,0.3695703438080654,347,-0.8385078776645043,1.5606133791081016,0.2084324073070941,running
MPC,14.009999999999746,-34.092753069776535,-3.687010261359359,5.846927626865197,3.3399525613059633,4.761241078208823,0.035428675905779465,6.139438512840488,0.08054117946977205,0.018837169840598023,0.584800000000385,3,optimal,63.37388073993037,0,0,1.0151726578171507,0.34791354090686927,729,0.8254402224281745,1.5472816455308547,0.21092842571338707,running
MPC,14.109999999999744,-34.674438874381536,-3.806001952042692,6.014733663826807,3.383522503209966,4.351347840434546,0.00911578030227079,6.282062410908652,0.08780698801201652,0.042534285788253356,0.738100000001296,3,optimal,63.973758172148294,0,0,1.0261767907516026,0.33073339426865156,715,0.7644578313253012,1.619657739258402,0.2239412608755995,running
MPC,14.209999999999742,-35.26750762428141,-3.9422110089390823,6.145102071665347,3.382529383854988,3.380559485108997,-0.026474175059385117,6.352789612337707,0.08195511192892713,0.019068247201566635,0.6952999999993992,3,optimal,64.5736425369265,0,0,1.0158301951156858,0.3330466275579673,729,0.8254402224281745,1.5695568657910208,0.21092842571338707,running
MPC,14.30999999999974,-35.86826107441974,-4.089718071133778,6.22147642862986,3.422329234339574,1.9804495670089182,0.1453854721558024,6.343147028366239,0.06713600886952757,0.03479122604184681,0.9060999999999098,3,optimal,65.17352244557571,0,0,0.9932614777105837,0.3247592003646392,733,0.8428637627432809,1.535401268710393,0.20762130414308752,running
MPC,14.409999999999737,-36.46246505415062,-4.2780724234366865,6.247236816973033,3.5792434241357256,0.6679879473672813,0.06475579745868415,6.288275223366588,0.07315143501854157,0.16338559297388855,0.7230000000006953,3,optimal,65.77338789893389,0,0,0.9476937009434343,0.26382301174360817,730,0.8297961075069509,1.318052661823294,0.21008581223244965,running
MPC,14.509999999999735,-37.0354612715601,-4.517333097770251,6.191983358958109,3.6363487882640544,-0.6287925245363428,-0.14504273192797174,6.184357564519399,0.13224783901411366,0.1911508167878999,0.6403999999999854,3,optimal,66.37326187919705,0,0,0.9001040754772686,0.23638815644922656,701,0.7034754402224284,1.342681498818999,0.21649658541768402,running
MPC,14.609999999999733,-37.59543259138042,-4.757237460096355,6.041688997986331,3.4698614467290945,-1.710372057319832,-0.11406416066784418,6.0209461532261255,0.18413918686958364,0.009667809284881201,0.8007999999986026,3,optimal,66.97313935267616,0,0,0.851461745671452,0.2839123823279481,713,0.755746061167748,1.5053911282356351,0.22600293112750477,running
MPC,14.70999999999973,-38.153267171929194,-4.945432616703379,5.812147045973515,3.3109781547000963,-2.6122213645732986,0.005763236432767886,5.780466861529001,0.1651566675775426,0.2056262732656311,0.7232999999997602,3,optimal,67.5730126947671,0,0,0.8629098087308523,0.31573956156914007,361,-0.7775254865616312,1.580403819346414,0.22094939445953415,running
MPC,14.809999999999729,-38.69930445784344,-5.0840690712393295,5.543176461003279,3.3366647083242675,-3.060925039366217,0.154140507799382,5.506054542036893,0.09518405823142827,0.21859322979821982,0.6999999999992568,3,optimal,68.17287949940749,0,0,0.9542230106782023,0.3043485418674885,361,-0.7775254865616312,1.481572038747001,0.22094939445953415,running
MPC,14.909999999999727,-39.2122925075222,-5.233338965999068,5.244954458416827,3.576259054487117,-3.393810498303453,0.20169924474587383,5.203795411172933,0.08756259911524042,0.010661168357506412,0.7114000000001397,3,optimal,68.57277580434392,0,0,1.009119080805782,0.34546283417946005,374,-0.7208989805375348,1.658321249914569,0.2197779812188762,running
MPC,15.009999999999724,-39.662720738673116,-5.4537336834066,4.910914408048836,3.869630859406333,-3.801425179767086,0.09083560764063316,4.864811940440118,0.012425816691346911,0.21623155292625995,0.7147999999990162,3,optimal,69.17258090237554,0,0,1.0216798773972273,0.3476213943312245,730,0.8297961075069509,1.440832998064153,0.21008581223244965,running
MPC,15.109999999999722,-40.035121127624826,-5.737647026733384,4.573752338711585,3.9817602806554655,-3.836954217403075,-0.09798952753973093,4.527218986308528,0.07322008117296724,0.2745856107019975,0.6350999999993334,3,optimal,69.57250370043988,0,0,0.9722236063979324,0.3257284615408769,721,0.7905931417979613,1.343287258264113,0.21807316453493353,running
MPC,15.20999999999972,-40.36415581606024,-6.022913518764212,4.243732971978088,3.8257076326585455,-3.7556692053226954,-0.2064191967841272,4.198185418179316,0.1319039687666809,0.055977858693646354,0.6244000000004135,3,optimal,69.97242675502127,0,0,0.9407441684282469,0.448684052928534,369,-0.742678405931418,1.7358708503418272,0.2241197071405647,running
MPC,15.309999999999718,-40.6962273804395,-6.2563640921701715,3.969215765557316,3.62444944926538,-3.124046411852768,-0.019917315499678612,3.931328330792811,0.11295209114288123,0.2628374479000115,0.690699999999822,3,optimal,70.57204778893896,0,0,0.930818226674052,0.3817685846177625,420,-0.5205282669138092,1.595853757485477,0.190304592332159,running
MPC,15.409999999999716,-41.029780818269266,-6.451795828358021,3.8134782538872534,3.648726250217822,-1.7723159173417964,0.2942419498593007,3.791984173823136,0.08739589804971046,0.2792389070102317,0.7856999999997782,3,optimal,70.77200931622966,0,0,0.9674169611560172,0.3539657538066008,384,-0.6773401297497683,1.3066819672265328,0.21187243445594103,running
MPC,15.509999999999714,-41.322898724481526,-6.678867468799222,3.67107298465795,3.9820729196771656,-1.6205930264452464,0.41887902047863906,3.6514189512427286,0.10736972849301409,0.04553948050210899,0.697899999999585,3,optimal,71.1716516641948,0,0,0.9542065871849355,0.41413191342878797,371,-0.7339666357738648,1.395004406944621,0.22234991952811328,running
MPC,15.609999999999712,-41.51814212678295,-6.973457530460126,3.4917853767626257,4.381223621100393,-2.0403194955894493,0.26669445603210284,3.467041035099005,0.08808683025236745,0.23999520588139056,0.7553999999991845,3,optimal,71.5712565994983,0,0,0.9194393658390593,0.5603328721261583,381,-0.6904077849860983,1.80007788325446,0.21414126651260781,running
MPC,15.70999999999971,-41.60578791333877,-7.2964374334241615,3.288160566302373,4.634894964193758,-2.3172804604003776,-0.02965697749590251,3.2600573307225877,0.0937636592536478,0.3651977885993283,0.6978000000010809,3,optimal,71.97098131369158,0,0,0.9906839500671214,0.45627304873250435,734,0.8472196478220577,1.2616343971371342,0.20682039817249392,running
MPC,15.809999999999707,-41.64661954982763,-7.611430763558111,3.1195350517568055,4.603533929237509,-1.9189832962799924,-0.23682081538888036,3.0962622366743737,0.0970149942609728,0.26464706261745796,0.713900000000045,3,optimal,72.17094284098228,0,0,0.9336649259827001,0.5356304258506674,728,0.8210843373493977,1.411939319098069,0.21178185999974475,running
MPC,15.909999999999705,-41.718328852339326,-7.902130003570419,2.9372966111147196,4.381073376745915,-2.073900408693919,-0.2641395763493308,2.9121450108874134,0.13682009187899685,0.0992183340906081,0.7075000000007492,3,optimal,72.57074458278365,0,0,0.9161373898310974,0.5650943183640553,400,-0.607645968489342,1.6483722516325099,0.20109762184866747,running
MPC,16.009999999999703,-41.84155922207115,-8.160932108133935,2.8356689212244386,4.1879609034692695,-1.1565381423122152,0.05001968900964853,2.821642796883498,0.044991143306930485,0.3744008576856146,0.5391000000001256,2,optimal,72.7702367196673,0,0,0.9462635137051442,0.4729347253957597,407,-0.5771547729379054,1.361145409743113,0.19701235368537667,running
MPC,16.10999999999972,-41.97624048589067,-8.40816674643111,2.806056172629326,4.228085622680333,-0.3369974589201577,0.36417895436862785,2.801969175332423,0.09685142911648834,0.411508790731002,0.6583000000013328,3,optimal,72.97019824695799,0,0,0.9174564785062438,0.43103052441288076,400,-0.607645968489342,1.2045659940267675,0.20109762184866747,running
MPC,16.209999999999734,-42.06147058010712,-8.673418874222227,2.790523394284758,4.50267851779477,-0.17676531495469497,0.4188790204786391,2.788379641133856,0.17390799266325468,0.3126316315949911,0.8331000000003641,3,optimal,73.36931931062792,0,0,0.8663254036521696,0.42871230220647655,368,-0.7470342910101946,1.1076646477432828,0.22502164647011183,running
MPC,16.30999999999975,-42.062672344673096,-8.95257988044926,2.814458811162832,4.828276314390314,0.620664944051673,0.4188790204786391,2.8525898886899252,0.19353246767905086,0.0828528450952497,0.6481999999996546,3,optimal,73.56836808030059,0,0,0.8352052582561937,0.4809634779198378,376,-0.7121872103799816,1.2340284317202046,0.21811666573475305,running
MPC,16.409999999999766,-41.97680205536659,-9.220841915810452,2.8385021901078917,5.141219951872065,0.6234644887851708,0.3894194917579748,2.8768052600413494,0.18065201570359748,0.15236987084639608,0.6937999999996336,3,optimal,73.76832960759128,0,0,0.8619170772402307,0.5839759169060297,378,-0.7034754402224281,1.4698855212850566,0.216496585417684,running
MPC,16.50999999999978,-41.817601349960846,-9.456208600464835,2.856800823931593,5.405499798954994,0.4744985473310363,0.1599674100816341,2.8859520448409954,0.14411651006706333,0.26658166867551003,0.558100000001005,2,optimal,74.16760619228458,0,0,0.9097291980713094,0.6927931213137414,728,0.8210843373493977,1.5518064685745616,0.21178185999974475,running
MPC,16.609999999999797,-41.623497039151815,-9.667269699929538,2.8774826113174194,5.487560816114333,0.5362956691375175,-0.0615812390271763,2.910430390845345,0.031694118373732635,0.2770615100872327,0.619499999999995,3,optimal,74.36723514371513,0,0,1.0055982321900996,0.6391892081415734,718,0.7775254865616312,1.522277116505975,0.22094939445953415,running
MPC,16.709999999999813,-41.43304088981506,-9.882294933335983,2.871192330336504,5.409077016890407,-0.0715843279340886,-0.17585693365162822,2.870324178524011,0.06460470254356256,0.140934153970786,0.6557999999996511,3,optimal,74.56719667100583,0,0,0.9953627874196812,0.710727729038063,734,0.8472196478220577,1.5608229852973936,0.20682039817249392,running
MPC,16.809999999999828,-41.26489949164357,-10.114420179226174,2.8649161862068384,5.304674631355341,-0.07142344847593848,-0.07195539609472523,2.86404998548891,0.06343993676797938,0.08912504500615093,0.47129999999917516,2,optimal,74.96710032356364,0,0,0.9977756598134884,0.597725481485737,384,-0.6773401297497683,1.549196537961909,0.21187243445594103,running
MPC,16.909999999999844,-41.1063925442757,-10.353936055298469,2.878598042452768,5.300538601322911,0.35478172720618195,0.14164092690971258,2.9003943589274566,0.033805522862347295,0.14062335161327866,0.6167000000010248,3,optimal,75.16706185085434,0,0,1.0297867631557827,0.5536414137171151,404,-0.5902224281742354,1.5165088901504304,0.19872007704051406,running
MPC,17.00999999999986,-40.92544057512115,-10.578818079516203,2.8984489813563123,5.447807364812176,0.514751088176255,0.25895012852712235,2.9300731512703937,0.08386535837769478,0.09534392722775387,0.6421999999997041,3,optimal,75.56678760108854,0,0,1.0319218001852912,0.5759550076007853,379,-0.6991195551436515,1.484706254063551,0.2157016455530536,running
MPC,17.109999999999875,-40.70340368922641,-10.768128858899798,2.9446425104029386,5.66437434554383,1.1978360045835035,0.26821731968723506,3.0182325818146625,0.023992986400996442,0.0685882868275165,0.7123999999993913,3,optimal,75.7664949276383,0,0,1.0004035626093535,0.6499440782852068,370,-0.7383225208526414,1.6165070783758206,0.22322918788849236,running
MPC,17.20999999999989,-40.44433180105834,-10.912161972544054,2.986304802986299,5.847099069502858,1.0803373355490895,0.11994042004509368,3.0526762439578476,0.09821525843757267,0.16276839613194483,0.5594000000002097,2,optimal,76.16619431047381,0,0,1.0110062481472888,0.6337714403960337,747,0.9038461538461537,1.351709557751362,0.1972733218794039,running
MPC,17.309999999999906,-40.16701998547409,-11.02863141125318,3.0269561912672334,5.917083171419721,1.0541237598464717,0.00036968294086652567,3.091717178970946,0.07873931402778811,0.1946873985840032,0.6943000000001476,3,optimal,76.36615583776451,0,0,0.9385680106005695,0.5835745420209806,742,0.8820667284522705,1.3083681080215017,0.20076314597215372,running
MPC,17.409999999999922,-39.885851092375454,-11.1418555401568,3.0348086848817637,5.892818526785349,0.2036215844810694,-0.07854504287723336,3.0473183497153404,0.15155607634893187,0.08936804641959739,0.6864999999995902,3,optimal,76.76592347114111,0,0,0.9018958881108717,0.6976696931175723,774,1.0214550509731235,1.2843724455258416,0.18173959276038115,running
MPC,17.509999999999938,-39.6124029520574,-11.263267638945852,2.9702223897453024,5.848834726617674,-0.7350015913634855,-0.03423242340972107,2.961308525745415,0.14000964521803935,0.01299617122636576,0.6285999999997571,3,optimal,76.96571628433126,0,0,0.8674594177803518,0.6302058817984111,393,-0.6381371640407785,1.7417277250869916,0.20555103769803026,running
MPC,17.609999999999953,-39.351721929544915,-11.38636919595694,2.8383163988339684,5.838603140184929,-1.5011096862788726,0.041821737435400526,2.820111421117415,0.14590434132473273,0.18240135465427088,0.507200000000374,2,optimal,77.36556865879285,0,0,0.91383829971479,0.567203895868821,430,-0.4769694161260427,1.682532178899496,0.1858417393054998,running
MPC,17.70999999999997,-39.10292138677994,-11.495599663491245,2.6565336173143805,5.894493797515719,-2.0687149404851057,0.1698017322884148,2.631444904785458,0.0637875049115654,0.23243710367277437,0.49279999999995994,2,optimal,77.56553018608355,0,0,0.9436960971203259,0.531472645797277,404,-0.5902224281742354,1.451997019500732,0.19872007704051406,running
MPC,17.809999999999985,-38.855844662900154,-11.569461481060983,2.544698122353659,6.048663231864399,-1.2727044738110194,0.322320968653488,2.5292631699332784,0.06514652553918869,0.18022119286250415,0.6465999999996086,3,optimal,77.76549171337425,0,0,1.0202042350790497,0.5823637198331195,410,-0.5640871177015756,1.5027590987752568,0.19536680809182225,running
MPC,17.91,-38.60919285101652,-11.5864001096967,2.4440851411928257,6.2788914527078745,-1.144990606889436,0.3100010445031599,2.4301990616647156,0.09234845631720451,0.10522001928465308,0.6622000000007233,3,optimal,78.165018453241,0,0,0.9874909549302746,0.6923320447175415,391,-0.6468489341983319,1.6127697268211068,0.20689564634075194,running
MPC,18.010000000000016,-38.36593675941798,-11.550400659044534,2.477097918034286,6.469027131437957,0.856048315166985,0.20141063789803293,2.5296899727095243,0.046190063451738456,0.03992496003568391,0.503499999999768,2,optimal,78.36482813925947,0,0,1.0301398381513793,0.8037266755990994,726,0.8123725671918445,1.5645768868531282,0.2135218524542555,running
MPC,18.11000000000003,-38.12369126453427,-11.483808433897375,2.5432864416543284,6.566681871362141,1.716322574148572,0.0011777797654510182,2.6487301754491432,0.024355421717059206,0.1262949850161661,0.48709999999996256,2,optimal,78.56478966655017,0,0,0.9983422604875424,0.708919245913791,720,0.7862372567191844,1.4597006653810207,0.21901940157552577,running
MPC,18.210000000000047,-37.874177091831854,-11.415248530811148,2.6261265564814837,6.536411902605837,2.1481119587905972,-0.1447001834854396,2.758097637533388,0.0805473265911949,0.0959752506787801,0.858400000000259,3,optimal,78.764751193595,0,0,0.9556310508181481,0.6904000228902499,695,0.6773401297497683,1.5801326195969596,0.21187243445594103,running
MPC,18.310000000000063,-37.6111274434841,-11.367748644104095,2.715543956400839,6.428827500616016,2.3186663428883283,-0.16262993852560198,2.8579931907703164,0.0935869872603982,0.004204077668788386,0.697100000000006,3,optimal,79.16466173071073,0,0,1.0122783435007676,0.687978872553688,713,0.755746061167748,1.5408613105404967,0.22600293112750477,running
MPC,18.41000000000008,-37.333936660508705,-11.347743874615546,2.8348678439812645,6.3249177950965505,3.094166037984227,-0.10843977354468297,3.0249605601992613,0.0414368945614565,0.08836750902444557,0.7597999999999772,2,optimal,79.36462325800144,0,0,0.9566296744222045,0.7265965933675916,715,0.7644578313253012,1.6480450246686607,0.2239412608755995,running
MPC,18.510000000000094,-37.04420523320838,-11.347015648357088,2.9509926400778546,6.266403167579704,3.0112109782522127,-0.023389786263374138,3.135988941806486,0.09170195930129058,0.12602294254922342,0.44440000000101065,2,optimal,79.56455925601651,0,0,1.013331876803501,0.683736344284101,355,-0.803660797034291,1.5606360768557344,0.21530714918272373,running
MPC,18.61000000000011,-36.74381674696711,-11.354126347726872,3.0505147347170025,6.257257173178258,2.58068934482167,0.016645272603478332,3.2090615745600215,0.02779459040533368,0.08748095123457489,0.49409999999916465,2,optimal,79.9644749176197,0,0,1.0203467769944117,0.6929630757297827,317,-0.9691844300278036,1.345382676796167,0.1880099623774673,running
MPC,18.710000000000125,-36.4342837466839,-11.360062271930854,3.134557309654914,6.264029389411525,2.1792927333377174,-0.009305412311531959,3.2684440080507744,0.10798325147065935,0.021027895334952973,0.4898000000004288,2,optimal,80.36439797220109,0,0,0.9568877478289942,0.6569727099615698,729,0.8254402224281745,1.5701795992374372,0.21092842571338707,running
MPC,18.81000000000014,-36.117185771306914,-11.369943445339068,3.2051643511014576,6.237328216567377,1.830898356703206,-0.07325294646754751,3.317647145325235,0.05334856165216971,0.012723967421914395,0.5043000000002351,2,optimal,80.56430346629658,0,0,0.9478144470829135,0.6211351202018198,711,0.7470342910101948,1.6535375362616593,0.22502164647011186,running
MPC,18.910000000000156,-35.79510232654642,-11.396770539341205,3.256088314488458,6.164799181574639,1.3205000375587557,-0.10392032067936624,3.337214354857333,0.07737553457551058,0.022186433010391582,0.7374999999996135,3,optimal,80.96413001451204,0,0,0.9739795522095324,0.6284854087003481,717,0.7731696014828544,1.6636401402381906,0.22193355627601147,running
MPC,19.010000000000172,-35.472027996911294,-11.451955509119697,3.298541406454437,6.05920936747067,1.1008434105871339,-0.13947378009516592,3.3661726555471714,0.10868251375689586,0.09820639764868844,0.7577000000003054,3,optimal,81.16409154180273,0,0,0.9502450008310951,0.593186536456798,332,-0.903846153846154,1.3920649445660886,0.19727332187940388,running
MPC,19.110000000000188,-35.15356440553258,-11.539267395551533,3.306884592590851,5.966781550336472,0.21634564306726875,-0.064491646491354,3.3201759707611638,0.10891462526125409,0.12127380775896768,0.6600000000007711,3,optimal,81.56388246622687,0,0,0.8996788636914055,0.5657644074912417,325,-0.9343373493975904,1.3019139408238403,0.1927368289037113,running
MPC,19.210000000000203,-34.84524243688701,-11.644542832611352,3.233305993698602,5.930064411418929,-0.8373353381214159,-0.0027330618961468804,3.2231510587787096,0.14852022366101839,0.07300141452848052,0.8502999999997485,3,optimal,81.96362096813384,0,0,0.8950608967423037,0.6172431211163684,303,-1.0301668211306765,1.2313137558903522,0.18078229188031242,running
MPC,19.31000000000022,-34.550756122320074,-11.7523371174991,3.0863358540905628,5.923891522869258,-1.6725419265276844,-0.0004222053994379832,3.0660518010458335,0.16980270028963593,0.014767679468903339,0.6583000000004446,3,optimal,82.1633397877082,0,0,0.8597672864611857,0.5773409444835332,678,0.6032900834105654,1.7376864699006473,0.20049220035001988,running
MPC,19.410000000000235,-34.27476279396261,-11.858227814821097,2.8898023102770676,5.906064182093523,-2.2365807971182985,-0.02495527696241638,2.862677774378733,0.1429996785593639,0.12520157323758596,0.7321000000004574,3,optimal,82.56318640816875,0,0,0.900738487818942,0.5554739905463919,644,0.45518999073215927,1.7236336081578079,0.18381666948290917,running
MPC,19.51000000000025,-34.02370580433884,-11.967304819693124,2.660445780472386,5.846566350131928,-2.6101112324196465,-0.10086860710282547,2.628791187035103,0.1155530964618064,0.16682735642726776,0.7429999999999382,3,optimal,82.76314793545944,0,0,0.8931821410225836,0.5363682760984082,630,0.3942075996292864,1.6099301578995884,0.17881488791364855,running
MPC,19.610000000000266,-33.80154130611138,-12.09269565098288,2.499715205441787,5.719683949808617,-1.829137716889501,-0.2696556630334202,2.477532008783436,0.07074193381945255,0.29016665781797,0.6797000000000608,3,optimal,83.16236601814204,0,0,0.9928174198245776,0.5434417329182821,683,0.6250695088044487,1.3760247589667833,0.20359530110414154,running
MPC,19.71000000000028,-33.6168776123607,-12.254500859624214,2.4428273081036043,5.4976078949142115,-0.6473926857786608,-0.40603125817744906,2.4349759368639208,0.016905617166196034,0.16461265646742262,0.6737000000009985,3,optimal,83.36232754543273,0,0,1.004033498018483,0.5983610997314925,671,0.572798887859129,1.4534515130178216,0.19645703600221623,running
MPC,19.810000000000297,-33.48316236663676,-12.457993045417574,2.44020069174333,5.236492593011761,-0.029891282672645215,-0.3449635355471287,2.4398381798363395,0.028682995616744648,0.01822361752131485,0.6383000000012018,3,optimal,83.56122254726293,0,0,1.0005769369318134,0.6856446881452651,681,0.6163577386468955,1.569041052843395,0.2023310757067991,running
MPC,19.910000000000313,-33.397059437937614,-12.687168427103808,2.4609330943478396,5.031543184227424,0.5376081631722924,-0.19893189143459367,2.4939615080605595,0.07355100258115742,0.10439331781324057,0.5631999999993198,2,optimal,83.76118407455363,0,0,0.9989946568751972,0.7356918579979538,708,0.7339666357738648,1.5553543480367285,0.22234991952811328,running
MPC,20.01000000000033,-33.34221490931138,-12.929048462353581,2.4981774343492553,4.914590715387315,0.9657762102482997,-0.06681697280345561,2.5575107153726697,0.08623274751930445,0.048635409523779316,0.4692000000003915,2,optimal,84.16016705691892,0,0,0.978088815749728,0.7936533017424318,670,0.5684430027803522,1.8418876765193009,0.1959085467248559,running
MPC,20.110000000000344,-33.301979425384026,-13.180139975079776,2.5817257233331725,4.856027872036156,2.1664754941166926,-0.07228527377434807,2.7148249837609244,0.06240263393143263,0.028060610311905876,0.4989999999995831,2,optimal,84.35955304361482,0,0,0.977908353350228,0.764675759887096,703,0.7121872103799816,1.6640851506329324,0.21811666573475305,running
MPC,20.21000000000036,-33.2737783439359,-13.440553400297878,2.651713062788849,4.808842302687018,1.8148289770283366,-0.034020517671384844,2.7632086210360063,0.07991822915578668,0.012617396290895755,0.8805000000000618,2,optimal,84.55951457090552,0,0,0.9500972169353381,0.7526092538818699,721,0.7905931417979613,1.584847282552234,0.21807316453493353,running
MPC,20.310000000000375,-33.25443036056248,-13.70896559206618,2.7248859059661896,4.772819617846464,1.8974316949694572,-0.03296275959369311,2.841456232285795,0.09637584248321172,0.05187940898867183,0.5217000000001804,2,optimal,84.95922726140914,0,0,0.9502335675966816,0.7392065868791304,713,0.755746061167748,1.6525318545949677,0.22600293112750477,running
MPC,20.41000000000039,-33.24589016967182,-13.987037032399627,2.8313125867542976,4.725037999492894,2.759730913124975,-0.0667390155444239,3.000858997278687,0.05292609725359202,0.03580153168224598,0.6991000000002856,2,optimal,85.15916607257272,0,0,1.0258134315414913,0.7046719967183916,708,0.7339666357738648,1.6481066567595417,0.22234991952811328,running
MPC,20.510000000000407,-33.25197368149575,-14.276283987886927,2.946131668433663,4.674543815804244,2.9773527350537505,-0.047152411530124914,3.1290478602596727,0.1042291279867347,0.015101719111365597,0.4652000000007206,2,optimal,85.35912759986341,0,0,1.023433712692397,0.7207078885160725,738,0.8646431881371641,1.5278520443452188,0.2037158366078793,running
MPC,20.610000000000422,-33.26784416495931,-14.576628918097418,3.0601095409697407,4.650222199714128,2.955539493675357,-0.011144128764011583,3.2416856178011986,0.03928591887675754,0.013756210759236609,0.5309999999996151,2,optimal,85.75904450984495,0,0,0.9656429731120159,0.7013177126031099,703,0.7121872103799816,1.7820750158872938,0.21811666573475305,running
MPC,20.710000000000438,-33.28935357292248,-14.889670683545315,3.204016443893463,4.637072932688562,3.7316237401161994,-0.006319423666645503,3.433271914981361,0.09588440177359182,0.014535864669637633,0.48650000000005633,2,optimal,86.15896309789359,0,0,1.0271366548023089,0.663855367493293,732,0.8385078776645041,1.5666188635774987,0.20843240730709414,running
MPC,20.810000000000453,-33.31636141716005,-15.218420815429003,3.3791596474934593,4.623731158335988,4.541606574774085,-0.010159843979569018,3.6581771013708715,0.052101980534804894,0.006827230720958255,0.5056999999988321,2,optimal,86.35892462518429,0,0,1.0278551554716142,0.6393361435494478,706,0.7252548656163116,1.7535370069757747,0.2206244765899192,running
MPC,20.91000000000047,-33.34927813032141,-15.56380331904452,3.5464467087065468,4.609843319542545,4.337890374639726,-0.0026730769995833444,3.812948684957432,0.03175263030962617,0.004609883549470339,0.4754000000000147,2,optimal,86.7588434191152,0,0,0.9924960966510179,0.6057826163121639,353,-0.8123725671918443,1.6214284482894243,0.21352185245425553,running
MPC,21.010000000000485,-33.38870123139424,-15.926051777573862,3.7269065334882003,4.595559892381482,4.679470912172764,-0.0021290518031610033,4.014393799923823,0.054697577265743307,0.0006819280237078118,0.4815999999996379,2,optimal,87.15876343839791,0,0,1.0223175428399742,0.5681112851587703,370,-0.7383225208526414,1.7133550372998787,0.22322918788849236,running
MPC,21.1100000000005,-33.433659534145484,-16.306605195860534,3.9215143912961294,4.5938242604145,5.046340984727813,0.0009873800879956415,4.231540631960982,0.06879220377306654,0.007970344327024037,0.5239999999986367,2,optimal,87.55868499762231,0,0,1.011057157760365,0.5379348467307689,717,0.7731696014828544,1.6567936536642924,0.22193355627601147,running
MPC,21.210000000000516,-33.48009022507102,-16.7071202747053,4.126063081830158,4.595997338104027,5.304114911089783,-0.004666813614662966,4.451925882405108,0.06355311053440171,0.01831414837013945,0.49600000000005195,2,optimal,87.9586079163164,0,0,0.9764316166233202,0.5262519003478552,738,0.8646431881371641,1.542877648274613,0.2037158366078793,running
MPC,21.31000000000053,-33.532157850498024,-17.127823904613578,4.335480324900715,4.580549929622548,5.430360461902141,-0.013810444234085709,4.669099128020372,0.03901378666316632,0.00900641796752133,0.5171999999999954,2,optimal,88.35853041758271,0,0,1.0324901867294614,0.48961536438461545,359,-0.7862372567191844,1.6463059862913139,0.21901940157552577,running
MPC,21.410000000000547,-33.592462915937354,-17.568576778169145,4.545003909059689,4.564443137833963,5.4331179733351025,-0.007411626974365237,4.878792122234225,0.015292710914223184,0.0023991108380894133,0.4697000000000173,2,optimal,88.75845293224423,0,0,1.0277366734665063,0.4590895972468967,362,-0.7731696014828544,1.6464453540356563,0.22193355627601147,running
MPC,21.510000000000563,-33.66055917852273,-18.029169009051916,4.750524877826631,4.562177500988577,5.329326881205351,0.001950534879877395,5.077936597180225,0.07578530714016031,0.0011414608192357178,0.46419999999969264,2,optimal,89.15837566221676,0,0,1.0275342146477704,0.44172099764696154,360,-0.7818813716404078,1.6445660464926106,0.21997807798827249,running
MPC,21.61000000000058,-33.72951798191036,-18.509996173466675,4.948593797094473,4.5798983336735954,5.136089140288191,0.0019274732523741937,5.264133791855451,0.03996656497666541,0.02101517824399224,0.5226000000000397,2,optimal,89.75826000094715,0,0,1.0078117946869507,0.4210953707477101,725,0.8080166821130677,1.5965688655214088,0.2144087504700342,running
MPC,21.710000000000594,-33.79687965808369,-19.012039914492803,5.164945298073289,4.583206495065399,5.61017144320207,-0.017409342488846024,5.50961094141468,0.06733681186668732,0.02728831834592782,0.48370000000019786,2,optimal,90.1581829005335,0,0,1.0219905054638043,0.39979619443452163,739,0.8689990732159409,1.4802202135874662,0.20296376061118723,running
MPC,21.81000000000061,-33.86897478223055,-19.53479494888955,5.372533498934394,4.564541216266854,5.3829319008547065,-0.026436618167951467,5.7032384881587594,0.015939172016154204,0.013142641202065874,0.4623000000005817,2,optimal,90.75806747034648,0,0,1.025889007441827,0.3789601392840592,706,0.7252548656163116,1.685337821681507,0.2206244765899192,running
MPC,21.910000000000625,-33.950808676866096,-20.07765418112921,5.590008432504132,4.5461471069747805,5.639302969498168,-0.019319310233175416,5.936463795884211,0.06047925153308493,0.0007951179723413304,0.4809000000003394,2,optimal,91.35795170379876,0,0,1.0217590318035277,0.3759747088336357,715,0.7644578313253012,1.6818461875620123,0.2239412608755995,running
MPC,22.01000000000064,-34.04479580919694,-20.641126102302156,5.81706769426003,4.5289484176940995,5.887832441440823,-0.010555952003585908,6.178791676648214,0.08804986110245469,0.013868867338608482,0.47950000000085424,2,optimal,91.95783604555898,0,0,1.0001736351631916,0.3549815597482458,732,0.8385078776645041,1.5351155405032373,0.20843240730709414,running
MPC,22.110000000000657,-34.15200466826905,-21.225553729391375,6.0481509013214545,4.5120330485371385,5.992176635680013,-0.0017185696049142323,6.4162853578280306,0.09230986476485631,0.026465280914425904,0.49100000000024124,2,optimal,92.55772029024897,0,0,0.9865602614887088,0.342518032202002,358,-0.790593141797961,1.6196104256115043,0.21807316453493358,running
MPC,22.210000000000672,-34.2713100044727,-21.831064473721675,6.276626321761125,4.5101046710428205,5.924554594838406,0.0072702131411225895,6.640606360805295,0.07377443756198446,0.024136967922069985,0.9039000000008457,2,optimal,93.15760486955719,0,0,1.0299200447309218,0.3304150686760765,342,-0.8602873030583875,1.5078733984761956,0.20447740104668094,running
MPC,22.310000000000688,-34.39410144589784,-22.458676468555947,6.49606305375192,4.532110647807758,5.690174007736093,0.007658430096008993,6.845643722534734,0.03413514427306915,0.0018014305596452118,0.6032999999998623,2,optimal,93.7574893261256,0,0,1.0153473323706392,0.32055668243544966,351,-0.8210843373493977,1.5828248791710282,0.21178185999974475,running
MPC,22.410000000000704,-34.514894492687006,-23.10819126997864,6.700611185849655,4.537337844316533,5.304100430379764,-0.005719194068637293,7.026473096789896,0.0269421035305822,0.011150803590377123,0.6430999999995635,2,optimal,94.35737350516139,0,0,1.0151889875167326,0.30919900269927303,739,0.8689990732159409,1.4996830146208968,0.20296376061118723,running
MPC,22.51000000000072,-34.63970711545589,-23.776290360400033,6.878343498575657,4.514473521820507,4.608744292868648,-0.01052144653941319,7.16148561513652,0.0934005632005365,0.006482392015543681,0.5180999999998548,2,optimal,95.15721933446362,0,0,1.0336629676709448,0.3056876929526065,722,0.7949490268767376,1.6516030488578208,0.21713917065507293,running
MPC,22.610000000000735,-34.77587373262027,-24.459529661940657,7.042198189781369,4.491832339497137,4.248886211919533,-0.00046301104158487865,7.30323211976761,0.004373029289440484,0.02515060686727466,0.532299999999708,2,optimal,95.75710390094595,0,0,1.0143339394268944,0.2910528238275744,345,-0.8472196478220575,1.5322577466426048,0.20682039817249398,running
MPC,22.71000000000075,-34.9250259606969,-25.155274048545895,7.178024277322473,4.487729805443957,3.522081585371457,0.011292228798464027,7.394406348318515,0.0858430835744149,0.024471988618476104,0.5221000000004139,2,optimal,96.55694975559213,0,0,0.9839018689575391,0.2761656310468102,353,-0.8123725671918443,1.5511216654213598,0.21352185245425553,running
MPC,22.810000000000766,-35.0779162197029,-25.863410896660902,7.301211247294181,4.513135535042021,3.194338925236014,0.013231445472928151,7.497458169846075,0.044642678222674884,0.0038362935416493826,0.5672999999992712,2,optimal,97.15683421960537,0,0,1.0027500490126602,0.27770285341178236,353,-0.8123725671918443,1.584509657128618,0.21352185245425553,running
MPC,22.91000000000078,-35.224633128155084,-26.583897027218665,7.396758970459808,4.5388418498748075,2.4776306406086244,0.0003130834620180543,7.548974311355043,0.030472880045382664,0.03271145208449866,0.48779999999926105,2,optimal,97.95668022559006,0,0,0.9824975340988524,0.27432005042502106,710,0.742678405931418,1.6995527079850687,0.2241197071405647,running
MPC,23.010000000000797,-35.36159406610019,-27.315379096902376,7.480489425539004,4.5447557427855045,2.171199210018981,-0.01609074161787821,7.613878891461706,0.08069335234844982,0.040783629588190706,0.5241000000006935,2,optimal,98.75652631363484,0,0,0.9971818105335841,0.25858774338358537,710,0.742678405931418,1.6331373472509487,0.2241197071405647,running
MPC,23.110000000000813,-35.497587889392776,-28.05508274951704,7.555536147339077,4.518200961304679,1.9460229008992307,-0.02508928501427663,7.675091715628928,0.07379630332822294,0.015097539824772355,0.7075000000007492,3,optimal,99.35641088465246,0,0,0.9795629789168045,0.26286083475292893,718,0.7775254865616312,1.6222560392501284,0.22094939445953415,running
MPC,23.21000000000083,-35.642923488602335,-28.799149438087266,7.6033613646912555,4.490075534016455,1.240147017424176,-0.014317467245659486,7.679550849081495,0.0433745852955823,0.012662163602129795,0.47189999999996957,2,optimal,100.1562569900435,0,0,0.9826865605399068,0.26188428432217675,730,0.8297961075069509,1.5457440820821389,0.21008581223244965,running
MPC,23.310000000000844,-35.803455884770095,-29.544239426530396,7.63791225107333,4.464532077386725,0.8959327540649721,-0.0009735565069678409,7.692954640097753,0.030826830653224033,0.0389083001755246,0.44700000000030826,2,optimal,100.95610309745106,0,0,0.9713412361009466,0.2686892064052449,372,-0.729610750695088,1.74435936118608,0.22148173646210823,running
MPC,23.41000000000086,-35.97921276540894,-30.288810397885026,7.6610349697540805,4.457871289805395,0.5995910148302811,0.012463030197872772,7.6978713525563585,0.04477155785227944,0.047288240981171015,0.46090000000020837,2,optimal,101.75594916592792,0,0,1.0281643418226478,0.2575489642450722,344,-0.8515755329008341,1.501976359373438,0.20602954162158948,running
MPC,23.510000000000876,-36.15959077853135,-31.03397061024072,7.6717389181248485,4.485328236478823,0.2775621394236125,0.01635047795301473,7.688791183696441,0.07773531330556648,0.022540347565801255,0.4597000000003959,2,optimal,102.55579516887337,0,0,1.0102986719520053,0.2622511876147419,371,-0.7339666357738648,1.7141650410264162,0.22234991952811328,running
MPC,23.61000000000089,-36.33205921611889,-31.77959363941168,7.643723956932886,4.516397869591736,-0.3188144019497183,0.0017931575021180538,7.639857477929877,0.09346340225195814,0.007438193537346649,0.46029999999941396,2,optimal,103.15567974880152,0,0,1.0245306037311406,0.26322615316048603,711,0.7470342910101948,1.7066716514135851,0.22502164647011186,running
MPC,23.710000000000907,-36.48935344977121,-32.51927908710776,7.520802099273512,4.5304796520439785,-1.3988689210629734,-0.0116443065160612,7.503837064826589,0.05296032816660757,0.04320654167767124,0.48229999999982454,2,optimal,103.95552052675217,0,0,1.029200677537557,0.2542036607295696,719,0.781881371640408,1.598754226168048,0.21997807798827246,running
MPC,23.810000000000922,-36.64052186253209,-33.24442900764747,7.349622727110346,4.482707451438915,-1.948046573699514,-0.036625978363186686,7.32599744190356,0.014395428230562588,0.046325721636485184,0.6231999999997129,3,optimal,104.7553249110518,0,0,0.9945482106696092,0.24967707546037118,730,0.8297961075069509,1.4776310331506712,0.21008581223244965,running
MPC,23.910000000000938,-36.80865097493892,-33.94754651345173,7.169124855036556,4.388392653141192,-2.0540924809459096,-0.05244029806625829,7.144213479015756,0.10582138004543612,0.001619013704473815,0.524500000000927,2,optimal,105.55515433500456,0,0,0.9880622616046603,0.2623168950677416,716,0.768813716404078,1.6086035812736683,0.22293077345441878,running
MPC,24.010000000000954,-37.016288620405646,-34.62644450436011,7.0663220952691,4.292448814865917,-1.1699106113145286,-0.03693165709633183,7.052133793905103,0.07676152986298176,0.07939312910160723,0.48220000000132046,2,optimal,106.1550381524416,0,0,0.9314889498306217,0.28069469725883034,356,-0.7993049119555145,1.6192278177277213,0.21621722807816315,running
MPC,24.11000000000097,-37.270541758711175,-35.28377516045803,7.040105184713223,4.250761832434849,-0.29835231976830084,0.016118156849009854,7.03648686329227,0.0985180696551333,0.11674760037231025,0.4488999999994192,2,optimal,106.95488405694228,0,0,0.9798420426686201,0.2753924574449483,385,-0.6729842446709917,1.7328478992001373,0.21113476830746442,running
MPC,24.210000000000985,-37.549782210307626,-35.932361823939424,7.0797040637528665,4.302700031520573,1.026831334037173,0.05760464956471704,7.14278831811694,0.02807306518488505,0.06407410730752439,0.6748999999990346,3,optimal,107.55476863251873,0,0,0.9946451553675346,0.2725347655689587,375,-0.7165430954587582,1.6657766154447873,0.21894209497805295,running
MPC,24.310000000001,-37.82152196839483,-36.58946070286371,7.137837501437948,4.385549604483996,1.5074476050339538,0.039038001113763994,7.230448824256262,0.06792199719526562,0.017987162683088087,0.6332999999996147,3,optimal,108.35461473835262,0,0,1.0139833809065457,0.2888460073358957,718,0.7775254865616312,1.6782822571875182,0.22094939445953415,running
MPC,24.410000000001016,-38.0681146757489,-37.26431525300943,7.225856284877685,4.420756894681443,2.282399073197834,-0.002673007681905616,7.366077408757731,0.05865702421086855,0.051182922364244376,0.5095999999999989,2,optimal,108.95449930470153,0,0,1.0161856024457763,0.27868658224188525,737,0.8602873030583873,1.5018855926645986,0.20447740104668097,running
MPC,24.510000000001032,-38.30149102496628,-37.95326321583436,7.315104251150318,4.391056835267633,2.3142727897950315,-0.021545638608243635,7.457283563857189,0.023601279032968808,0.017160155390628873,0.5287000000002706,2,optimal,109.75434518448122,0,0,1.0154410059608772,0.28024410416892387,723,0.7993049119555145,1.6280602153961286,0.21621722807816315,running
MPC,24.610000000001047,-38.53949443483624,-38.650211711540194,7.406962007721618,4.359667899158087,2.381946787618405,-0.004149177887710772,7.553298929912159,0.0830138931292483,0.019303518681869747,0.5906000000006628,2,optimal,110.55419096444683,0,0,1.0058316588683285,0.2694307140316932,350,-0.8254402224281743,1.5476682343626613,0.21092842571338713,running
MPC,24.710000000001063,-38.79019202338487,-39.35228233413634,7.49576228421042,4.351742436969001,2.3026638273921995,0.01421354990707755,7.637228390460838,0.06517846582913495,0.03006847329171869,0.4873000000005234,2,optimal,111.1540755221105,0,0,1.0137391666421518,0.25676321604777136,348,-0.8341519925857275,1.4869184079909976,0.20925385860619156,running
MPC,24.81000000000108,-39.045843526372884,-40.0607203776596,7.562041172405429,4.378006633756346,1.7186658015154697,0.02367619715409374,7.667628864361967,0.033920933455741945,0.006111808219824155,0.6968000000000529,3,optimal,111.95392157446051,0,0,1.0044115595845844,0.2726765994317983,356,-0.7993049119555145,1.6412480940285563,0.21621722807816315,running
MPC,24.910000000001094,-39.2958160732676,-40.77770500462295,7.619728735221175,4.406018937919292,1.4958857048489236,0.010655934366098846,7.711629742890322,0.04327803113611678,0.021208899423017513,0.5679000000000656,2,optimal,112.753767670469,0,0,0.9657331455557088,0.2713658713348946,722,0.7949490268767376,1.65425412651967,0.21713917065507293,running
MPC,25.01000000000111,-39.53573847456528,-41.50389240511975,7.672070023634297,4.4134773557155595,1.357252435167774,-0.005703205273867054,7.755453978737952,0.06618924905931566,0.02966181545107638,0.48130000000057294,2,optimal,113.55361377635485,0,0,0.9945965575116416,0.26158937258093384,724,0.8036607970342913,1.598767140223467,0.2153071491827237,running
MPC,25.110000000001126,-39.773935258828665,-42.23583896017947,7.718789616526117,4.386441720215975,1.2114772705246344,-0.012983153190607754,7.79321775068676,0.09138766787870818,0.004737332062884292,0.44139999999881496,2,optimal,114.353459840302,0,0,1.0103347604048096,0.26402653062045406,359,-0.7862372567191844,1.6501537644004178,0.21901940157552577,running
MPC,25.21000000000114,-40.02112116846481,-42.96929102772662,7.757946741444687,4.357216958807133,1.0153762882262949,-0.00215034898503447,7.8203272453487465,0.08537256858742065,0.022592482612100895,0.49559999999893023,2,optimal,114.95334437190984,0,0,1.005669336302633,0.2548062239351389,353,-0.8123725671918443,1.5662407665332045,0.21352185245425553,running
MPC,25.310000000001157,-40.2813381384824,-43.70078582163749,7.769263156906024,4.348265762504315,0.2934439122140043,0.012834002212524722,7.787291132666088,0.06369290039128687,0.02842956173394029,0.4963999999993973,2,optimal,115.75319037336281,0,0,1.0024523784867438,0.24813447362836152,355,-0.803660797034291,1.5514130949354288,0.21530714918272373,running
MPC,25.410000000001173,-40.545430440568005,-44.43061994189751,7.757485579981958,4.375187792290749,-0.1340305673719617,0.017376616085853423,7.755860100168827,0.04524265153421278,0.002416485246573785,0.6889000000001033,3,optimal,116.55303641682632,0,0,1.0114403024994425,0.25883535529644836,334,-0.8951343836886005,1.4563257533876943,0.19864329610943066,running
MPC,25.510000000001188,-40.80103356561356,-45.1595978875945,7.708424572489591,4.4070323324278515,-0.5583215216881072,0.005238156597028065,7.701653427813148,0.02426998497156651,0.03817545149240331,0.485600000000197,2,optimal,117.3528823188902,0,0,0.9996053612511426,0.2581794282540107,704,0.7165430954587584,1.7292323339908726,0.21894209497805303,running
MPC,25.610000000001204,-41.04091685875559,-45.885087564247286,7.607024038073824,4.420887277468143,-1.1539530794145545,-0.014597193061995428,7.593029264548135,0.025976795452618356,0.05401046124086761,0.8860999999988906,3,optimal,118.15272839082297,0,0,1.0095192289229529,0.2574443054412683,725,0.8080166821130677,1.585559513082944,0.2144087504700342,running
MPC,25.71000000000122,-41.27022751999112,-46.59795759456318,7.4279621113632,4.396891634515459,-2.0377512103279254,-0.013793059109724387,7.403248917041031,0.08065501433856898,0.02957913112065036,0.74720000000017,3,optimal,118.95257449993628,0,0,1.013365448597343,0.2546125964537707,744,0.8907784986098242,1.4172420777897183,0.19934114321212792,running
MPC,25.810000000001235,-41.498066062638635,-47.28773073224092,7.1809158245864815,4.361981626045253,-2.811423283185349,-0.0048473402401273905,7.146819783044665,0.06423482931426965,0.007294632132756718,0.7945000000004754,3,optimal,119.55245900633412,0,0,1.0029316931455654,0.27205231250651596,706,0.7252548656163116,1.732846234886811,0.2206244765899192,running
MPC,25.91000000000125,-41.729246151999945,-47.94552841641805,6.86618019117858,4.3396323938166175,-3.581738059519195,0.01812458645758717,6.822742018634562,0.06886549039311218,0.03462770948495475,0.6615999999999289,3,optimal,120.35230470721385,0,0,0.9862708707782034,0.2824796064603106,374,-0.7208989805375348,1.7435845060384323,0.2197779812188762,running
MPC,26.010000000001266,-41.954083634349054,-48.56993022287727,6.519379380356669,4.380978288613903,-3.946644521127701,0.04857431925124318,6.47151573906581,0.037276405898939595,0.0038834164504049085,0.6593999999990885,3,optimal,120.95218819640704,0,0,0.9979701259169526,0.2951629760125229,352,-0.8167284522706209,1.6001048304364238,0.2126462795560751,running
MPC,26.110000000001282,-42.15041045407902,-49.165302556605184,6.142353735063893,4.476573002918021,-4.290607607845182,0.04686955648767506,6.090318619572151,0.0508136533066607,0.06122124974099208,0.4786000000009949,2,optimal,121.55207165484177,0,0,0.9787033285149939,0.3009307828680542,721,0.7905931417979613,1.5981077157707966,0.21807316453493353,running
MPC,26.210000000001298,-42.299498015601095,-49.73394213686356,5.745983942658518,4.569601530704381,-4.510746863104979,0.010893600560091652,5.691279048753396,0.05007062245174392,0.10510419556705486,0.5315999999995213,2,optimal,122.15190770017605,0,0,0.9657888141155097,0.3145111194481998,705,0.7208989805375348,1.6709995399676638,0.2197779812188762,running
MPC,26.310000000001313,-42.400729273235456,-50.272521414454324,5.345876965208287,4.615874241565235,-4.553276581668112,-0.027338343626896702,5.290656284491707,0.06098364575262977,0.08500775082011458,0.7949999999983248,3,optimal,122.75173190178612,0,0,0.9939207157873782,0.3309043705168895,735,0.8515755329008341,1.4586503405000484,0.20602954162158948,running
MPC,26.41000000000133,-42.47323983137962,-50.776121791239824,4.9564936266106265,4.59193436414487,-4.431239985433667,-0.033439002082573804,4.90275296666492,0.11031242164899804,0.004675313756665744,0.7457999999997966,3,optimal,123.15157562040113,0,0,1.0071743866396534,0.365458853628762,376,-0.7121872103799816,1.6969378728725084,0.21811666573475305,running
MPC,26.510000000001344,-42.53890159058567,-51.2422575581458,4.580330590150473,4.562307618708835,-4.280790991744787,0.0030120727899009395,4.528414527436148,0.04420452470110915,0.12908068547005236,0.7207000000004626,3,optimal,123.75134912371746,0,0,1.0217889847702195,0.34555521908074593,393,-0.6381371640407785,1.5812373254370247,0.20555103769803026,running
MPC,26.61000000000136,-42.59301867100525,-51.67450372998662,4.24265152943132,4.628320225331431,-3.842837655795352,0.09906945756038188,4.196046824570939,0.030313399452461812,0.13590375926429843,0.5043000000002351,2,optimal,124.15127217829885,0,0,1.0112715253877183,0.35120671691509964,394,-0.6337812789620019,1.501125870443327,0.20489107222660924,running
MPC,26.710000000001376,-42.60700248410049,-52.08252849569821,4.006078467287034,4.7968785169454184,-2.692236437813874,0.17516994126943436,3.973427885649932,0.08151786944798121,0.038945478710697756,0.6681999999997856,3,optimal,124.551138313354,0,0,0.9214555691798806,0.3933937843120904,364,-0.7644578313253012,1.4285785318369675,0.2239412608755995,running
MPC,26.81000000000139,-42.55660129043492,-52.4721682521132,3.8968195413433717,4.982085168067024,-1.243382737306476,0.15624217097201687,3.8817401935563867,0.09505555968301248,0.07738642061436707,0.6795999999997804,3,optimal,124.9509436278344,0,0,0.9284660824864266,0.4613929359551286,384,-0.6773401297497683,1.6522057598021374,0.21187243445594103,running
MPC,26.910000000001407,-42.445169231019854,-52.84424541525817,3.8821621588506154,5.111114760662894,-0.16680318068465144,0.07621926469823571,3.880139223274907,0.07548585741296401,0.13932224285784045,0.5179000000001821,2,optimal,125.35072763067882,0,0,0.9577330260235569,0.5159343361574447,360,-0.7818813716404078,1.6466091964569403,0.21997807798827249,running
MPC,27.010000000001423,-42.29404300176643,-53.20245149345427,3.8942465918301785,5.1695625308758695,0.31335923486784995,0.011667082369260279,3.9134980823374006,0.05401109409203761,0.13148019118142074,0.5024999999996282,2,optimal,125.75053001113866,0,0,1.0197287798556425,0.513393932033471,726,0.8123725671918445,1.5843175413532367,0.2135218524542555,running
MPC,27.11000000000144,-42.12695793494374,-53.553241594955196,3.881132727282339,5.1727055144817715,-0.1492377181756946,-0.03163958171441705,3.879322820012609,0.06089707766430758,0.06549252153916996,0.7313000000008785,3,optimal,126.15039201397433,0,0,1.0073507366706944,0.5187606854228854,377,-0.7078313253012047,1.7521827350502712,0.21730154451353453,running
MPC,27.210000000001454,-41.959399720281375,-53.9015084538764,3.8564582503649976,5.155596949960333,-0.2807991968263415,-0.005312560592439931,3.853052807599705,0.0753856428125993,0.02393872850013601,0.6272999999996642,2,optimal,126.55027775681788,0,0,1.0286475363571634,0.486815343484543,386,-0.6686283595922151,1.6929628410029238,0.2104061992652272,running
MPC,27.31000000000147,-41.79365658548263,-54.24885218516542,3.844674805297734,5.163604551897892,-0.1340973477095058,0.06102841555386251,3.843048515594047,0.08703428611941373,0.08569433379950553,0.4590999999996015,2,optimal,126.95008576364283,0,0,1.0303294798695988,0.463423629128766,352,-0.8167284522706209,1.4361625492305043,0.2126462795560751,running
MPC,27.410000000001485,-41.614749510394994,-54.59020854439594,3.863617854468966,5.244940016545324,0.49120876456512363,0.15162779092503778,3.8937956817542467,0.09946325277723722,0.036967109649427954,0.6453999999997961,3,optimal,127.15004729093353,0,0,0.9967574280994518,0.44607058707194247,353,-0.8123725671918443,1.393058737183122,0.21352185245425553,running
MPC,27.5100000000015,-41.400479504611276,-54.91254621788036,3.8811449016895487,5.391466137962824,0.4544906753856894,0.13744119356879989,3.909066922007535,0.08993229985521409,0.03625933146514804,0.707499999999861,3,optimal,127.5498130217157,0,0,0.9614307063466638,0.47250665805095343,383,-0.6816960148285449,1.6301956161231894,0.21261932153731194,running
MPC,27.610000000001516,-41.14544422041011,-55.207057413909666,3.912425043393233,5.515232481554124,0.8111196683701654,0.08796592017652241,3.9622568685265653,0.07563543056089576,0.08862305420989713,0.5257000000007395,2,optimal,127.94958986390483,0,0,0.9983850447930096,0.5072105909376513,350,-0.8254402224281743,1.5460703415847392,0.21092842571338713,running
MPC,27.710000000001532,-40.86178606608821,-55.47814107810832,3.9345139863602414,5.573872426440646,0.5727843647184405,0.011622549262167084,3.969703479865077,0.06162369236310967,0.08143556008260866,0.49299999999874444,2,optimal,128.3494143764697,0,0,1.0229676844255682,0.5189136504699086,349,-0.8297961075069509,1.580531277298515,0.21008581223244965,running
MPC,27.810000000001548,-40.56561837709609,-55.738430859607284,3.9501765365711377,5.576854554090092,0.406142742358391,-0.017038925106955583,3.9751282605960805,0.054879585183541225,0.02426490507548351,0.46939999999917603,2,optimal,128.74929305580372,0,0,1.0031575604573777,0.49434782437056185,368,-0.7470342910101946,1.652095653277562,0.22502164647011183,running
MPC,27.910000000001563,-40.26616586281465,-55.99754393193106,3.968279695531825,5.5735918644960565,0.4694297241919177,0.00818272600904371,3.9971195089903295,0.05125315021032166,0.035168455137378984,0.4707000000001571,2,optimal,129.14920956500237,0,0,1.0100852441655348,0.47287350485619234,370,-0.7383225208526414,1.6047504719175092,0.22322918788849236,running
MPC,28.01000000000158,-39.96068359701723,-56.25329527823118,3.997794268185959,5.606829000822737,0.7653370182939029,0.051649064804589646,4.0448133973612155,0.05460453862778953,0.04773993702253776,0.4612000000001615,2,optimal,129.54909773839617,0,0,1.0055118936532095,0.4475149996674252,367,-0.7513901760889712,1.5236315418766935,0.22593517874601313,running
MPC,28.110000000001595,-39.64127116472893,-56.49887188355101,4.056704616553586,5.670682679088403,1.5275935347150809,0.08269693694300911,4.150553621657467,0.06727522081912717,0.0235022144640169,0.5304000000005971,2,optimal,129.9489809256234,0,0,0.9955717811007205,0.44818931321449546,357,-0.7949490268767376,1.471952669719617,0.21713917065507293,running
MPC,28.21000000000161,-39.29995581478994,-56.726598212503134,4.144364142228171,5.753008061682734,2.27308322539601,0.07611723353417121,4.284012939093187,0.07918442321985468,0.02508811776767672,0.5189000000012101,2,optimal,130.3488723325379,0,0,0.9702208231317551,0.4701480217495226,346,-0.8428637627432809,1.4765684873644553,0.20762130414308752,running
MPC,28.310000000001626,-38.93431497673302,-56.9339239213281,4.254857853963233,5.821262147066851,2.8651923532998427,0.03736612679089087,4.430883377558155,0.08922968287811452,0.06513092415644195,0.6058000000006558,2,optimal,130.74877672642046,0,0,0.9681825534979442,0.4882134777581803,343,-0.8559314179796107,1.5315754773068875,0.20524858980469116,running
MPC,28.41000000000164,-38.5483241163225,-57.12859538578574,4.381304304586163,5.838881907461763,3.2788599254898747,-0.0050677852794156686,4.58274384651222,0.09572964505790267,0.04951593350514827,0.5015000000003766,2,optimal,131.34865406098405,0,0,1.0128852013367602,0.48270603934285233,712,0.7513901760889712,1.7267634586893963,0.22593517874601313,running
MPC,28.510000000001657,-38.14751301649153,-57.32648722962633,4.5455880806720375,5.820204987548319,4.260012733947348,-0.011632468315962402,4.807305577980897,0.047399448589989665,0.012668944493537282,0.5486000000001212,2,optimal,131.74857660045646,0,0,1.0266678415199033,0.4644360494579542,341,-0.8646431881371641,1.5241443881126462,0.2037158366078793,running
MPC,28.610000000001673,-37.73288921920311,-57.53416130800694,4.715336254112016,5.816210891056699,4.40170902841078,0.005486862240932874,4.985758983513115,0.021488385279458545,0.00339438255496205,0.5126999999998105,2,optimal,132.14849701924507,0,0,0.9953386266428598,0.4382616812478688,363,-0.7688137164040778,1.6547657368905813,0.22293077345441883,running
MPC,28.71000000000169,-37.3024379736757,-57.747097717435864,4.876587008582325,5.833803316105223,4.181364001781082,0.010502936348225888,5.133472654290124,0.09925624537788925,0.006397335629984013,0.4925000000000068,2,optimal,132.54841859729785,0,0,1.000596332391987,0.43356104210410595,717,0.7731696014828544,1.6851019062873156,0.22193355627601147,running
MPC,28.810000000001704,-36.856323495506636,-57.962698444720665,5.0214493855557105,5.837452612004459,3.7563999640106074,-0.00497012239786119,5.252227004983386,0.011882990275263343,0.006080508872607027,0.480299999999545,2,optimal,133.14830297524324,0,0,0.9955118104891354,0.41318427438366656,714,0.7601019462465248,1.6853168615284813,0.22496523842325897,running
MPC,28.91000000000172,-36.398137036963185,-58.1862219008901,5.16326386955687,5.818680219793461,3.677365605398055,-0.019240233822965858,5.389185946095516,0.09649396737411492,0.006580187702112994,0.5134999999993894,2,optimal,133.748186857192,0,0,1.003586631078198,0.4097222811179968,343,-0.8559314179796107,1.5539057837861745,0.20524858980469116,running
MPC,29.010000000001735,-35.93070810030798,-58.42179275630443,5.29498081918282,5.799452837625806,3.415528277058497,-0.019139777765466544,5.5048166972627195,0.031106595121411933,0.016791937382926392,0.6788000000002015,3,optimal,134.1481099117734,0,0,1.011173522851768,0.3826316536451625,351,-0.8210843373493977,1.5580302233712766,0.21178185999974475,running
MPC,29.11000000000175,-35.4592269217847,-58.6722812738975,5.376732868661375,5.761044926648893,2.1198975340260837,-0.05149574327567087,5.506970572585429,0.04327295927423079,0.039027838255069724,0.7673999999999737,3,optimal,134.74799170921898,0,0,0.9945551965337214,0.37092131433684633,337,-0.8820667284522707,1.4490103539376162,0.2007631459721537,running
MPC,29.210000000001767,-34.991154641223794,-58.93999004112971,5.405594825131069,5.735045291531956,0.7484141466486497,0.025249836799205824,5.451574283326241,0.10593130937288313,0.05752490117670561,0.732599999999195,3,optimal,135.34787541651886,0,0,0.9995243265762997,0.35027590912425616,348,-0.8341519925857275,1.4744930910741236,0.20925385860619156,running
MPC,29.310000000001782,-34.52763464840126,-59.21174935749939,5.356556641537763,5.755180536814765,-0.5580617823409941,0.019355877925146047,5.34978864689697,0.07071962300741286,0.03696720367797468,0.6827000000004801,3,optimal,135.74779844580212,0,0,0.9964436658551877,0.3423875976302589,356,-0.7993049119555145,1.5066105645511907,0.21621722807816315,running
MPC,29.410000000001798,-34.07340873980342,-59.475529861082286,5.199632549887642,5.763376772695303,-1.7858193730173473,-0.008473262394372795,5.1779747042360285,0.08678789988433083,0.02516124921212537,0.81869999999995,3,optimal,136.34768175183763,0,0,0.9984421013593691,0.3554723506055801,334,-0.8951343836886005,1.3894988898059646,0.19864329610943066,running
MPC,29.510000000001813,-33.63893123793583,-59.7328521396201,4.973300137451109,5.72152484135278,-2.5756963294845447,-0.03317023928877723,4.942062916939188,0.11870381807570934,0.0454377196619653,0.6313000000002233,3,optimal,136.74760480641902,0,0,0.9060346096765939,0.3784776796102815,343,-0.8559314179796107,1.4952667618102369,0.20524858980469116,running
MPC,29.61000000000183,-33.235508593521516,-59.99027063373726,4.6901979655040975,5.6692989246323355,-3.221744589310628,-0.02245229529610065,4.651125678520047,0.11231902370069616,0.025138629764633436,0.48469999999944946,2,optimal,137.34742655838855,0,0,0.9439060840231212,0.42008168323329603,348,-0.8341519925857275,1.6127859144680987,0.20925385860619156,running
MPC,29.710000000001845,-32.86720625289402,-60.24866732490729,4.40242948376985,5.618339674046135,-3.274847884865299,-0.050334674362845576,4.362713177017568,0.1010023720601874,0.001737714109445676,0.5020000000000024,2,optimal,137.74718972068365,0,0,0.9444732061585359,0.41589451953475604,697,0.6860518999073215,1.722679750767997,0.21337555590733343,running
MPC,29.81000000000186,-32.538174345841846,-60.512518760334885,4.125030042781864,5.534295804023915,-3.156846667527881,-0.093544862473628,4.0867448170170615,0.09734676032112802,0.0022772091805478567,0.5420000000002645,2,optimal,138.14686440451004,0,0,0.9912125491832112,0.4266888216663028,709,0.7383225208526416,1.6125411266484988,0.2232291878884924,running
MPC,29.910000000001876,-32.25490148460131,-60.78553443976739,3.839461474724617,5.428469593795595,-3.249812541840257,-0.08574544879681606,3.8000487885978385,0.08497257347292572,0.002442184098114808,0.45010000000011985,2,optimal,138.54651778726688,0,0,0.996266352727103,0.43847039042913816,711,0.7470342910101948,1.5520804341340486,0.22502164647011186,running
MPC,30.01000000000189,-32.019111906235686,-61.06310627998044,3.5432473030331844,5.341673892628797,-3.3709610857475876,-0.058026526076952356,3.502365366149858,0.05806289054086467,0.028702317336266603,0.45559999999955636,2,optimal,138.94626931730562,0,0,0.9819511587086998,0.4632053890651269,674,0.5858665430954586,1.680015203074382,0.1981437927018734,running
MPC,30.110000000001907,-31.82406299695552,-61.33499819692569,3.2468380339749237,5.283193946983294,-3.3731813226381906,-0.04986565097383875,3.205929170769365,0.052607967021248835,0.10891462481996683,0.6702000000000652,3,optimal,139.346192371887,0,0,1.0091812433203846,0.4602805855615883,715,0.7644578313253012,1.4010472298189593,0.2239412608755995,running
MPC,30.210000000001923,-31.66440211806463,-61.5993022895669,3.008933455689277,5.202233742363713,-2.7073892884420134,-0.14060044025700383,2.9760991051307224,0.06597642512390753,0.1087806541482621,0.4760000000008091,2,optimal,139.54603498899445,0,0,0.9877971531389538,0.4888600278959023,674,0.5858665430954586,1.5206927412060478,0.1981437927018734,running
MPC,30.31000000000194,-31.549743927146576,-61.86659217275942,2.8633446987920275,5.0379832538143665,-1.6568215869638885,-0.22772011040306386,2.843251296992888,0.06749670221806718,0.10311137696707817,1.1473999999997986,3,optimal,139.94552613422547,0,0,0.9637764793980542,0.5300668825674716,700,0.6991195551436515,1.436480138362858,0.2157016455530536,running
MPC,30.410000000001954,-31.491968143596086,-62.144590597492545,2.835515406553183,4.829682272213748,-0.31670146180164577,-0.2561697778599728,2.831674552611863,0.05452718116819157,0.03933526271967658,0.7908000000007576,3,optimal,140.14548766151617,0,0,0.9705947082197557,0.591557894712368,700,0.6991195551436515,1.5121777081484395,0.2157016455530536,running
MPC,30.51000000000197,-31.491567011687504,-62.428249391638865,2.843488616077866,4.645331387870231,0.206751846803324,-0.14745427776297482,2.8561905912335157,0.09271629843202599,0.09105343755804007,0.5173000000002759,2,optimal,140.54491151097173,0,0,1.0154236007527147,0.6723474603096561,718,0.7775254865616312,1.5795852298403061,0.22094939445953415,running
MPC,30.610000000001985,-31.52699402526987,-62.71264235769848,2.886776070232568,4.549489167935229,1.1224791048313947,-0.07405820014913503,2.9557365265610054,0.017546775107576688,0.12130943024000729,0.5435000000009182,2,optimal,140.7444440454478,0,0,1.0254175389844222,0.7149399740187155,706,0.7252548656163116,1.7419230392434508,0.2206244765899192,running
MPC,30.710000000002,-31.581733503905877,-62.99874849145451,2.9355521166722514,4.506178718084017,1.2648027936492272,-0.02066070157956802,3.0132563495974907,0.09820235469576166,0.11379020222802083,0.5969000000005664,2,optimal,140.9444055727385,0,0,1.025768616719272,0.6975849792503122,703,0.7121872103799816,1.7424096131642914,0.21811666573475305,running
MPC,30.810000000002017,-31.64387268728441,-63.28751374182912,2.9693226546533373,4.492504902604047,0.8756976815317447,-0.0038934355834582407,3.023121884825426,0.06372138911076265,0.02190366350933104,0.4718000000005773,2,optimal,141.34403721513405,0,0,0.9673331745008873,0.642013816261998,710,0.742678405931418,1.6124768414580475,0.2241197071405647,running
MPC,30.910000000002032,-31.7130698712606,-63.57750719414231,2.991859903825042,4.464430396156031,0.5844093114186857,-0.04811849702556528,3.027763585795206,0.11089850648108882,0.005267189112736048,0.4991999999992558,2,optimal,141.5438693228105,0,0,0.9743033841525195,0.6249054394433333,703,0.7121872103799816,1.6226431079690573,0.21811666573475305,running
MPC,31.010000000002048,-31.792891286554603,-63.865106462757836,2.9813429027547342,4.4241202906262735,-0.11968502770929369,-0.040264864018961385,2.979891401054113,0.054266096824869346,0.06605498254969078,0.578400000000201,2,optimal,141.9437923773919,0,0,0.9996775808288374,0.5923508483543964,690,0.6555607043558851,1.61313225842148,0.2082738731989199,running
MPC,31.110000000002064,-31.886675613356662,-64.147988848958,2.980684484048631,4.361543125440556,-0.00749290225963236,-0.09653764172217225,2.980593612528771,0.09681487066834252,0.058718818978114484,0.4940000000006606,2,optimal,142.14369754050603,0,0,1.011288953470037,0.57143809012561,700,0.6991195551436515,1.5196930552505112,0.2157016455530536,running
MPC,31.21000000000208,-32.00397115838247,-64.42242638361637,2.9896511646169843,4.268417595863558,0.23251336384218146,-0.1253458651803043,3.003935820432849,0.010847853856572756,0.06826521728843105,0.5124000000007456,2,optimal,142.54341961404356,0,0,1.0139924666150464,0.5831599755955045,705,0.7208989805375348,1.5255477494573326,0.2197779812188762,running
MPC,31.310000000002095,-32.149567355218714,-64.68584467762356,3.0305400842926007,4.153052975543627,1.060283143263182,-0.17169729256959143,3.0956794789433024,0.0941491337603931,0.0006674099049668314,0.5036000000000485,2,optimal,142.74338114133428,0,0,1.0134987153431412,0.6035912218721063,684,0.629425393883225,1.662957449470249,0.2042391938838802,running
MPC,31.41000000000211,-32.32889484959258,-64.93292300758998,3.0746436086360296,4.033202405054691,1.1436404725488891,-0.12747709144368702,3.1449041315474897,0.0024183316502985153,0.01608999584523474,0.5363000000002671,2,optimal,143.14301608135963,0,0,1.00290513475747,0.6178260909482806,695,0.6773401297497683,1.670884535460759,0.21187243445594103,running
MPC,31.510000000002126,-32.53576886972904,-65.16542018524753,3.1462254985395255,3.938407639435361,1.8561769748311039,-0.11509692430757199,3.26026130611914,0.08885139522167562,0.01348699615594029,0.5180999999998548,2,optimal,143.54264667243797,0,0,1.0449717227853728,0.6223524579543888,702,0.7078313253012047,1.6711376554843116,0.21730154451353453,running
MPC,31.61000000000214,-32.76824505280191,-65.38460216428375,3.238076545464379,3.858245634583391,2.381772800996107,-0.09586081682725399,3.384402778639136,0.035819180630222075,0.046461309986639776,0.594100000000708,2,optimal,143.74240699573005,0,0,1.0436433143569452,0.6251129246226157,711,0.7470342910101948,1.6680374918202538,0.22502164647011186,running
MPC,31.710000000002157,-33.020663966721415,-65.59274428717822,3.3010131610712405,3.8006836427325847,1.6319979385951995,-0.03217445750661103,3.401276339323899,0.04927691845631377,0.025732185914673522,0.5312999999995682,2,optimal,144.14223500556116,0,0,1.0013033174438355,0.6081352161357239,712,0.7513901760889712,1.6649010065379837,0.22593517874601313,running
MPC,31.810000000002173,-33.2861721601176,-65.79386761018056,3.356427862498025,3.7732320284604457,1.4369485493357308,-0.016268205450857418,3.444708016004814,0.0996210300334768,0.020000699079218975,0.5135999999996699,2,optimal,144.34219653285186,0,0,0.9991700645138777,0.5912882269542022,716,0.768813716404078,1.625795749799079,0.22293077345441878,running
MPC,31.91000000000219,-33.56015210687731,-65.9925098871586,3.4078133847816767,3.7587687331236954,1.33246863740498,-0.01918481101328472,3.489674726238523,0.042430909342371176,0.03357002905841355,0.45650000000119206,2,optimal,144.74211791895726,0,0,1.0053074015876553,0.5625091646806143,716,0.768813716404078,1.5799197049224858,0.22293077345441878,running
MPC,32.0100000000022,-33.84312302907303,-66.1881180224478,3.4676899763114895,3.7283813440492426,1.5526490105087156,-0.051435393990705354,3.5630782858325483,0.022058920678468607,0.05354658878778196,0.584299999999871,2,optimal,145.14199862909626,0,0,1.0052488864237823,0.5575915151149464,719,0.781881371640408,1.5683165535239887,0.21997807798827246,running
MPC,32.11000000000218,-34.14068379996289,-66.37571581202921,3.560978183666423,3.671515693746574,2.4190395468594694,-0.07853510613020111,3.7095939309974364,0.06906737167241757,0.03309167462579943,0.5001000000000033,2,optimal,145.54188952277593,0,0,0.9948825356346602,0.5602824286326297,713,0.755746061167748,1.6399576154271505,0.22600293112750477,running
MPC,32.21000000000216,-34.458440865589175,-66.55099359462011,3.6875904034621363,3.6108661946893883,3.2831584557755926,-0.05727976502103665,3.8892940292439824,0.09467330229796977,0.016037385994009057,0.5068000000010286,2,optimal,145.74185105006663,0,0,1.0337007810872128,0.5707731418458618,727,0.8167284522706209,1.6041224798616935,0.2126462795560751,running
MPC,32.31000000000214,-34.79444143652822,-66.71811621759258,3.8083720896725803,3.5817457671879636,3.131967949258557,-0.012183521908723365,4.000787198387992,0.06957952425458012,0.029343407846912584,0.6165000000004639,2,optimal,146.14176359582802,0,0,1.0105058376668503,0.5404352249792317,363,-0.7688137164040778,1.6553023989553466,0.22293077345441883,running
MPC,32.41000000000212,-35.145168653795345,-66.88450850529692,3.9446446425686177,3.5802572292630424,3.533658797331171,0.020667393238223666,4.1617379694056975,0.057362795267980424,0.029032834560718257,0.4960999999994442,2,optimal,146.54168645146012,0,0,1.0298324818860947,0.5163697960215164,360,-0.7818813716404078,1.6154052377363013,0.21997807798827249,running
MPC,32.5100000000021,-35.50726346752046,-67.06077127720724,4.0976880718907545,3.6127820212895987,3.968541345302895,0.03409123411426264,4.3414987770989075,0.0608290454362324,0.0031656155822652465,0.5097999999996716,2,optimal,146.94160872322163,0,0,1.0253602316799846,0.5079594868287708,362,-0.7731696014828544,1.6559969167871813,0.22193355627601147,running
MPC,32.61000000000208,-35.87834099701969,-67.25473268105871,4.263478536208805,3.644162106283793,4.29908239260797,0.014073756286792334,4.527596311151552,0.0791896612858721,0.023082246756747082,0.47890000000005983,2,optimal,147.3415317483243,0,0,0.9941653535729985,0.49795734058199975,722,0.7949490268767376,1.6461261733014059,0.21713917065507293,running
MPC,32.71000000000206,-36.26095269124193,-67.46321278188887,4.437120925235177,3.6460847600456856,4.502689224885583,-0.013335915094564409,4.7137474586973624,0.08549146371534036,0.023639464715394354,0.5278999999989153,2,optimal,147.94141628439831,0,0,1.033021153953255,0.4684449666834158,711,0.7470342910101948,1.6903853602233023,0.22502164647011186,running
MPC,32.81000000000204,-36.661046232721176,-67.679640219314,4.643949504757112,3.6287675432940985,5.36323429799374,-0.02190417600622382,4.973444355034551,0.03131019694682872,0.008093256270495175,0.5401000000002654,2,optimal,148.34133929294933,0,0,1.005055671497042,0.4536278994155337,713,0.755746061167748,1.6908397491836784,0.22600293112750477,running
MPC,32.91000000000202,-37.08225206563341,-67.90081595294107,4.854193379798397,3.6117356248500565,5.451795705268815,-0.012975451147905059,5.189129075283994,0.046191141573516704,0.006051332554470434,0.5905999999997746,2,optimal,148.74126208008641,0,0,1.0302898671247445,0.42997302889113653,724,0.8036607970342913,1.6012192935522542,0.2153071491827237,running
MPC,33.010000000002,-37.525135608228425,-68.12493775551135,5.056936381717,3.595063177303533,5.257291927843796,-0.0020785542757420917,5.379922572582776,0.05872840069787376,0.01951373895281172,0.47999999999959186,2,optimal,149.3411464702932,0,0,1.0344888718701015,0.41561025788398404,728,0.8210843373493977,1.5865305199242272,0.21178185999974475,running
MPC,33.11000000000198,-37.989691029742474,-68.35299170588883,5.275822498229083,3.5928099924247383,5.675896097849293,0.011406821611736713,5.624525991501929,0.05918321721693863,0.02060495348357705,0.4987999999999104,2,optimal,149.7410695248746,0,0,1.036334313658805,0.3895658688471692,363,-0.7688137164040778,1.638847704853678,0.22293077345441883,running
MPC,33.21000000000196,-38.47262844405519,-68.59189889130812,5.483576373140936,3.6120305693267913,5.38722796454823,0.016347066024637133,5.814545294683906,0.008371891269068316,0.0009697661086125464,0.4933000000004739,2,optimal,150.34095410572561,0,0,1.0141505495725156,0.37957876486707526,369,-0.742678405931418,1.6993475850477173,0.2241197071405647,running
MPC,33.31000000000194,-38.97138841793913,-68.84647771312176,5.698794582507758,3.630705445512466,5.5807842644228245,0.006186281537505994,6.041654799583219,0.04265664188052861,0.01636144785100946,0.6184999999998553,2,optimal,150.94083866873984,0,0,1.0020363954771971,0.3692837217820669,723,0.7993049119555145,1.628054547355702,0.21621722807816315,running
MPC,33.41000000000192,-39.486306585956925,-69.11751244299461,5.92128929662851,3.633202390453945,5.769469986463727,-0.003943277871756873,6.275741581154131,0.05994908633991128,0.01573753299674685,0.5119000000011198,2,optimal,151.54072301620303,0,0,1.007618110003015,0.3516668509296061,731,0.8341519925857277,1.55560504168997,0.20925385860619153,running
MPC,33.5100000000019,-40.021489811007335,-69.3980250375733,6.145624290857634,3.612223495022046,5.817189955425218,-0.0033561191180215676,6.503008292171032,0.055584522245353006,0.009518286604066617,0.5302999999994285,2,optimal,152.14060745961834,0,0,1.0300623245193596,0.33323446536685086,360,-0.7818813716404078,1.620123547141347,0.21997807798827249,running
MPC,33.61000000000188,-40.57898092075093,-69.68370978262598,6.3653604084202655,3.607556953345488,5.69793732057666,0.012745793441101948,6.7154180229152995,0.029361390892380122,0.019491941128737977,0.49509999999930443,2,optimal,152.74049200747075,0,0,1.0290492093227097,0.32495949567898275,351,-0.8210843373493977,1.5726473837818165,0.21178185999974475,running
MPC,33.71000000000186,-41.15508989142899,-69.97999049972407,6.5745271731685255,3.629347834477995,5.423865354058974,0.020435704188296776,6.907746943826163,0.02278152816967183,0.0036192013815874446,0.5359999999994258,2,optimal,153.3403759070279,0,0,1.0359086515993248,0.3126413304300304,340,-0.8689990732159407,1.4877386266611132,0.20296376061118726,running
MPC,33.81000000000184,-41.74523661429502,-70.29256930100249,6.7665560177890525,3.650623193591988,4.97946506258195,0.013884542349789843,7.072473679426721,0.08847245722400675,0.011519244497804948,0.49500000000080036,2,optimal,153.940259957558,0,0,1.0189522997034057,0.3044778312617265,367,-0.7513901760889712,1.6887300145452109,0.22593517874601313,running
MPC,33.91000000000182,-42.34550380082113,-70.62345355164382,6.929073457599409,3.670151678672767,4.214210189073982,0.007558130972707103,7.18797703669645,0.032956108816780516,0.021604441279505338,0.45789999999978903,2,optimal,154.74010525822314,0,0,1.0010676003694243,0.2990430716317148,337,-0.8820667284522707,1.4868072080816896,0.2007631459721537,running
MPC,34.0100000000018,-42.95320773551799,-70.9727976710348,7.078372195742689,3.6894146923328073,3.8714384390591747,0.001973289769696955,7.3162173015053265,0.07359441839186423,0.03300922916008808,0.4676000000003455,2,optimal,155.3399897107996,0,0,1.0287858596269737,0.2908678993342919,710,0.742678405931418,1.708817240014429,0.2241197071405647,running
MPC,34.11000000000178,-43.56695343151193,-71.33848389072254,7.200504581093257,3.692688882858188,3.1669926831291013,-0.006319954404804596,7.395071464055599,0.012754728117079726,0.025097297331617696,0.4435999999996554,2,optimal,156.13983434179508,0,0,0.9986636495926384,0.27715659603990894,718,0.7775254865616312,1.619041872426524,0.22094939445953415,running
MPC,34.21000000000176,-44.19008033808378,-71.71110107395958,7.311394239011364,3.6670075150968766,2.8754595617967658,-0.003312635697591945,7.488050537272933,0.08668612354771792,0.012811642002791501,0.4581000000003499,2,optimal,156.93967848032946,0,0,1.0289821414162925,0.282215356978398,361,-0.7775254865616312,1.6691237706711257,0.22094939445953415,running
MPC,34.31000000000174,-44.82577005806363,-72.08346820964681,7.4147933365221546,3.6582350191311366,2.681223201519172,0.017588941389525867,7.579516559163282,0.0504660782175777,0.03180350968833423,0.5466999999992339,2,optimal,157.53956256661417,0,0,1.0205942122053089,0.2697986590026751,332,-0.903846153846154,1.4175117472694305,0.19727332187940388,running
MPC,34.41000000000172,-45.46831487098779,-72.46202183671254,7.494333819643608,3.7046928924994216,2.0625498088417062,0.03225423109303376,7.621048317406325,0.020281674555118187,0.0005464731212825313,0.6299000000007382,3,optimal,158.33940732057815,0,0,1.0150471480973093,0.26729201493021604,364,-0.7644578313253012,1.654403755933468,0.2239412608755995,running
MPC,34.5100000000017,-46.10683328545795,-72.86153975955582,7.564822149773397,3.7595006375834323,1.827820075127928,0.017104036376735236,7.677115827156401,0.05818680956967849,0.04045811498702889,0.48320000000057206,2,optimal,159.13925022822986,0,0,0.9944746133595223,0.27010690068295473,732,0.8385078776645041,1.5618058967195567,0.20843240730709414,running
MPC,34.61000000000168,-46.73846319985432,-73.28417887225216,7.630035610597631,3.765746676366163,1.6910383980387718,-0.004920866483616049,7.733925989577274,0.09423718387084008,0.031802743552393764,0.4625000000002544,2,optimal,159.93909449406976,0,0,1.0119453011088362,0.2704454596395411,337,-0.8820667284522707,1.501031039276614,0.2007631459721537,running
MPC,34.71000000000166,-47.370411054571896,-73.71754043629376,7.690413050675608,3.735212005604465,1.5656364231662063,-0.0019480865058276332,7.786599252914251,0.0776243417984653,0.009401738610478105,0.6037000000000958,2,optimal,160.53897869383158,0,0,0.9784646284187344,0.25523220829412746,373,-0.7252548656163114,1.67794614989469,0.22062447658991918,running
MPC,34.810000000001644,-48.00893120608211,-74.14992121253594,7.729353270283393,3.722168081432539,1.0097517560416953,0.021494944599148774,7.791388226279778,0.056344605368311304,0.03616892048365905,0.6219999999999004,2,optimal,161.3388224162355,0,0,0.9989363399743796,0.24152907206886973,363,-0.7688137164040778,1.557952901549648,0.22293077345441883,running
MPC,34.910000000001624,-48.649543456195254,-74.58553283640914,7.76195719537281,3.7691825686290343,0.8454464547064066,0.04039309251132212,7.813897915754033,0.057415012301160154,0.002370766370571431,0.6778000000000617,3,optimal,162.13866624103824,0,0,0.967579364518037,0.24320149755905293,355,-0.803660797034291,1.5200243841171808,0.21530714918272373,running
MPC,35.010000000001604,-49.28106143900411,-75.03956072538588,7.792125234386769,3.828310448337624,0.7822819356824982,0.025135932515673337,7.84018538894106,0.06445643128941742,0.043483245431060524,0.6421000000003119,3,optimal,162.9385116048125,0,0,0.9683568047644394,0.26387838078552195,344,-0.8515755329008341,1.5553893219226436,0.20602954162158948,running
MPC,35.110000000001584,-49.899951183920635,-75.51550488171345,7.820717095661069,3.837615574047052,0.7414103572351848,-0.0005946626721312248,7.8662662701102875,0.0634708098561798,0.04062849214728992,0.5015999999997689,2,optimal,163.7383558210977,0,0,0.9733829010515029,0.2540091475221834,360,-0.7818813716404078,1.6244473684069103,0.21997807798827249,running
MPC,35.210000000001564,-50.51430285603122,-76.0018084653915,7.847728688739474,3.806888341514308,0.7004327099108288,-0.0009324299292459684,7.890760366652152,0.06566181821050371,0.0017595793053342135,0.5337000000000813,2,optimal,164.5382002277497,0,0,0.9977152921494603,0.24357315780394148,335,-0.8907784986098239,1.3971659199030562,0.19934114321212795,running
MPC,35.310000000001544,-51.1327885397236,-76.48707398513457,7.872961029600124,3.7925367270484966,0.6542952440871511,0.021803937436439297,7.91315821314819,0.07896875406770097,0.02727934641869112,0.5058000000008889,2,optimal,165.33804610026002,0,0,0.9558289171849281,0.23697016988887182,369,-0.742678405931418,1.5940696137256876,0.2241197071405647,running
MPC,35.410000000001524,-51.75213857957322,-76.97512727190946,7.89608391672326,3.839577706127908,0.5995953826791387,0.03860092435492529,7.932920567868038,0.09630610721877987,0.008645960781858975,0.6852000000003855,3,optimal,166.1378911588111,0,0,0.9802088228178342,0.2398720852373993,341,-0.8646431881371641,1.429187795479938,0.2037158366078793,running
MPC,35.510000000001504,-52.360253064919405,-77.48049150149487,7.91685067106187,3.900042844746589,0.5384989317447895,0.021385876574966354,7.949933809897739,0.10409404736222079,0.05679422354584318,0.4987999999999104,2,optimal,166.93773512299762,0,0,0.9493756443606615,0.2605635611851147,367,-0.7513901760889712,1.7293840128091187,0.22593517874601313,running
MPC,35.610000000001484,-52.95297265771928,-78.00675654310427,7.934882936913341,3.9103646791299154,0.4675914078638726,-0.0049714018633683875,7.963609811848258,0.10140437726779608,0.05283086907770773,0.4625999999996466,2,optimal,167.73758006805954,0,0,0.9424053333765745,0.2568023697744234,330,-0.9125579240037072,1.439612672298807,0.19593688336746246,running
MPC,35.710000000001465,-53.53902165891949,-78.54293561697365,7.950263459780957,3.879509139761338,0.39882954258711373,-0.005487158587756857,7.974765891172052,0.09963743875379982,0.006407793781278315,0.5094999999997185,2,optimal,168.53742389872718,0,0,0.995464367480433,0.2484456067832976,359,-0.7862372567191844,1.611830209722928,0.21901940157552577,running
MPC,35.810000000001445,-54.128098421420006,-79.07788999766079,7.963329594887911,3.8645025157026147,0.3388155742780468,0.018369894826847998,7.984145017208761,0.10407799090061359,0.02547085705774954,0.4925000000000068,2,optimal,169.33726584466362,0,0,0.9878546886361783,0.24258201828535472,360,-0.7818813716404078,1.5884852964437655,0.21997807798827249,running
MPC,35.910000000001425,-54.71689892302681,-79.61486220704919,7.973690146930417,3.9117090279000193,0.2686575916585379,0.0377624878406828,7.990195354053765,0.11286888788280017,0.0033768086531384967,0.475700000000856,2,optimal,170.1371099926659,0,0,0.9966339349181395,0.24747199095175915,362,-0.7731696014828544,1.6323654572466701,0.22193355627601147,running
MPC,36.010000000001405,-55.29220644307349,-80.16753848288495,7.981719980180776,3.9734799385976225,0.2082201463406963,0.025413255742142798,7.9945121615644865,0.11430509730759403,0.04998060753824518,0.4911000000005217,2,optimal,170.73699321806654,0,0,0.9908468597818278,0.24503981756521934,355,-0.803660797034291,1.5714424248895178,0.21530714918272373,running
MPC,36.110000000001385,-55.846957423482365,-80.74023994521313,7.969670489823034,4.004209600909424,-0.13712498246488372,0.0009050743992470468,7.968007481934287,0.10823719647503696,0.05967841563428067,0.4286999999987273,2,optimal,171.53683321352878,0,0,0.9527098398173134,0.25604546960769536,708,0.7339666357738648,1.7398323802348878,0.22234991952811328,running
MPC,36.210000000001365,-56.38259086712505,-81.32887496070192,7.953222713883777,4.010468871389505,-0.187178122916031,-0.006224955695875869,7.950952677531431,0.09755601180705369,0.043436894513606106,0.5318999999994745,2,optimal,172.3366733274803,0,0,0.9898074778906976,0.25660799253619626,342,-0.8602873030583875,1.5383196342775158,0.20447740104668094,running
MPC,36.310000000001345,-56.910216970668145,-81.92283285388439,7.940288967114489,3.9806140067148132,-0.14718795121525322,-0.00044363922993606537,7.938503918762252,0.09015600156006162,0.009051413365465777,0.4488999999994192,2,optimal,173.13651894044597,0,0,0.9896536134393208,0.23582427321310054,371,-0.7339666357738648,1.614999156268928,0.22234991952811328,running
MPC,36.410000000001325,-57.440094144741096,-82.51352020785305,7.932694806996425,3.965991367083041,-0.08642266536658963,0.02695537052305863,7.93164670057783,0.0919222273150749,0.04127859244903753,0.6326000000003162,2,optimal,173.93636171964573,0,0,0.9895378137536471,0.2278973793922214,356,-0.7993049119555145,1.4778595116099547,0.21621722807816315,running
MPC,36.510000000001305,-57.96865279464156,-83.10481508584874,7.930215457361076,4.013447004163581,-0.02821536556134483,0.04702946717812345,7.92987327044029,0.10324912807452026,0.004967417709453414,0.6738000000003908,3,optimal,174.73620581629555,0,0,0.9599193516356963,0.23771150613436767,335,-0.8907784986098239,1.385077780955994,0.19934114321212795,running
MPC,36.610000000001286,-58.48161543489839,-83.70956351223255,7.930534214703542,4.075663291368715,0.00826563870335517,0.028064843204767653,7.931042021231411,0.10687601012687781,0.05255671642624549,0.6443000000002641,3,optimal,175.53605174665637,0,0,0.9437143685201352,0.24646853995531354,354,-0.8080166821130677,1.564872005260421,0.2144087504700342,running
MPC,36.710000000001266,-58.97410144479038,-84.33122391678125,7.931820988755639,4.087550992999319,0.03336710403334796,-0.0075619668699885515,7.933870925106876,0.0899923768611047,0.06630122598416399,0.27000000000043656,1,optimal,176.33589778505814,0,0,0.9405246092634234,0.2564638699228149,349,-0.8297961075069509,1.5830185691716274,0.21008581223244965,running
MPC,36.810000000001246,-59.456654482606034,-84.96085421385693,7.933635062256673,4.057115051900812,0.04704041019048568,-0.018388284224811494,7.936525029774688,0.06277385188134098,0.03543030405885261,0.4602000000000217,2,optimal,177.13574382553054,0,0,0.9618441679767276,0.2521225163629522,352,-0.8167284522706209,1.581722029382493,0.2126462795560751,running
MPC,36.910000000001226,-59.94281424152941,-85.5879118714312,7.935238091461185,4.023721537432126,0.041567858901302136,-0.0026373291086746156,7.937791848146803,0.04395523845578591,0.005339054947461008,0.4655000000006737,2,optimal,177.9355897432461,0,0,1.0124737247542748,0.24948079799431055,372,-0.729610750695088,1.6969113552856288,0.22148173646210823,running
MPC,37.010000000001206,-60.439016642158066,-86.20719678274654,7.935938921586529,4.012533456845765,0.018173098582439415,0.02176021696134773,7.937055401319429,0.03806663443666222,0.031011424397330956,0.5016000000006571,2,optimal,178.735434809085,0,0,0.9995484143462668,0.2402603326780675,356,-0.7993049119555145,1.545454874773845,0.21621722807816315,running
MPC,37.110000000001186,-60.936733861288204,-86.82505744660907,7.93300977024216,4.062382090257422,-0.03333417553843975,0.04157960338493069,7.9326055040326855,0.044384951712391166,0.0026967777805513293,0.7704999999988971,3,optimal,179.53527469718796,0,0,0.9652871288682994,0.24253372362368472,364,-0.7644578313253012,1.6131320368329707,0.2239412608755995,running
MPC,37.210000000001166,-61.4183633159916,-87.45435756669335,7.920797399833871,4.126286048406748,-0.13897858153106907,0.03042951787614102,7.919111912089053,0.054956782944914934,0.03582363136660405,0.7060999999994877,3,optimal,180.33511417776953,0,0,0.9583457932909599,0.25116909754658717,366,-0.755746061167748,1.6760844574018814,0.22600293112750477,running
MPC,37.310000000001146,-61.8754027824229,-88.09900836173865,7.893521984790803,4.158773211129218,-0.3103982573918707,0.008812880066432568,7.889757574094684,0.058058778675271844,0.045464554505649346,0.4705000000004844,2,optimal,181.13495808473482,0,0,0.9674390959486401,0.26061120427774004,346,-0.8428637627432809,1.581022858984997,0.20762130414308752,running
MPC,37.410000000001126,-62.30902483859896,-88.75463355821546,7.84392400298115,4.16722313464382,-0.5644323688406238,-0.0007920770127949493,7.837078747906741,0.054042670384649064,0.03569493100302168,0.4436999999999358,2,optimal,181.9347996199855,0,0,0.9780805584144501,0.25285695527974994,373,-0.7252548656163114,1.7142409947828192,0.22062447658991918,running
MPC,37.51000000000111,-62.730046561742064,-89.41020354240958,7.764351202465409,4.1391362010182995,-0.9055502391760566,-0.0021508816476541355,7.753368979063544,0.05949824171662512,0.007037519690809901,0.46740000000067283,2,optimal,182.7346437094156,0,0,0.964411147650251,0.24025696090532037,347,-0.8385078776645043,1.4683969046369456,0.2084324073070941,running
MPC,37.61000000000109,-63.147008445387556,-90.05440611732126,7.627457253039602,4.123179625639572,-1.5578733919233356,0.02381772186369267,7.608563863273075,0.08862278556713564,0.03409879618428491,0.7598000000008653,3,optimal,183.53448969148315,0,0,0.9504025959065145,0.2282304674229243,365,-0.7601019462465246,1.5092947661053742,0.22496523842325905,running
MPC,37.71000000000107,-63.5548851297477,-90.68243795857707,7.417751449272462,4.146481456283726,-2.3864830636491012,0.028987835882709635,7.3888089466746925,0.11602029871282729,0.016995580562308987,0.6689999999993645,3,optimal,184.13437349880488,0,0,0.951691573496951,0.23978214511362017,366,-0.755746061167748,1.5570237514863636,0.22600293112750477,running
MPC,37.81000000000105,-63.94179448420825,-91.29261129008287,7.126892872144589,4.182772579046935,-3.3100136274888854,0.023394196991767167,7.0867500865235735,0.0936879670254996,0.014516378072217506,0.6913000000006164,3,optimal,184.9342193379693,0,0,0.9452929749523208,0.24907152929529752,368,-0.7470342910101946,1.580582877694599,0.22502164647011183,running
MPC,37.91000000000103,-64.29707284339553,-91.88447939539162,6.789411886944336,4.2267078327481675,-3.840583527093666,0.00030384919573574486,6.742834519435222,0.13336155873674133,0.05703829506988356,0.7076999999986455,3,optimal,185.5341039144046,0,0,0.9316810770919866,0.2831388945261146,357,-0.7949490268767376,1.6303176239115065,0.21713917065507293,running
MPC,38.01000000000101,-64.61662099911796,-92.45494623504024,6.410997363216951,4.242560906068452,-4.306413249854717,-0.034763719877413175,6.358770561958864,0.08602527349618898,0.07440258002171518,0.7583000000002116,3,optimal,186.33394999001462,0,0,0.9797703426871571,0.29543396741947037,722,0.7949490268767376,1.6218593698146604,0.21713917065507293,running
MPC,38.11000000000099,-64.9173909698401,-92.99159305181288,6.020028102042313,4.154336696466992,-4.449288018927381,-0.07096565771475143,5.966068561324213,0.05942807621679366,0.00608746129705473,0.7919000000002896,3,optimal,186.93383414018822,0,0,0.9976612250202773,0.30665508705004574,366,-0.755746061167748,1.6567537304867095,0.22600293112750477,running
MPC,38.21000000000097,-65.22678534518936,-93.47642807814886,5.616967718358645,4.012970554775548,-4.5868867814315815,-0.04339908704322297,5.561339423899155,0.07783611189664918,0.11779735541224667,0.657099999999744,3,optimal,187.5336973447126,0,0,0.9891341863459999,0.29848404625978964,363,-0.7688137164040778,1.5144147642659918,0.22293077345441883,running
MPC,38.31000000000095,-65.55405050233452,-93.89935025780245,5.212743631854367,3.9278808294115755,-4.600129891648942,0.029110969741332586,5.156954729193751,0.1169398035012292,0.17009419286549843,0.6674000000002067,3,optimal,187.9336036502825,0,0,0.921715347035528,0.2926486406379529,366,-0.755746061167748,1.422293460264721,0.22600293112750477,running
MPC,38.41000000000093,-65.87997706265216,-94.27051544011904,4.800440787541416,3.956177492766307,-4.6920673504096255,0.08598941966728672,4.743536896813405,0.12104104437359858,0.07015968671871065,0.7787000000005762,3,optimal,188.53347122099768,0,0,0.9247177098243854,0.37039257675588017,348,-0.8341519925857275,1.5063511774310054,0.20925385860619156,running
MPC,38.51000000000091,-66.17804704729546,-94.61410027040594,4.420330648337946,4.035589344919762,-4.32570960476451,0.018151327264939503,4.367869827064965,0.1243747004223102,0.08102665467650283,0.5953000000005204,3,optimal,188.93327726982648,0,0,0.8828230251927996,0.38572293084945347,674,0.5858665430954586,1.7409919166853185,0.1981437927018734,running
MPC,38.61000000000089,-66.44677278242787,-94.93695340949363,4.088622391647941,4.021419022402236,-3.7748890228249716,-0.14700665400120122,4.042841746055449,0.0967233475616408,0.16367674327153203,0.606400000000562,3,optimal,189.33290665755226,0,0,0.9612175316419642,0.375752709140097,715,0.7644578313253012,1.4227456292775846,0.2239412608755995,running
MPC,38.71000000000087,-66.72028165112327,-95.21460524825069,3.807209175095081,3.803732002666544,-3.2025240271182684,-0.2837975223472455,3.7683699889361137,0.061807432189063996,0.07136144336765682,0.7233000000006484,3,optimal,189.73232863275487,0,0,1.0091987153341677,0.4036513185481813,657,0.5118164967562557,1.6282583620296527,0.18936606959477192,running
MPC,38.81000000000085,-67.02537053211641,-95.40807217847224,3.5299742990319785,3.499356910959914,-3.1549738943425574,-0.2266594175592773,3.4917117856608253,0.025737431598088768,0.08335827299711163,0.630900000000878,3,optimal,190.1316579890376,0,0,0.9869859987020067,0.47727767770000473,683,0.6250695088044487,1.6771192002983981,0.20359530110414154,running
MPC,38.91000000000083,-67.34332426746685,-95.50821736282386,3.2433276656242067,3.286067457437273,-3.2620810849817294,-0.049758186271310394,3.2037661905338055,0.04595059607536465,0.14328648933232557,0.6861000000002448,3,optimal,190.53122700242915,0,0,1.0021810544986625,0.5606941764303393,707,0.729610750695088,1.696871419474579,0.22148173646210823,running
MPC,39.01000000000081,-67.64756366540277,-95.5598801619533,3.006344753155299,3.2635349178479953,-2.6969005951274703,0.061393953929921266,2.9736376061114598,0.07106228785397052,0.09672335086425932,0.6238999999998995,3,optimal,190.73118852971984,0,0,0.9874470608109109,0.5789587237121016,684,0.629425393883225,1.7221505651429478,0.2042391938838802,running
MPC,39.11000000000079,-67.93409526961925,-95.60275982227822,2.8415745139267963,3.2883213466976002,-1.875109692952845,0.01083895458084853,2.8188337838600144,0.04768142685208795,0.08612960332522412,0.4398000000005453,2,optimal,191.1311006663381,0,0,1.0321790883204067,0.5631715515476007,706,0.7252548656163116,1.4876135548621394,0.2206244765899192,running
MPC,39.21000000000077,-68.21056156568494,-95.6414428135908,2.766630547010837,3.2644214717612274,-0.8528734281775703,-0.15794837878099915,2.7562871711090393,0.038086753631816336,0.12916783891707873,0.42860000000022325,2,optimal,191.3310621936288,0,0,1.0244900110594428,0.5425821075468793,695,0.6773401297497683,1.413298731406519,0.21187243445594103,running
MPC,39.31000000000075,-68.48379613566443,-95.65008638965877,2.7214892767533536,3.118130136086015,-0.5137143322018597,-0.2482621052915212,2.715259113790651,0.09639621613778303,0.12938201117497172,0.6107000000001861,3,optimal,191.73062750720695,0,0,1.009703809250771,0.5717330770126466,687,0.6424930491195551,1.4725946209006322,0.20621919386478796,running
MPC,39.41000000000073,-68.75343274583598,-95.60794099176272,2.745465043293879,2.912042567775927,0.621711243813857,-0.2920755915363758,2.7836604011347394,0.04253258746336302,0.0013046122536479743,0.6079000000003276,3,optimal,191.93006163785068,0,0,0.9639401569302334,0.6578415657034692,690,0.6555607043558851,1.6274628135565288,0.2082738731989199,running
MPC,39.51000000000071,-69.01189481160307,-95.51046836196666,2.7824555619213087,2.719270970125985,0.9591944143394671,-0.16049796612284317,2.8413844847278256,0.05305051593948901,0.1400754343367563,0.4724999999998758,2,optimal,192.13002316514138,0,0,1.0139309796402476,0.7206870303266059,351,-0.8210843373493977,1.5600696394484403,0.21178185999974475,running
MPC,39.61000000000069,-69.25989838073828,-95.38013650543802,2.818930519536735,2.6308109094706005,0.9458254954566094,0.009443338093406592,2.8770381114669696,0.07738257025101616,0.14720281932276436,0.5844999999995437,2,optimal,192.5297042804394,0,0,1.0237507014393663,0.6547637333812659,359,-0.7862372567191844,1.5061811824690472,0.21901940157552577,running
MPC,39.71000000000067,-69.51068685067096,-95.24530010393855,2.871728644623884,2.6537932425797446,1.3690985839175693,0.050784712129281866,2.955840377928492,0.06958947693021549,0.09939070735275735,0.7089000000002343,3,optimal,192.7296083076277,0,0,0.9647554333441158,0.7110116466824953,340,-0.8689990732159407,1.4969174390954523,0.20296376061118726,running
MPC,39.81000000000065,-69.76831502288792,-95.11421237294435,2.9067428835852205,2.677891213812748,0.9079478655689083,0.01451368660220785,2.962523431180775,0.12729818437940912,0.0031956112190307806,0.45270000000030564,2,optimal,193.12939659165838,0,0,0.9652339889171517,0.6822283543921711,705,0.7208989805375348,1.691534807864976,0.2197779812188762,running
MPC,39.91000000000063,-70.02821905357324,-94.98337684309406,2.912467444513286,2.6693039295725574,0.14844254880695332,-0.04928867710476359,2.921587138465916,0.08281483443007447,0.028337930269158207,0.4454999999996545,2,optimal,193.32935811894907,0,0,0.9445515854250852,0.6220030136438772,706,0.7252548656163116,1.573607937087976,0.2206244765899192,running
MPC,40.01000000000061,-70.27992375116379,-94.8450636038713,2.8519571113111915,2.6178814303439504,-0.6886165416905371,-0.07601103743972269,2.8436057903442324,0.11884589208345014,0.13274959748534343,0.449899999999559,2,optimal,193.72925620550004,0,0,0.9487692908263115,0.6014926542476384,672,0.5771547729379054,1.6650764624210155,0.19701235368537667,running
MPC,40.11000000000059,-70.51660712633921,-94.68969547878297,2.8231835128226486,2.5164441861154114,-0.3274478065919292,-0.17117126441779462,2.8192123306519985,0.04903167564225452,0.09866079945167883,0.4354999999991449,2,optimal,193.92921773279073,0,0,0.9928853610039262,0.5913576310776171,684,0.629425393883225,1.5675697896246241,0.2042391938838802,running
MPC,40.21000000000057,-70.73005587954859,-94.50817805754693,2.793543695173039,2.3898474238852314,-0.3373055087640121,-0.15945617414261484,2.7894529619462474,0.07472142418525896,0.04902854140704527,0.45129999999904413,2,optimal,194.1289223640286,0,0,0.989307025532701,0.6155845228007369,720,0.7862372567191844,1.446874403832854,0.21901940157552577,running
MPC,40.31000000000055,-70.92025483264904,-94.3036724799029,2.795078943439097,2.2752657778177126,0.03981024370756998,-0.14068916555725614,2.797524719543796,0.048588675682748154,0.05897523557229434,0.44749999999993406,2,optimal,194.52851277080038,0,0,0.9950112483513687,0.6131103716409043,696,0.6816960148285451,1.542579008104309,0.21261932153731197,running
MPC,40.41000000000053,-71.08548585249567,-94.07559496542105,2.8384391568097724,2.147654378279385,1.1243658108345325,-0.17881969762857447,2.90751552452255,0.03712228919285618,0.01904246021588918,0.45689999999964925,2,optimal,194.72847429809107,0,0,0.9999268888724544,0.6720783272978,713,0.755746061167748,1.5931089480665668,0.22600293112750477,running
MPC,40.51000000000051,-71.22401694033934,-93.82479054074764,2.890144445680251,2.034281630159991,1.3407604466403908,-0.11994012007435126,2.9725152014738114,0.08001788176328466,0.035025015461048525,0.4641000000003004,2,optimal,195.12810081108742,0,0,1.0062471085948161,0.6983286808747585,720,0.7862372567191844,1.6194440666166436,0.21901940157552577,running
MPC,40.61000000000049,-71.34103824391481,-93.55655319822748,2.959360888843862,1.9441043741147919,1.7948390054133725,-0.10633014459228893,3.0696283462215885,0.047592349371527155,0.07863072454464515,0.4724999999998758,2,optimal,195.32785206240098,0,0,1.002845529664936,0.7048919110503277,721,0.7905931417979613,1.6511159792217096,0.21807316453493353,running
MPC,40.71000000000047,-71.43763393853413,-93.27335797673554,3.0212287006322835,1.867243184341893,1.604282981067889,-0.067500026943682,3.119789186950651,0.10766147360389863,0.07083328156709001,0.5319000000003626,2,optimal,195.72762128606504,0,0,0.965647462254199,0.6988463658286689,309,-1.0040315106580167,1.29412218121367,0.1837271390830101,running
MPC,40.81000000000045,-71.51880675921639,-92.98038867487409,3.056417226562096,1.8222598691816416,0.912467269266313,-0.01794152034812009,3.112475427558915,0.09798254169823907,0.07721665578653614,0.4447000000000756,2,optimal,195.92758281335574,0,0,0.9474540470569375,0.6882059202261921,702,0.7078313253012047,1.7970439131568552,0.21730154451353453,running
MPC,40.91000000000043,-71.59495462179243,-92.68450883415376,3.0546065864417096,1.8202439841756455,-0.02060535237481449,0.02450200775031042,3.0543566913246143,0.11704342722584145,0.026393868424964495,0.7323999999995223,3,optimal,196.3274541904406,0,0,0.9410866468596278,0.642774263801176,717,0.7731696014828544,1.6279891651184437,0.22193355627601147,running
MPC,41.01000000000041,-71.66958370817733,-92.38875398265711,3.048201061049955,1.8075537478691879,-0.07289582637479702,-0.06395899656732616,3.04731700380423,0.10681083867677914,0.06891607872133854,0.4156000000001825,2,optimal,196.52741571773132,0,0,0.953785160773794,0.5820922980669421,682,0.6207136237256718,1.6493488128966427,0.20295929427763665,running
MPC,41.11000000000039,-71.72990906130013,-92.09380422151497,2.9920385065193034,1.7456816210956245,-0.6391381773462905,-0.08599305979455857,2.984287243315326,0.07231234621993006,0.1291729680572562,0.46350000000039415,2,optimal,196.92717384041248,0,0,1.0165106304805698,0.5515737911979349,679,0.6076459684893418,1.581441744270144,0.20109762184866745,running
MPC,41.21000000000037,-71.76655347442659,-91.7975884634136,2.983766605198277,1.6429337104106172,-0.09413546049839784,-0.1941329480749276,2.9826249604694635,0.06753445412328116,0.09762192104556,0.45620000000035077,2,optimal,197.12673760215503,0,0,1.0212557724161095,0.5514767683440056,691,0.6599165894346619,1.5125788141432797,0.20897586948035746,running
MPC,41.31000000000035,-71.75865708716373,-91.49923431340942,2.9914953556939006,1.4710990079054573,0.20041282415891595,-0.21664706983092255,3.0038078876141685,0.03693220731004216,0.05413003396906291,0.6190000000003693,3,optimal,197.52619795879505,0,0,1.0223271885126968,0.5924718947150834,695,0.6773401297497683,1.5894156077328954,0.21187243445594103,running
MPC,41.41000000000033,-71.70030091008681,-91.20406779143468,3.030349705295354,1.2975025879404356,1.00752507651706,-0.20392920855456423,3.0922478633456065,0.0653880904285273,0.06554665090461675,0.6816000000018363,3,optimal,197.72615948608575,0,0,0.9948090077535525,0.6390967096353507,702,0.7078313253012047,1.6698785824642388,0.21730154451353453,running
MPC,41.51000000000031,-71.59604059825485,-90.91740951690272,3.0704508608533887,1.1635458534223169,1.039855775131038,-0.09597313536870124,3.1343352828084576,0.04223058033372327,0.09251155147746815,0.4258000000003648,2,optimal,198.12573370923948,0,0,1.0109545530451092,0.6688321449049676,357,-0.7949490268767376,1.636546787264531,0.21713917065507293,running
MPC,41.61000000000029,-71.46622677397859,-90.63677791193518,3.11093365206805,1.110699134727608,1.0497518999687703,-0.019845041722489694,3.1754260508502656,0.10203659666299197,0.09465845605732426,0.46620000000174855,2,optimal,198.3255042109511,0,0,0.9479987054370557,0.663715525547656,333,-0.8994902687673771,1.465550229915131,0.19795406078248537,running
MPC,41.71000000000027,-71.32950771741663,-90.35657485891076,3.123677767989071,1.1188391945322382,0.33046535330469773,0.03733837451456716,3.14398018739852,0.07251719800064621,0.0026768780659605085,0.6319999999995218,3,optimal,198.7253814209489,0,0,0.9361685770745587,0.6141511744036979,714,0.7601019462465248,1.6096908081498915,0.22496523842325897,running
MPC,41.81000000000025,-71.19615257835858,-90.07358628335685,3.1323498429197536,1.1321208321023755,0.22487399860557625,-0.027884964205270125,3.1461651678496283,0.10302595326414439,0.09570167659945028,0.5999000000009858,2,optimal,199.1253044755303,0,0,0.997644318872696,0.5818214141887523,698,0.6904077849860983,1.615349351535321,0.21414126651260781,running
MPC,41.91000000000023,-71.05503327036406,-89.79348419273472,3.141254807928376,1.0730849570604604,0.23091302888155663,-0.12814346613773864,3.1554411458079095,0.0431660621141178,0.08723683669585114,0.4542000000000712,2,optimal,199.32516831112068,0,0,1.0081881457287751,0.5629260123250697,653,0.49439295644114933,1.739699349941541,0.18755887927613601,running
MPC,42.01000000000021,-70.88470101408143,-89.52912329292174,3.152195964908699,0.9334030650781493,0.2837131527578701,-0.16146741897698744,3.1696261232041634,0.052340383122260435,0.0702051332241922,0.7375000000013898,3,optimal,199.72473939622898,0,0,0.9979979704952922,0.5559105226640619,701,0.7034754402224284,1.5481894823282698,0.21649658541768402,running
MPC,42.11000000000019,-70.67893422161973,-89.28868882465936,3.179297121695911,0.7949317911854861,0.7027551701628567,-0.1401721739787215,3.222471481924985,0.0653805377548603,0.020255606779343793,0.5170999999979387,2,optimal,199.92470092351968,0,0,1.0321138225306787,0.6116988412601545,727,0.8167284522706209,1.5327066926610258,0.2126462795560751,running
MPC,42.21000000000017,-70.44430966563384,-89.07141685572877,3.215274429970721,0.6988934887171303,0.932921040868499,-0.06141472431938722,3.272589225782761,0.015329314183368631,0.03818654257887211,0.7174000000009784,2,optimal,200.32436895542347,0,0,1.0220529188076788,0.6142273780487923,349,-0.8297961075069509,1.5282846362762461,0.21008581223244965,running
MPC,42.31000000000015,-70.19434908464686,-88.86260234374897,3.2927106599399965,0.6835463910703674,2.007984802866694,0.015488001263532131,3.4160729102573906,0.08977980547846301,0.033235340903880584,0.47529999999973427,2,optimal,200.72427457930448,0,0,1.0027814800453376,0.5884166592331224,340,-0.8689990732159407,1.42437145040223,0.20296376061118726,running
MPC,42.41000000000013,-69.93777104570552,-88.64609173650406,3.4123391500662894,0.7131111340681335,3.1020646312300375,0.04388850544127497,3.6029171230630004,0.051612510931329146,0.006284556309353206,0.5070000000007013,2,optimal,200.92423558515327,0,0,1.0367110671931117,0.6015261428883768,372,-0.729610750695088,1.6979265890255004,0.22148173646210823,running
MPC,42.51000000000011,-69.67803932335569,-88.414875844176,3.532875889590448,0.7407176556066601,3.1256162812632464,0.025543843439268764,3.7249007781926142,0.019628486294320773,0.016384729531985442,0.46149999999833824,2,optimal,201.3241584015198,0,0,0.9928024626816523,0.5991805790857091,711,0.7470342910101948,1.7251647591251449,0.22502164647011186,running
MPC,42.61000000000009,-69.4127497926312,-88.17009033255276,3.67518294741867,0.7552830516956339,3.6901384477668735,0.0020968361413760414,3.9018897343671357,0.04583953411212872,0.026091081020593876,0.45390000000189445,2,optimal,201.7240814561012,0,0,1.0089786735662334,0.5603607753912253,723,0.7993049119555145,1.5964638891973606,0.21621722807816315,running
MPC,42.71000000000007,-69.13881093169927,-87.91196841864993,3.839467955581067,0.7569142644971718,4.260044682699695,-0.011819496570543962,4.101187415688639,0.06792523185302243,0.02320149526551063,0.5454999999994214,2,optimal,202.1240043079715,0,0,0.9935555494921915,0.5601899541965661,730,0.8297961075069509,1.5998301452129935,0.21008581223244965,running
MPC,42.81000000000005,-68.85051898906555,-87.64380727868495,4.020645770292736,0.7416809515632856,4.698088978530791,-0.014299725237917135,4.309276853434146,0.07413369126380102,0.003786878544977057,0.5484000000013367,2,optimal,202.52392694328296,0,0,0.9955784944945405,0.5174501633062925,720,0.7862372567191844,1.6226727249255988,0.21901940157552577,running
MPC,42.91000000000003,-68.54501765709156,-87.36672605995327,4.212794722646608,0.7260632893281436,4.982579554381948,-0.0003979925025365402,4.518903725730931,0.06158541250491759,0.01567161701612818,0.4380999999984425,2,optimal,202.92384954878725,0,0,1.0427209720409825,0.5100028677004598,346,-0.8428637627432809,1.5719027634303173,0.20762130414308752,running
MPC,43.01000000000001,-68.22210509572606,-87.0798292506348,4.410421884400726,0.72393757196987,5.124634006503121,0.016398245888414587,4.72525812329692,0.03019320898644561,0.021297153684717074,0.4590000000010974,2,optimal,203.32377224110095,0,0,0.9994403435317241,0.4811279688133622,361,-0.7775254865616312,1.6654182652083855,0.22094939445953415,running
MPC,43.10999999999999,-67.88594327393174,-86.7780459546095,4.608735573874939,0.7406842222873862,5.14243623201491,0.02392987061257451,4.924665507602217,0.025588630347733825,0.007708971956065014,0.43970000000115306,2,optimal,203.72369507887663,0,0,0.9930004318057906,0.4562311678629934,357,-0.7949490268767376,1.6263057346454703,0.21713917065507293,running
MPC,43.20999999999997,-67.5391935931924,-86.45870580705707,4.803645934324982,0.757674127456387,5.054185125751136,0.01569066771958026,5.1141540864500525,0.09486050792113747,0.006330360054150219,0.494999999999024,2,optimal,204.12361807485237,0,0,1.0462984398804305,0.43403100442696185,360,-0.7818813716404078,1.6393934745574723,0.21997807798827249,running
MPC,43.30999999999995,-67.18346576393883,-86.12097005673225,4.991749062162724,0.7744540526073811,4.87766801430982,0.005122455448955323,5.291412735755964,0.020285163230502123,0.01965510641331214,0.47300000000127795,2,optimal,204.72350259303064,0,0,1.0008352286746027,0.4292569129959076,708,0.7339666357738648,1.7534316831394716,0.22234991952811328,running
MPC,43.40999999999993,-66.81767176893686,-85.7650787528455,5.198815787858137,0.776793195214446,5.369409623127671,-0.007712660545447429,5.528690024475491,0.09459889723788392,0.0200684168191394,0.41459999999915453,2,optimal,205.12342554952946,0,0,0.9923060081195121,0.40872072331850373,713,0.755746061167748,1.710801802300011,0.22600293112750477,running
MPC,43.50999999999991,-66.43620521018718,-85.39623296746207,5.3978089349434955,0.7577038838312871,5.160055123816787,-0.011582878548698591,5.714821300239816,0.02520548941264058,0.0013070252517088932,0.4088000000006531,2,optimal,205.72331000297947,0,0,1.0376856855505323,0.3912010569745495,349,-0.8297961075069509,1.5829421129819201,0.21008581223244965,running
MPC,43.60999999999989,-66.03650953645705,-85.01681872591863,5.607428950487964,0.7537935298034126,5.435618518062913,0.0013346853408561232,5.941370786749787,0.023598838315198073,0.0066537510094430985,0.456800000000257,2,optimal,206.3231945677771,0,0,1.04260677965083,0.36919140228013114,361,-0.7775254865616312,1.6411391376530826,0.22094939445953415,running
MPC,43.70999999999987,-65.62227295713177,-84.62146798333603,5.827403182482199,0.773581084620262,5.704111822617772,0.004653180261200857,6.177840132749742,0.050872730615342136,0.012493782384185081,0.6099999999999994,2,optimal,206.92307914793503,0,0,1.0448598075858269,0.35568629688580655,721,0.7905931417979613,1.6210419343882136,0.21807316453493353,running
MPC,43.80999999999985,-65.19571463045142,-84.20682515769491,6.052187161731493,0.7778195831094181,5.828832504366148,-0.008440446178748083,6.410286432918813,0.05637092351375763,0.016830872116598172,0.4073999999985034,2,optimal,207.52296372848699,0,0,0.9948909927141134,0.3390875308952668,716,0.768813716404078,1.643152891266518,0.22293077345441878,running
MPC,43.90999999999983,-64.7522396739474,-83.7774801741932,6.275151144530337,0.7569384148356,5.7816385072510235,-0.012424199015238422,6.630351012456595,0.04052799371845556,0.0035755234259795543,0.44319999999942183,2,optimal,208.12284830686679,0,0,1.0350588064786233,0.3311587450447677,368,-0.7470342910101946,1.6955430608690634,0.22502164647011183,running
MPC,44.00999999999981,-64.28769248365293,-83.3385591116116,6.489886838753703,0.7367303886205323,5.568272251950152,-0.0009344957116832109,6.831978369725352,0.010463050445163997,0.023290568207936957,0.5005999999987409,2,optimal,208.722732883881,0,0,1.0482969750791815,0.317870389086478,339,-0.8733549582947173,1.483324528407999,0.20222103997141733,running
MPC,44.10999999999979,-63.802103831247415,-82.89181966566143,6.690625505865781,0.733941340376536,5.20531788632657,0.010752104383496431,7.01041862738636,0.06052128467742603,0.025631953560399268,0.4577999999995086,2,optimal,209.32261746539027,0,0,0.997939109692276,0.3083997179106934,364,-0.7644578313253012,1.6685243821928688,0.2239412608755995,running
MPC,44.20999999999977,-63.30290702350877,-82.43230513922146,6.865258755637129,0.7574970645055155,4.528383054743474,0.014599726911942064,7.143463811340128,0.06180640672271654,0.0015526082067438551,0.46549999999889735,2,optimal,210.12246357202224,0,0,1.045858206891878,0.30060980303942764,369,-0.742678405931418,1.705739898244755,0.2241197071405647,running
MPC,44.309999999999754,-62.79715220008415,-81.95525764902567,7.026804386747907,0.7802217594299865,4.189010394341984,0.002541937963103224,7.284159795071327,0.03660036764201646,0.02150401227415344,0.5053000000003749,2,optimal,210.72234815233827,0,0,0.9955476707926354,0.29050783048480255,726,0.8123725671918445,1.5852343022707043,0.2135218524542555,running
MPC,44.409999999999734,-62.287883930619024,-81.46066691082503,7.1607513069993765,0.7843253628865745,3.473353239981669,-0.010250650364883125,7.374139710746074,0.05565516562786224,0.026004126391120153,0.6645999999985719,2,optimal,211.52219425963767,0,0,0.996808692064988,0.29123674411314326,733,0.8428637627432809,1.5691900619253765,0.20762130414308752,running
MPC,44.509999999999714,-61.77023635917137,-80.95643172637291,7.282382989858616,0.7589348572548382,3.1540090578448616,-0.014194937339344795,7.476152212783862,0.06746657828587485,0.0008669785453871981,0.4849999999994026,2,optimal,212.12207884144155,0,0,0.9928246204283908,0.2816446163660157,705,0.7208989805375348,1.734813932013223,0.2197779812188762,running
MPC,44.609999999999694,-61.238927207333994,-80.45091807580901,7.377584296976875,0.7332473903266252,2.4686477890563236,-0.002464415120320609,7.529247768764248,0.008467698190459573,0.024552428315546493,0.4749000000003889,2,optimal,212.9219249498194,0,0,1.0443955250534616,0.2820505960522739,360,-0.7818813716404078,1.6774745220004657,0.21997807798827249,running
MPC,44.709999999999674,-60.69311906743417,-79.94778684312946,7.462231085577557,0.7273602319106627,2.1949604879922098,0.012184763524817793,7.597080345776096,0.056924291994230256,0.030242906973027672,0.49320000000108166,2,optimal,213.72177105839108,0,0,0.9994840406907955,0.2690849473134265,366,-0.755746061167748,1.6707499593498012,0.22600293112750477,running
MPC,44.809999999999654,-60.139716518125255,-79.44096327487173,7.539891232631503,0.7538646893495908,2.0137911560853308,0.01717809595617987,7.663610201186089,0.09445475665225685,0.0036383843374032665,0.6008000000008451,2,optimal,214.32165564017552,0,0,1.0465425530197314,0.26308736710042535,361,-0.7775254865616312,1.6200404297223492,0.22094939445953415,running
MPC,44.909999999999634,-59.58733193751195,-78.92369359656013,7.591492914603949,0.7818415279710069,1.3380738350012764,0.005505948629479489,7.673698616131631,0.0531977532206389,0.024406670457352675,0.5868000000006646,2,optimal,215.12150174932117,0,0,1.031927398100437,0.2723096868516134,730,0.8297961075069509,1.596039774165097,0.21008581223244965,running
MPC,45.009999999999614,-59.04031348369671,-78.39422852610015,7.631223375579931,0.7895817499863482,1.030243361309259,-0.010243807626993352,7.694517250734875,0.014300355775475638,0.032143898524712,0.4843000000001041,2,optimal,215.92134785847787,0,0,1.0199937945785218,0.269484315035244,720,0.7862372567191844,1.664395825125054,0.21901940157552577,running
MPC,45.109999999999594,-58.49330743960744,-77.85984966747625,7.660571425304082,0.7627021510014882,0.7610189424672934,-0.016394611504074383,7.7073252698266606,0.023819747041629664,0.005189469030936422,0.5085999999998592,2,optimal,216.72119396758887,0,0,1.0430923722372107,0.26239679038456815,718,0.7775254865616312,1.6479690986454945,0.22094939445953415,running
MPC,45.209999999999575,-57.93918983836081,-77.32966733450151,7.676386404030332,0.7330026213602534,0.410095338481366,-0.0037445086968656213,7.701580959152218,0.05704954980423955,0.02466694699506533,0.48370000000019786,2,optimal,217.52104007661308,0,0,0.9996073823338143,0.26308086856590573,354,-0.8080166821130677,1.6068815669459164,0.2144087504700342,running
MPC,45.309999999999555,-57.37587961043325,-76.80871117501626,7.671008738084073,0.7233484842824223,-0.061198633858320056,0.010938961916993022,7.6702665406445,0.08898510880694332,0.0345454124263167,0.5471999999997479,2,optimal,218.32088618501015,0,0,1.0445333917275368,0.250869724535508,370,-0.7383225208526414,1.6475282046607536,0.22322918788849236,running
MPC,45.409999999999535,-56.813405344405716,-76.29452448765174,7.595191423052801,0.7496215358727629,-0.8628122589033986,0.017287975928442993,7.584727512193733,0.074277746885142,0.008478565037767893,0.45880000000053656,2,optimal,218.92077076634894,0,0,0.9923476719445337,0.26319924219513463,353,-0.8123725671918443,1.602148319432107,0.21352185245425553,running
MPC,45.509999999999515,-56.26683149380616,-75.78483211016766,7.411550917916119,0.7842509719324706,-2.0898561100163815,0.008642201895741873,7.386205812051163,0.028031039091497595,0.02578596473520456,0.6431000000031162,3,optimal,219.72061687501392,0,0,0.998510620519435,0.2728336772984655,381,-0.6904077849860983,1.8117977524336848,0.21414126651260781,running
MPC,45.609999999999495,-55.74709560963924,-75.28069841183601,7.153701562680432,0.8049241580699436,-2.934363800088727,-0.0046963443640575045,7.118114537907246,0.056293183189847974,0.046034350287065706,0.6300000000010186,3,optimal,220.5204629820191,0,0,1.0435383139772245,0.2631658650155408,714,0.7601019462465248,1.638597114432397,0.22496523842325897,running
MPC,45.709999999999475,-55.25401765982148,-74.79082302353851,6.846981111523851,0.7866033802596797,-3.4905241000043694,-0.017770756614660047,6.804649152679995,0.04007730991837879,0.02735708000651904,0.6299999999992423,3,optimal,221.12034756213646,0,0,1.0023095210071638,0.27830484679494727,724,0.8036607970342913,1.5971497755221564,0.2153071491827237,running
MPC,45.809999999999455,-54.78316658157359,-74.32650119199934,6.493482968888884,0.7545467853464074,-4.022861147736873,-0.007791834118783165,6.444694996750163,0.10053194040108834,0.0055937408665514,0.6119999999985026,3,optimal,221.92019366471578,0,0,0.9890176785637222,0.2987404261694431,722,0.7949490268767376,1.6496251181383246,0.21713917065507293,running
MPC,45.909999999999435,-54.33135730437697,-73.89500709575626,6.122212289362101,0.734319205904518,-4.225115246233336,0.016293671623129138,6.070971444265551,0.07641449672902084,0.02759378187466055,0.48519999999996344,2,optimal,222.5200782421492,0,0,1.0325265197592974,0.30541879566962976,359,-0.7862372567191844,1.6201988176742534,0.21901940157552577,running
MPC,46.009999999999415,-53.90545904776382,-73.49170183253638,5.734688602476258,0.7751222566274838,-4.41007687389925,0.03617561068673721,5.681204601972175,0.08881210494366973,0.010451517057040505,0.4846000000000572,2,optimal,223.1199626669797,0,0,1.0421768573705057,0.32484712278750394,736,0.8559314179796109,1.5089265130656881,0.20524858980469113,running
MPC,46.109999999999395,-53.517639235868245,-73.10529234673932,5.3424458777476405,0.8392560509694813,-4.463780222524757,0.014685431644375632,5.288310580223782,0.06523818300101815,0.06624741722499294,0.45689999999964925,2,optimal,223.51988273913253,0,0,0.9901860785408922,0.34729685741683236,727,0.8167284522706209,1.5761415463021333,0.2126462795560751,running
MPC,46.209999999999376,-53.17034282683541,-72.73465653604809,4.9451462417855305,0.8519265766406243,-4.521328620310208,-0.04032748905188208,4.89031301571662,0.048816795541158274,0.03782613856619932,0.6079999999997199,3,optimal,224.1197434221886,0,0,0.9497899550639592,0.3715463333345306,362,-0.7731696014828544,1.642575031785704,0.22193355627601147,running
MPC,46.309999999999356,-52.84923813413103,-72.39193987498864,4.569712275877733,0.791646311712944,-4.2724940610249655,-0.04099818351228328,4.517896835683034,0.04831825789243517,0.0818839415544037,0.700000000000145,3,optimal,224.5196361407852,0,0,1.0086640018738198,0.34772331361112385,372,-0.729610750695088,1.5032871529434189,0.22148173646210823,running
MPC,46.409999999999336,-52.54351199125546,-72.08427230447167,4.2190391547778985,0.7554261292928359,-3.990711984828997,0.02811431093062311,4.1706410773948335,0.0794279834945461,0.2044011302919806,0.857899999999745,3,optimal,224.9195064981444,0,0,0.9629904940593446,0.31991441400566256,380,-0.6947636700648749,1.3379684324624295,0.21491658495418048,running
MPC,46.509999999999316,-52.259278790026826,-71.79576430968135,3.964970090853104,0.834568615636154,-2.8913435258424256,0.20075837854962353,3.929904802193656,0.13866371890278859,0.21704367625594045,0.6140999999999508,3,optimal,225.319261015561,0,0,0.9262566954082293,0.32749273714712984,391,-0.6468489341983319,1.3094777782319753,0.20689564634075194,running
MPC,46.609999999999296,-52.029546146288276,-71.48387054158931,3.8395919549404405,1.1048200605935246,-1.4268217308840694,0.3103616278725396,3.822287917764697,0.1891462821400992,0.020738541767055807,0.7619000000005371,3,optimal,225.71904375769506,0,0,0.8210471572441765,0.3827325343886383,349,-0.8297961075069509,1.2344536383446307,0.21008581223244965,running
MPC,46.709999999999276,-51.886073825587346,-71.12845308903172,3.844241016307187,1.3722984040257846,0.12055396518819703,0.1909597582555991,3.85164735145926,0.17404910074493707,0.19378084366215909,0.7272000000018153,3,optimal,226.11889743903197,0,0,0.8816819550139327,0.5289777845654046,352,-0.8167284522706209,1.6031285226848326,0.2126462795560751,running
MPC,46.809999999999256,-51.81526277175125,-70.74825140972357,3.8927539672799334,1.4933273201170318,1.2579805129219657,-0.0320351073284994,3.9700390675993837,0.10254554123221071,0.2817538202720353,0.47430000000048267,2,optimal,226.51880325354975,0,0,0.9279731747650048,0.46256586575002107,730,0.8297961075069509,1.4104273146862207,0.21008581223244965,running
MPC,46.909999999999236,-51.76323850810914,-70.35813079052964,3.9728887905096446,1.4204045386174884,2.0779615341489794,-0.16945668899808453,4.100550120694831,0.0390534096609417,0.1888500999465439,0.6696999999995512,3,optimal,226.91872387457266,0,0,1.0123232894915215,0.4444917871395768,728,0.8210843373493977,1.390854794380556,0.21178185999974475,running
MPC,47.009999999999216,-51.67755475064608,-69.96486748766623,4.072471851986888,1.273663616276787,2.5822702648177094,-0.12648806993674927,4.231115816991416,0.04738692782747495,0.023230824215623613,0.7186999999984067,3,optimal,227.31864692915406,0,0,0.9880392841023515,0.509176997158619,732,0.8385078776645041,1.56089149164653,0.20843240730709414,running
MPC,47.1099999999992,-51.55228025208619,-69.57131788108545,4.180408148588693,1.2081034405478874,2.7988764863699007,0.016051994483690255,4.352359500623878,0.03872232729742913,0.06799433501799257,0.532299999999708,2,optimal,227.7185654144389,0,0,0.9925849753977429,0.4677778002180712,361,-0.7775254865616312,1.5785592552907157,0.22094939445953415,running
MPC,47.20999999999918,-51.41635049428366,-69.16988871242015,4.287813101158834,1.2670816633109752,2.785098300873284,0.12015865843671591,4.458917978676022,0.01217964078663406,0.042436488708613496,0.6295999999998969,3,optimal,228.1184672707171,0,0,1.016024414179378,0.4521568352485054,349,-0.8297961075069509,1.4860204243730386,0.21008581223244965,running
MPC,47.30999999999916,-51.30416915113931,-68.75052353843871,4.3892155162157716,1.3873116293929018,2.6294475917680655,0.12389972658512917,4.550757860335641,0.03707118677195095,0.03741841789810252,0.6466999999990009,3,optimal,228.51834621848718,0,0,1.0143599316608967,0.46817891606933987,347,-0.8385078776645043,1.5505687923405056,0.2084324073070941,running
MPC,47.40999999999914,-51.229811478221684,-68.31431229285576,4.457851152908686,1.4783136117692566,1.779778218401609,0.05726370721767906,4.567193338055932,0.08066301700488158,0.0839728211595947,0.5276999999992427,2,optimal,228.91821210455248,0,0,1.0243293906780118,0.4432432898774848,715,0.7644578313253012,1.6281139287542385,0.2239412608755995,running
MPC,47.50999999999912,-51.182508865443445,-67.86946656708326,4.487340870925221,1.4994090642702007,0.7646925172044126,-0.004769205216362788,4.534320404629128,0.07722134129735804,0.03621488203672385,0.4205999999999932,2,optimal,229.51803287793757,0,0,1.0250202335337317,0.45318740053091716,728,0.8210843373493977,1.5884313044098963,0.21178185999974475,running
MPC,47.6099999999991,-51.14226457403317,-67.42232083768195,4.491400626687956,1.480073344591931,0.105272788695377,-0.00506667944015297,4.497868149794759,0.03609639980872146,0.027561827667707206,0.4854999999981402,2,optimal,229.91795593251896,0,0,1.015915179511742,0.4291657702214259,368,-0.7470342910101946,1.638004566033807,0.22502164647011183,running
MPC,47.70999999999908,-51.10188439613745,-66.97545501501762,4.484602014871258,1.4868769477077537,-0.0773692080305523,0.04240164329534862,4.483663705884901,0.028522300344267348,0.06530206089030344,0.5729999999992685,2,optimal,230.31786097502481,0,0,1.0242505903561168,0.4046108012951321,391,-0.6468489341983319,1.6570525312240727,0.20689564634075194,running
MPC,47.80999999999906,-51.076076888152414,-66.52731069102934,4.493873322245979,1.5676467552212214,0.2404125861826134,0.1003450202238131,4.508643273489519,0.07948121652524902,0.02934577561472196,0.6159999999990617,3,optimal,230.71773883658358,0,0,1.0255852102271747,0.4072425142097101,394,-0.6337812789620019,1.6765292834215642,0.20489107222660924,running
MPC,47.90999999999904,-51.088796852001224,-66.07712842215365,4.515728098215303,1.6964860769765906,0.5667122228686721,0.09716286137322323,4.550544544532846,0.08575875283621887,0.029297887244300824,0.6032999999998623,3,optimal,231.31750405478476,0,0,0.9879488060172243,0.4243852710341125,366,-0.755746061167748,1.613938654454501,0.22600293112750477,running
MPC,48.00999999999902,-51.14892871079088,-65.62723321006602,4.561698236950314,1.7918263516952666,1.192043311021261,0.051925069952955205,4.634932429317429,0.038285059315107166,0.07843433830840141,0.4624999999993662,2,optimal,231.7173802407133,0,0,1.0246702952817242,0.4583626526568555,724,0.8036607970342913,1.6519340873860204,0.2153071491827237,running
MPC,48.109999999999,-51.24113619465221,-65.179090720872,4.5874788364891215,1.813370255091804,0.6685120402072072,-0.007891433364822988,4.628549440971035,0.03472836800463334,0.055094899833877164,0.4427999999983001,2,optimal,232.11728708008792,0,0,1.0144424581742026,0.44279525301762157,350,-0.8254402224281743,1.580891207992513,0.21092842571338713,running
MPC,48.20999999999898,-51.342313259258674,-64.73148515635111,4.59026836776258,1.7933437661605813,0.07233482836714682,-0.01745217738153143,4.594712319325836,0.09143126235695068,0.0041700525098740115,0.45270000000030564,2,optimal,232.5172101346693,0,0,1.0066929647954033,0.41390907576426533,365,-0.7601019462465246,1.60114985617729,0.22496523842325905,running
MPC,48.30999999999896,-51.442543647283664,-64.2825950027038,4.60725471980114,1.7879481362000789,0.44047000690897864,0.029806189265443667,4.634315368453478,0.05592827873311479,0.05370975068758632,0.6279999999989627,2,optimal,233.11707000472887,0,0,1.0106765284088721,0.40670901496554474,351,-0.8210843373493977,1.4839421916969537,0.21178185999974475,running
MPC,48.40999999999894,-51.550393898031544,-63.83105790152425,4.672865562115211,1.8387748834491973,1.7013428252151634,0.06773639226691917,4.777389002322656,0.04770518630712562,0.019260061006239226,0.5062999999996265,2,optimal,233.51698648817202,0,0,0.970796264540878,0.40548858922180037,371,-0.7339666357738648,1.6095239751862052,0.22234991952811328,running
MPC,48.50999999999892,-51.68380286924247,-63.37857724458116,4.756505091971581,1.9156447190598427,2.1688414445943556,0.03790518619221328,4.889749706574647,0.09778955494542008,0.050019052888655935,0.49790000000093926,2,optimal,233.9169087014837,0,0,0.9863230118103895,0.43045687872926475,725,0.8080166821130677,1.6041989070340152,0.2144087504700342,running
MPC,48.6099999999989,-51.840683594226945,-62.92450975149813,4.844716360869689,1.9258735965355633,2.287390378628537,-0.03214683643479406,4.9852441298344345,0.04620136435583264,0.06358235007516555,0.4938000000009879,2,optimal,234.5167929009983,0,0,0.9826382915337486,0.40456638435912257,699,0.6947636700648747,1.6931904620950884,0.21491658495418042,running
MPC,48.70999999999888,-51.99648067340272,-62.45965045748245,4.952712705281941,1.8542777619318267,2.800433575227007,-0.08556469374829764,5.124759718392389,0.05653344527180049,0.006625648479499091,0.8346999999986338,3,optimal,234.9167146239013,0,0,1.0169067749786034,0.4099172956637592,721,0.7905931417979613,1.615025824841379,0.21807316453493353,running
MPC,48.80999999999886,-52.12951282553687,-61.97711278546638,5.051712888742558,1.7739920438945393,2.567155760924931,-0.06295196264057458,5.209428281374435,0.044067438747873694,0.036306101503489785,0.6292999999999438,3,optimal,235.51659275236798,0,0,1.0130362076815884,0.4150036586196583,715,0.7644578313253012,1.7074376773357096,0.2239412608755995,running
MPC,48.90999999999884,-52.23484330279788,-61.47849836862764,5.135464778314022,1.7172281050654181,2.1717550239415915,-0.03659670748944684,5.268888391136717,0.06794529577461772,0.06288646353814187,0.45300000000025875,2,optimal,235.9164942312571,0,0,0.9943943971557101,0.3916281559788795,361,-0.7775254865616312,1.6308544009936576,0.22094939445953415,running
MPC,49.00999999999882,-52.314727688332184,-60.96796081344263,5.195495163603102,1.6798116567956551,1.556637008523429,-0.018931878794944606,5.291128479166365,0.032795780223464494,0.05226958001268045,0.44459999999979516,2,optimal,236.5163231907887,0,0,0.9691644555518595,0.39254606696945465,351,-0.8210843373493977,1.5854769902575028,0.21178185999974475,running
MPC,49.1099999999988,-52.37714533158723,-60.45075325938594,5.2219483476822735,1.6611903757269628,0.6859527076600597,-0.009052687336623034,5.264090434369108,0.10131864858556233,0.024858432329363467,0.48790000000131784,2,optimal,237.11618762410157,0,0,0.9773176744307226,0.40473635175681777,714,0.7601019462465248,1.7490068812945683,0.22496523842325897,running
MPC,49.20999999999878,-52.42664436393129,-59.93162161915065,5.211412604501291,1.6415864810281002,-0.11989831570083329,-0.011946100735613557,5.20995851611219,0.05174554172003615,0.010138076533136697,0.4529000000008665,2,optimal,237.5161051942662,0,0,1.0238325131443624,0.3924337307952338,711,0.7470342910101948,1.7285848061539844,0.22502164647011186,running
MPC,49.30999999999876,-52.46447073522409,-59.41604074386532,5.148527085713499,1.6200084954445604,-0.7156465049603311,-0.01771004395603204,5.1398479540052575,0.06221174278078594,0.016820362448232373,0.512000000000512,2,optimal,238.1159763075171,0,0,1.0303871607869584,0.3913900606248642,721,0.7905931417979613,1.6528433445985706,0.21807316453493353,running
MPC,49.40999999999874,-52.48825791837794,-58.90364842900583,5.120142955347855,1.5790030893233293,-0.32301560174860894,-0.057022272435995336,5.116225525538638,0.06533670211121304,0.009086888790365677,0.6055000000007027,2,optimal,238.51587250462472,0,0,1.0312622147107415,0.3739443114334601,720,0.7862372567191844,1.5792427191361538,0.21901940157552577,running
MPC,49.50999999999872,-52.489398671645525,-58.3947539616908,5.073910302267372,1.5154010482253693,-0.526134430149833,-0.059608478332308625,5.067529512332872,0.028174823774176894,0.0011485955797567726,0.4537000000013336,2,optimal,239.11568848525044,0,0,1.0259183070627365,0.3706019899676525,719,0.781881371640408,1.5664484463528463,0.21997807798827246,running
MPC,49.6099999999987,-52.46204119972905,-57.89417303275645,4.983557860487022,1.4485367975387118,-1.0282241511425965,-0.0396467295085198,4.971087887153112,0.07357260894867731,0.02971469275568417,0.438400000000172,2,optimal,239.51558144223733,0,0,1.0297844943088084,0.38897965073918056,732,0.8385078776645041,1.5279604334692445,0.20843240730709414,running
MPC,49.70999999999868,-52.40875395777345,-57.408512367766384,4.836327493902107,1.4154967121618722,-1.6755033480136983,0.00043020813030208874,4.816007525685652,0.04178184061570239,0.0035793003734649886,0.4448999999979719,2,optimal,240.11545997070925,0,0,0.9917020611965055,0.382618286288183,713,0.755746061167748,1.6136961068270588,0.22600293112750477,running
MPC,49.80999999999866,-52.344105164053275,-56.936470426762526,4.727979280566722,1.4171864876175415,-1.23301869312427,-0.022035810307277356,4.7130256245896796,0.052309691983150525,0.05568763342312266,0.4551999999993228,2,optimal,240.51534719822396,0,0,0.9747253935377366,0.3661020528799956,704,0.7165430954587584,1.5541093405371418,0.21894209497805303,running
MPC,49.90999999999864,-52.26735040090495,-56.47408151324216,4.667008267579168,1.364126308941512,-0.6938591457864399,-0.08279654987105452,4.658593365988078,0.12355580631924105,0.0698654858957184,0.5070000000007013,2,optimal,241.11517250720019,0,0,0.9526721906128722,0.3446053800220383,713,0.755746061167748,1.4117330280360654,0.22600293112750477,running
MPC,50.00999999999862,-52.15941882491458,-56.01812117277367,4.704463035919082,1.251204134134356,0.9712327892419823,-0.11918460756331963,4.764131546503366,0.10593149090983837,0.009299958699230615,0.6692000000008136,3,optimal,241.5150563976217,0,0,0.9422511402202063,0.3900668286711149,731,0.8341519925857277,1.4322399295792996,0.20925385860619153,running
MPC,50.1099999999986,-52.004956897337536,-55.57006187036144,4.772754607439241,1.1397358028035782,1.7708563269515039,-0.06443374594430172,4.881548668614233,0.10236692155394778,0.09896672032042275,0.607799999999159,3,optimal,241.91496456567765,0,0,0.93395887270665,0.4361998795679471,715,0.7644578313253012,1.7050503315235104,0.2239412608755995,running
MPC,50.20999999999858,-51.80795428174356,-55.130350865618354,4.858573828067338,1.0845889626477296,2.2253626097688057,0.019213255752602146,4.995290868416122,0.10081261145443954,0.14299944149454547,0.43750000000031264,2,optimal,242.51484716640573,0,0,0.939212003471313,0.38959588562607694,366,-0.755746061167748,1.5792331668046249,0.22600293112750477,running
MPC,50.30999999999856,-51.5945615166418,-54.68624952926644,4.985573273467858,1.1377583543632848,3.2931995325433943,0.08717619159768861,5.1878937813216774,0.007936240526662917,0.08837234453341836,0.655299999998249,3,optimal,242.91477022098712,0,0,0.9979580522452512,0.3881340409228172,361,-0.7775254865616312,1.5648520914102018,0.22094939445953415,running
MPC,50.40999999999854,-51.39475344540096,-54.22149768371295,5.122823096545439,1.2335123418209655,3.5590002127592366,0.06837703729040664,5.341473294743781,0.09234052154437981,0.008828736620973388,0.6580000000031561,3,optimal,243.51465476749607,0,0,0.9932475154390369,0.39983504745257176,342,-0.8602873030583875,1.5046166899819224,0.20447740104668094,running
MPC,50.50999999999852,-51.221985516245056,-53.72982381650414,5.288386039234015,1.2981017800924661,4.2931825705933235,0.004127019116946895,5.552141353604771,0.038920452452229,0.07419730938277702,0.5444000000007776,2,optimal,243.91457780496768,0,0,1.0119404179693774,0.373060450608641,709,0.7383225208526416,1.63669290006449,0.2232291878884924,running
MPC,50.6099999999985,-51.064171227233096,-53.215815373254564,5.45239081634576,1.28591858107632,4.252778062266018,-0.047193144912361935,5.7136638454606175,0.030749742838809376,0.0629517378343536,0.6791000000010428,3,optimal,244.51446237614618,0,0,0.9964360557418835,0.3632503109590994,715,0.7644578313253012,1.6104435298195936,0.2239412608755995,running
MPC,50.70999999999848,-50.895831678393264,-52.68698994370986,5.633007692841516,1.2250145014714091,4.683543391622076,-0.049103528960206755,5.9207451555079675,0.0804803331031061,0.0027560303691167576,0.6593000000005844,3,optimal,245.11434695362257,0,0,1.0083244623758234,0.3628378554507388,718,0.7775254865616312,1.6308122032721235,0.22094939445953415,running
MPC,50.80999999999846,-50.702592848961494,-52.14661173471198,5.829604675621797,1.1861749549245753,5.097920622799983,-0.011321165541286688,6.142799755121514,0.10290630384148855,0.0357655180027443,0.4800999999989841,2,optimal,245.51427000820397,0,0,0.9943817823897195,0.3626436489797126,344,-0.8515755329008341,1.5518066219810251,0.20602954162158948,running
MPC,50.90999999999844,-50.488552245312604,-51.59392572802038,6.009766967331864,1.1861870491423767,4.671755636179456,0.014422464853404255,6.296780239239743,0.0927967162056678,0.035484546216999036,0.5436000000003105,2,optimal,246.11415458865918,0,0,1.0069469881197195,0.3403730137275208,351,-0.8210843373493977,1.5638986265454917,0.21178185999974475,running
MPC,51.00999999999842,-50.266440958801994,-51.02503158190142,6.190134733096749,1.2099665603143048,4.677083746543554,0.019167698894508596,6.47747534198622,0.09842766932333605,0.011785507547772411,0.605099999999581,2,optimal,246.91400069735556,0,0,1.011141258077509,0.3377596041424119,356,-0.7993049119555145,1.6314436757016337,0.21621722807816315,running
MPC,51.1099999999984,-50.04422332919896,-50.43541590873155,6.3955631778103355,1.2309996281105096,5.326927656796915,0.0074691518731375625,6.72282749877644,0.06822375450813727,0.008913752286385801,0.4854000000005243,2,optimal,247.51388527816164,0,0,1.009699426917805,0.32708414717422324,356,-0.7993049119555145,1.6278450011707226,0.21621722807816315,running
MPC,51.20999999999838,-49.82307167888482,-49.82358840211488,6.599533284179637,1.2337732741287857,5.289111750290101,-0.003593099770272572,6.924474352839345,0.017580067660367432,0.011033548224393286,0.494100000000941,2,optimal,248.11376985979646,0,0,0.9981894031545429,0.3198764624852675,339,-0.8733549582947173,1.5161474056212085,0.20222103997141733,running
MPC,51.30999999999836,-49.59505810346445,-49.193279316818796,6.790846700474611,1.210484795566864,4.960913420723557,-0.004445421025198297,7.095624626251993,0.05294386575612938,0.013166374122572932,0.6175999999999959,2,optimal,248.7136544257023,0,0,1.0167008931731254,0.296176437408845,366,-0.755746061167748,1.648501878926274,0.22600293112750477,running
MPC,51.40999999999834,-49.35507947862555,-48.54860736759297,6.95390859795198,1.2041192617149177,4.2283284218650055,0.009648441985675094,7.2136795426611116,0.05967248001855994,0.02109561570317453,0.5196000000005085,2,optimal,249.51350049930585,0,0,1.0045657695125894,0.2954220941370797,361,-0.7775254865616312,1.6506469817708864,0.22094939445953415,running
MPC,51.50999999999832,-49.10973117283321,-47.889303146656815,7.103641221334805,1.227765361195341,3.882689438333555,0.014583106624046268,7.342177541785335,0.04736473605221911,0.0013442153905316445,0.5355999999991923,2,optimal,250.11338507158916,0,0,1.0365390303563264,0.2811626084037938,357,-0.7949490268767376,1.5863924382614585,0.21713917065507293,running
MPC,51.6099999999983,-48.8676555398863,-47.21443781857583,7.226078526419671,1.2520075231859384,3.1748995013304357,0.004317757127191812,7.421131171467849,0.04202305470643453,0.023989404367089406,0.49779999999977065,2,optimal,250.9132311680477,0,0,1.0152730446707292,0.2832544302807156,723,0.7993049119555145,1.6190901310526187,0.21621722807816315,running
MPC,51.70999999999828,-48.63207159944098,-46.52498925955022,7.336857697442129,1.2570192597837049,2.8725945461901627,-0.008885884326128182,7.513337981038687,0.09048839823899647,0.027957630467275507,0.4649000000007675,2,optimal,251.51311573551914,0,0,0.9986905420273405,0.27866535853419294,706,0.7252548656163116,1.7275057704041101,0.2206244765899192,running
MPC,51.80999999999826,-48.39501391459637,-45.82579775796262,7.422046086833256,1.2309204378795848,2.209004639636317,-0.01412735875007765,7.5577581614057605,0.02868081746475679,0.0005188217253078165,0.43600000000054706,2,optimal,252.3129618198376,0,0,0.9937431856024359,0.27597210856950855,715,0.7644578313253012,1.6853332669505747,0.2239412608755995,running
MPC,51.90999999999824,-48.14728886423034,-45.121810122891546,7.4980708574198385,1.2040395897122589,1.9713845061911448,-0.00025123683538838515,7.61918453745237,0.025302937621765338,0.027639213040338007,0.468299999999644,2,optimal,253.1128079220995,0,0,1.012962442139813,0.2732235249586277,374,-0.7208989805375348,1.743145285595202,0.2197779812188762,running
MPC,52.00999999999822,-47.88565651882865,-44.415044308394016,7.56907964374364,1.1974892971638584,1.8413159300856505,0.01590510588730085,7.682202450428403,0.07176571310774155,0.03528934803785866,0.5550000000020816,2,optimal,253.91265401695645,0,0,1.013998181188337,0.2565702650266638,358,-0.790593141797961,1.5713073277512541,0.21807316453493358,running
MPC,52.1099999999982,-47.61889117862006,-43.70286939468952,7.635565702711228,1.2243208000588441,1.7240379091593927,0.022488788514190686,7.741483434659579,0.09227003484740019,0.009187171683473494,0.6296999999992892,2,optimal,254.51253859143478,0,0,1.0076136476158295,0.2552632056859686,365,-0.7601019462465246,1.6252906507575215,0.22496523842325905,running
MPC,52.20999999999818,-47.35797042167616,-42.98273277501119,7.68000832313543,1.2529329389163903,1.1524335113780593,0.012979379823412181,7.750809053849034,0.06387698463659985,0.0185063454062373,0.4667999999998784,2,optimal,255.31238469305882,0,0,1.0129809772375333,0.26343747606376283,349,-0.8297961075069509,1.5678970788546778,0.21008581223244965,running
MPC,52.30999999999816,-47.10772589975841,-42.25449998743179,7.717667724808287,1.2609934133345009,0.97653909899994,-0.0021159734561276783,7.777662233035424,0.03805234482552735,0.025760489306474454,0.7861999999985159,2,optimal,256.1122307981883,0,0,0.9928856441585402,0.2658434527133824,356,-0.7993049119555145,1.6396870235506709,0.21621722807816315,running
MPC,52.40999999999814,-46.85990384884437,-41.521604683280756,7.752751786437174,1.233904018419485,0.909758424468705,-0.007865385428354264,7.8086435672551575,0.021352643318567056,0.001994533741029869,0.4737999999999687,2,optimal,256.91207690113924,0,0,1.0168386370199045,0.2554011900131761,364,-0.7644578313253012,1.6465990070191234,0.2239412608755995,running
MPC,52.50999999999812,-46.60547954649024,-40.7873595664151,7.786136795975942,1.222005540425188,0.8657006135758596,0.006518383013871168,7.83932184779476,0.031342946222892576,0.014444232093755005,0.4544000000006321,2,optimal,257.71192300784986,0,0,1.0123206538980847,0.2499521389110214,357,-0.7949490268767376,1.5742333303678449,0.21713917065507293,running
MPC,52.6099999999981,-46.348522360778944,-40.05055885640577,7.8177816017158,1.2471278037097329,0.8205757052030546,0.01357319636572818,7.8681943664962475,0.048344166566286435,0.010240803770466655,0.5030000000001422,2,optimal,258.51176911662253,0,0,0.992276047020119,0.2608965534509026,338,-0.8777108433734939,1.4993618974856446,0.20148754432673713,running
MPC,52.70999999999808,-46.096479364206466,-39.30884372932873,7.847273620646921,1.2585746981527075,0.7647521818022781,-0.0005610243474469269,7.894256819896028,0.062050222690309714,0.02136470429624282,0.5593000000008175,2,optimal,259.3116152243343,0,0,1.0287555049827402,0.25900383786939357,714,0.7601019462465248,1.6924966622462825,0.22496523842325897,running
MPC,52.80999999999806,-45.84504907725565,-38.56394809395276,7.874276305115755,1.2332469751127566,0.7002017023754428,-0.008388380657627393,7.917293790884465,0.07417783818846307,0.0041717076779477225,0.5041999999999547,2,optimal,260.1114613328738,0,0,1.0007979479348323,0.2587378017340566,362,-0.7731696014828544,1.6750822596996604,0.22193355627601147,running
MPC,52.90999999999804,-45.586818949714946,-37.81868051579977,7.898563087522184,1.2215694868466271,0.629776139695733,0.004541918785703629,7.937253919085328,0.08521099559090442,0.01594205524371972,0.5328999999996142,2,optimal,260.9113074419976,0,0,1.0367944267823794,0.25131788579206854,339,-0.8733549582947173,1.4732164933182603,0.20222103997141733,running
MPC,53.00999999999802,-45.32621817181463,-37.07183064321682,7.9199466082666525,1.2469705631703762,0.5544921892983733,0.011315367632744336,7.954012306452022,0.09422408994736879,0.009490400587429448,0.5515000000020365,2,optimal,261.7111535511256,0,0,0.9963913560139491,0.2597661707079608,722,0.7949490268767376,1.6540437469083908,0.21713917065507293,running
MPC,53.109999999998,-45.07091879580813,-36.321070337927836,7.938245326987392,1.2588965474548455,0.4745007487807328,-0.002589248591277115,7.967396683144726,0.1000468696438685,0.02150857474043555,0.4689999999989425,2,optimal,262.3110381328738,0,0,1.0190319000992647,0.24805420290925545,736,0.8559314179796109,1.493058448858235,0.20524858980469113,running
MPC,53.20999999999798,-44.81702482875299,-35.56889136621304,7.939166374577587,1.233447185711071,0.023883517632032947,-0.01100324480801485,7.940633678750595,0.09373151764815207,0.0037060133323532085,0.4995000000000971,2,optimal,263.11088424172476,0,0,1.018178233580368,0.2555819881979418,724,0.8036607970342913,1.623498776858271,0.2153071491827237,running
MPC,53.30999999999796,-44.557359105752795,-34.81924871243207,7.930507854277557,1.2209036444339247,-0.09853524166278861,0.002303056990328376,7.929312850411308,0.08722263360771122,0.015921479708122632,0.544800000000123,2,optimal,263.91073034993116,0,0,0.9917743623251567,0.2531004525810167,366,-0.755746061167748,1.6883688274382247,0.22600293112750477,running
MPC,53.40999999999794,-44.29616621515134,-34.07121900556392,7.919473746775207,1.2461597956773387,-0.12556977538915964,0.009706905309356022,7.917950876738641,0.0797360760749207,0.00968354169938479,0.5278999999980272,2,optimal,264.7105764573175,0,0,1.0317869368269366,0.2526510355546638,718,0.7775254865616312,1.648854569296942,0.22094939445953415,running
MPC,53.50999999999792,-44.041136969771934,-33.32236907485426,7.9064863071897,1.2588218056958222,-0.1477989834053249,-0.005161016633074969,7.9046938484346745,0.07093520556715986,0.022714812332278456,0.6044000000002825,2,optimal,265.5104225656322,0,0,0.9998503261718041,0.24214614631227857,731,0.8341519925857277,1.4975562302183254,0.20925385860619153,running
MPC,53.6099999999979,-43.788435255186904,-32.57446428395802,7.888284940597045,1.2336759694238717,-0.20713424391854438,-0.014161670628211456,7.885772882797845,0.06116517946254455,0.0020414169987716946,0.592099999998652,2,optimal,266.3102686742894,0,0,1.0375909861913506,0.2543338894459866,718,0.7775254865616312,1.6540115962378337,0.22094939445953415,running
MPC,53.70999999999788,-43.52878518847114,-31.83166832327801,7.85884293646385,1.2025176603529237,-0.3350543616893838,-0.0016892285606050622,7.854779504428107,0.04823400619587433,0.0327896322718324,0.6537000000008675,2,optimal,267.11011478118166,0,0,0.9920641553109146,0.25589904788529727,346,-0.8428637627432809,1.5506546831437098,0.20762130414308752,running
MPC,53.80999999999786,-43.25755220435439,-31.097502917960245,7.810351784234969,1.1905081445573442,-0.5518364845045163,0.015998034153113114,7.803659288013398,0.0307218799190266,0.044368553538628674,0.45369999999955724,2,optimal,267.90996088820947,0,0,1.039514482409704,0.24819971799526028,369,-0.742678405931418,1.6610209483017382,0.2241197071405647,running
MPC,53.909999999997844,-42.98331791451204,-30.371523313181523,7.73505151127092,1.2165034713844989,-0.8569282437046931,0.02641530433370499,7.7246589598645,0.025902067425648705,0.01789990724478585,0.5896999999990271,3,optimal,268.70980699645594,0,0,1.005850902737181,0.253567951394228,351,-0.8210843373493977,1.5613192780079612,0.21178185999974475,running
MPC,54.009999999997824,-42.719176533701486,-29.653551551025284,7.607036080535916,1.2503009443878614,-1.4568345360344537,0.014999467164832391,7.589368057667475,0.04713653831095959,0.016371784715044413,0.8900999999994497,3,optimal,269.5096531024925,0,0,0.9849367867500273,0.2599410411259462,339,-0.8733549582947173,1.4935830731922233,0.20222103997141733,running
MPC,54.109999999997804,-42.476169159181914,-28.946868382167015,7.404932266738132,1.287813078277285,-2.2999712934167174,0.0001349830878357982,7.377038951194244,0.08773413770502479,0.054481909563641295,0.6012000000001905,3,optimal,270.3094992069221,0,0,1.0048651558822765,0.26501096794126455,706,0.7252548656163116,1.7292196202338344,0.2206244765899192,running
MPC,54.209999999997784,-42.25970981083069,-28.257237614095242,7.1380834728348255,1.3110552746781803,-3.0367787431985973,-0.015113061785217567,7.101254392418272,0.042076522976718184,0.07932108596139287,0.8148000000005595,3,optimal,270.9093837845945,0,0,1.0089647060412017,0.253924543646789,705,0.7208989805375348,1.632278657430959,0.2197779812188762,running
MPC,54.309999999997764,-42.06380693240523,-27.59369216368697,6.806707127424775,1.2954137464379825,-3.7711118233673657,-0.028847012856659433,6.7609722904980885,0.07385011963209916,0.0694512706912942,0.699499999999631,3,optimal,271.7092295004618,0,0,1.0235399723273773,0.26480636647420314,703,0.7121872103799816,1.6488815335574445,0.21811666573475305,running
MPC,54.409999999997744,-41.878000332887,-26.963977156040436,6.442603135729636,1.2654373749744412,-4.143557278711983,-0.01884176866743722,6.392351399553577,0.06946189158088341,0.04179472598825562,0.7532000000001204,3,optimal,272.3091138739996,0,0,0.9473667545854436,0.26813299760316994,732,0.8385078776645041,1.4286471825738174,0.20843240730709414,running
MPC,54.509999999997724,-41.6952802872418,-26.373262004035965,6.051104132840519,1.246391179621115,-4.45531655799022,0.005127249815968415,5.9970714799306135,0.09443001373588339,0.0053433515025211875,0.9268000000002274,3,optimal,272.90899243292097,0,0,0.9551333391030514,0.3000876848135738,750,0.9169138090824838,1.3712823660113622,0.19528096432440423,running
MPC,54.609999999997704,-41.52327562577344,-25.821275569745556,5.644310213424358,1.2878260030327442,-4.629374970280265,0.039350811446048406,5.588166635812492,0.09978702837338708,0.005862493694491988,0.5232000000017223,2,optimal,273.50887383066026,0,0,0.9373988276533618,0.33488857212789575,756,0.9430491195551438,1.3816890863738756,0.1915110732869883,running
MPC,54.709999999997684,-41.38022853296799,-25.303633538751747,5.231712277085312,1.3756429329375668,-4.695425541312513,0.05227333202478028,5.1747676592931064,0.11768330650471306,0.023482803059343027,0.5273999999992895,2,optimal,274.1087231653462,0,0,0.9510282112941089,0.3675205748581677,365,-0.7601019462465246,1.728419457395426,0.22496523842325905,running
MPC,54.809999999997665,-41.28104317021196,-24.8174843637203,4.826122494399917,1.4743920135583348,-4.615671716184915,0.04592377363731431,4.7701451054668205,0.09678803566479,0.053382011726347045,0.6458999999985338,2,optimal,274.50854206617316,0,0,0.9522418622668309,0.38417293182233614,382,-0.6860518999073215,1.768528193065089,0.21337555590733343,running
MPC,54.909999999997645,-41.23084889377372,-24.36323524404864,4.442370536422916,1.569379737925345,-4.367154041054717,0.04097636201017633,4.389407090294446,0.12518400477939345,0.005317760675321637,0.5170000000003228,2,optimal,275.1079367352905,0,0,1.027998770861239,0.41027621520403107,378,-0.7034754402224281,1.7264748764384614,0.216496585417684,running
MPC,55.009999999997625,-41.225636796603574,-23.943555157562468,4.074573025656965,1.6544142617031334,-4.185590072032025,0.04544914223919979,4.023811529219714,0.09552149300167576,0.02029946322505438,0.5178000000007899,2,optimal,275.5075917281234,0,0,1.017738027520777,0.4152571042217978,371,-0.7339666357738648,1.5921019339954976,0.22234991952811328,running
MPC,55.109999999997605,-41.25638971566874,-23.560900901566256,3.720588061145867,1.728165944034528,-4.028401252691205,0.03295320982253923,3.6717329003878447,0.09107394465652262,0.06008539687937642,0.47819999999987317,2,optimal,275.90748606267584,0,0,0.9690359868024143,0.4427428458460936,374,-0.7208989805375348,1.574956632677835,0.2197779812188762,running
MPC,55.209999999997585,-41.31323037129914,-23.21354403150966,3.418634308838103,1.7899737872982606,-3.436278362080734,0.06322721797348495,3.3769602249377932,0.07676927524733573,0.06081152817527702,0.5266000000005988,2,optimal,276.10744758996657,0,0,1.014360273042857,0.459408221087513,370,-0.7383225208526414,1.4874019964163279,0.22322918788849236,running
MPC,55.309999999997565,-41.39125278700776,-22.895575016371613,3.202124907404629,1.866342665403962,-2.4639090113859448,0.12749904453379288,3.1722434076995087,0.022576127693533905,0.10504311059953153,0.4526999999985293,2,optimal,276.5070777546177,0,0,0.9832674543468254,0.4648809463213722,387,-0.6642724745134383,1.4610134933592938,0.20968660597172056,running
MPC,55.409999999997545,-41.50075750738521,-22.601775679288963,3.1063342662994082,2.0061359955235565,-1.0901116638027895,0.23640978530569645,3.09311374102435,0.1022326499273373,0.09792869793951908,0.6359000000006887,3,optimal,276.90645848979557,0,0,0.9894325089830771,0.5017784230592309,355,-0.803660797034291,1.330518672590079,0.21530714918272373,running
MPC,55.509999999997525,-41.662576575537024,-22.336924365002805,3.1127920663014326,2.224993216780925,0.16745603794454483,0.28168466961498767,3.123079870093863,0.053080991358578855,0.05534531240843066,0.6024999999993952,3,optimal,277.10642001708624,0,0,0.9720818305555576,0.5420379709177742,358,-0.790593141797961,1.4024638644781477,0.21807316453493358,running
MPC,55.609999999997505,-41.876979802936,-22.11147240096016,3.1178238004463,2.425861607886457,0.1304769834348538,0.14750540931298672,3.125839764644918,0.08073985563720143,0.10454533472781868,0.45490000000114605,2,optimal,277.5056799358128,0,0,0.998222135935084,0.6175055702053192,356,-0.7993049119555145,1.5563616010776824,0.21621722807816315,running
MPC,55.709999999997486,-42.121726116359284,-21.91732964434937,3.1314196190516466,2.5238947501867983,0.35255070078826056,0.03265489209327576,3.153078870525126,0.03773172614451624,0.13036965525309974,0.6478999999988133,3,optimal,277.70520400299614,0,0,0.9919455743909926,0.6469771437714149,355,-0.803660797034291,1.61536990765006,0.21530714918272373,running
MPC,55.809999999997466,-42.375646253390656,-21.73632007898912,3.1116939233263814,2.529361798979236,-0.2244813349053243,-0.06274315462863443,3.1089714855611144,0.06617423585267926,0.02075713095749876,0.5795999999982371,3,optimal,278.10494976529225,0,0,1.0102595126259217,0.6306090414369697,371,-0.7339666357738648,1.688611847371435,0.22234991952811328,running
MPC,55.909999999997446,-42.6286879532749,-21.55348554928024,3.1304861213363817,2.5161328025503966,0.48729707052518023,0.0006352776945593873,3.1604236303788995,0.06885392996703019,0.03878815897627064,0.4395999999982081,2,optimal,278.3049112925829,0,0,0.9773054781945743,0.5950013642043812,363,-0.7688137164040778,1.5536432178910402,0.22293077345441883,running
MPC,56.009999999997426,-42.886683593292034,-21.37311485376952,3.163034927796102,2.54466868700855,0.844017183539273,0.06144387207484419,3.214887839690309,0.02462913067892133,0.08416713196658243,0.4768999999988921,2,optimal,278.7048143008157,0,0,1.0008928801862105,0.589014303108524,380,-0.6947636700648749,1.6314106720193746,0.21491658495418048,running
MPC,56.109999999997406,-43.15701984237675,-21.201412211873667,3.237418375579313,2.608494625744781,1.928823662938885,0.1074130002080029,3.3559172940899904,0.09764805752345253,0.039421642910291155,0.46189999999945996,2,optimal,278.90477582810644,0,0,1.0361119401771073,0.5625908026913169,364,-0.7644578313253012,1.5083050579609576,0.2239412608755995,running
MPC,56.209999999997386,-43.44647467110298,-21.046827459664115,3.3202638222131102,2.690321386241522,2.148250216899396,0.08210440586467792,3.4522433972692523,0.03041605658732024,0.008880870766796889,0.7180999999985005,2,optimal,279.30467721348947,0,0,1.0337149619482164,0.6066077156916703,347,-0.8385078776645043,1.5214051458293663,0.2084324073070941,running
MPC,56.309999999997366,-43.754062709272304,-20.906207917537984,3.4351631968986074,2.738182208576531,2.9794347984000007,0.029159156155455175,3.6182073020531105,0.03861326757964529,0.03618942818116899,0.4582000000006303,2,optimal,279.70458683437124,0,0,1.0191554398241134,0.6019814394469654,713,0.755746061167748,1.6806040586671824,0.22600293112750477,running
MPC,56.409999999997346,-44.07693036243181,-20.76741021761348,3.5818552541306,2.7400245503991427,3.803845070194695,-0.012549315889392157,3.8155477039180767,0.08572227666767766,0.025174362123527416,0.6202000000001817,2,optimal,280.1045036466535,0,0,0.994561963052927,0.5848925937443169,706,0.7252548656163116,1.7241710222240423,0.2206244765899192,running
MPC,56.509999999997326,-44.41391787745003,-20.620842012058866,3.7540244270672978,2.7251402033737455,4.464487526267553,-0.01936588500743807,4.028304006757356,0.08188812633366398,0.006941495423843591,0.5543999999986227,2,optimal,280.3044641577136,0,0,1.0102057135032205,0.5658536756709982,725,0.8080166821130677,1.6147970241857972,0.2144087504700342,running
MPC,56.60999999999731,-44.76413903265083,-20.4634650554575,3.912471760535737,2.709925832003878,4.108669001391389,-0.009196649811140252,4.164891327206437,0.0659252384646623,0.009236551227388645,0.49710000000047216,2,optimal,280.70438714999244,0,0,1.0133978890578945,0.5419369243036101,734,0.8472196478220577,1.5537638489554688,0.20682039817249392,running
MPC,56.70999999999729,-45.12756308708258,-20.295907184509577,4.078088666129142,2.7078893483729964,4.29458187286898,0.0008424220291747859,4.341929947822635,0.06606100748519413,0.007665891536387193,0.47900000000034026,2,optimal,281.10431019724246,0,0,1.0355132029231366,0.5193427163141979,341,-0.8646431881371641,1.5222483000415268,0.2037158366078793,running
MPC,56.80999999999727,-45.50750358825703,-20.123467725307147,4.2527846414198205,2.7238274568035665,4.530009578782913,0.0007124087985858386,4.531089624007434,0.08339535167623303,0.012918657715106363,0.5531999999988102,2,optimal,281.50423325182385,0,0,1.0071975670551572,0.48529589144152957,708,0.7339666357738648,1.6918627260585424,0.22234991952811328,running
MPC,56.90999999999725,-45.90516237980843,-19.94710530753791,4.433044952086127,2.7264756861516184,4.674297347915666,-0.016027760784697618,4.720214376211387,0.08212518904946654,0.02122992975881033,0.49339999999986617,2,optimal,282.1041172541358,0,0,1.0011302511773332,0.4606064215268474,728,0.8210843373493977,1.5466038496745618,0.21178185999974475,running
MPC,57.00999999999723,-46.319803597512404,-19.76060098735401,4.64326290588796,2.709778527842279,5.451123546320604,-0.022952164382131622,4.978157306718187,0.031328126637677416,0.00705689542318666,0.5088999999980359,2,optimal,282.50404014374993,0,0,1.0035445194259922,0.45325146215198897,723,0.7993049119555145,1.6171004882579694,0.21621722807816315,running
MPC,57.10999999999721,-46.75110713372004,-19.560013450737575,4.8533197314056284,2.692884048660876,5.446945358074038,-0.01296272305560371,5.187957441695364,0.05202562886495277,0.008158944294004655,0.4715000000015124,2,optimal,282.9039631449661,0,0,1.0126899338610251,0.4306304242364972,707,0.729610750695088,1.7119994363703313,0.22148173646210823,running
MPC,57.20999999999719,-47.19766498625638,-19.344090010255822,5.051344512365874,2.6761724298817913,5.134944597857444,-0.00039785501599097484,5.366814191191373,0.05679132067497293,0.023814720341029272,0.4522999999991839,2,optimal,283.5038477229108,0,0,1.0139503070464897,0.40643054502260756,351,-0.8210843373493977,1.5559240595760322,0.21178185999974475,running
MPC,57.30999999999717,-47.65962575652527,-19.113743956414535,5.256343472138743,2.6738184003512337,5.3157907608715895,0.014707420408788573,5.582923588453032,0.061094855912824375,0.02664799745734925,0.47090000000160614,2,optimal,283.903770777391,0,0,1.0324807288031157,0.3959284178170296,369,-0.742678405931418,1.697418017230176,0.2241197071405647,running
MPC,57.40999999999715,-48.13965625986897,-18.876200951729764,5.440719122230099,2.6931461144048567,4.781011466454421,0.02052316504883687,5.7344446187841855,0.008392249806254345,0.00933996969858697,0.45300000000025875,2,optimal,284.50365532913935,0,0,0.9999661990708232,0.376135688180105,370,-0.7383225208526414,1.6854884195021398,0.22322918788849236,running
MPC,57.50999999999713,-48.63881172724587,-18.637046232562074,5.6152170912287716,2.7123468581055166,4.524875113618823,0.008774678805494615,5.893206633591981,0.05136315193795984,0.007593062467948997,0.44009999999872207,2,optimal,285.1035397880489,0,0,1.0278466499106085,0.3781684111580741,340,-0.8689990732159407,1.5312730141240105,0.20296376061118726,running
MPC,57.60999999999711,-49.156104768174636,-18.39739941408099,5.774225150846191,2.7155348413816776,4.123209089230979,-0.007253946173599698,6.0275380001518695,0.08039530764212978,0.009105444968964704,0.4740999999999218,2,optimal,285.7034243377388,0,0,1.0109897429391606,0.3640136301237191,706,0.7252548656163116,1.7502234301062813,0.2206244765899192,running
MPC,57.70999999999709,-49.685803494558186,-18.151036395973264,5.89953352243664,2.694253247782576,3.2493486049802565,-0.004544936948687926,6.099160011344217,0.09601928261971353,0.01341691820575086,0.6395000000019024,3,optimal,286.30330890846784,0,0,1.0342350046973037,0.34022510295484293,341,-0.8646431881371641,1.4785263433495854,0.2037158366078793,running
MPC,57.80999999999707,-50.220953272098214,-17.893754076639688,5.970590388730818,2.6720842074975493,1.8425626830574462,-0.0009971749355952597,6.083789790742384,0.10053927595809765,0.03612991534260246,0.5978999999989298,3,optimal,286.7032319614486,0,0,0.9959413836236164,0.3281318732271099,354,-0.8080166821130677,1.5519352142744622,0.2144087504700342,running
MPC,57.90999999999705,-50.755532720701495,-17.626923780063162,5.97828692392172,2.6662974468181155,0.19957745494830004,0.018291163882904398,5.990548134225648,0.10310128446459044,0.04234118022018052,0.638699999999659,3,optimal,287.30311653921984,0,0,1.0265857716092393,0.3141360447950135,372,-0.729610750695088,1.6196009445265456,0.22148173646210823,running
MPC,58.00999999999703,-51.28391558958848,-17.3626470141827,5.871993069084332,2.689075367232313,-1.2096397895648052,0.023966233815264207,5.857322944965239,0.10314874178670852,0.019247363258150685,0.6253999999987769,3,optimal,287.90300112063966,0,0,0.9821359975253179,0.32291021858963814,352,-0.8167284522706209,1.5342507050195935,0.2126462795560751,running
MPC,58.10999999999701,-51.800511582551806,-17.112607519472174,5.6716951023987745,2.7170891538765662,-2.2794204861836795,0.001856025024385889,5.644051020465964,0.08924881538633735,0.011956257131352288,0.6586999999989018,3,optimal,288.5028855135036,0,0,0.958479246466574,0.3325324883775369,354,-0.8080166821130677,1.5635453034298583,0.2144087504700342,running
MPC,58.20999999999699,-52.299463603811255,-16.8824545111432,5.404582432621404,2.7299654371981457,-3.0397816896743257,-0.025322685538512288,5.367716933431342,0.062062611705928694,0.031729285741256774,0.4782999999992654,2,optimal,289.1027700299907,0,0,0.9877236078352689,0.3590505835196813,734,0.8472196478220577,1.5550753980724736,0.20682039817249392,running
MPC,58.30999999999697,-52.77156432208901,-16.664786149646368,5.093729277419126,2.6885081198169747,-3.537554883296772,-0.05148885205551323,5.050826944291726,0.08684890912184255,0.0070184236950403545,0.4527999999996979,2,optimal,289.70265348566477,0,0,0.9704782048664093,0.3723583019769804,730,0.8297961075069509,1.5685363154833918,0.21008581223244965,running
MPC,58.40999999999695,-53.206575520895285,-16.445428763602358,4.759592185447301,2.6116387017108273,-3.8025295275717608,-0.04798102394291361,4.71347632466195,0.054694298848119965,0.03914920514146658,0.42979999999914753,2,optimal,290.10255977318593,0,0,0.9727086433324447,0.4008243192177592,698,0.6904077849860983,1.788256889251879,0.21414126651260781,running
MPC,58.50999999999693,-53.598454311100134,-16.218545559498956,4.4111122009419415,2.550775911156451,-3.9657537660054634,-0.010171253452884508,4.363016808846754,0.09144448057112667,0.0434378932686208,0.4886000000006163,2,optimal,290.5024026014826,0,0,0.9765359360899057,0.4059108170471503,713,0.755746061167748,1.632013525566368,0.22600293112750477,running
MPC,58.60999999999691,-53.94934287297753,-15.992108686395115,4.056497181888213,2.533114305825709,-4.03557136657527,0.011440685822119916,4.007555064284414,0.10398454387847363,0.0241555271316809,0.6478999999988133,3,optimal,290.90217036265847,0,0,0.9962039317539032,0.4022312675548474,698,0.6904077849860983,1.5820925729617397,0.21414126651260781,running
MPC,58.70999999999689,-54.26621729316673,-15.777375852559015,3.71124533466247,2.531972989641689,-3.929017086302064,-0.025524746896182487,3.663595473258007,0.0820505648392705,0.1382163664287841,0.614699999999857,3,optimal,291.3019449181872,0,0,1.0364670759404622,0.3881147606845472,686,0.6381371640407787,1.470108993686356,0.2055510376980303,running
MPC,58.80999999999687,-54.55147896130976,-15.567311861694824,3.4583985780131465,2.4563228551192586,-2.877433488260791,-0.17839232953113415,3.423501985836391,0.08378712501422894,0.18142744541500555,0.5607000000011908,2,optimal,291.70183911209824,0,0,0.9452854490776631,0.39324256305729605,704,0.7165430954587584,1.3194622143755066,0.21894209497805303,running
MPC,58.90999999999685,-54.79164164620459,-15.332366232354437,3.3177528286469524,2.2506727571314884,-1.6005694301592428,-0.27122450758771016,3.298341634997222,0.13271567055597958,0.06164081131289123,0.6257999999998987,3,optimal,292.1016445058465,0,0,0.9089423456571789,0.4482678580338752,700,0.6991195551436515,1.4023068775016847,0.2157016455530536,running
MPC,59.00999999999683,-54.97249753272698,-15.054705741965117,3.3216975434141234,2.0236290915234414,0.10228968155173854,-0.20103766946974888,3.3279817968021264,0.13727816324680472,0.13612704222018124,0.6390999999990044,3,optimal,292.3016060331372,0,0,0.929630050330276,0.5883752134974515,722,0.7949490268767376,1.5842245583355898,0.21713917065507293,running
MPC,59.10999999999681,-55.09898580386716,-14.746669673539257,3.3422106742618105,1.8739775260688334,0.5319222671056485,-0.016586911801453795,3.374889770124688,0.06041092660360911,0.23251649378825512,0.47789999999992006,2,optimal,292.701434873841,0,0,0.9785350915947684,0.5427463745989556,344,-0.8515755329008341,1.3937376565630377,0.20602954162158948,running
MPC,59.20999999999679,-55.205667908856924,-14.427227042599077,3.3898476286293624,1.887201977350991,1.23526520419255,0.1250259877841181,3.4657371946810653,0.06938180807319548,0.1820560103589841,0.6629000000000218,3,optimal,293.1013155213335,0,0,1.0110395998889583,0.5279564492588518,349,-0.8297961075069509,1.401197685708336,0.21008581223244965,running
MPC,59.30999999999677,-55.32908808143591,-14.107653562505227,3.4576433018617183,1.9793823575978373,1.7579972785955755,0.09603874182087682,3.56564735648892,0.08562269814165158,0.06944866420341,0.6775999999995008,3,optimal,293.3012429573272,0,0,0.9688652940386515,0.5866890204899055,341,-0.8646431881371641,1.4942624756040126,0.2037158366078793,running
MPC,59.40999999999675,-55.47515168938656,-13.790943017384512,3.513685188378219,2.0298808763860627,1.4532119718865688,-0.012252187564157508,3.6029644990503753,0.05949402022839851,0.027522657316641386,0.5494999999999806,2,optimal,293.7011347266615,0,0,0.9701263599862782,0.5575099704580688,706,0.7252548656163116,1.6631589744304065,0.2206244765899192,running
MPC,59.50999999999673,-55.62350050383449,-13.470752457845707,3.5421670887789256,1.9871144178947535,0.7385589818108788,-0.09234750965813597,3.5875410865593067,0.050071400095834204,0.04606882042396876,0.48939999999930706,2,optimal,294.1010577812429,0,0,0.9953988236343936,0.52247261646131,694,0.6729842446709915,1.646669480732948,0.2111347683074644,running
MPC,59.60999999999671,-55.755244134463894,-13.141929461762905,3.543648493179784,1.9097435013270907,0.038414028226884216,-0.09439112993486175,3.546008491601614,0.0718311338067156,0.04518900487108901,0.508399999997522,2,optimal,294.5009475711847,0,0,1.004332427597423,0.5244563780690441,715,0.7644578313253012,1.564759332449624,0.2239412608755995,running
MPC,59.70999999999669,-55.860963596721284,-12.803787135449571,3.544554022145651,1.8152633506639235,0.023481107005573446,-0.10762003078229435,3.545996603880341,0.09230817061998157,0.0029157355845192967,0.49070000000028813,2,optimal,294.7007634499129,0,0,0.9945172417374845,0.5067987750527415,713,0.755746061167748,1.5329994116581676,0.22600293112750477,running
MPC,59.80999999999667,-55.934671513970144,-12.457695977479357,3.53710825778533,1.7228006320640268,-0.08473389969483011,-0.0851019483490851,3.536080632176168,0.04723827366039759,0.006419444219275761,0.519799999999293,2,optimal,295.10046903981106,0,0,1.012006726927349,0.5174099770379377,713,0.755746061167748,1.5607058923753738,0.22600293112750477,running
MPC,59.90999999999665,-55.97706818630919,-12.105904036311577,3.5513908935214786,1.6290324644434464,0.370360430956505,-0.10165868082063485,3.5741443008809806,0.007508056549386093,0.014772388337354059,0.5509999999997461,2,optimal,295.5001822335514,0,0,1.0215594545266407,0.5438925889944524,710,0.742678405931418,1.6413111467040065,0.2241197071405647,running
MPC,60.00999999999663,-55.98354881327588,-11.749301472041076,3.5825680951645884,1.5218511282401703,0.8084503483720027,-0.10871645252962066,3.632235928358679,0.043324687508764476,0.04075138718662963,0.46629999999936445,2,optimal,295.8999431234541,0,0,1.0213529647709088,0.5546955473826877,700,0.6991195551436515,1.7235121739345607,0.2157016455530536,running
MPC,60.10999999999661,-55.956337221744285,-11.391471318217624,3.595277452463757,1.4430289237948424,0.3295640337999207,-0.04597874837220335,3.6155244985445805,0.08588307436684182,0.041888288463120205,0.5057999999991125,2,optimal,296.2997858688833,0,0,1.0225322136507538,0.5534815373664693,710,0.742678405931418,1.6848317824718921,0.2241197071405647,running
MPC,60.20999999999659,-55.90909953177187,-11.035659449140269,3.586617860380811,1.4119242514904515,-0.09854743871089283,-0.003260865549579482,3.5854227085926675,0.0887399078141481,0.03661280183106541,0.6958000000008013,2,optimal,296.49974739617403,0,0,1.006967143611261,0.5471765509394989,725,0.8080166821130677,1.5736488589220357,0.2144087504700342,running
MPC,60.30999999999657,-55.85213024656161,-10.683081593030956,3.5639061949320525,1.396139286734841,-0.25846211200197244,-0.006662991844899296,3.5607716491806136,0.05221778087231854,0.026919187976236714,0.8652999999991806,2,optimal,296.89963971059694,0,0,0.9752240685840119,0.5207042136206977,713,0.755746061167748,1.5851436515991886,0.22600293112750477,running
MPC,60.40999999999655,-55.78636508996109,-10.332948889082383,3.5621488149136638,1.36415990243838,-0.01999924453658694,-0.05435883158313332,3.561906270478394,0.014366583302544322,0.06758574898098146,0.6967000000006607,2,optimal,297.29944949919843,0,0,0.9914404666091235,0.4990112807404332,709,0.7383225208526416,1.538553119557742,0.2232291878884924,running
MPC,60.50999999999653,-55.702654169594545,-9.985160021402075,3.5919420705209757,1.2861317110453143,0.772563495293377,-0.13109062952380737,3.6394051644430014,0.04529276643883887,0.06207567498004707,0.434699999999566,2,optimal,297.69921957274977,0,0,1.0105818207872197,0.49869002274066637,722,0.7949490268767376,1.4611953208776463,0.21713917065507293,running
MPC,60.60999999999651,-55.58118350368187,-9.644098733314959,3.648864099382916,1.1499655275562892,1.476034783052652,-0.15632562404921047,3.739545548826241,0.08527556193263462,0.000955877721466436,0.6093999999983168,3,optimal,298.0989867355015,0,0,0.9879124134200337,0.5149554939308619,713,0.755746061167748,1.5721336816635627,0.22600293112750477,running
MPC,60.70999999999649,-55.41574552193354,-9.314851202738454,3.7192451173443444,1.0245570543771931,1.825037382797558,-0.09944104737322965,3.8313678376626714,0.08504264815476656,0.09326690473676003,0.43650000000106104,2,optimal,298.2989482627922,0,0,1.024920847891101,0.5438492556733941,711,0.7470342910101948,1.681013691612862,0.22502164647011186,running
MPC,60.80999999999647,-55.216172112937,-8.998027268406505,3.766834265014068,0.9635070691271923,1.2340255374015394,0.0013479110838787991,3.842647671084498,0.05996168153942579,0.08575352665100588,0.5207000000009288,2,optimal,298.6987619064488,0,0,1.0142008806655771,0.547034716255238,353,-0.8123725671918443,1.612844995296306,0.21352185245425553,running
MPC,60.90999999999645,-55.00781773306395,-8.681474735262125,3.8092005435422345,0.9947207843063612,1.0985922671123078,0.03255707644593816,3.8766934917252986,0.04397712823804702,0.0055862362464367266,0.76110000000007,3,optimal,299.09864050001744,0,0,1.0139086095850216,0.5138049864228256,740,0.8733549582947173,1.4452601024191882,0.20222103997141733,running
MPC,61.00999999999643,-54.80229843785772,-8.357870198912691,3.854235095084264,1.0134489099574182,1.167782769592376,-0.023233032291074426,3.925978820501472,0.022720189252848313,0.07667070439996593,0.4587999999987602,2,optimal,299.4985571633048,0,0,0.9972285026039428,0.46887234065406824,707,0.729610750695088,1.5528481752552021,0.22148173646210823,running
MPC,61.10999999999641,-54.58985043981909,-8.032217755436836,3.9176895936607514,0.9673791952216746,1.6454270677390603,-0.09168927277327117,4.01877780185817,0.027568073594358335,0.0693123960419939,0.44749999999993406,2,optimal,299.8984546374356,0,0,0.9994841046738255,0.47767830472653505,696,0.6816960148285451,1.6422309225904534,0.21261932153731197,running
MPC,61.20999999999639,-54.35313105410091,-7.714028163034898,4.00907334771743,0.8699632169369496,2.3696555145766367,-0.1035495147719693,4.154655145118415,0.04485948249011722,0.0011634904657782386,0.5988999999999578,3,optimal,300.29835628225703,0,0,0.9951678075303797,0.4806885820508085,719,0.781881371640408,1.5562683167478344,0.21997807798827246,running
MPC,61.30999999999637,-54.083399292790325,-7.409116373414069,4.125283892438919,0.7876091547527615,3.013434510256979,-0.04904299587660491,4.310416798743128,0.04140472133231196,0.061014359701307086,0.4472999999993732,2,optimal,300.6982692661041,0,0,0.9776660610809129,0.5003943183476175,354,-0.8080166821130677,1.6005026891295215,0.2144087504700342,running
MPC,61.40999999999635,-53.788996554665324,-7.109810094074973,4.260717386301643,0.7706402829832473,3.511901310063663,0.01820498632376417,4.476474023445285,0.03631467025106199,0.06658125127133374,0.48720000000201935,2,optimal,301.0981904032057,0,0,0.9923254025828228,0.4767692864227035,387,-0.6642724745134383,1.7582838941946815,0.20968660597172056,running
MPC,61.50999999999633,-53.48357699816646,-6.8013167889102,4.409655079115264,0.8061177485455224,3.862076238247129,0.04440451430931844,4.646925010126356,0.06419982703133335,0.028024541250639246,0.45390000000189445,2,optimal,301.4981134557084,0,0,0.9997443997613331,0.45650391037772914,360,-0.7818813716404078,1.6001532070093778,0.21997807798827249,running
MPC,61.60999999999631,-53.17576827982305,-6.473830015946252,4.566742394243577,0.8402886049431522,4.073402613039634,0.02778054123208406,4.816995340419227,0.08669083374369899,0.001816559347842528,0.5347000000011093,2,optimal,302.097997931099,0,0,1.044284163337368,0.44898007461924067,368,-0.7470342910101946,1.6776498216754696,0.22502164647011183,running
MPC,61.70999999999629,-52.86370281385303,-6.126460903556896,4.7573186939624525,0.8562646154979885,4.941799384782855,0.006528917473931709,5.060922332721862,0.020921608159753323,0.014375064778660018,0.4767000000001076,2,optimal,302.49792073193197,0,0,0.9945772882148483,0.45183334616316084,350,-0.8254402224281743,1.61039990933441,0.21092842571338713,running
MPC,61.80999999999627,-52.54388382323298,-5.7602109531260375,4.951796502898108,0.8578965293446261,5.042968711061327,-0.004507410585849427,5.261615565068586,0.06700583029377102,0.013101115996004609,0.4458999999989999,2,optimal,302.89784355345796,0,0,1.0333026797564742,0.4217058983233617,718,0.7775254865616312,1.6506635154526141,0.22094939445953415,running
MPC,61.90999999999625,-52.2102601171979,-5.3806945579551835,5.139405502787902,0.8392921076856936,4.864854872314915,-0.0062151288144296655,5.4382819901296,0.027723049074886628,0.008831433321018878,0.49069999999851177,2,optimal,303.4977279880981,0,0,1.0165700936693158,0.40633332515763615,355,-0.803660797034291,1.6118434474784884,0.21530714918272373,running
MPC,62.00999999999623,-51.8600537477222,-4.989589491087164,5.343900238891635,0.8356185592196206,5.302715828565681,0.008434450269300611,5.66967708564447,0.09758059961385689,0.014149805683425498,0.43730000000152813,2,optimal,303.89765098115475,0,0,1.0120671341393863,0.38105716299958,354,-0.8080166821130677,1.5675380795879719,0.2144087504700342,running
MPC,62.10999999999621,-51.49788210143239,-4.582500005448619,5.538112672564613,0.8548739308878295,5.036087313365152,0.013980527755480143,5.84750897022815,0.04354626751565938,0.003728797749445789,0.4629999999981038,2,optimal,304.49753555306575,0,0,1.0085467899463845,0.3692265044587213,366,-0.755746061167748,1.6619533221399574,0.22600293112750477,running
MPC,62.20999999999619,-51.12783683790929,-4.155878790982026,5.740712946314951,0.8738727700615119,5.253590869657855,0.001005869686262778,6.063471759530398,0.010334751988933005,0.022508574283072846,0.4594000000004428,2,optimal,305.0974201324913,0,0,1.002407929072602,0.3760195737259655,710,0.742678405931418,1.7581688307831544,0.2241197071405647,running
MPC,62.30999999999617,-50.7498968161751,-3.708752122040041,5.95158206140053,0.8765245254196428,5.468008691200359,-0.013451328144096058,6.287513815434987,0.007932247133286701,0.025552409856999247,0.49329999999869756,2,optimal,305.69730471185807,0,0,0.9995174671376094,0.35088729941079005,711,0.7470342910101948,1.7029597819487465,0.22502164647011186,running
MPC,62.40999999999615,-50.357528700694886,-3.2460092713191218,6.165319408905359,0.8553433786581524,5.542384304672626,-0.01783786036802586,6.505820491867793,0.01321118945073304,0.004773704033159021,0.48539999999874794,2,optimal,306.2971892902743,0,0,1.036441365615774,0.33957291471800494,719,0.781881371640408,1.6540549612436952,0.21997807798827246,running
MPC,62.50999999999613,-49.94562479553198,-2.7721322144829506,6.375435382518028,0.8351753166859837,5.4484791165734565,-0.006539244991622631,6.710167320562705,0.03184002566340987,0.015054484088711462,0.5358999999991454,2,optimal,306.8970738717447,0,0,1.031831027811088,0.3304121104865792,378,-0.7034754402224281,1.7699833602541235,0.216496585417684,running
MPC,62.60999999999611,-49.51379243008027,-2.2884864152398174,6.576067666247771,0.8323869231594356,5.20255927817777,0.005282113469146297,6.895691310335805,0.07663452549530818,0.017566707064940346,0.5886999999979992,2,optimal,307.4969584532527,0,0,1.0090689306531115,0.32327038269338854,714,0.7601019462465248,1.7186998422097273,0.22496523842325897,running
MPC,62.70999999999609,-49.069383624402626,-1.7903464730440208,6.760491382163301,0.8555781379482967,4.782257852603623,0.007977514804667766,7.0542934515081335,0.05677773603130267,0.005913961424235836,0.5739999999985201,2,optimal,308.29680456123094,0,0,0.9961673324184035,0.312202608975308,355,-0.803660797034291,1.6402905277114386,0.21530714918272373,running
MPC,62.80999999999607,-48.6178450660273,-1.2746480002040916,6.934462834368004,0.8617956530873068,4.511222102345347,-0.004325670894846115,7.2116135923978355,0.030027151308796744,0.012286526850594726,0.500500000001125,2,optimal,308.8966891425878,0,0,1.0196965216409943,0.30029653903746345,729,0.8254402224281745,1.5878457056295932,0.21092842571338707,running
MPC,62.90999999999605,-48.15572339329406,-0.7470505005881787,7.081158258169019,0.8381633077738,3.8039323680840544,-0.008704538997276105,7.3148560711764095,0.06994368620675687,0.011230592291067154,0.5046000000010764,2,optimal,309.6965352517254,0,0,1.0296421049144129,0.29038129365730936,370,-0.7383225208526414,1.712513293622078,0.22322918788849236,running
MPC,63.00999999999603,-47.67951531132757,-0.21324824313688423,7.215057392510781,0.8307099162684528,3.472114112243645,0.004381978196577269,7.428369669393383,0.04621600116196416,0.018659565532875177,0.5450000000006838,2,optimal,310.2964198335855,0,0,1.0400634435415634,0.2852481909373595,371,-0.7339666357738648,1.7221635495121796,0.22234991952811328,running
MPC,63.10999999999601,-47.19508257626505,0.32923440202156895,7.32233872854943,0.8551176340091464,2.7818928230663507,0.010362535150457687,7.493246674817416,0.026561855551801898,0.005689581912410091,0.5132999999997168,2,optimal,311.0962659426699,0,0,1.0106561523160442,0.2805785756080125,718,0.7775254865616312,1.6636346108999012,0.22094939445953415,running
MPC,63.20999999999599,-46.70882438749197,0.8836411729281578,7.418724606744395,0.8638393928116592,2.4993646863133527,-0.002465572607478512,7.572275197180765,0.08892208906502409,0.014256455238395915,0.45689999999964925,2,optimal,311.89611205166364,0,0,1.033575412003237,0.27409132789459206,709,0.7383225208526416,1.70759589226143,0.2232291878884924,running
MPC,63.30999999999597,-46.21709054633016,1.4455509273100295,7.50793661067995,0.8390237793646222,2.3133402569695733,-0.007499082009341419,7.650058632441352,0.05789157153107939,0.010742328055924233,0.48509999999879483,2,optimal,312.4959966333304,0,0,0.9979716987157166,0.27288316739111734,358,-0.790593141797961,1.6421161122018513,0.21807316453493358,running
MPC,63.409999999995954,-45.715433099569616,2.0089183573441063,7.573812123615724,0.8292845816177921,1.7082059509943306,0.0063964436115105505,7.678757205779383,0.013014313685775368,0.020810088540116567,0.44510000000030914,2,optimal,313.295842740943,0,0,0.9998718724724114,0.2662550009351199,357,-0.7949490268767376,1.6170991322316237,0.21713917065507293,running
MPC,63.509999999995934,-45.2088373592428,2.5761160615225855,7.6314857072948135,0.8543606317872983,1.4955232143974566,0.013701398282345076,7.72336444505547,0.028986718022181127,0.0038410371697565893,0.4505000000012416,2,optimal,314.0956888478727,0,0,0.9977403529483502,0.2667802471495208,346,-0.8428637627432809,1.5519446631990994,0.20762130414308752,running
MPC,63.609999999995914,-44.70494856657926,3.1530764536856632,7.684821873693054,0.8822953924399108,1.3830504353495978,0.000861775411782247,7.769790750829773,0.06148605621704271,0.03125449152931381,0.46369999999917866,2,optimal,314.89553495680775,0,0,0.998661508750581,0.2618112594060422,710,0.742678405931418,1.6959727225870238,0.2241197071405647,running
MPC,63.709999999995894,-44.207290695840825,3.7421603514749733,7.734444556498915,0.8898903853657423,1.2867567673578573,-0.015282117770425839,7.81349755042884,0.08980207338885061,0.0382318321541355,0.4450000000009169,2,optimal,315.6953810622675,0,0,1.0018318245992026,0.2584239516676476,705,0.7208989805375348,1.7116427640394023,0.2197779812188762,running
MPC,63.809999999995874,-43.7093090707257,4.337187910301663,7.780194974082102,0.8627105483425637,1.1863457617744517,-0.02204919021625973,7.853079132676361,0.08898906931647137,0.010506580330881476,0.4968999999999113,2,optimal,316.295265637048,0,0,1.0092835270681222,0.2550822056282167,743,0.8864226135310473,1.447303309784821,0.20004771979496722,running
MPC,63.909999999995854,-43.20294258199584,4.929645960512451,7.805315130863189,0.8329594950227932,0.6513862191130133,-0.012243959478555366,7.845333595993403,0.0724933979997161,0.020036178728190635,0.5045999999993,2,optimal,317.09511174331226,0,0,1.0117777773746834,0.25726604433594813,746,0.8994902687673774,1.442955173415419,0.19795406078248534,running
MPC,64.00999999999584,-42.685188578741986,5.51511993643554,7.824618949466931,0.8239030329730572,0.500563811138388,0.004401600729620578,7.855371511977028,0.053766571053089865,0.029980993384526755,0.46170000000067546,2,optimal,317.89495784926277,0,0,0.9866381211245615,0.26212937466985753,353,-0.8123725671918443,1.6207174248016631,0.21352185245425553,running
MPC,64.10999999999589,-42.16292504514127,6.099057165605622,7.842307835407951,0.8511130961810816,0.4586872858260629,0.012179776267025606,7.870487678049537,0.03433548635106569,0.0037555196784850864,0.5433000000003574,2,optimal,318.6948039450539,0,0,0.9927811695176898,0.2532745567284042,738,0.8646431881371641,1.4897139366796281,0.2037158366078793,running
MPC,64.20999999999594,-41.6436576064677,6.687976064015355,7.859403664876352,0.8636885873569873,0.44330884624122313,-0.0006730115876403258,7.886638720032073,0.018653172081409885,0.007798271250605282,0.44169999999965626,2,optimal,319.49465004297883,0,0,0.9941510752857057,0.2591406017397474,722,0.7949490268767376,1.6403740971945453,0.21713917065507293,running
MPC,64.309999999996,-41.12451045828557,7.279249974389447,7.876091016668186,0.8386023054679819,0.4327166858638251,-0.006392544001581535,7.902675333462734,0.005447897815389282,0.018163304321209495,0.46090000000020837,2,optimal,320.2944961493135,0,0,0.9843974142942887,0.2595580278478947,344,-0.8515755329008341,1.549959911078519,0.20602954162158948,running
MPC,64.40999999999605,-40.59964109633822,7.8676495945286025,7.892266363915623,0.8267297396112614,0.4194399890959798,0.009924030934366047,7.918035015577783,0.010922505106883895,0.030669424928781552,0.4649000000007675,2,optimal,321.0943422530613,0,0,0.9981903675461388,0.2515512582331209,351,-0.8210843373493977,1.561854678442082,0.21178185999974475,running
MPC,64.5099999999961,-40.07245271860457,8.456078499575606,7.907491658683181,0.8520486365835138,0.3948043509420749,0.020089573892933425,7.93174679900983,0.027694484939238588,0.005786279740316758,0.490400000000335,2,optimal,321.89418836044024,0,0,0.9938971368252867,0.25435131546749284,347,-0.8385078776645043,1.5505317812479456,0.2084324073070941,running
MPC,64.60999999999615,-39.55057961890311,9.051120024380943,7.921016226895094,0.8820267584888644,0.35070311978811075,0.008580499708938885,7.942561970661992,0.03757244919775221,0.02395432298680511,0.5265999999988225,2,optimal,322.6940344695697,0,0,0.9927582396694298,0.26072774517193825,379,-0.6991195551436515,1.793747454830222,0.2157016455530536,running
MPC,64.7099999999962,-39.03811584173741,9.655879218906929,7.931969203746155,0.8916021539638468,0.2840196516773482,-0.007914574914925013,7.949418192062828,0.03867643039703001,0.033490097382493644,0.4753000000015106,2,optimal,323.4938805786559,0,0,0.9982827899269395,0.25141743174637593,711,0.7470342910101948,1.6861859839919253,0.22502164647011186,running
MPC,64.80999999999625,-38.52872196724056,10.264384386089782,7.938968537158846,0.8642386578871499,0.18149844237583687,-0.015850570060748782,7.950119047983739,0.04062375882364622,0.006284957240065836,0.4952000000013612,2,optimal,324.2937266875051,0,0,1.000219098507916,0.25588819057671697,725,0.8080166821130677,1.616794710726846,0.2144087504700342,running
MPC,64.9099999999963,-38.01334235742833,10.868292152551167,7.939691362864675,0.8329739435135357,0.01874346198156976,-0.004668986347538292,7.9408428833570035,0.04607125425866598,0.024598460221362473,0.4796000000002465,2,optimal,325.09357279616574,0,0,1.0092288806033296,0.24821478439074066,372,-0.729610750695088,1.6904109906285518,0.22148173646210823,running
MPC,65.00999999999635,-37.48858179964034,11.462307350967594,7.91923838231715,0.8219369230393605,-0.23275794375253678,0.008655081997546965,7.9164155684894215,0.05411929126074933,0.03500540643682193,0.5062000000002342,2,optimal,325.8934188999419,0,0,1.0359304496794386,0.25095015005282445,374,-0.7208989805375348,1.7165442030459057,0.2197779812188762,running
MPC,65.1099999999964,-36.962542681860974,12.049793069151683,7.868732581598819,0.8486000769083177,-0.5747634822933767,0.01015458073169485,7.861762034087812,0.06811468597466536,0.005203610527683367,0.4724999999989876,2,optimal,326.6932648158562,0,0,1.031723791474578,0.2539825672708251,370,-0.7383225208526414,1.7108197655083783,0.22322918788849236,running
MPC,65.20999999999646,-36.445052507485975,12.635057465577313,7.7836418240145395,0.863270223768386,-0.9683454067558557,-0.009829733469283787,7.771898040923234,0.08678014266170848,0.017143078985409232,0.6696999999995512,3,optimal,327.4931107494646,0,0,1.0382993925438186,0.26077928373737114,721,0.7905931417979613,1.661500629077027,0.21807316453493353,running
MPC,65.3099999999965,-35.93762513911404,13.211759658862382,7.629547739252009,0.8391976033760415,-1.753613476061129,-0.030435121899079605,7.608280476408426,0.0875226435942471,0.0021037910563368456,0.6438999999982542,3,optimal,328.092994368751,0,0,0.9986834477059335,0.2582527205711562,712,0.7513901760889712,1.6948308957175924,0.22593517874601313,running
MPC,65.40999999999656,-35.43842441268046,13.767200606038632,7.385819257277721,0.8032972213459986,-2.7736661738099375,-0.02435129983911882,7.3521811218710145,0.03460974719905074,0.017724150886932577,0.8397999999996131,3,optimal,328.8928365150547,0,0,1.008236674006176,0.26082903326632806,351,-0.8210843373493977,1.5678287276375023,0.21178185999974475,running
MPC,65.50999999999661,-34.9453002174483,14.290335351665462,7.08927926337705,0.7605670654329408,-3.3746689906798264,-0.02023740432126696,7.048352358209738,0.04904284817540704,0.03754038391605086,0.49449999999851,2,optimal,329.69267752950526,0,0,1.032632720920627,0.26843168712599286,349,-0.8297961075069509,1.5483846140985134,0.21008581223244965,running
MPC,65.60999999999666,-34.456862720188845,14.773991849523854,6.764615698257516,0.7127800715993731,-3.6947193907997704,-0.014531807009902793,6.719807324297073,0.04151579903588423,0.056620786269334644,0.4544000000006321,2,optimal,330.2925595514235,0,0,0.9992692630723109,0.28175480721951884,357,-0.7949490268767376,1.615987612527877,0.21713917065507293,running
MPC,65.70999999999671,-33.97509855336526,15.214841232354873,6.411278941675871,0.6805642757375137,-4.021024550580087,0.000537446461825173,6.3625132431995075,0.09489456741858301,0.04899187308478936,0.4529000000008665,2,optimal,330.89243011316717,0,0,1.0357315021087854,0.2999076927734171,719,0.781881371640408,1.6595643666606286,0.21997807798827246,running
MPC,65.80999999999676,-33.50874196858806,15.618767119144636,6.046537033091059,0.6893971304583775,-4.150816867268298,0.007501058522164355,5.996197254949041,0.08879013663911656,0.02827693550225341,0.5778999999979106,3,optimal,331.69221079782557,0,0,1.0153164186730204,0.2959884475569793,707,0.729610750695088,1.63606523254153,0.22148173646210823,running
MPC,65.90999999999681,-33.06330410729759,15.99379209746713,5.708952865627479,0.6807331140166326,-3.8417577565116083,-0.03727299746300105,5.662361257439898,0.09708209498065073,0.0578175972526811,0.49379999999921154,2,optimal,332.09209936023,0,0,0.9988346329892818,0.28970808242898527,704,0.7165430954587584,1.5398883032012747,0.21894209497805303,running
MPC,66.00999999999686,-32.632170634311855,16.33388742833775,5.381012096809817,0.6035977484692712,-3.732014453603061,-0.046901651601076975,5.335751420267173,0.08307466879646246,0.04524665065209632,0.678199999999407,3,optimal,332.6919647152008,0,0,0.9271656112530675,0.2973524964734221,727,0.8167284522706209,1.3748198298423977,0.2126462795560751,running
MPC,66.10999999999692,-32.20541864958783,16.630626989854527,5.106134314892742,0.5159553940762436,-3.128149814332025,-0.04505601667931727,5.0681971153766145,0.1293810212084553,0.02373951211974301,0.7391999999999399,3,optimal,333.29180140560834,0,0,0.8812526717907311,0.3171404266472089,721,0.7905931417979613,1.4184916227696363,0.21807316453493353,running
MPC,66.20999999999697,-31.769136520180304,16.883806580214006,5.015317803619059,0.42756783313631974,-1.033505330615479,-0.09233734810999077,5.002783781831194,0.15234342630940811,0.025552894303565665,0.468800000000158,2,optimal,333.6916831836571,0,0,0.863733081767829,0.3391336092980629,705,0.7208989805375348,1.5206242031766022,0.2197779812188762,running
MPC,66.30999999999702,-31.31323446761191,17.09296920538502,5.020158479904327,0.32694881153247835,0.12552269680835687,-0.08005662923565579,5.027870073299894,0.15753692595776192,0.07541736465041637,0.630400000000364,3,optimal,334.29153224009696,0,0,0.8711924094462298,0.37231270569160096,734,0.8472196478220577,1.443080467391942,0.20682039817249392,running
MPC,66.40999999999707,-30.836349336365753,17.259376430873385,5.07980566859189,0.24635369726112577,1.5467004071075146,-0.03452245441638397,5.174828520615079,0.1278878507821382,0.12548669422148606,0.5474000000003088,2,optimal,334.69143142793376,0,0,0.9106537232239991,0.40262476724777563,716,0.768813716404078,1.6756687820754665,0.22293077345441878,running
MPC,66.50999999999712,-30.342528168919824,17.39548948623643,5.1592814914932745,0.2256978139763235,2.060873116429131,0.01646180917274402,5.285892980234803,0.09292287064456672,0.10644491619528296,0.47190000000085774,2,optimal,335.2913057085251,0,0,0.938176508045529,0.39872998261569675,715,0.7644578313253012,1.685840472729239,0.2239412608755995,running
MPC,66.60999999999717,-29.836607449426133,17.52395370977476,5.271279202399682,0.24920700270794027,2.9041922824129505,0.029071304449853102,5.44970071973457,0.07936569689038962,0.0613582378208779,0.48859999999883996,2,optimal,335.69122678386964,0,0,1.006424359239966,0.3935150513104198,709,0.7383225208526416,1.7248029319087022,0.2232291878884924,running
MPC,66.70999999999722,-29.32039743009716,17.658646289863306,5.389220127921964,0.27126271892901244,3.058304700251257,0.01335729639551975,5.5771096724248075,0.02010518352231283,0.012329937148441772,0.463700000000955,2,optimal,336.2910968356312,0,0,1.0309206376815792,0.3705343772687735,727,0.8167284522706209,1.5498188758635092,0.2126462795560751,running
MPC,66.80999999999727,-28.7931933009191,17.803184998836507,5.532499817968061,0.27524963472076713,3.715359597002155,-0.012277250189394982,5.7607560876221795,0.05550404814407859,0.010814516092498394,0.4831999999996839,2,optimal,336.89097643894604,0,0,1.0249048571814952,0.3626827309913119,716,0.768813716404078,1.6277556384118859,0.22293077345441878,running
MPC,66.90999999999732,-28.250643998522193,17.951006248892465,5.700599517672516,0.25487064648776414,4.358962755636809,-0.026071585351777483,5.968396093531742,0.09318948549519346,0.006453634170034306,0.46479999999959887,2,optimal,337.49085710446514,0,0,1.0089832698338521,0.35226571906734977,713,0.755746061167748,1.6443418349240473,0.22600293112750477,running
MPC,67.00999999999738,-27.68905722309205,18.096580728050323,5.887507856283965,0.23503229260830505,4.846686152073296,-0.02036999649315504,6.185268132879846,0.09286985053738833,0.005068738623080549,0.4667999999998784,2,optimal,337.8907801590465,0,0,0.997577608237407,0.3462620298223847,741,0.8777108433734941,1.4626402655292936,0.2014875443267371,running
MPC,67.10999999999743,-27.107795219279442,18.23712782489168,6.059145180495442,0.21653093653005584,4.450696253654076,-0.01348359153329225,6.3325774816493725,0.09159100491681171,0.01386302005328588,0.49550000000131433,2,optimal,338.4906637049795,0,0,0.9970972341802231,0.3451004844407472,740,0.8733549582947173,1.507150446606921,0.20222103997141733,running
MPC,67.20999999999748,-26.50738952012903,18.371357347065057,6.2317360611073145,0.19831689633327132,4.475422751333907,-0.003271961981091373,6.506687455628833,0.10085239367906024,0.02577754236439489,0.5468999999997948,2,optimal,339.29050930438757,0,0,0.9789777615690338,0.3342759580984106,732,0.8385078776645041,1.562578285783745,0.20843240730709414,running
MPC,67.30999999999753,-25.88684664036349,18.500732767424587,6.4301320416646455,0.19603359217863048,5.1445701071323064,0.01034366840777546,6.746193071820545,0.06526952257140423,0.027432986627960787,0.5550000000003052,2,optimal,339.89039388608643,0,0,1.0151302565591087,0.31932279208367287,356,-0.7993049119555145,1.603610441353546,0.21621722807816315,running
MPC,67.40999999999758,-25.246974387835614,18.634414660008233,6.62782162575639,0.2189133900075717,5.12625266879289,0.014914346272733716,6.942757308543935,0.010307606266301615,0.0062119217570408836,0.4993999999971521,2,optimal,340.49027845592286,0,0,1.00326314666059,0.3166554613240442,363,-0.7688137164040778,1.6863752805671108,0.22293077345441883,running
MPC,67.50999999999763,-24.590110010933625,18.779989977546993,6.8134949905313364,0.24058884950431825,4.814662270014247,0.004881806213990663,7.109287852757815,0.06279691199495267,0.01386494028916374,0.5168000000015383,2,optimal,341.09016300692804,0,0,1.021349382037281,0.30123798891573456,722,0.7949490268767376,1.6153665293916808,0.21713917065507293,running
MPC,67.60999999999768,-23.918711359993853,18.938716075775325,6.97197714728699,0.24410212781349694,4.109571997721893,-0.005793534755483285,7.224452190303526,0.04730152460733546,0.01560177862603851,0.45609999999918216,2,optimal,341.8900090718574,0,0,1.0140835639767045,0.3017404253228656,729,0.8254402224281745,1.605313415087178,0.21092842571338707,running
MPC,67.70999999999773,-23.232680821048046,19.10144788862058,7.11772160002342,0.21944168112057838,3.779272910277174,-0.007479829721363958,7.349904438314707,0.05791105352499899,0.010164193057862647,0.4439000000004967,2,optimal,342.4898936411669,0,0,1.0159590208526252,0.28898079622620687,350,-0.8254402224281743,1.5774113153459628,0.21092842571338713,running
MPC,67.80999999999779,-22.532398500193043,19.260805852048545,7.236506935071742,0.21159263692765196,3.0802009301730853,0.006513624749383811,7.425741693040728,0.023982345635952838,0.019303226302373133,0.46530000000011285,2,optimal,343.2897397432543,0,0,0.9937131697842196,0.2819126273515469,376,-0.7121872103799816,1.7369626922496726,0.21811666573475305,running
MPC,67.90999999999784,-21.82100672351382,19.42214499990557,7.344059130094784,0.23604794782657423,2.78891641815348,0.01235004999518674,7.51539857688709,0.09464326814136166,0.004244849581757748,0.468299999999644,2,optimal,344.0895858422951,0,0,1.0125398211668253,0.28085022615644617,368,-0.7470342910101946,1.7161895108008902,0.22502164647011183,running
MPC,68.00999999999789,-21.101232866680146,19.59309723493602,7.443958019614462,0.25329536361667015,2.5904599443743894,-6.353728980426296e-05,7.603105124532223,0.04642963247024984,0.02102184913191607,0.4425000000018997,2,optimal,344.6894704212592,0,0,1.0134142589941637,0.27089892019239825,714,0.7601019462465248,1.6668850702999534,0.22496523842325897,running
MPC,68.10999999999794,-20.37437335801153,19.77180134921343,7.5200558553578905,0.24168917779634613,1.9732791454914185,-0.01039387668735298,7.641285934163604,0.005947991866802301,0.009031291109369732,0.4621000000000208,2,optimal,345.4893165290929,0,0,1.011458815750358,0.2746044524582175,703,0.7121872103799816,1.7653995197108112,0.21811666573475305,running
MPC,68.20999999999799,-19.639729271333266,19.948641920732893,7.5872192969093355,0.21442341158103462,1.7416029938058337,-0.005115802517510935,7.6942161547384735,0.04990200269713724,0.018279921303495428,0.46469999999843026,2,optimal,346.28916263820037,0,0,0.994409272265637,0.2661583648943248,372,-0.729610750695088,1.7134869463166031,0.22148173646210823,running
MPC,68.30999999999804,-18.896758403923457,20.11818483579209,7.6492545007527335,0.21033404260401456,1.6086235940167388,0.00991402120848674,7.748081656311009,0.08786430857868124,0.02212649928946675,0.7847999999999189,2,optimal,347.0890087462958,0,0,1.0372279628837358,0.26195382308472287,366,-0.755746061167748,1.6724268783421576,0.22600293112750477,running
MPC,68.40999999999809,-18.147728497764682,20.287933082527886,7.70664681984369,0.2374075958412214,1.4882297934912703,0.013402751630354159,7.798077480101861,0.08141036539310155,0.00517560757005775,0.44719999999998095,2,optimal,347.68889332766696,0,0,1.0099971865336168,0.26530805153832215,352,-0.8167284522706209,1.6019988905032463,0.2126462795560751,running
MPC,68.50999999999814,-17.396336626005453,20.46768969627669,7.742558047478035,0.26595562548712426,0.9312075157928191,0.0002745015389660449,7.799767571422972,0.054202587806239155,0.03402715868144668,0.46640000000053305,2,optimal,348.4887394364544,0,0,0.9833967394502254,0.2606968902300835,714,0.7601019462465248,1.6810913287969274,0.22496523842325897,running
MPC,68.6099999999982,-16.644807242136423,20.660407664210584,7.772074785383222,0.26952943453108213,0.7653931650253767,-0.017883393612797536,7.819097363980572,0.02933983003005202,0.03786180393528049,0.44360000000054356,2,optimal,349.2885855447117,0,0,1.0335010535413378,0.25109892626590624,720,0.7862372567191844,1.592585642289518,0.21901940157552577,running
MPC,68.70999999999825,-15.8912289874394,20.856536200230735,7.799405425939672,0.2412454044956598,0.7087058720670655,-0.02408920567092191,7.842945372589929,0.02357535221607411,0.009810340656835947,0.7135000000015879,3,optimal,350.0884316532546,0,0,0.9848332165517327,0.25876236808375885,716,0.768813716404078,1.6683954160988488,0.22293077345441878,running
MPC,68.8099999999983,-15.13290279345352,21.04476349045516,7.825448450567004,0.211520809699973,0.6753169374737625,-0.011784658799188292,7.866937119687049,0.033484805729117564,0.019709868610373604,0.475200000000342,2,optimal,350.88827776237804,0,0,1.0121753912006946,0.2607428007739873,723,0.7993049119555145,1.6340807170743585,0.21621722807816315,running
MPC,68.90999999999835,-14.369116132430984,21.221106551078293,7.850242545018495,0.20744820833283928,0.6429311561163247,0.00366066762056699,7.889741566178636,0.03907202822271812,0.02360629592281782,0.5261000000000848,2,optimal,351.688123871224,0,0,1.0287804075917542,0.25752939590042095,725,0.8080166821130677,1.6068354318221252,0.2144087504700342,running
MPC,69.0099999999984,-13.602287176600365,21.394922428137697,7.873537149782479,0.2359349833990354,0.604048161608912,0.007042631293972459,7.910647361179386,0.04607980819373458,0.005028346560163044,0.46739999999978465,2,optimal,352.48796998006253,0,0,0.9995540391207383,0.25503499838359744,736,0.8559314179796109,1.5176471933743008,0.20524858980469113,running
MPC,69.10999999999845,-12.834601106427908,21.574971079324513,7.895106454977107,0.24353520592340105,0.5593097321033118,-0.00795762730756605,7.92946812299281,0.05615301595695467,0.012752210841334488,0.4892999999999148,2,optimal,353.287816089146,0,0,1.0115401893969689,0.24679961877962955,712,0.7513901760889712,1.6458999887174266,0.22593517874601313,running
MPC,69.2099999999985,-12.06509832362407,21.7562293035676,7.914604875708523,0.21699211051099176,0.5056100035360787,-0.012447393393819015,7.945667455330715,0.06497977446660205,0.013701763450015392,0.4847000000012258,2,optimal,354.0876621982318,0,0,0.9572984259441694,0.2576096665045263,734,0.8472196478220577,1.5533740814860266,0.20682039817249392,running
MPC,69.30999999999855,-11.292362057318948,21.93166390870308,7.9320380423805075,0.2099366142410224,0.45205627594568965,0.002634257098433661,7.959810503303093,0.07047053687478486,0.02069674306000735,0.48980000000220514,2,optimal,354.8875083073469,0,0,1.020923974692445,0.26046732475404305,344,-0.8515755329008341,1.5641403171447625,0.20602954162158948,running
MPC,69.4099999999986,-10.517872887907293,22.10665762223221,7.947038731961249,0.236695122372927,0.3889801546717701,0.008226742174115103,7.970936057847685,0.07505365038451889,0.006093919898384925,0.471499999999736,2,optimal,355.68735441650495,0,0,1.0283714079983575,0.25035229696367345,720,0.7862372567191844,1.6220161077250614,0.21901940157552577,running
MPC,69.50999999999866,-9.743491034823395,22.28825959630021,7.959785305255596,0.24392343206018552,0.33052907500574885,-0.005431810579109226,7.980091639461824,0.07945182575582674,0.013326022496727319,0.4661999999999722,2,optimal,356.48720052566773,0,0,1.0055887623882966,0.25512730514866977,714,0.7601019462465248,1.694432611014548,0.22496523842325897,running
MPC,69.6099999999987,-8.96818359329506,22.47101463230673,7.970493707118208,0.2171116768638024,0.2776776221110433,-0.009678265722448192,7.987553067466701,0.08280322364483493,0.013509906002719063,0.4468000000006356,2,optimal,357.2870466348234,0,0,1.0151906851218706,0.25537199759333107,720,0.7862372567191844,1.6551532233714237,0.21901940157552577,running
MPC,69.70999999999876,-8.190503644171516,22.647711942563614,7.978885498598072,0.20972424572496173,0.21760601939274804,0.005340006159185173,7.992254309057483,0.08466670073290777,0.020950315408786224,0.48270000000094626,2,optimal,358.0868927439593,0,0,0.9979722784214501,0.2499071264342478,351,-0.8210843373493977,1.569106825928332,0.21178185999974475,running
MPC,69.80999999999881,-7.411895173621662,22.82364519095832,7.9853733230907835,0.23655035027771731,0.1682345975546705,0.011074435633065545,7.995708958353539,0.08623226789126383,0.00578970542638757,0.49249999999823046,2,optimal,358.88673885308293,0,0,1.0130760233091356,0.2573509808921803,724,0.8036607970342913,1.640504669083803,0.2153071491827237,running
MPC,69.90999999999886,-6.634173972597143,23.005963961306968,7.990367690856492,0.24405253956037987,0.12950804264941124,-0.0024594752941083796,7.998324127355724,0.08728593164658133,0.01317996371040131,0.46869999999898937,2,optimal,359.6865849620577,0,0,1.0204812739246276,0.2486058678341406,726,0.8123725671918445,1.5789062200063166,0.2135218524542555,running
MPC,70.00999999999891,-5.856257877086126,23.189335825833062,7.994082309138996,0.21722231896933542,0.09632309143507492,-0.006756449774151764,7.999999999999999,0.08788178842559448,0.013790220776281004,0.5469000000015711,2,optimal,360.48643107101714,0,0,0.9958118783830757,0.2535250504986265,345,-0.8472196478220575,1.548013061411234,0.20682039817249398,running
MPC,70.10999999999896,-5.076610583215226,23.366531689424484,7.996364416402684,0.20963915276615985,0.05917690861004183,0.008287492543597523,8.0,0.08859928786255687,0.021520583719620845,0.5422999999993294,2,optimal,361.2862771801594,0,0,1.035420776738322,0.24761823616621914,365,-0.7601019462465246,1.659624999485317,0.22496523842325905,running
MPC,70.20999999999901,-4.296565813722163,23.54279292591699,7.997766448365836,0.23646729840575365,0.03635583597316426,0.0141055678174842,8.0,0.08974249832074763,0.0051993489852115715,0.5970999999984627,2,optimal,362.086123289169,0,0,1.015440138474075,0.2511242498564128,732,0.8385078776645041,1.5509815197068233,0.20843240730709414,running
MPC,70.30999999999906,-3.518519330000668,23.728116475195325,7.998627798599882,0.2669915691401634,0.022335516341631827,0.0006550777785742676,8.0,0.0894454966880098,0.03566207423727619,0.5183999999989197,2,optimal,362.88596939827113,0,0,1.0215835377871967,0.24707027243228427,712,0.7513901760889712,1.6698860860817482,0.22593517874601313,running
MPC,70.40999999999912,-2.743631914209241,23.926529043463365,7.999156976425491,0.27220263458551486,0.013722014001173292,-0.016848536786229627,7.999999999999999,0.08851934401835505,0.04085984616304117,0.5077999999993921,2,optimal,363.6858155074318,0,0,1.0101604701301978,0.24320101210999254,722,0.7949490268767376,1.5794559646124067,0.21713917065507293,running
MPC,70.50999999999917,-1.9696989476148419,24.12873291597123,7.999103977048135,0.24348196097494235,-0.0006031407532503595,-0.02374384662974125,7.999096662350166,0.0911582989240295,0.012175710397315243,0.7047999999993948,3,optimal,364.4856616165726,0,0,0.9869672134808467,0.2466543133642546,707,0.729610750695088,1.6922426766651633,0.22148173646210823,running
MPC,70.60999999999922,-1.1947528773579776,24.32244868479486,7.982348427414059,0.21166765486728067,-0.19068063308470648,-0.011198352777367254,7.980035913739664,0.09535771155269011,0.019555497006043865,0.5017000000009375,2,optimal,365.2855077256297,0,0,0.9717121921619344,0.25390892213735394,737,0.8602873030583873,1.5291642457339885,0.20447740104668097,running
MPC,70.70999999999927,-0.41993778430873885,24.502199591108905,7.939508711762483,0.20463584694222092,-0.4875223003725435,0.004534096525559356,7.933596197376804,0.09877557123620555,0.026457457950726848,0.4954000000001457,2,optimal,366.0853538347467,0,0,1.0021190941650508,0.25536092545872674,716,0.768813716404078,1.6879877314784824,0.22293077345441878,running
MPC,70.80999999999932,0.3495698642259281,24.67608521741972,7.863389853153239,0.23248286950071062,-0.866243869420867,0.008670379754861238,7.852884324820396,0.09737846744937903,0.0015211964217378693,0.5177000000013976,2,optimal,366.6852384164023,0,0,1.013598835654665,0.2469375131583898,710,0.742678405931418,1.6683875003905126,0.2241197071405647,running
MPC,70.90999999999937,1.1055271995456855,24.85190456895817,7.7093117358664776,0.2433893284776194,-1.7534317638252015,-0.005024489422932928,7.688046676770719,0.07398204611300113,0.012641601023400284,0.43780000000026575,2,optimal,367.4850845248712,0,0,0.9790489175853928,0.24427411048170555,724,0.8036607970342913,1.5485038968395635,0.2153071491827237,running
MPC,71.00999999999942,1.8413596089292639,25.024256493104573,7.480052193234165,0.21807509845123185,-2.609007504053083,-0.010422879625838433,7.4484109854611695,0.03375247415007049,0.012280946523389957,0.47690000000066846,2,optimal,368.28493063251324,0,0,0.993181682595996,0.26319786574491605,714,0.7601019462465248,1.6955689130330172,0.22496523842325897,running
MPC,71.10999999999947,2.5522774263936143,25.185172161495625,7.19161318928421,0.20591850322016247,-3.2824785268544137,0.0028484128791431344,7.151804340548724,0.04657069573520742,0.02344434289864772,0.6044999999996747,3,optimal,369.0847767395254,0,0,1.0138320156255407,0.27416052242191247,334,-0.8951343836886005,1.4812016109363517,0.19864329610943066,running
MPC,71.20999999999952,3.2327953986080824,25.337432219455383,6.86217038978261,0.2292902487488777,-3.7491077849458643,0.015507826175528993,6.816702410789624,0.05409177300644905,0.001169353063877665,0.5780999999984715,3,optimal,369.6846612879001,0,0,1.0130943616073926,0.27730458693681337,717,0.7731696014828544,1.649231868914285,0.22193355627601147,running
MPC,71.30999999999958,3.876747574388379,25.4889929570731,6.489813297402246,0.2654848679366091,-4.237478785194229,0.006854559443625169,6.4384225112631865,0.08578003089206512,0.03960473893811489,0.5583999999991818,3,optimal,370.4845073278929,0,0,1.0258649264442736,0.2860538280695267,725,0.8080166821130677,1.5706768722670381,0.2144087504700342,running
MPC,71.40999999999963,4.480204423809805,25.644150492187368,6.098892112313664,0.2840695763908845,-4.448740905957307,-0.010343554363618767,6.044939206806515,0.06816473038747345,0.060304181854773375,0.6468999999995617,3,optimal,371.08439189261935,0,0,1.0136358739085782,0.293391864432409,724,0.8036607970342913,1.53686831138107,0.2153071491827237,running
MPC,71.50999999999968,5.042841032518115,25.79596039282739,5.68921100677052,0.26773880169380604,-4.66223157543793,-0.019957743934887792,5.632668954769871,0.09487184383008382,0.04199874776674406,0.5833000000006194,3,optimal,371.68427647263013,0,0,0.9860880865874988,0.31297837748977514,715,0.7644578313253012,1.6016478181909535,0.2239412608755995,running
MPC,71.60999999999973,5.5658804551243835,25.934688997931417,5.269544530922028,0.2398908285802679,-4.775866566410521,-0.005255569067916565,5.211624350129468,0.09196647837138201,0.00555991535696343,0.599099999996966,3,optimal,372.08419863252584,0,0,0.9658388453196909,0.35418667765334855,714,0.7601019462465248,1.6853992531531723,0.22496523842325897,running
MPC,71.70999999999978,6.049381051467054,26.055978246434627,4.839629955768151,0.23001414378158724,-4.8924914522627425,0.0201604429064265,4.780295385695753,0.07720074880203945,0.03277288340558471,0.4565000000003039,2,optimal,372.6840626804712,0,0,0.939125969753553,0.3783392796822416,384,-0.6773401297497683,1.7654292053358016,0.21187243445594103,running
MPC,71.80999999999983,6.491559734575031,26.167750276777458,4.41881811110496,0.2657844078772422,-4.788901032928897,0.053815826067653984,4.360739852475262,0.0584879084306482,0.03203167621802905,0.4749999999980048,2,optimal,373.0839500307502,0,0,0.9658747876997419,0.3892877401312736,387,-0.6642724745134383,1.693089991851236,0.20968660597172056,running
MPC,71.90999999999988,6.890052587923482,26.2838036112673,4.014337681543212,0.3345672032162139,-4.603047113557653,0.06168268726002998,3.9585133997491946,0.0536570281886551,0.04027380666689062,0.5199000000004617,2,optimal,373.48376928370965,0,0,0.9745706647664509,0.3967172202182169,394,-0.6337812789620019,1.6174650960576682,0.20489107222660924,running
MPC,72.00999999999993,7.243103330382692,26.413114516300272,3.6319488773358866,0.4222976259492919,-4.351641149536974,0.0713718681257667,3.579173566589515,0.017390678624705176,0.07990088902563741,0.5972999999990236,2,optimal,373.88369233829104,0,0,1.0322231682670526,0.4075818891452737,385,-0.6729842446709917,1.4905634939706622,0.21113476830746442,running
MPC,72.10999999999999,7.54993878825984,26.559874077990354,3.2858499183811274,0.5192231142706212,-3.938657343071301,0.09367223866010481,3.2380831430287564,0.06254856434705108,0.12784883409001502,0.582100000000807,3,optimal,374.28346547817125,0,0,0.9970862776658165,0.4258186731836042,411,-0.559731232622799,1.5053762823241863,0.1948317437819965,running
MPC,72.21000000000004,7.818548546389087,26.728433458285735,3.1172980861388306,0.6405664506696955,-1.9181447807706993,0.2334397526154708,3.0940354403040575,0.10359167977250057,0.08550564356140988,0.5754000000006698,3,optimal,374.4829346716624,0,0,0.9428810288948153,0.4508442510151167,390,-0.6512048192771085,1.3858232438713154,0.20758050283462462,running
MPC,72.31000000000009,8.043244096364358,26.936950769224406,3.0470685460269897,0.8501519943500879,-0.7992225538539697,0.2531004218482373,3.0373758307534335,0.10491516212341682,0.011984152476347987,0.7622000000004903,3,optimal,374.8822834476943,0,0,0.9353654705139759,0.515061023356087,389,-0.6555607043558851,1.4810420235719701,0.2082738731989199,running
MPC,72.41000000000014,8.220870713008512,27.185535550100376,3.0706583441564117,1.0427602018268542,0.6117027671074281,0.2137927707342471,3.1082388227377327,0.09736926072160487,0.1185840889789116,0.7035999999995823,3,optimal,375.082244974985,0,0,0.976254707656389,0.5953332888892087,383,-0.6816960148285449,1.6212162491338609,0.21261932153731194,running
MPC,72.51000000000019,8.357039496897107,27.46231536281278,3.0997972501536184,1.1753930888246908,0.7555956745023251,0.0812490202295999,3.1462179116066444,0.06254671855586967,0.12512653969075416,0.5692000000010466,2,optimal,375.48173239042245,0,0,0.9980926907538226,0.6390899301140329,370,-0.7383225208526414,1.674637366771955,0.22322918788849236,running
MPC,72.61000000000024,8.472208378977186,27.752380650918035,3.139354002096069,1.2178639030165264,1.0257389439377889,0.004075840441198218,3.2023711445473975,0.06433022768061351,0.11264292180626256,0.5826999999989368,3,optimal,375.681463415059,0,0,1.007087737395738,0.6549349494060456,358,-0.790593141797961,1.6461400388542728,0.21807316453493358,running
MPC,72.71000000000029,8.58232174050302,28.04783358986164,3.164724154278527,1.216517000878747,0.6578688044214183,-0.024710394681311774,3.205140882538211,0.024166815406400286,0.02579259961225766,0.4330999999986318,2,optimal,376.081312996995,0,0,1.007218276670592,0.6378971494142971,381,-0.6904077849860983,1.7581070035063076,0.21414126651260781,running
MPC,72.81000000000034,8.693536317595342,28.34694832696315,3.213792141704692,1.2178189643827806,1.272373062300243,0.012881483052596855,3.2919614605085514,0.09910743488113846,0.006783397904115418,0.48710000000085074,2,optimal,376.28127452428566,0,0,1.0079881178845849,0.6245975748049196,347,-0.8385078776645043,1.5299869954008551,0.2084324073070941,running
MPC,72.9100000000004,8.803218362050911,28.651728408437,3.260789778517413,1.2316961277045944,1.2186871768942729,0.02396880188503352,3.3356608593941193,0.022851373181762058,0.03745810630558388,0.4707000000010453,2,optimal,376.68119394501457,0,0,1.0098327788327628,0.6279047009700562,354,-0.8080166821130677,1.6086817317832538,0.2144087504700342,running
MPC,73.01000000000045,8.912772239048401,28.96218737943717,3.3189916469405625,1.23041684381147,1.5092220700633308,-0.012013940720405585,3.411711985523746,0.049815188862782286,0.04230402414046708,0.4576000000007241,2,optimal,377.08111678643667,0,0,0.9976148461457053,0.6286840331750754,698,0.6904077849860983,1.7946683344263323,0.21414126651260781,running
MPC,73.1100000000005,9.030010929665648,29.276430102458004,3.384297386446324,1.1931392862089867,1.6934312597548866,-0.0677950255806017,3.488334772916051,0.09269222316710923,0.06875901487755698,0.6058999999982717,3,optimal,377.28107831372733,0,0,0.9921461737359774,0.6101349844562068,703,0.7121872103799816,1.7509336719761108,0.21811666573475305,running
MPC,73.21000000000055,9.164387550367772,29.589043143478122,3.418935802599309,1.136322752855071,0.8982024726431399,-0.04510191799274405,3.474117633710638,0.06249275543643673,0.0816027226367595,0.45940000000221914,2,optimal,377.6809630069227,0,0,0.9599752105821475,0.606688260548945,695,0.6773401297497683,1.8118235976305896,0.21187243445594103,running
MPC,73.3100000000006,9.31195870399799,29.89699897883906,3.4130026590600155,1.1039623588011973,-0.06752005102561022,-0.019069404011944305,3.412183797496748,0.07714084751462895,0.03162873763500329,0.4325000000005019,2,optimal,378.0807178344004,0,0,0.9391881139432474,0.5681303772754992,720,0.7862372567191844,1.5913515581113895,0.21901940157552577,running
MPC,73.41000000000065,9.464203608149102,30.19636507605739,3.3308635985926514,1.0878881966156233,-0.9347546569911854,-0.024550734332185385,3.319527193360897,0.10620139746813938,0.06919336998567971,0.44009999999872207,2,optimal,378.4803849133051,0,0,0.945620712762677,0.5398619733374648,688,0.6468489341983319,1.6772265510851172,0.20689564634075194,running
MPC,73.5100000000007,9.621356814699137,30.483733563334965,3.2477637073456265,1.041039382788942,-0.9456890533765067,-0.09624556025975435,3.2362946932550005,0.07008122598451398,0.0847075850299337,0.4164000000006496,2,optimal,378.68023185569695,0,0,0.9705427558846711,0.5167071135976565,682,0.6207136237256718,1.6029959874116384,0.20295929427763665,running
MPC,73.61000000000075,9.793826053707106,30.749355122483795,3.1270446378006853,0.9510946162811758,-1.3738008665148012,-0.09423753920328948,3.1103836206941464,0.0352515374260224,0.1058968671588687,0.4197999999995261,2,optimal,379.08015491027834,0,0,1.0111661150538327,0.5239918558271374,715,0.7644578313253012,1.4522298046218796,0.2239412608755995,running
MPC,73.7100000000008,9.984184184885148,30.99347147894609,3.0818836276810337,0.856192000020386,-0.5139389747529765,-0.14188320958499673,3.0756507403253877,0.07963060496914985,0.06697542475463258,0.5050000000004218,2,optimal,379.2800696750172,0,0,1.0430793932951916,0.5368546276126237,689,0.6512048192771083,1.5427957880137246,0.2075805028346246,running
MPC,73.81000000000085,10.20073851916415,31.212739716818437,3.0852001342717066,0.7324598769978645,0.0859997295235092,-0.1367202400076103,3.0904836006333847,0.037863447373112195,0.03560038250856756,0.47770000000113555,2,optimal,379.67985666577727,0,0,0.9934427485342839,0.5600252499075612,711,0.7470342910101948,1.4913508409421254,0.22502164647011186,running
MPC,73.9100000000009,10.44473950290803,31.405848460388263,3.1378715901418093,0.6096785856566327,1.3658139474764286,-0.1293171650798511,3.221781529019349,0.09850409853623754,0.049797073457876095,0.423200000000179,2,optimal,379.879818193068,0,0,0.9724653385963102,0.6077010577041496,720,0.7862372567191844,1.5436464423924183,0.21901940157552577,running
MPC,74.01000000000096,10.71281865763388,31.575435920039066,3.2026458026222233,0.523821567827587,1.679648329082331,-0.05305770242940949,3.3058364230500423,0.020270890610339716,0.060569338238446235,0.44819999999923255,2,optimal,380.2795822267676,0,0,0.9732691560459495,0.6123030556598179,706,0.7252548656163116,1.6584128744129507,0.2206244765899192,running
MPC,74.11000000000101,10.996489278275433,31.735121245525473,3.3003581021584045,0.4942729531891712,2.5337598769937357,-0.026644544151145845,3.456021790321597,0.06683835984554713,0.025174031908910877,0.45010000000011985,2,optimal,380.67936961491165,0,0,1.004002160380108,0.6094261265117501,728,0.8210843373493977,1.541776689290887,0.21178185999974475,running
MPC,74.21000000000106,11.294581979889486,31.892297608077318,3.429458417180406,0.46808923084128606,3.3476768007990167,-0.04678163551958542,3.635125782238306,0.07043248008355917,0.019739682852787155,0.7219000000020515,2,optimal,380.8792451504532,0,0,1.034978038814073,0.5784727686213121,723,0.7993049119555145,1.5472985258143057,0.21621722807816315,running
MPC,74.31000000000111,11.609554881079944,32.04387687573186,3.552133444849484,0.4254812036738369,3.181063842448094,-0.044312342160762824,3.7475648014252156,0.020724869939470997,0.01057374115598364,0.42630000000087875,2,optimal,381.2791392436661,0,0,1.0131104273569673,0.5724061197706433,703,0.7121872103799816,1.7040113625619304,0.21811666573475305,running
MPC,74.41000000000116,11.940477546392616,32.18874397320585,3.6639816320765126,0.394170131672515,2.900315011063601,-0.029735550032905095,3.842164945955844,0.018813558229206603,0.0034326333367822315,0.43769999999909714,2,optimal,381.6790622982475,0,0,1.0319914573576991,0.5498894437752543,712,0.7513901760889712,1.6532766080528976,0.22593517874601313,running
MPC,74.51000000000121,12.28624441736526,32.32947587439954,3.7922824046720063,0.3661175527741123,3.3269440114791844,-0.04158886685105363,3.996676033224431,0.04491564934373628,0.015650682153255602,0.5014000000009844,2,optimal,382.0789681297841,0,0,1.008657276802995,0.5274355427994687,724,0.8036607970342913,1.5566187407804108,0.2153071491827237,running
MPC,74.61000000000126,12.650129812207073,32.46196702839298,3.941404800509336,0.3208862864321027,3.86686573877935,-0.0543839600211956,4.178968978549941,0.058174291758545736,0.006300096881263428,0.553899999999885,2,optimal,382.4788582771041,0,0,0.9969112071051979,0.5064223252958672,714,0.7601019462465248,1.6168753515782224,0.22496523842325897,running
MPC,74.71000000000132,13.03437567177853,32.583743815347006,4.107549739008464,0.27466774841909203,4.308274198160713,-0.045719220424328556,4.372232220325407,0.05560648261014609,0.008646595780263056,0.4621000000000208,2,optimal,382.87875069140495,0,0,1.0113640888973452,0.5000897382962479,723,0.7993049119555145,1.590447721400012,0.21621722807816315,running
MPC,74.81000000000137,13.439811515653082,32.69466338604341,4.285255211153121,0.24142004686017815,4.60804829463291,-0.028217697755766002,4.568354568471755,0.03539497891140553,0.015531024131751892,0.4728000000007171,2,optimal,383.27865296725713,0,0,0.9932110075103453,0.4854301456836133,714,0.7601019462465248,1.6700963480235322,0.22496523842325897,running
MPC,74.91000000000142,13.865440594019715,32.79993009091114,4.469225602448698,0.22625264773227372,4.770502774289625,-0.014864616728424878,4.762305488582084,0.007098411716318709,0.009417296534550701,0.44570000000021537,2,optimal,383.67856592352155,0,0,1.012094644044137,0.4703937920697237,721,0.7905931417979613,1.6360050331290628,0.21807316453493353,running
MPC,75.01000000000147,14.31088369064858,32.90177909373812,4.6547876152676375,0.2107631754663437,4.8117748226847255,-0.012218600769980966,4.950403084717171,0.061015799095453696,0.008407900394598045,0.41599999999952786,2,optimal,384.0784865671122,0,0,1.0192140100346139,0.45669539342284987,733,0.8428637627432809,1.5656046870727613,0.20762130414308752,running
MPC,75.11000000000152,14.77590976396607,33.00038023932176,4.83793780942596,0.194445197220126,4.749234391420068,-0.0060405795315531035,5.129711054409644,0.06393661644675074,0.011668903478701864,0.44059999999923605,2,optimal,384.67837036017517,0,0,0.9933425288250772,0.43257675924352496,731,0.8341519925857277,1.5619709393642718,0.20925385860619153,running
MPC,75.21000000000157,15.261160532193726,33.09780275325754,5.044225481408268,0.19554601614960898,5.349208122910586,0.0049632996629918715,5.372858621717019,0.031208430959925364,0.007498967983741167,0.45770000000011635,2,optimal,385.07829297536256,0,0,1.0192933554983836,0.4241069812092093,348,-0.8341519925857275,1.5876676947585917,0.20925385860619156,running
MPC,75.31000000000162,15.765872954423713,33.20163303772842,5.245353870455809,0.2143923830948462,5.215423694990904,0.005576677530429305,5.565767850907358,0.053428166726817564,0.010934053119470377,0.42489999999872907,2,optimal,385.6781775490123,0,0,1.0166081128215692,0.4040306275516319,728,0.8210843373493977,1.600546829013081,0.21178185999974475,running
MPC,75.41000000000167,16.290014709538692,33.31411363561564,5.459042072977746,0.21440875117570402,5.541109935054897,-0.008247877438358501,5.799464863961299,0.08288641754799585,0.010738889823155517,0.41399999999747195,2,optimal,386.0781006034699,0,0,1.0154701257104286,0.38641955363162195,712,0.7513901760889712,1.7070785637451846,0.22593517874601313,running
MPC,75.51000000000172,16.834714330640498,33.42855091678606,5.656977330273051,0.19458763546254643,5.1326231759756356,-0.010686211652040332,5.972304390575309,0.04008072431983199,0.008693530275779793,0.5001999999993956,2,optimal,386.6779851837978,0,0,1.0233762052116617,0.36861464681847866,717,0.7731696014828544,1.6621256022233577,0.22193355627601147,running
MPC,75.61000000000178,17.399817517812053,33.54212802165363,5.855231705552349,0.19417036902257712,5.140898166408822,0.0013365858484887887,6.171067146913933,0.016626204976774025,0.007669488900951649,0.5463999999992808,2,optimal,387.2778697597914,0,0,1.0142023565552798,0.3652737132351319,715,0.7644578313253012,1.7153418066327821,0.2239412608755995,running
MPC,75.71000000000183,17.98382205820925,33.661634967057026,6.0512533490627245,0.21512640676350925,5.083001604778036,0.0013701919292950532,6.3635318660301525,0.01331789304468287,0.015670218693568216,0.42740000000129896,2,optimal,387.87775421517085,0,0,1.011986616639362,0.3332905167625862,712,0.7513901760889712,1.6519704215009343,0.22593517874601313,running
MPC,75.81000000000188,18.585381567488028,33.79028785728433,6.23713090366847,0.2160088404804199,4.8199570793987325,-0.012012604071747032,6.533249057002598,0.030442869454395574,0.019666382449774034,0.4658000000006268,2,optimal,388.47763865779615,0,0,1.0325479244373525,0.3266107811432521,736,0.8559314179796109,1.5008122391927854,0.20524858980469113,running
MPC,75.91000000000193,19.204481865307127,33.92088251332124,6.404037400049923,0.19378667018758966,4.328022017170205,-0.011164299372592492,6.669933105385491,0.06393450671710274,0.000648699863434743,0.4390000000000782,2,optimal,389.07752310447756,0,0,1.0000022114154306,0.31840560856791156,725,0.8080166821130677,1.5865596055589508,0.2144087504700342,running
MPC,76.01000000000198,19.840175557326116,34.04630072297082,6.5438651219963715,0.17202621009536356,3.625847239713759,-0.01088490818659144,6.766622124021299,0.0948655246585238,0.02015609218370784,0.5781999999996401,3,optimal,389.8773692116612,0,0,0.9834317368024921,0.3196553093169494,338,-0.8777108433734939,1.509398148151193,0.20148754432673713,running
MPC,76.11000000000203,20.489835211953675,34.15910614372941,6.6370519021240435,0.12173905310938471,2.4164094558669538,-0.08783575608231396,6.785506067583067,0.03396001435203461,0.07250479676724808,0.5903000000007097,3,optimal,390.47725368185473,0,0,1.021476655321619,0.2937791103857325,365,-0.7601019462465246,1.6182918341488497,0.22496523842325905,running
MPC,76.21000000000208,21.149119574232444,34.2451011075877,6.659097387994238,0.07820838859109802,0.5716574866406429,0.1139791653799132,6.694217650788108,0.046185542292723716,0.12021949581265723,0.6447000000004977,3,optimal,391.0771380142696,0,0,0.9773066220866775,0.2610955048920836,381,-0.6904077849860983,1.5501869711484313,0.21414126651260781,running
MPC,76.31000000000213,21.80303182411734,34.34259588211722,6.58943325207895,0.2710501410867283,-0.7927881704704242,0.17838995998794344,6.579818570947195,0.11471744568205368,0.06566135968342657,1.0350999999992894,3,optimal,391.67702207049746,0,0,0.9515273863850882,0.30383890849845063,353,-0.8123725671918443,1.6050983338573332,0.21352185245425553,running
MPC,76.41000000000219,22.42656127001435,34.51618038583624,6.422774709682585,0.5332687908046667,-1.896598862294786,-0.06452014697451867,6.399773365849471,0.07066378594179872,0.3170628033038767,0.6826999999987038,3,optimal,392.47686774750207,0,0,0.98279455533933,0.2388676034128625,711,0.7470342910101948,1.3798783259805394,0.22502164647011186,running
MPC,76.51000000000224,23.00746890303374,34.75364176645514,6.202202690525202,0.4734209158869964,-2.510142201970205,-0.22037798879411993,6.171760489485565,0.08734341611638508,0.2551117776708196,0.6897999999999627,3,optimal,393.0767519606129,0,0,0.9353655423555468,0.2285773704739063,681,0.6163577386468955,1.4002857977178957,0.2023310757067991,running
MPC,76.61000000000229,23.57140343666194,34.96223762348384,5.922606268153519,0.14109054038356916,-3.1818486406214412,-0.22041554698320212,5.884017826463058,0.16556036816307487,0.0702360819063248,0.6924000000001485,3,optimal,393.67663577178575,0,0,0.8401105834554184,0.301992134130016,741,0.8777108433734941,1.3981836156272356,0.2014875443267371,running
MPC,76.71000000000234,24.132895134648845,35.05188070698442,5.586484184744923,-0.2091649662787578,-3.8251190237146697,-0.0551685452604334,5.540094365782052,0.15534275187716193,0.4026880511775559,0.7311999999988217,3,optimal,394.2765178680735,0,0,0.8524081326911311,0.2721383042147245,371,-0.7339666357738648,1.4191252622608588,0.22234991952811328,running
MPC,76.81000000000239,24.664859936016533,35.01198968040052,5.220046072175833,-0.35208116062858696,-4.17011991948839,0.1820126860924274,5.169472192796084,0.031028411946595925,0.5289560882411752,0.6702000000000652,3,optimal,394.6764409226549,0,0,0.9624151040094556,0.24273485157439567,416,-0.5379518072289158,1.3567619790427683,0.19225396296252786,running
MPC,76.91000000000244,25.15451356311348,34.93194876527398,4.830852958117611,-0.11584222049124726,-4.429075202039486,0.3259895085488889,4.777138551971885,0.19154221529855553,0.2588015784092974,0.690199999999308,3,optimal,395.2763058520067,0,0,0.8261793581197995,0.27048775796556657,364,-0.7644578313253012,1.2430332554259755,0.2239412608755995,running
MPC,77.01000000000249,25.609345129204893,34.93622862945695,4.427015723345764,0.33752395793104206,-4.5957274617161215,0.2246836452984087,4.371280211945999,0.2254917838154065,0.22532807344420647,0.699499999999631,3,optimal,395.676198437564,0,0,0.7844343729984125,0.3855241699934132,660,0.5248841519925858,1.8024793893538789,0.19078279873438905,running
MPC,77.11000000000254,26.00067691145224,35.07304052542087,4.033160892523121,0.6928538657694201,-4.482126228315189,-0.08947562006057061,3.9788031005142446,0.12420594043873613,0.6557356423712903,0.6556999999975943,3,optimal,396.0758996434687,0,0,0.8931122116680367,0.305037799277937,612,0.31580166821130673,1.4573157361042048,0.17368933658940083,running
MPC,77.2100000000026,26.32144031208689,35.27705062211835,3.685578212759726,0.6768372919005188,-3.955542305325016,-0.40363488541954995,3.637606661990619,0.12870890871994406,0.691998915649572,0.6814000000012754,3,optimal,396.27586117075936,0,0,0.8944836662299434,0.2645142932474608,652,0.4900370713623725,1.1284006981993904,0.18712129233245636,running
MPC,77.31000000000265,26.63168671514808,35.434974368446916,3.3931814758407053,0.2996120923187937,-3.327518113415442,-0.4188790204786391,3.3528264014181817,0.2828456737288426,0.49223747533423,0.6479999999999819,3,optimal,396.67513592011596,0,0,0.7049092864139812,0.2522235814124192,655,0.5031047265987025,1.002855122801744,0.18845099062736878,running
MPC,77.4100000000027,26.951656543099762,35.47455857845909,3.172106597030833,-0.12800346818782637,-2.51586481919156,-0.4188790204786391,3.141594993921549,0.3874854128773469,0.1682892549102526,0.6108999999998588,3,optimal,396.8748468251316,0,0,0.6586728566366454,0.28456808709477543,706,0.7252548656163116,0.9432056845693264,0.2206244765899192,running
MPC,77.51000000000275,27.23867216151063,35.386805402381256,2.948958279052708,-0.5282429517900442,-2.5394608636006923,-0.418879020478639,2.9181605106707638,0.42574545309420014,0.13484213185688354,0.6244999999989176,3,optimal,397.0748083524223,0,0,0.6280178394388053,0.3725936575657708,737,0.8602873030583873,0.975340311743425,0.20447740104668097,running
MPC,77.6100000000028,27.456550657139523,35.20469945715807,2.806019641503665,-0.8613172786447492,-1.6266628368123335,-0.3252308126306666,2.7862919953714744,0.36496030316358913,0.29799447474684726,0.4960999999994442,2,optimal,397.4743570703327,0,0,0.6650481785087284,0.586072433876006,735,0.8515755329008341,1.3446333452840868,0.20602954162158948,running
MPC,77.71000000000285,27.611817432441907,34.972216917740724,2.797239942728495,-1.065985118612328,-0.09991427063291518,-0.038254168189785054,2.796028214440373,0.24401897041855333,0.45147196782137833,0.5385000000011075,2,optimal,397.6743185976234,0,0,0.7442836860811765,0.6450250548133533,386,-0.6686283595922151,1.6306268814366993,0.2104061992652272,running
MPC,77.8100000000029,27.747587697837094,34.726169484487436,2.821513798506991,-1.06888054976161,0.6294409416565896,0.2265212978094923,2.8601840368941542,0.1229492537585689,0.3987296840586936,0.7535999999994658,3,optimal,397.8740248231541,0,0,0.8564093023292753,0.5942696893366674,403,-0.594578313253012,1.5763398955082109,0.19930351586123124,running
MPC,77.91000000000295,27.91267479979734,34.49543533329138,2.859226261702771,-0.8790060592604445,0.9779150277052748,0.3134410809318289,2.9193053012775185,0.08019764765666092,0.1920451577092006,0.6792000000022114,3,optimal,398.07398635044484,0,0,1.0174693209642367,0.6280054908578563,356,-0.7993049119555145,1.4516133003419416,0.21621722807816315,running
MPC,78.010000000003,28.125871686583896,34.30225251467624,2.900319177813348,-0.6576879017426474,1.0655729377354055,0.17847216122271964,2.9657835554763117,0.060076431795386985,0.031205612996638266,0.637300000001062,3,optimal,398.47390928644046,0,0,0.9833989285845054,0.6544162351191942,698,0.6904077849860983,1.6567524528251991,0.21414126651260781,running
MPC,78.11000000000305,28.370570277376064,34.14035633682951,2.965160829881101,-0.5393206864738453,1.6813970927623603,-0.08819326001658194,3.068458887089584,0.07833983446843135,0.15047365948746183,0.6371999999998934,3,optimal,398.6738707362894,0,0,0.9381489887136987,0.5434905594956093,711,0.7470342910101948,1.3815614237828737,0.22502164647011186,running
MPC,78.2100000000031,28.6183035384941,33.97147100979653,3.030316554835152,-0.6433287775547307,1.68954125968435,-0.2850953755681647,3.1341149558495363,0.11255176398523492,0.09152911475013958,0.7201999999999487,3,optimal,399.0737041544228,0,0,0.9015373655043188,0.517115786083627,714,0.7601019462465248,1.3362714105756348,0.22496523842325897,running
MPC,78.31000000000316,28.836045704432784,33.75758078515947,3.0801873756209317,-0.8678054749852548,1.2931911882082405,-0.2656941617297797,3.159635673655976,0.09647142703402839,0.10221539861639783,0.618900000000977,3,optimal,399.27366568171345,0,0,0.9435150266407837,0.5899477529999769,716,0.768813716404078,1.5078355240554195,0.22293077345441878,running
MPC,78.41000000000321,29.01287439707066,33.50455441198205,3.0973316138618796,-1.034040004052034,0.4445641253223178,-0.07964258361602178,3.1246437881531635,0.07438316937419524,0.16665677637911713,0.5915999999981381,2,optimal,399.6735561962404,0,0,0.99902249104571,0.6706048674772488,701,0.7034754402224284,1.7917116629869085,0.21649658541768402,running
MPC,78.51000000000326,29.17038909295018,33.23672513350671,3.1156563905020596,-1.056587455016888,0.4751764519528671,0.04127509401748364,3.144849259057166,0.046446801806121034,0.14482270584242585,0.6371999999998934,3,optimal,399.8735177235311,0,0,1.004263686367285,0.6588065100083017,719,0.781881371640408,1.6679247065122713,0.21997807798827246,running
MPC,78.61000000000331,29.33062310416123,32.969057235253196,3.123313311002598,-1.0168070146821875,0.19855021361368833,0.05856737077115843,3.1355114118634284,0.05049592397243619,0.010484121470650365,0.6811000000013223,3,optimal,400.2733144921441,0,0,0.9792715973616517,0.6088758248247924,687,0.6424930491195551,1.7250041087453203,0.20621919386478796,running
MPC,78.71000000000336,29.49984868211677,32.70452730262344,3.1548431123144587,-0.9999568119834481,0.8175935462863154,-0.08904382449978752,3.2050726656312296,0.07593472451563378,0.057840760395064805,0.488099999998326,2,optimal,400.4730532250638,0,0,1.0011220783166286,0.5584185083280637,681,0.6163577386468955,1.6255110989354211,0.2023310757067991,running
MPC,78.81000000000341,29.65398688939232,32.427459679275955,3.187364992702636,-1.1164761182685132,0.8433189684727558,-0.1868738947865118,3.2391750091617344,0.008037592301454854,0.036742176915893765,0.6457999999991415,3,optimal,400.8727092094161,0,0,0.9984183162598951,0.5654196875241458,698,0.6904077849860983,1.5894347956442558,0.21414126651260781,running
MPC,78.91000000000346,29.76759130279442,32.12746519817061,3.2326389756364113,-1.296583200673361,1.1739914214875466,-0.20815993280843637,3.304764134851391,0.08677004379502301,0.046374539609878696,0.6295000000005047,3,optimal,401.2723682934226,0,0,1.014604738421127,0.6035444774110703,709,0.7383225208526416,1.6460072912652703,0.2232291878884924,running
MPC,79.01000000000352,29.82956310231399,31.808899245261944,3.2613539671416345,-1.4595689680786976,0.7446032248704635,-0.09663873288980902,3.3070992981234575,0.05782708655460289,0.16429982836233847,0.4468000000006356,2,optimal,401.4723298207133,0,0,0.990158099829966,0.6061165603645654,340,-0.8689990732159407,1.4679068830490796,0.20296376061118726,running
MPC,79.11000000000357,29.859662686898982,31.484491382760233,3.256854586768266,-1.5102640785177583,-0.05120361413498657,0.04994601708842539,3.256233605728136,0.09097786509704861,0.11496961460152733,0.5767999999992668,3,optimal,401.8720420444342,0,0,0.9349802411480692,0.5856319920108267,336,-0.8864226135310473,1.4074969953840486,0.20004771979496722,running
MPC,79.21000000000362,29.891040826072697,31.163102274600625,3.215293410202621,-1.457483288588024,-0.47297233647085113,0.06865229335232159,3.209557353121181,0.14014203467040193,0.04435126690310831,0.5953999999999127,3,optimal,402.2718687216644,0,0,0.9409412842468582,0.5868709666706462,688,0.6468489341983319,1.7321304778230773,0.20689564634075194,running
MPC,79.31000000000367,29.932224346356595,30.84564012892757,3.1941138929182706,-1.4354699725690874,-0.24102603927686767,-0.06630185787184793,3.1911908062749346,0.0825672129565744,0.11938103160889035,0.44769999999871857,2,optimal,402.4718302489551,0,0,0.9563163950212825,0.5344128375832431,709,0.7383225208526416,1.4940771198610316,0.2232291878884924,running
MPC,79.41000000000372,29.96143342143372,30.531660270191768,3.1337302557480027,-1.512972953014882,-0.6871747221092207,-0.12830602260947663,3.1253964207073484,0.06786611784927457,0.14547625350273385,0.4594000000004428,2,optimal,402.8716658218322,0,0,1.0200456650533127,0.5163036380796237,707,0.729610750695088,1.4508011397908247,0.22148173646210823,running
MPC,79.51000000000377,29.95722636750015,30.21816955969873,3.141756621889596,-1.6549673331226962,0.20813024137354783,-0.22218876778297394,3.1545432798853574,0.057028853748463525,0.05941767799586728,0.7199999999976114,3,optimal,403.0713976440788,0,0,1.0020473665118348,0.5369026780355413,707,0.729610750695088,1.4756804019366145,0.22148173646210823,running
MPC,79.61000000000382,29.901019510343186,29.9085189388863,3.1584853675145115,-1.8366289943404683,0.43379006182482743,-0.1769989230571438,3.1851356280720786,0.02781957849410531,0.024055960774957086,0.6215999999987787,3,optimal,403.4710381425937,0,0,1.0167357282117973,0.5758371189915396,714,0.7601019462465248,1.5361680500607982,0.22496523842325897,running
MPC,79.71000000000387,29.796614441795768,29.60826520634362,3.2004522269248143,-1.9763728496312258,1.0882350025739345,-0.11260088593347078,3.267308867771905,0.0920087634968463,0.12041578817435017,0.46360000000156276,2,optimal,403.6709996698844,0,0,0.979684014755506,0.6304256569786799,709,0.7383225208526416,1.695910727676776,0.2232291878884924,running
MPC,79.81000000000392,29.660141150042573,29.316440586604067,3.2404216994461117,-2.0432927733422113,1.0364411262429363,-0.013916599821751948,3.304096339549108,0.04880270247943687,0.09081303955928988,0.44410000000105754,2,optimal,404.07065638787293,0,0,1.001627311873743,0.6380055125407897,726,0.8123725671918445,1.6179001407219733,0.2135218524542555,running
MPC,79.91000000000398,29.51612086753087,29.024923589934225,3.2609957215358154,-2.029276932577486,0.5335012268334702,0.024977620329387554,3.2937718221294587,0.0790993604553315,0.020574957777460767,0.5927999999997269,3,optimal,404.4703935427873,0,0,1.00227976227807,0.5973221191102556,709,0.7383225208526416,1.6547782042685644,0.2232291878884924,running
MPC,80.01000000000403,29.372408373458345,28.7307898075176,3.284478024553728,-2.028731662372713,0.6089153309114744,-0.04608307036655392,3.321887254626963,0.08627523596805713,0.06841472162335194,0.43470000000134235,2,optimal,404.67031482756295,0,0,0.9925991319978333,0.5475906639330778,685,0.6337812789620019,1.643790043747171,0.20489107222660924,running
MPC,80.11000000000408,29.220654889076062,28.43961873588922,3.2832991409560295,-2.0731033769534117,-0.013415869705942246,-0.07236180723982083,3.2831364375831336,0.011569425209101635,0.1017949940095999,0.5220000000001335,2,optimal,405.07023788214434,0,0,1.0177715132860425,0.5224005336689425,726,0.8123725671918445,1.3936204629719267,0.2135218524542555,running
MPC,80.21000000000413,29.05109978947174,28.156174222437457,3.321388605538255,-2.153853823437609,0.9876909821253351,-0.1331288487944754,3.382068239168563,0.07120763933154618,0.08033241599234664,0.4977000000003784,2,optimal,405.47011055131424,0,0,0.967158257249506,0.5385030097428237,695,0.6773401297497683,1.5896249242005263,0.21187243445594103,running
MPC,80.31000000000418,28.850860943847515,27.88565227286344,3.406311240219589,-2.267465851827947,2.2021134025659217,-0.12923260112181667,3.541599945794847,0.07632481543815041,0.0076887595751067295,0.6576999999978739,3,optimal,405.6700214324669,0,0,1.0005303873669191,0.5603147823308813,706,0.7252548656163116,1.613284638771063,0.2206244765899192,running
MPC,80.41000000000423,28.619251601266225,27.62933614602893,3.497283923324432,-2.3547199585797984,2.3589961084496207,-0.050685742859418174,3.6422108510645512,0.028756013906589363,0.06421485267025595,0.49320000000108166,2,optimal,406.0699217358745,0,0,0.9967094903537543,0.5935286206289191,377,-0.7078313253012047,1.7533688790650663,0.21730154451353453,running
MPC,80.51000000000428,28.366645641271727,27.37831253028532,3.615780579687862,-2.3740344966520173,3.0727152556715627,0.01974514747466546,3.8045554488915885,0.03301648640776579,0.06253853960070721,0.5578000000010519,2,optimal,406.46983455190025,0,0,0.9943997384849687,0.5593606847004,357,-0.7949490268767376,1.587137614942773,0.21713917065507293,running
MPC,80.61000000000433,28.105617286438708,27.11685823350702,3.761658384432287,-2.3442714649670906,3.782730836955547,0.03662415310325011,3.9940536633834167,0.06388640111143867,0.01585940025335475,0.495499999999538,2,optimal,406.86975201501645,0,0,0.9995170239284827,0.5607880857436556,366,-0.755746061167748,1.7016723305056705,0.22600293112750477,running
MPC,80.71000000000438,27.83814130097196,26.83964859840225,3.929207844569162,-2.3296971632198855,4.344694593433207,0.00457241963101853,4.196127843775608,0.07860344550111206,0.013049769204831918,0.49199999999949284,2,optimal,407.2696735992045,0,0,1.0353328984012757,0.5414752974542321,715,0.7644578313253012,1.6940499375684979,0.2239412608755995,running
MPC,80.81000000000444,27.558991922094343,26.54928247106413,4.1119361867822795,-2.343229267177923,4.7382954253137575,-0.019231787712674274,4.403037387100538,0.07519876884985553,0.011305605520540496,0.5634999999983847,2,optimal,407.6695966537859,0,0,1.0431121501811227,0.5088660047307009,715,0.7644578313253012,1.6670527378835895,0.2239412608755995,running
MPC,80.91000000000449,27.26114952606549,26.250974261967457,4.303761526145749,-2.3749304153346276,4.974188004754635,-0.01782224702024857,4.609354987257743,0.05348929552271828,0.011146366311917788,0.4821999999986559,2,optimal,408.0695186538543,0,0,1.049123986848063,0.4761699429422909,347,-0.8385078776645043,1.5174856047303726,0.2084324073070941,running
MPC,81.01000000000454,26.942453475794384,25.946252272820853,4.499352326927748,-2.393378473841296,5.071829500307667,0.00320333434951384,4.810944476176516,0.01588100737931815,0.022873219645628495,0.5931999999990722,2,optimal,408.4694403898196,0,0,1.0323277220759781,0.47697245919692616,362,-0.7731696014828544,1.6911063614030846,0.22193355627601147,running
MPC,81.11000000000459,26.60817569294365,25.629585970135683,4.6941980087947215,-2.3753937760094805,5.0525079571708735,0.018534034786653133,5.004603122644835,0.05056751722607453,0.0006849396459607249,0.48989999999982103,2,optimal,408.86936276731893,0,0,0.993271306866871,0.45769730111717705,357,-0.7949490268767376,1.6593395260731054,0.21713917065507293,running
MPC,81.21000000000464,26.26434601405073,25.295090680326606,4.88448480327427,-2.3577791484057866,4.934292277048542,0.0065545911891975745,5.1876272364995755,0.07278588448348679,0.018325431519963686,0.5084999999986906,2,optimal,409.4692472225349,0,0,0.9998109000183121,0.43762932910527247,730,0.8297961075069509,1.5968047846185653,0.21008581223244965,running
MPC,81.31000000000469,25.90874305827822,24.94378272729497,5.096003150674235,-2.358552364266012,5.4848438163263555,-0.007633755030037482,5.432969184906906,0.028526783130468008,0.01642924402014323,0.4653999999995051,2,optimal,409.86917026165617,0,0,1.0467185835110322,0.41671323421979706,738,0.8646431881371641,1.524529710012448,0.2037158366078793,running
MPC,81.41000000000474,25.539198206877035,24.576985292134292,5.30110115845601,-2.3594353151428025,5.318359156785415,-0.008756357231699553,5.627839066352777,0.051232445151637836,0.013324810678367882,0.45770000000011635,2,optimal,410.4690548206025,0,0,1.044081543476254,0.401622937923868,363,-0.7688137164040778,1.6939474005713229,0.22293077345441883,running
MPC,81.5100000000048,25.154751975403254,24.195144454819314,5.518491985675767,-2.359644112543788,5.637122023025753,-0.008596673456000114,5.8648133607585855,0.09114434008706987,0.011853560900060955,0.5031999999989267,2,optimal,410.86897783722156,0,0,1.0418507982850425,0.37980905816597155,697,0.6860518999073215,1.7712548946122804,0.21337555590733343,running
MPC,81.61000000000485,24.755473977872814,23.798575365221737,5.720386236780843,-2.3596640942845686,5.235283124785347,-0.010258137729185823,6.042020298154301,0.05563456606652792,0.010224250810889401,0.5275000000004582,2,optimal,411.46886238250244,0,0,1.0417344789921648,0.35148697465060336,720,0.7862372567191844,1.5894275568158414,0.21901940157552577,running
MPC,81.7100000000049,24.341761425087803,23.38768191957046,5.924990383637433,-2.3596590065896046,5.3055529389091465,-0.010429986949307211,6.250941530671758,0.04212751671551816,0.008821384008523836,0.4938000000009879,2,optimal,412.0687469243178,0,0,0.9895431709824787,0.3412845442986293,714,0.7601019462465248,1.6399105361362372,0.22496523842325897,running
MPC,81.81000000000495,23.913426926776786,22.96226922493712,6.132291572722609,-2.3596558451877834,5.375489450666553,-0.010524536761748195,6.462539328704088,0.047928516992406044,0.007714763752803222,0.514400000000137,2,optimal,412.6686315040646,0,0,0.993077104884463,0.3334969046676185,736,0.8559314179796109,1.5005247104024366,0.20524858980469113,running
MPC,81.910000000005,23.470469513603355,22.522333196974287,6.337361614614557,-2.3596547823332745,5.317633978379986,-0.010691468037221073,6.664054970560608,0.07162020302065679,0.0069646435381596206,0.5026000000007969,2,optimal,413.2685160819012,0,0,0.9960924696193608,0.3285304277380565,710,0.742678405931418,1.7082274203453578,0.2241197071405647,running
MPC,82.01000000000505,23.01325977459082,22.068241445816376,6.534666119455676,-2.3596543796590197,5.1162672487451815,-0.011056868039153695,6.848988339489075,0.09676066199181929,0.006367767023528259,0.49650000000056593,2,optimal,414.06836218492805,0,0,0.9892787904714943,0.3091274455880267,722,0.7949490268767376,1.5891050115763876,0.21713917065507293,running
MPC,82.1100000000051,22.541854351279607,21.60005027612741,6.737105947226011,-2.359653809824617,5.249430374116465,-0.009276032141885193,7.059609156867323,0.046488753509584715,0.0062744004800769915,0.4745999999986594,2,optimal,414.6682467663909,0,0,1.0026716330249654,0.30447919314079275,724,0.8036607970342913,1.5962891560997952,0.2153071491827237,running
MPC,82.21000000000515,22.05701183415075,21.118513162525627,6.915373048526476,-2.359653738686913,4.622611798178439,-0.010508519540546052,7.199367127043855,0.07174853275380681,0.006462281979558782,0.5876000000011317,2,optimal,415.26813134819196,0,0,0.9854041590668658,0.29750897435402135,731,0.8341519925857277,1.5557879983634162,0.20925385860619153,running
MPC,82.3100000000052,21.56071527583089,20.625599659089318,7.0624741659344155,-2.359653940276058,3.814452335257674,-0.014116057290960002,7.296818282052243,0.06418521429535934,0.007206779304002708,0.43440000000138923,2,optimal,416.067977450817,0,0,1.0474128782996823,0.2707938746275378,712,0.7513901760889712,1.5943496729499886,0.22593517874601313,running
MPC,82.41000000000525,21.054498883587296,20.122833590534118,7.196079177405915,-2.3596539111675447,3.4644872655609027,-0.014588698607665715,7.408922892490506,0.08837254275110383,0.008034919072288815,0.49989999999944246,2,optimal,416.6678620226571,0,0,0.9701058708145743,0.2677012928707162,732,0.8385078776645041,1.4724592372239698,0.20843240730709414,running
MPC,82.5100000000053,20.538408071362497,19.613107763658995,7.302938744307563,-2.376444310533061,2.770956004244546,-0.01858153980748229,7.473174777830369,0.057661721145297745,0.007535904345779443,0.4747000000016044,2,optimal,417.46770811515034,0,0,0.9349158298736193,0.2738085931235591,712,0.7513901760889712,1.66574861862873,0.22593517874601313,running
MPC,82.61000000000536,20.007621858446203,19.10398505397004,7.3992358852517635,-2.4065168889715234,2.4970636567946043,-0.009401833419221716,7.552645109987024,0.08590900191028784,0.036407935795526924,0.5394999999985828,2,optimal,418.2675542188668,0,0,0.9528276559480524,0.2759076081880277,720,0.7862372567191844,1.6425985458209929,0.21901940157552577,running
MPC,82.71000000000541,19.462817838481755,18.596189100020375,7.488877467891254,-2.406402884018447,2.324479584251918,0.008929269641360758,7.631683843676956,0.08452158475454292,0.035505359748174925,0.6328999999993812,2,optimal,418.86743879290145,0,0,1.0383657605899497,0.27312793080202596,360,-0.7818813716404078,1.6540137476542374,0.21997807798827249,running
MPC,82.81000000000546,18.908633746082426,18.087195914257833,7.555011392195521,-2.402829377326885,1.714906769216315,0.011576568506851419,7.660368144812885,0.03274679229139113,0.030904006295505937,0.45189999999983854,2,optimal,419.667284887021,0,0,1.0468195305932841,0.2639118706210659,374,-0.7208989805375348,1.7044774160211815,0.2197779812188762,running
MPC,82.91000000000551,18.34885206354462,17.575163609683496,7.613110604420227,-2.401155791467111,1.5065601108424687,0.013908799871125503,7.705667403279768,0.014044016964590499,0.0282301701072587,0.53970000000092,2,optimal,420.46713099213633,0,0,1.0078417251179472,0.2643051523554943,363,-0.7688137164040778,1.658123213233539,0.22293077345441883,running
MPC,83.01000000000556,17.786737878579803,17.05740860763648,7.66717753099096,-2.3787222829672174,1.4019996445438445,0.017191829268503843,7.753310568874611,0.05423854035003575,0.004913391479153262,0.6412000000004525,2,optimal,421.2669770927615,0,0,1.0092930139907998,0.26323277023728003,361,-0.7775254865616312,1.6491176608011424,0.22094939445953415,running
MPC,83.11000000000561,17.22894393555563,16.527399603737265,7.717820953074194,-2.349612127514224,1.3132253720079643,0.007635921022208468,7.798500068191757,0.08451715966791351,0.02501105812567772,0.5571000000017534,2,optimal,422.0668231928788,0,0,1.0299635301869219,0.2659648310793796,353,-0.8123725671918443,1.6160386098610995,0.21352185245425553,running
MPC,83.21000000000566,16.675761146216896,15.985593027020535,7.76483349529478,-2.349671487591452,1.2190736863160794,-0.008313223914171807,7.8397283217058025,0.0980119398204977,0.025507833193410434,0.5809000000009945,2,optimal,422.6667077726612,0,0,0.9949546911232436,0.25935166182680547,709,0.7383225208526416,1.7036317504835554,0.2232291878884924,running
MPC,83.31000000000572,16.12445307214294,15.436799611400124,7.7909171011402405,-2.3531553902260236,0.6763692416641756,-0.009838967477449449,7.832470419461197,0.07384170482715918,0.0227442448955415,0.4425000000018997,2,optimal,423.4665538793816,0,0,0.9853666032436267,0.2614126507841901,712,0.7513901760889712,1.7092111611303125,0.22593517874601313,running
MPC,83.41000000000577,15.572954134759307,14.884950391807925,7.811162894421703,-2.3549664828559798,0.5249899852728982,-0.011748086076241693,7.843416099667531,0.053717970393087816,0.021554664969423598,0.4632999999998333,2,optimal,424.266399983123,0,0,0.9979327221360317,0.2546792272731127,716,0.768813716404078,1.6490357383387722,0.22293077345441878,running
MPC,83.51000000000582,15.020347169546465,14.331466025251475,7.829840412742156,-2.3555530346098266,0.48432333234214914,-0.015134763348570066,7.859595227655918,0.04219320713262105,0.021521060388817403,0.4930000000005208,2,optimal,425.06624608941104,0,0,0.9975552984159923,0.24827922452638063,699,0.6947636700648747,1.7047345853539784,0.21491658495418042,running
MPC,83.61000000000587,14.46492890688663,13.778194167065664,7.848036388845079,-2.373552250800242,0.4718365486348145,-0.019295861610207663,7.877024067605637,0.0426091971679139,0.004005951356084836,0.45330000000021187,2,optimal,425.8660921983115,0,0,1.0255068691037592,0.24594989816358626,728,0.8210843373493977,1.5240407717043059,0.21178185999974475,running
MPC,83.71000000000592,13.900067880712655,13.23198456103661,7.865858048242503,-2.408026312655778,0.4621302101883212,-0.012526547991945983,7.894249409863911,0.042041800854589424,0.03005283749738652,0.5467000000010103,2,optimal,426.66593830533316,0,0,0.9969019708530841,0.26309409951446144,349,-0.8297961075069509,1.6038610639928894,0.21008581223244965,running
MPC,83.81000000000597,13.32505266588759,12.693899486523334,7.883164635634602,-2.4104785171987837,0.44877397164875404,0.006990271730894941,7.910735445407378,0.0336415679549342,0.03215842704062055,0.48130000000057294,2,optimal,427.46578441281827,0,0,0.990193167348683,0.25473780377267785,369,-0.742678405931418,1.7001882734465665,0.2241197071405647,running
MPC,83.91000000000602,12.743462284494512,12.160415707008715,7.899733187424101,-2.407070356672813,0.4296361045988807,0.010806078908172964,7.92612824609449,0.024304845796319925,0.02846291427303882,0.5339000000006422,2,optimal,428.26563052161816,0,0,1.02870916789301,0.26289945356062994,378,-0.7034754402224281,1.7969667516720003,0.216496585417684,running
MPC,84.01000000000607,12.15872017381789,11.628001017901031,7.915325533976465,-2.404842786568004,0.40432230405071623,0.01274192449945076,7.9401654178291725,0.027312092740980832,0.026033172461227494,0.476599999998939,2,optimal,429.0654766303017,0,0,1.0027149516373193,0.25155695506963044,367,-0.7513901760889712,1.6780868156651896,0.22593517874601313,running
MPC,84.11000000000612,11.57336825863282,11.094032580337577,7.929785809627589,-2.39265813374475,0.374966779300074,0.015957475081468806,7.952822211906472,0.040822530753806686,0.013715281666048185,0.7066000000008898,2,optimal,429.86532273925235,0,0,1.0510078140980528,0.2421737699948572,353,-0.8123725671918443,1.5319127929317635,0.21352185245425553,running
MPC,84.21000000000618,10.991147322010661,10.554634424223636,7.942862636657563,-2.3767969120109895,0.3390928245902775,0.013168954433856446,7.963695092086617,0.052986705242653,0.002213618277581375,0.6256000000011142,2,optimal,430.66516884840337,0,0,0.9903924714955525,0.25530117028922344,369,-0.742678405931418,1.7154755820227954,0.2241197071405647,running
MPC,84.31000000000623,10.412441126692979,10.009665852089386,7.954553826294675,-2.376121182497192,0.3031621132390891,0.006718159726565966,7.973178847981472,0.06044065096572479,0.0029224380557622,0.6131000000006992,2,optimal,431.4650149575575,0,0,0.9572901102893878,0.2560974542624035,354,-0.8080166821130677,1.6198691257268754,0.2144087504700342,running
MPC,84.41000000000628,9.835551872868916,9.461202747773344,7.964608942616363,-2.3778252316014337,0.26073739350451725,0.007501101259744086,7.980627565645126,0.06461826343895681,0.0012390209638404315,0.6009999999996296,2,optimal,432.2648610667132,0,0,0.9954127194681495,0.24888950048965566,353,-0.8123725671918443,1.5751882729528774,0.21352185245425553,running
MPC,84.51000000000633,9.258951781618075,8.91109592158384,7.97315391184097,-2.378888359438374,0.22157804364674952,0.008897607662946297,7.986766746981038,0.06721597176584913,0.00018431044556166398,0.5324000000008766,2,optimal,433.0647071758752,0,0,0.9893307459932489,0.24978135343568558,349,-0.8297961075069509,1.552990235022959,0.21008581223244965,running
MPC,84.61000000000638,8.682016636408779,8.360210721023694,7.980315213730328,-2.3792905503079584,0.1856984175014224,0.009621027766715499,7.991723753591112,0.06901994519353942,0.00022235419352867325,0.5554999999990429,2,optimal,433.8645532850376,0,0,0.9897345480191264,0.24753550362703583,355,-0.803660797034291,1.5851622867900492,0.21530714918272373,running
MPC,84.71000000000643,8.104637093896958,7.808875280754711,7.9859249401468,-2.3793912852138397,0.14546479596159778,0.009888210710056156,7.994861693326487,0.07032764975358115,0.0003398253945228191,0.5006000000005173,2,optimal,434.6643993941955,0,0,0.9901292436064153,0.24509155115350859,351,-0.8210843373493977,1.5445922191786816,0.21178185999974475,running
MPC,84.81000000000648,7.5268804262891935,7.257222231746301,7.990259169924517,-2.3793997049763043,0.11239012448359047,0.009987223128276358,7.99716395259516,0.07127416018883898,0.0003770026674025928,0.5622000000009564,2,optimal,435.464245503352,0,0,0.9923303573569664,0.24443307022804947,336,-0.8864226135310473,1.4340937282148387,0.20004771979496722,running
MPC,84.91000000000653,6.948835180572052,6.705321770056663,7.993596261629784,-2.3793920321814914,0.08653351838805289,0.010055225101245686,7.998912521763322,0.07194457632128559,0.0004102113630075621,0.5682999999994109,2,optimal,436.26409161250996,0,0,0.9868692859194435,0.24679622555530295,358,-0.790593141797961,1.6052009459448056,0.21807316453493358,running
MPC,85.01000000000658,6.370576890593677,6.153229045038267,7.996065808990856,-2.379386494610704,0.0640373837021629,0.010136099762124148,8.0,0.07241036147462188,0.00045762449901509683,0.6260999999980754,2,optimal,437.06393772163716,0,0,0.9994850524887445,0.2426759508098175,351,-0.8210843373493977,1.5336523960840522,0.21178185999974475,running
MPC,85.11000000000664,5.792175681279213,5.601002871513969,7.997582996368431,-2.3793842189747014,0.03934191009143813,0.010238149415598094,8.0,0.07274759265339022,0.0005200868928039171,0.5104999999989701,2,optimal,437.86378383075044,0,0,0.9923041013310478,0.24339705280482268,338,-0.8777108433734939,1.444953656348842,0.20148754432673713,running
MPC,85.21000000000669,5.213687409013347,5.048693936911765,7.998515093308526,-2.379383580618276,0.024170036315693033,0.010364208320870294,8.0,0.0730227368883362,0.0006006905401019225,0.5059999999996734,2,optimal,438.6636299398849,0,0,0.9863189589836326,0.24568875258583078,357,-0.7949490268767376,1.5932115424178266,0.21713917065507293,running
MPC,85.31000000000674,4.635145842659192,4.496333954382252,7.999087734973342,-2.37938349293371,0.01484906691473736,0.010513061216147779,7.999999999999999,0.07327989333557848,0.000690983847126958,0.5221999999971416,2,optimal,439.463476048934,0,0,0.9959923682940872,0.24290566666722085,352,-0.8167284522706209,1.5427636216777192,0.2126462795560751,running
MPC,85.41000000000679,4.056571555492943,3.9439425882738908,7.999439542239495,-2.379383522818659,0.009122650266586292,0.010686101734118023,8.0,0.0735492384567523,0.0007932498286535861,0.494600000001455,2,optimal,440.2633221579706,0,0,0.9904753959945469,0.2318400562792537,351,-0.8210843373493977,1.4754961808497464,0.21178185999974475,running
MPC,85.51000000000684,3.477977153904678,3.391531954085213,7.999655678018852,-2.3793835522446667,0.005604577605058983,0.010884940015077777,8.0,0.07385336126244527,0.0009075097914621466,0.499099999997199,2,optimal,441.0631682671214,0,0,0.9851102287723393,0.24580880579729356,358,-0.790593141797961,1.6012384725715667,0.21807316453493358,running
MPC,85.61000000000689,2.8993703850692767,2.839109492632741,7.999788462869005,-2.3793835663058345,0.0034432198114811336,0.011111265033796754,8.0,0.07420951355910346,0.0010339753954315967,0.5135999999996699,2,optimal,441.86301437612923,0,0,0.9827381639887134,0.24236582103751833,355,-0.803660797034291,1.5610115304733232,0.21530714918272373,running
MPC,85.71000000000694,2.3207560140613452,2.286679769451071,7.999870040368492,-2.3793835711782885,0.0021153713099562356,0.011367282052522748,8.0,0.07462979997650146,0.0011722876201218924,0.5436999999997028,2,optimal,442.66286048502326,0,0,0.992400288085143,0.23289316648844502,350,-0.8254402224281743,1.4745426577275396,0.21092842571338713,running
MPC,85.810000000007,1.7421369713175416,1.7342455863016117,7.999920158197561,-2.379383572453585,0.0012995963150782346,0.011656773440108495,8.0,0.07512596469616002,0.00132958472671163,0.7302999999989623,2,optimal,443.4627065940772,0,0,0.9496137458987965,0.2453444703892873,360,-0.7818813716404078,1.6127056477627946,0.21997807798827249,running
MPC,85.91000000000705,1.163515058234846,1.1818086633617522,7.999950948511143,-2.379383572696906,0.0007984180243943173,0.011980697647380403,8.0,0.07570912517952706,0.0014938828530830506,0.8874999999992639,2,optimal,444.2625527029578,0,0,0.9862679661651438,0.2418708771874245,354,-0.8080166821130677,1.551329072218891,0.2144087504700342,running
MPC,86.0100000000071,0.5848913817671535,0.6293700571748314,7.9999698648015745,-2.3793835727439197,0.0004905148885737162,0.012343970912349417,8.0,0.07639068795248374,0.0016736656301858943,0.7444999999979274,2,optimal,445.06239881165277,0,0,0.9932941125061538,0.23366799303601865,352,-0.8167284522706209,1.4924091129303532,0.2126462795560751,running
MPC,86.11000000000715,0.006266621995420475,0.07693041682209481,7.999981486185122,-2.3793835727803896,0.00030135198425695854,0.01275187671986619,8.0,0.07718522905099612,0.0018747446876190565,0.692599999998933,2,optimal,445.86224492064815,1,0,0.9467792292021626,0.24518300144483113,358,-0.790593141797961,1.5978085370686306,0.21807316453493358,lap_complete
