controller,time_s,x_m,y_m,speed_mps,yaw_rad,accel_command_mps2,steer_command_rad,speed_command_mps,cross_track_error_m,heading_error_rad,controller_update_ms,controller_iterations,controller_status,progress_m,lap_count,collision,minimum_clearance_m,minimum_ttc_s,critical_beam_index,critical_beam_angle_rad,critical_scan_range_m,critical_side_distance_m,termination_reason
Pure Pursuit,0.10999999999999999,-0.15468508950973964,-0.1482449444613,0.28888366911729985,3.905734505808967,8.0,9.369394727789569e-05,0.8,0.014290755019130111,0.0,0.07890000000010389,0,not_applicable,0.0,0,0,1.0036191251214535,nan,911,1.6182113067655237,1.1587935224582913,0.15517439733683772,running
Pure Pursuit,0.21000000000000005,-0.1875704498291452,-0.1797611586587463,0.5973968804074414,3.905734505808967,8.0,9.563681442389626e-05,1.0888836691172998,0.05983983492944719,0.0,0.07489999999954478,0,not_applicable,0.0,0,0,1.0035298597699316,7.027108816380464,355,-0.803660797034291,1.624293115335099,0.21530714918272373,running
Pure Pursuit,0.3100000000000001,-0.24239080917053973,-0.2329745104187869,0.905910091697583,3.908445071559601,8.0,0.00010224960970756428,1.3973968804074415,0.0637252932418014,0.0026596516741221876,0.07330000000038694,0,not_applicable,0.19996152729069755,0,0,1.0062687592321098,3.3910477509311607,357,-0.7949490268767376,1.6358507062158503,0.21713917065507293,running
Pure Pursuit,0.4100000000000002,-0.3197581300976242,-0.3072496539050372,1.2144233029877245,3.9063622805116918,8.0,-0.00150347371036873,1.7059100916975831,0.04353011056016443,0.000576860626214426,0.07019999999968718,0,not_applicable,0.19996152729069755,0,0,1.0332980903146094,2.2435616014261006,355,-0.803660797034291,1.6259922951066164,0.21530714918272373,running
Pure Pursuit,0.5100000000000002,-0.42032754972973074,-0.40189727482555543,1.5229365142778661,3.900129961758086,8.0,-0.0003832576497681709,2.0144233029877245,0.018351233950017046,0.005716747795410981,0.08639999999893178,0,not_applicable,0.39992305437013026,0,0,1.0439065864581696,1.6515800598331092,368,-0.7470342910101946,1.6966308596662782,0.22502164647011183,running
Pure Pursuit,0.6100000000000003,-0.5429753056333613,-0.5180971692045997,1.8314497255680078,3.9022281805428665,8.0,0.0034997507414327718,2.322936514277866,0.04937892140686472,0.0036715934130242545,0.06980000000034181,0,not_applicable,0.5998845816608278,0,0,1.048239046794647,1.3166775302008698,361,-0.7775254865616312,1.649970058964982,0.22094939445953415,running
Pure Pursuit,0.7100000000000004,-0.6864539384225664,-0.6571508990091574,2.1399629368581494,3.9107829001940715,8.0,0.0027472098045886765,2.631449725568008,0.04951350044814037,0.00481858567810356,0.1078000000003243,0,not_applicable,0.7998461085784672,0,0,1.0464278154367797,1.0919765296873345,361,-0.7775254865616312,1.6461814798392855,0.22094939445953415,running
Pure Pursuit,0.8100000000000005,-0.8520200875363428,-0.8177429199709672,2.4484761481482904,3.908926001194819,8.0,-0.002201790844576204,2.9399629368581497,0.01883398765549822,0.00290639798573622,0.0952000000005171,0,not_applicable,0.9998076358691644,0,0,1.0477331975079796,0.9331607224973832,371,-0.7339666357738648,1.7051165338866614,0.22234991952811328,running
Pure Pursuit,0.9100000000000006,-1.0417252895143243,-0.9977372048057002,2.7569893594384314,3.898383437623845,8.0,-0.0017946428705162916,3.24847614814829,0.042727303672031695,0.007704107260025239,0.07640000000108671,0,not_applicable,1.1997691626984577,0,0,1.0429484996081708,0.8029576447868119,356,-0.7993049119555145,1.5869383712843559,0.21621722807816315,running
Pure Pursuit,1.0100000000000007,-1.2544689651431709,-1.1982708367551478,3.0655025707285724,3.8999526557448796,8.0,0.004102678050221458,3.5569893594384316,0.06493234085196542,0.0062636707592691465,0.07950000000001012,0,not_applicable,1.5996922168357823,0,0,1.0167860547529697,0.7107802554571091,337,-0.8820667284522707,1.4462090457090715,0.2007631459721537,running
Pure Pursuit,1.1100000000000008,-1.4874591688375627,-1.42227943591307,3.3740157820187133,3.912277379666373,8.0,0.0046925480947415405,3.865502570728572,0.05846346428144889,0.006001349924307675,0.0800000000005241,0,not_applicable,1.79965374412648,0,0,0.9918885782916415,0.6648363618111915,736,0.8559314179796109,1.5412267258323993,0.20524858980469113,running
Pure Pursuit,1.2100000000000009,-1.7413898681991042,-1.6690160393310183,3.6825289933088543,3.9109605042944433,8.0,-0.0017802284381718825,4.174015782018714,0.01254153085833109,0.004546871112680151,0.08150000000028967,0,not_applicable,2.1995767984191548,0,0,0.9984734126600032,0.6095554825886075,726,0.8123725671918445,1.6280405032705465,0.2135218524542555,running
Pure Pursuit,1.310000000000001,-2.019714846757709,-1.9348960603875276,3.9910422045989953,3.8969531683637233,8.0,-0.0018215493200304347,4.482528993308854,0.0029276143308139403,0.009614953021964467,0.07979999999996323,0,not_applicable,2.599499852963061,0,0,0.9980259199528436,0.5542980484923618,353,-0.8123725671918443,1.6174272734235788,0.21352185245425553,running
Pure Pursuit,1.410000000000001,-2.3222450610522545,-2.2200902998446255,4.299555415889138,3.8980590810941522,8.0,0.006107483011825521,4.7910422045989955,0.014366853930047583,0.008657597163480801,0.06959999999978095,0,not_applicable,2.999422907147121,0,0,1.04573018015052,0.5035766457456271,352,-0.8167284522706209,1.588571533630086,0.2126462795560751,running
Pure Pursuit,1.5100000000000011,-2.6450363683091798,-2.5287485323488186,4.60806862717928,3.9137084509791,8.0,0.006090325096839588,5.099555415889138,0.06035739412085146,0.006837681627988701,0.08169999999907418,0,not_applicable,3.399345961075149,0,0,0.9987218616670585,0.46370597369538524,362,-0.7731696014828544,1.648846969226472,0.22193355627601147,running
Pure Pursuit,1.6100000000000012,-2.987644242273285,-2.8613068082971425,4.916581838469423,3.9127915627579073,8.0,-0.0008991347342395811,5.40806862717928,0.06251904426424211,0.005687235984799699,0.07830000000019766,0,not_applicable,3.999230542177657,0,0,1.0421636207126816,0.43740749002894247,711,0.7470342910101948,1.7038845976092798,0.22502164647011186,running
Pure Pursuit,1.7100000000000013,-3.354445807638972,-3.2132192743975767,5.225095049759565,3.895514605925252,8.0,-0.001238623300353198,5.7165818384694225,0.04619793457480007,0.011756845671584415,0.07740000000033831,0,not_applicable,4.399153596054035,0,0,0.9887019062942961,0.41516737307286355,375,-0.7165430954587582,1.7581748355906366,0.21894209497805295,running
Pure Pursuit,1.8100000000000014,-3.746501395488677,-3.583350036607818,5.533608261049707,3.8962423092833904,8.0,0.007457547041497929,6.025095049759565,0.017422869489993574,0.011299880084356673,0.07000000000090267,0,not_applicable,4.999038177500656,0,0,0.9989456830960279,0.38648167714489595,355,-0.803660797034291,1.6169265540404714,0.21530714918272373,running
Pure Pursuit,1.9100000000000015,-4.159151547374227,-3.9765952012959676,5.84212147233985,3.9151411006949517,8.0,0.010450891088577647,6.333608261049707,0.04620462168917486,0.0073161426813008745,0.07019999999968718,0,not_applicable,5.598922758598983,0,0,1.045259633506882,0.36501865689731383,357,-0.7949490268767376,1.6316970366954842,0.21713917065507293,running
Pure Pursuit,2.010000000000001,-4.588929049688085,-4.396515795492316,6.150634683629992,3.9324926093266557,8.0,0.0013766763465378785,6.642121472339849,0.04429892434500114,0.024389185100361033,0.07209999999879813,0,not_applicable,6.198807339457707,0,0,1.0424023743299282,0.33852599350209683,732,0.8385078776645041,1.530676256840108,0.20843240730709414,running
Pure Pursuit,2.109999999999999,-5.035983036577495,-4.842853789940547,6.459147894920134,3.9303109670730643,8.0,-0.009581717427608893,6.950634683629992,0.012516715480791599,0.021898225895771617,0.15819999999955314,0,not_applicable,6.798691919157695,0,0,1.0312123195349991,0.32407352509880044,711,0.7470342910101948,1.6874892731599005,0.22502164647011186,running
Pure Pursuit,2.209999999999997,-5.506330416412791,-5.309519114137107,6.7676611062102765,3.908686623090649,8.0,-0.013482963354725217,7.259147894920134,0.05244634080243242,3.329377436855907e-05,0.06909999999926697,0,not_applicable,7.3985765004717345,0,0,0.9894834501900676,0.3110826449010523,726,0.8123725671918445,1.5954941520043031,0.2135218524542555,running
Pure Pursuit,2.3099999999999947,-6.004583262183505,-5.791780741992625,7.076174317500419,3.890204067702859,8.0,-0.004653099322788495,7.567661106210276,0.057604486479726734,0.018966906073906387,0.14179999999974768,0,not_applicable,8.198422608390077,0,0,1.002053713808028,0.30119070810455945,365,-0.7601019462465246,1.7022963669128766,0.22496523842325905,running
Pure Pursuit,2.4099999999999926,-6.530784101081914,-6.28946566576403,7.384687528790561,3.893223325180113,8.0,0.004018157805875937,7.876174317500419,0.06902204901563766,0.01627921224189599,0.09999999999976694,0,not_applicable,8.798307188796073,0,0,1.0463072171347538,0.28050369105381434,346,-0.8428637627432809,1.5282254307573795,0.20762130414308752,running
Pure Pursuit,2.5099999999999905,-7.0755329869474695,-6.806835391226001,7.621977561840183,3.918102313104286,6.153124712094389,0.005595135749533499,8.0,0.02006671084262248,0.008125389069242317,0.07500000000071338,0,not_applicable,9.598153294987329,0,0,1.048320093209342,0.27040193113355376,732,0.8385078776645041,1.5434619119722406,0.20843240730709414,running
Pure Pursuit,2.6099999999999883,-7.628921515331278,-7.3423424577074385,7.7677587072607,3.92044282371708,3.780224381598174,-0.003954956666425962,8.0,0.00978470139531699,0.009945369881785737,0.08810000000103457,0,not_applicable,10.397999403016875,0,0,0.9925317332474469,0.2705110685816759,706,0.7252548656163116,1.7635539912985136,0.2206244765899192,running
Pure Pursuit,2.709999999999986,-8.190828724934292,-7.885643134575823,7.8573205910321695,3.8936968317218574,2.322412927392996,-0.005707611828768013,8.0,0.027968093909441213,0.01732151676361049,0.08350000000056923,0,not_applicable,11.197845508756052,0,0,1.0379402101310158,0.2578618451676694,366,-0.755746061167748,1.6837126116119394,0.22600293112750477,running
Pure Pursuit,2.809999999999984,-8.762785297090696,-8.428705273893886,7.912343694339226,3.8881697028433826,1.426794089678305,0.009251328486950686,8.0,0.03984151948448644,0.02339126694386806,0.1249999999988205,0,not_applicable,11.997691614052606,0,0,1.044405300555062,0.2518009249943755,364,-0.7644578313253012,1.651924909050188,0.2239412608755995,running
Pure Pursuit,2.909999999999982,-9.33838952928232,-8.97425249216805,7.946147604775769,3.915236423759856,0.8765630566077398,0.015760451698668007,8.0,0.048893423542227935,0.003407939477570565,0.10220000000060736,0,not_applicable,12.797537722778895,0,0,1.0465620648882528,0.2540664144554911,712,0.7513901760889712,1.6949142844380214,0.22593517874601313,running
Pure Pursuit,3.00999999999998,-9.909329342608975,-9.528516019699195,7.966915324008635,3.9448137000214722,0.5385239522423113,0.004839246847937255,8.0,0.05260886783707899,0.0340803872679043,0.10770000000093205,0,not_applicable,13.597383823371302,0,0,0.9892356580723842,0.2506340553312667,722,0.7949490268767376,1.6118814098945018,0.21713917065507293,running
Pure Pursuit,3.1099999999999777,-10.472142588254057,-10.093360663149282,7.979674148551872,3.949240975482997,0.33084675991364776,-0.01229359617123779,8.0,0.052696807564122386,0.04125499294335455,0.09099999999939712,0,not_applicable,14.397229832801717,0,0,1.0071952427445903,0.2460208854758972,714,0.7601019462465248,1.6455261318744618,0.22496523842325897,running
Pure Pursuit,3.2099999999999755,-11.033176225580618,-10.661399370670985,7.987512640679957,3.9204704838792264,0.20325851448127707,-0.023157712412524258,8.0,0.05834569649493668,0.01703939627503459,0.08869999999916445,0,not_applicable,15.197075810335015,0,0,1.0446443689671119,0.2351556967015947,715,0.7644578313253012,1.5782949688951593,0.2239412608755995,running
Pure Pursuit,3.3099999999999734,-11.600785494925516,-11.223736752938585,7.9923282848354065,3.8893893935845227,0.1248735932004319,-0.02004335023153708,8.0,0.06741795327907908,0.007722956288468197,0.08979999999958466,0,not_applicable,15.996921570872937,0,0,0.9488577620683907,0.25268341598955896,717,0.7731696014828544,1.6664406424255311,0.22193355627601147,running
Pure Pursuit,3.4099999999999713,-12.179980346153394,-11.774675710997018,7.995286816687323,3.861275374959192,0.07671715164593529,-0.014685209640593356,8.0,0.07182943638373947,0.027955341635424347,0.08499999999855845,0,not_applicable,16.79676674003765,0,0,0.9940630186554392,0.24981709639836802,732,0.8385078776645041,1.543319156205725,0.20843240730709414,running
Pure Pursuit,3.509999999999969,-12.772411483177196,-12.311700410787566,7.997104415836316,3.835145484182467,0.04713183312676783,-0.007321222177890318,8.0,0.06879462891017407,0.04454494657625219,0.08750000000112834,0,not_applicable,17.59661220508119,0,0,0.9943977491796171,0.2550859952768038,735,0.8515755329008341,1.5496399851692886,0.20602954162158948,running
Pure Pursuit,3.609999999999967,-13.37633173369756,-12.836011590162276,7.998221073297439,3.832684305495782,0.02895584163684184,0.0031408559061935435,8.0,0.062346734039077374,0.03580826478107646,0.08749999999935199,0,not_applicable,18.396457948984796,0,0,0.9950886407664958,0.25371796164001287,725,0.8080166821130677,1.6163191992953352,0.2144087504700342,running
Pure Pursuit,3.709999999999965,-13.9834663684654,-13.35674321570839,7.9989071012845105,3.862456825609015,0.017789267025607458,0.004015671383770235,8.0,0.059595277083289655,0.006797546883003491,0.10019999999855145,0,not_applicable,19.19630191817836,0,0,1.0147677767367875,0.24974474197697916,729,0.8254402224281745,1.5657091762917408,0.21092842571338707,running
Pure Pursuit,3.8099999999999627,-14.587046386555022,-13.881672398950048,7.999328568399924,3.871191160294468,0.010928987154894543,-0.014627507598523886,8.0,0.06155280322477598,0.029387894738425402,0.079200000000057,0,not_applicable,19.99614569798871,0,0,1.0011560258607108,0.23414064595410247,718,0.7775254865616312,1.555652744135027,0.22094939445953415,running
Pure Pursuit,3.9099999999999606,-15.190018218965779,-14.407351309089714,7.999587500298801,3.844641614116582,0.0067143160007621105,-0.029074986246791033,8.0,0.07018206320120665,0.017195616697375016,0.07260000000108846,0,not_applicable,20.795990953371582,0,0,0.9995872540276509,0.23752308418274515,733,0.8428637627432809,1.4717605257714177,0.20762130414308752,running
Pure Pursuit,4.009999999999959,-15.7989952246237,-14.926079551639054,7.999746577308143,3.8141069710512308,0.0041249970119938695,-0.029899660710283042,8.0,0.08349768866996363,0.00017686283954709836,0.07079999999959341,0,not_applicable,21.59583458939223,0,0,0.9595272760187408,0.23833897010565702,720,0.7862372567191844,1.5660669756850154,0.21901940157552577,running
Pure Pursuit,4.109999999999957,-16.41841898770142,-15.432294832240931,7.9998443076187415,3.7859434283648334,0.0025342269185735233,-0.02921184881994582,8.0,0.09484991112130867,0.014663182571773348,0.08200000000080365,0,not_applicable,22.395678626029166,0,0,0.9364254736411594,0.2428693239496446,729,0.8254402224281745,1.5286636433170466,0.21092842571338707,running
Pure Pursuit,4.209999999999955,-17.049845685128624,-15.923464345693436,7.999904349064387,3.759682489387331,0.001556923812584543,-0.027528752606237095,8.0,0.10017973926326351,0.027785787372454962,0.08530000000028792,0,not_applicable,23.195524592208827,0,0,0.9642580981336247,0.24398548162564376,718,0.7775254865616312,1.611935540552913,0.22094939445953415,running
Pure Pursuit,4.3099999999999525,-17.693411489478354,-16.398624043349844,7.9999412360360225,3.7342463698529094,0.0009565093561292315,-0.02319127643036074,8.0,0.09816871925350514,0.040262582811720904,0.09230000000037819,0,not_applicable,23.995369008649355,0,0,0.9536149638948757,0.24854571617975196,729,0.8254402224281745,1.5594886201345992,0.21092842571338707,running
Pure Pursuit,4.40999999999995,-18.34878308769809,-16.857368450597697,7.9999638978600665,3.709057506791002,0.0005876396397752615,-0.015233144113917362,8.0,0.08895749927106962,0.052664422487398,0.07869999999954302,0,not_applicable,24.795212786472693,0,0,0.9994587741632059,0.2559542564961012,713,0.755746061167748,1.716178292692633,0.22600293112750477,running
Pure Pursuit,4.509999999999948,-19.015524191684676,-17.299429165281076,7.9999778203439735,3.683910618907515,0.0003610213993354705,-0.003236319184014891,8.0,0.07512692579565387,0.06463606111168119,0.07839999999958991,0,not_applicable,25.595058163925433,0,0,1.013064213774651,0.2507786086634871,375,-0.7165430954587582,1.731793662417573,0.21894209497805295,running
Pure Pursuit,4.609999999999946,-19.69062279059501,-17.72629433181834,7.980966489375505,3.6809526305547458,-0.21635175831403508,0.012905470365835362,7.97834264451257,0.06649864244557363,0.05502316484218461,0.07800000000024454,0,not_applicable,26.394902588578837,0,0,1.0341940390124735,0.24158450934409467,354,-0.8080166821130677,1.5497558236703006,0.2144087504700342,running
Pure Pursuit,4.709999999999944,-20.3474160273214,-18.135784922909423,7.616955259528041,3.7086126590114876,-4.142501635165399,0.019973208194211237,7.566716325858965,0.09336022397110973,0.013310119504271967,0.11329999999887264,0,not_applicable,27.19474582268216,0,0,1.008453573486551,0.25301862715763435,340,-0.8689990732159407,1.506627618412802,0.20296376061118726,running
Pure Pursuit,4.809999999999942,-20.96564626967194,-18.530379217790333,7.190260965448504,3.7505561731927304,-4.855844177337376,0.007265447344869245,7.131370841794303,0.04645743829031553,0.04024837063578879,0.11390000000055522,0,not_applicable,27.7946293216795,0,0,1.0103971509866718,0.2519733488741052,718,0.7775254865616312,1.588720100183068,0.22094939445953415,running
Pure Pursuit,4.90999999999994,-21.543298233926023,-18.917762674872755,6.835518619225691,3.7743122716441087,-4.037020368591939,-0.02050029793928495,6.78655892858931,0.06277686393742028,0.08303383170765599,0.08279999999949439,0,not_applicable,28.594473915856668,0,0,1.006966001087759,0.2556489014334539,718,0.7775254865616312,1.530933026276001,0.22094939445953415,running
Pure Pursuit,5.009999999999938,-22.080621530055886,-19.28807676199077,6.363840160897573,3.7419776114016017,-5.380091640682014,-0.0512228697854958,6.297509455157489,0.041835275050248893,0.06552287360585396,0.07669999999926347,0,not_applicable,29.194355795806807,0,0,0.9608144105454561,0.26498587821742836,706,0.7252548656163116,1.5760872087243953,0.2206244765899192,running
Pure Pursuit,5.1099999999999355,-22.589843740038138,-19.623174981553518,5.959943140900907,3.651464264395321,-4.5964078264171615,-0.06171580886827265,5.904199378255857,0.0738791739841055,0.008245369299075378,0.0762999999999181,0,not_applicable,29.79423377900898,0,0,0.9509906000912821,0.29102730699919455,722,0.7949490268767376,1.5141698473935024,0.21713917065507293,running
Pure Pursuit,5.209999999999933,-23.0818771989975,-19.90716451259959,5.5406223659168985,3.5567954965062523,-4.771932439441402,-0.03063140765849444,5.482749896956767,0.08762099663817044,0.0951765982226025,0.07890000000010389,0,not_applicable,30.39411815517114,0,0,0.9458445553219949,0.333840208230614,367,-0.7513901760889712,1.679866777434153,0.22593517874601313,running
Pure Pursuit,5.309999999999931,-23.552482576449346,-20.13799271290394,5.0888955451886355,3.51370746584449,-5.145432356920123,0.029156783701085005,5.026079130224886,0.10021299347770736,0.1489489705081013,0.07850000000075852,0,not_applicable,30.794041158457524,0,0,0.9673457127510023,0.3252038226969752,377,-0.7078313253012047,1.58628579841538,0.21730154451353453,running
Pure Pursuit,5.409999999999929,-23.996857520366017,-20.334987296968876,4.7445538785459105,3.548985524838209,-3.9186590966460066,0.0777374911498643,4.697029635524035,0.03064835069936525,0.1507133715053648,0.08030000000047721,0,not_applicable,31.393916863916985,0,0,1.0155671912568285,0.33440815784812683,356,-0.7993049119555145,1.4026987989139288,0.21621722807816315,running
Pure Pursuit,5.509999999999927,-24.394128903446305,-20.526055842429965,4.2289536057118475,3.665738467646663,-5.896673875193077,0.08952298237377253,4.154886491026603,0.06654933555528891,0.058872580791298645,0.07779999999968368,0,not_applicable,31.793809896346893,0,0,0.954252216819911,0.39138895399795015,330,-0.9125579240037072,1.3318880106424007,0.19593688336746246,running
Pure Pursuit,5.609999999999925,-24.73507640832788,-20.725365063227986,3.808254376925348,3.7542046800743485,-4.787619447595555,0.010129127989166414,3.750191660952292,0.08778107045644518,0.03722981275766202,0.07790000000085229,0,not_applicable,32.193732877996474,0,0,0.9379932242324611,0.4521031656822819,682,0.6207136237256718,1.7582393323000653,0.20295929427763665,running
Pure Pursuit,5.709999999999923,-25.028381191128343,-20.91839632765462,3.3585945668521267,3.744031004473975,-5.121121408136466,-0.08404181104463235,3.2961422361117014,0.08471873627819788,0.09473971150329241,0.098100000000656,0,not_applicable,32.59356378866739,0,0,0.9504428577740234,0.45642025427086574,667,0.5553753475440222,1.671226103927275,0.19430327888470372,running
Pure Pursuit,5.809999999999921,-25.286832410881996,-21.07500039670942,2.842832869540283,3.638394064432197,-5.898572453800877,-0.1528452240451424,2.768737321472039,0.0873569054041325,0.06233747106215226,0.10510000000074626,0,not_applicable,32.79333223131256,0,0,0.9497896186775985,0.5073201650193921,710,0.742678405931418,1.4793017953010787,0.2241197071405647,running
Pure Pursuit,5.909999999999918,-25.52608239884663,-21.181622272509056,2.5093128218675345,3.4989594337898624,-3.795507472183628,-0.18687802541139478,2.46328212232192,0.07908057458318873,0.09567161694526405,0.08440000000042858,0,not_applicable,33.19325528589396,0,0,1.0058025417001528,0.5726811293549118,682,0.6207136237256718,1.5273079349706558,0.20295929427763665,running
Pure Pursuit,6.009999999999916,-25.73673346127366,-21.236849018236466,2.0054740192539637,3.3484413929964902,-5.758342464344497,-0.1935791254910948,1.9334785754330848,0.05205826588694737,0.054560440913299146,0.07550000000122736,0,not_applicable,33.39311262045216,0,0,0.9773116804381706,0.6638145420639935,651,0.48568118628359613,1.6597792337078696,0.1866892764154746,running
Pure Pursuit,6.109999999999914,-25.94066904120188,-21.257219980258956,2.088992730457454,3.23675657091065,2.1657085180691205,-0.18301827430132092,2.222044871060876,0.055545263501658663,0.043146085232642406,0.09769999999953427,0,not_applicable,33.593074147742854,0,0,1.021182481892653,0.8242026399997227,691,0.6599165894346619,1.5148519702067047,0.20897586948035746,running
Pure Pursuit,6.209999999999912,-26.145243361428488,-21.253861903395332,2.026333004232592,3.117909486516916,-0.7130769521980795,-0.19554580608813474,2.017685035237646,0.04760116162897572,0.04286701830628026,0.06999999999912632,0,not_applicable,33.79223901326393,0,0,1.0317821142829322,0.8092796633810168,662,0.533595922150139,1.6473185631714595,0.19175741883582492,running
Pure Pursuit,6.30999999999991,-26.35118189963629,-21.223984892406754,2.1298595659059263,2.9945234584195974,2.6845284515475187,-0.20689811413707848,2.294785849387344,0.05616396113084337,0.018420827291768305,0.0772999999991697,0,not_applicable,33.99220054055463,0,0,0.9646948718649391,0.8111048705051577,665,0.546663577386469,1.5973067874787223,0.19326585456320453,running
Pure Pursuit,6.409999999999908,-26.55882635849189,-21.167186534060654,2.1748257284265313,2.8659429484039873,1.1660093863096677,-0.21543263442556174,2.246460504536893,0.06194685239949613,0.013738527195918948,0.10190000000065425,0,not_applicable,34.19075797005888,0,0,0.9913212141301266,0.7935280385664576,646,0.4639017608897129,1.6960930634318616,0.18461087710622176,running
Pure Pursuit,6.509999999999906,-26.7651093353037,-21.079867352344063,2.299294990144315,2.72508858918579,3.227589799406725,-0.23341770659500963,2.497584708367204,0.08490456507647648,0.013196156151931149,0.07740000000033831,0,not_applicable,34.39071949734958,0,0,0.9160979385861094,0.7553442461723713,638,0.42905468025949967,1.6753993783024077,0.1815563752106651,running
Pure Pursuit,6.6099999999999035,-26.962324152464895,-20.95867510816448,2.3322021792263747,2.5664882087718106,0.8533103381718465,-0.24230099556936077,2.3846260239615,0.12000246878499478,0.025055975539038045,0.12119999999882225,0,not_applicable,34.58855839025142,0,0,0.9356611034535693,0.7105464649017442,694,0.6729842446709915,1.4886747287421351,0.2111347683074644,running
Pure Pursuit,6.709999999999901,-27.137175412955038,-20.808663964383378,2.2931629649881975,2.404326713838913,-0.44427203217051847,-0.2557449966587318,2.287774976009323,0.09553927032016674,0.13200265899764752,0.07929999999944926,0,not_applicable,34.98556626359287,0,0,0.9422308779576459,0.6697352908808357,656,0.5074606116774794,1.5540279047906445,0.18890562980628617,running
Pure Pursuit,6.809999999999899,-27.26962329363178,-20.650555422625995,1.948894847258513,2.2431120886992835,-3.917822099137269,-0.2536352356312538,1.9013807550744706,0.0741255643623162,0.12355284916574405,0.08060000000043033,0,not_applicable,35.18552779088357,0,0,0.949006501141157,0.6808083278262022,659,0.5205282669138089,1.5447377696086324,0.190304592332159,running
Pure Pursuit,6.909999999999897,-27.371320183944896,-20.47853840697743,2.0435390131890094,2.1049330342060277,2.4542006621943258,-0.24078688490908354,2.1943149134779456,0.06802704200206952,0.14907359576225332,0.2156000000006486,0,not_applicable,35.383398128241495,0,0,0.9760304450259729,0.8066558867258666,651,0.48568118628359613,1.5769761285770645,0.1866892764154746,running
Pure Pursuit,7.009999999999895,-27.44466983683908,-20.30139421984803,1.8555256247509098,1.9634362635313414,-2.139620168762879,-0.2284722069356508,1.8295769963127215,0.04901287013263815,0.13911467365925922,0.10739999999920258,0,not_applicable,35.5833596555322,0,0,0.9341821105705703,0.7601550172533468,658,0.5161723818350326,1.5408527579768738,0.18983237004919867,running
Pure Pursuit,7.109999999999893,-27.493462770733657,-20.116502187933015,1.9622990994133933,1.8405263283348492,2.7687235620407424,-0.2049750566039906,2.132397980954984,0.050689337135815624,0.1526872501635399,0.08009999999991635,0,not_applicable,35.78266324383185,0,0,0.9559580625059607,0.8405406375066992,705,0.7208989805375348,1.3914028052566723,0.2197779812188762,running
Pure Pursuit,7.209999999999891,-27.520558741504797,-19.93167358709097,1.8216816113585876,1.7224756963855827,-1.600247812255624,-0.19948744849425842,1.802274318187831,0.040600300013279,0.1573521949790777,0.07699999999921658,0,not_applicable,35.982624771122545,0,0,1.0200520036200464,0.8042113380941274,688,0.6468489341983319,1.4662011965820618,0.20689564634075194,running
Pure Pursuit,7.309999999999889,-27.527582686695823,-19.7437129021746,1.9324909045747913,1.620810271451159,2.8733756393205034,-0.16997620457670687,2.109019175290638,0.049459771891189226,0.14456486192865547,0.07800000000024454,0,not_applicable,36.18258629841324,0,0,1.0231892526394655,0.8959403662387985,691,0.6599165894346619,1.498419944231601,0.20897586948035746,running
Pure Pursuit,7.4099999999998865,-27.518231473749715,-19.546826394665203,2.004808440919959,1.530353735488867,1.8752528889832676,-0.14080482009237025,2.120016193473118,0.05111856243691366,0.14958409170208853,0.08279999999949439,0,not_applicable,36.38231650357501,0,0,1.0139659445788591,0.859695215819651,702,0.7078313253012047,1.4795540126376325,0.21730154451353453,running
Pure Pursuit,7.509999999999884,-27.494086746099423,-19.339839827524603,2.151799923335843,1.4572746952637958,3.811609410208261,-0.11258695954586363,2.385969381940785,0.04931168487479529,0.10705738637715712,0.07580000000118048,0,not_applicable,36.58227803086571,0,0,1.0150056010158228,0.850905727205386,706,0.7252548656163116,1.4972035174373899,0.2206244765899192,running
Pure Pursuit,7.609999999999882,-27.45570976335068,-19.11811303188635,2.3344319811655945,1.3975692817571845,4.735798692471422,-0.08967166277126137,2.625379792582985,0.04349323240440606,0.07902050335478705,0.06989999999973406,0,not_applicable,36.78216646571364,0,0,0.9586295902746897,0.8240764318851059,707,0.729610750695088,1.5433206561134707,0.22148173646210823,running
Pure Pursuit,7.70999999999988,-27.402964974472088,-18.879836971223753,2.53118753947469,1.3445206537162502,5.102032616011547,-0.07079826547835422,2.844635242766749,0.05442860929485631,0.036652026345489475,0.07030000000085579,0,not_applicable,36.98212799300434,0,0,0.9637035174381443,0.7932105274963743,715,0.7644578313253012,1.5604171667406281,0.2239412608755995,running
Pure Pursuit,7.809999999999878,-27.33485816079951,-18.62490234641663,2.7305813798697125,1.3013839210648586,5.170445429191108,-0.04378909503885247,3.0482320823938007,0.10097510522930277,0.001132687270828825,0.08159999999968193,0,not_applicable,37.18208672456746,0,0,0.978492023137062,0.7504184652520692,725,0.8080166821130677,1.5268024247430498,0.2144087504700342,running
Pure Pursuit,7.909999999999876,-27.25426716351715,-18.352947967637952,2.9266695549482136,1.2767182756165742,5.0847268227768705,-0.029637452955689834,3.2390540621473995,0.05498797602826577,0.015280723152299558,0.0714999999988919,0,not_applicable,37.58200644243463,0,0,0.974644644242404,0.7064682229515423,712,0.7513901760889712,1.6355841300526366,0.22593517874601313,running
Pure Pursuit,8.009999999999874,-27.163303195713922,-18.060270090614473,3.182632501304354,1.264193375480184,6.637328632657353,-0.02205854587642248,3.590402418213949,0.08693520576933968,0.022658375323937108,0.07260000000108846,0,not_applicable,37.78196796972533,0,0,0.9679601764779615,0.6662709668538629,721,0.7905931417979613,1.5897179888424804,0.21807316453493353,running
Pure Pursuit,8.109999999999872,-27.061501191421208,-17.7462016061747,3.402885263111209,1.2511375956641904,5.711334328557323,-0.017469391064479575,3.753765934160086,0.03445016321976935,0.02272027588965031,0.0877999999993051,0,not_applicable,38.18188752298067,0,0,1.0094574612917995,0.6149656658890078,735,0.8515755329008341,1.4954366799641061,0.20602954162158948,running
Pure Pursuit,8.20999999999987,-26.948167460324953,-17.410846349988034,3.6566130153883787,1.2376108708515923,6.579368221312278,-0.014671292843443517,4.060822085242437,0.04780736024638225,0.020338268796788128,0.12680000000031555,0,not_applicable,38.58180903726351,0,0,0.9924458623117657,0.5927841813598413,731,0.8341519925857277,1.5644053048114623,0.20925385860619153,running
Pure Pursuit,8.309999999999867,-26.821898153641424,-17.05241673773779,3.9225619410537607,1.2236314305434095,6.896273246859961,-0.014350898929408775,4.346240340074375,0.06313890096415328,0.016580267322570563,0.1267000000009233,0,not_applicable,38.98172886452678,0,0,1.0171804632782895,0.5409344885404279,726,0.8123725671918445,1.5739386921798384,0.2135218524542555,running
Pure Pursuit,8.409999999999865,-26.681728691781505,-16.6706842154023,4.189222870602054,1.2091620653659847,6.914736090118647,-0.013628152459634895,4.614035550065625,0.05530509585734167,0.011899827127553664,0.06989999999973406,0,not_applicable,39.38164336541171,0,0,1.0203315720714745,0.5056719634771216,713,0.755746061167748,1.6695365771629713,0.22600293112750477,running
Pure Pursuit,8.509999999999863,-26.526936021797074,-16.26625890610094,4.45064632235157,1.1942111984053563,6.7789240053946465,-0.01488073751556389,4.867115271141518,0.02280233205492795,0.005835834362606818,0.0743999999990308,0,not_applicable,39.78155327760704,0,0,1.0079799359843837,0.4763401166965021,714,0.7601019462465248,1.6712316521814077,0.22496523842325897,running
Pure Pursuit,8.60999999999986,-26.356935472181412,-15.840177194372862,4.704021086614109,1.1788053917360006,6.570214953271529,-0.018430125278058835,5.107667817678723,0.038898694143782456,0.0014655481532397374,0.06909999999926697,0,not_applicable,40.18146097858833,0,0,1.0301208706422664,0.44513648017070373,694,0.6729842446709915,1.7603208567218833,0.2111347683074644,running
Pure Pursuit,8.709999999999859,-26.17122291202631,-15.39367039373463,4.948273881697075,1.1629777360372877,6.333674828680396,-0.023937870743420516,5.337388569482148,0.08104432336890084,0.01913045254334733,0.14670000000016614,0,not_applicable,40.78133387765344,0,0,0.9956173015656878,0.4075809938982797,707,0.729610750695088,1.650679530972994,0.22148173646210823,running
Pure Pursuit,8.809999999999857,-25.96684717189299,-14.92670748806576,5.224493814327597,1.1333574395406347,7.16260886139497,-0.03278314367658247,5.664534767836572,0.04264176467259949,0.01253628198147716,0.07010000000029493,0,not_applicable,41.18125316569673,0,0,1.0014551131890326,0.3891207093924509,698,0.6904077849860983,1.6986569176770312,0.21414126651260781,running
Pure Pursuit,8.909999999999854,-25.735648082112217,-14.443233579960557,5.474398914837864,1.0823518985840228,6.480243733231736,-0.033782589681052695,5.872518187650771,0.05317523518936897,0.008205387725817914,0.07100000000015427,0,not_applicable,41.78113302422229,0,0,0.9719415064652743,0.37032243286924565,703,0.7121872103799816,1.6825933554102275,0.21811666573475305,running
Pure Pursuit,9.009999999999852,-25.473352761806193,-13.94627969314913,5.743178066569755,1.0465090090136573,6.96966332450816,-0.027852996954101227,6.17136524728868,0.08631211070744953,0.014818656454879786,0.07309999999982608,0,not_applicable,42.38099835861281,0,0,1.013650787783289,0.3591846742285524,722,0.7949490268767376,1.5941947938374994,0.21713917065507293,running
Pure Pursuit,9.10999999999985,-25.18393876054988,-13.433105426830128,6.018221276307617,1.0338381927286346,7.132095473971711,-0.022423485523715522,6.4563876139669265,0.09833164793198056,0.0020255984376387204,0.07350000000094781,0,not_applicable,42.98087446397535,0,0,0.9673923997587431,0.3403571268105415,704,0.7165430954587584,1.6929673837112944,0.21894209497805303,running
Pure Pursuit,9.209999999999848,-24.873068878065823,-12.905319732868776,6.21670951213063,1.0185574901917813,5.14696236165638,-0.029296617592469196,6.532917512473255,0.09233910663344616,0.00756888712820647,0.07180000000062137,0,not_applicable,43.58075273532586,0,0,0.9833415584630271,0.31741583573513715,715,0.7644578313253012,1.6026996922065773,0.2239412608755995,running
Pure Pursuit,9.309999999999846,-24.548606678931563,-12.379301218657982,6.162195541423027,0.979054736506654,-0.620377049604306,-0.03418497115657161,6.1546718071702,0.08654955404932693,0.012549483993115729,0.07109999999954653,0,not_applicable,44.1806358519867,0,0,0.9647981791200111,0.3138993050643459,731,0.8341519925857277,1.5202301868196477,0.20925385860619153,running
Pure Pursuit,9.409999999999844,-24.218575776511354,-11.887499057697143,5.801397054252637,0.9070912962086299,-4.105940148315881,-0.02155467737815859,5.751601526591439,0.08845359438919331,0.0797409042490056,0.08640000000070813,0,not_applicable,44.78051998448622,0,0,0.9627351028691605,0.3204861484207203,360,-0.7818813716404078,1.6213444959243093,0.21997807798827249,running
Pure Pursuit,9.509999999999842,-23.890868844576367,-11.443328956567957,5.376684584534699,0.8758044574832877,-4.833290722978356,0.023476239243868175,5.318067981954801,0.09061258087154982,0.11490571911268077,0.0753000000006665,0,not_applicable,45.18044288852925,0,0,1.0034558729211946,0.3114887065220285,361,-0.7775254865616312,1.5087605437121574,0.22094939445953415,running
Pure Pursuit,9.60999999999984,-23.5751371893748,-11.034916720738673,5.052923422703852,0.9176423164390846,-3.6844499079035042,0.06550314379309653,5.0082395937443485,0.01532829709877226,0.0968109454619146,0.0772999999991697,0,not_applicable,45.78031355630166,0,0,1.0043284591011212,0.32017607962837247,371,-0.7339666357738648,1.500593261413132,0.22234991952811328,running
Pure Pursuit,9.709999999999837,-23.300569837714953,-10.648970026402724,4.571727612535771,1.04335813838662,-5.492029067116233,0.08784316685183831,4.503720515992229,0.08775863327315564,0.00489664285624869,0.07790000000085229,0,not_applicable,46.18023071853179,0,0,0.9985581895347264,0.3497895910784942,362,-0.7731696014828544,1.486905744096015,0.22193355627601147,running
Pure Pursuit,9.809999999999835,-23.08653945424233,-10.274419850045064,4.186470278612968,1.1784992746489307,-4.384285441972304,0.07941708762597471,4.13329906833854,0.11844335818215071,0.07881686003554478,0.08160000000145828,0,not_applicable,46.58015377311319,0,0,0.9781255641380819,0.4035505196172244,376,-0.7121872103799816,1.614602326842667,0.21811666573475305,running
Pure Pursuit,9.909999999999833,-22.935221156685458,-9.913195746828793,3.782044903959585,1.2862555357585,-4.602420580557505,0.06030286431985637,3.7262282205572177,0.1028320180911666,0.11630298160354968,0.07779999999968368,0,not_applicable,46.980011694946796,0,0,0.9951816675666569,0.45019916241006114,366,-0.755746061167748,1.5976453909333526,0.22600293112750477,running
Pure Pursuit,10.009999999999831,-22.829087529490828,-9.558941705553725,3.6570996912514344,1.345242420192577,-1.421895000784703,0.044981190141779016,3.6398554038811146,0.06418604050935703,0.08932711964766327,0.07070000000020116,0,not_applicable,47.37974771800729,0,0,0.9762965102053154,0.5019971033058138,369,-0.742678405931418,1.6227241998346364,0.2241197071405647,running
Pure Pursuit,10.109999999999829,-22.748167624915293,-9.195975847413097,3.7722231683373235,1.3895385643217986,2.9852459570069145,0.048566386589494887,3.955624286952126,0.03177260295806943,0.04296484378554233,0.08549999999907243,0,not_applicable,47.77942767315737,0,0,0.9789828092620751,0.5037508613243947,372,-0.729610750695088,1.5947701451332115,0.22148173646210823,running
Pure Pursuit,10.209999999999827,-22.684828274109076,-8.823039664712702,3.7924199213368013,1.4366009070853525,0.523718330635341,0.06032091171453141,3.8245950014008576,0.021437018505088896,0.002408722901719784,0.15110000000007062,0,not_applicable,48.17914451379419,0,0,0.9834170663492195,0.47536773621508527,363,-0.7688137164040778,1.5117632333486122,0.22293077345441883,running
Pure Pursuit,10.309999999999825,-22.64386747606654,-8.459768692204516,3.5871982353739975,1.5084467133852821,-2.3354531398071288,0.07768287057698026,3.5588746073560884,0.047037295937841506,0.00997484567072604,0.08769999999991285,0,not_applicable,48.57893106499704,0,0,1.022828323127473,0.4674496961782524,380,-0.6947636700648749,1.5767639766662938,0.21491658495418048,running
Pure Pursuit,10.409999999999823,-22.632226253627763,-8.11457389954951,3.3875197956916963,1.5949250340741483,-2.272370177254772,0.07989691016097172,3.3599612176485203,0.09972548567322659,0.008562263595781161,0.07800000000024454,0,not_applicable,48.978812337510384,0,0,1.0248185897412951,0.4955667954930978,378,-0.7034754402224281,1.57216537911782,0.216496585417684,running
Pure Pursuit,10.50999999999982,-22.649476615636704,-7.78146110437296,3.3105809135082422,1.6733981054862466,-0.8755758589819118,0.07001404250569422,3.299962209793505,0.04563793874314495,0.03177580721307116,0.07680000000043208,0,not_applicable,49.17877386480108,0,0,1.020285159105271,0.5533305080876638,370,-0.7383225208526414,1.6095461965819438,0.22322918788849236,running
Pure Pursuit,10.609999999999818,-22.690383546331685,-7.4572530421844165,3.2466795121418883,1.732727694423216,-0.7272073989596572,0.06056311824487795,3.2378601736122765,0.04331544708446444,0.014363576097254693,0.07689999999982433,0,not_applicable,49.57863409441749,0,0,0.9760870933942779,0.5665640655665494,356,-0.7993049119555145,1.5239344088369429,0.21621722807816315,running
Pure Pursuit,10.709999999999816,-22.749188833031756,-7.130732554862648,3.378798815675261,1.7741946195380307,3.4259616430913953,0.06075906459805143,3.589275676451028,0.09623415279713789,0.014801787697955149,0.07309999999982608,0,not_applicable,49.778466322347924,0,0,0.9884868274929768,0.5578810300524094,368,-0.7470342910101946,1.5539568000958321,0.22502164647011183,running
Pure Pursuit,10.809999999999814,-22.827266823761367,-6.794054183694454,3.5229462378078154,1.8313874610286072,3.7378605999985126,0.06920662122886985,3.752584875675112,0.045154704044575784,0.0016999502237400321,0.08009999999991635,0,not_applicable,50.17823186684239,0,0,0.9820894088620216,0.5457766748509534,368,-0.7470342910101946,1.5780287587404467,0.22502164647011183,running
Pure Pursuit,10.909999999999812,-22.93150961551829,-6.445919619049784,3.7299085887772065,1.9019988486901003,5.366703101080583,0.07204096390583362,4.059616547915874,0.027260097670691246,0.003581055080161377,0.09800000000126374,0,not_applicable,50.5780049288654,0,0,1.0135699365660404,0.5180566863792563,386,-0.6686283595922151,1.6425012401390324,0.2104061992652272,running
Pure Pursuit,11.00999999999981,-23.064529251783863,-6.090868867735092,3.8454204476230687,1.9774674998896131,2.995317013824188,0.07244451190828781,4.029440290159625,0.03757475900201588,3.9964478897758227e-05,0.0809999999997757,0,not_applicable,50.97782096957054,0,0,0.9854948902760279,0.48567714537769135,377,-0.7078313253012047,1.593655438046381,0.21730154451353453,running
Pure Pursuit,11.109999999999808,-23.220269995463287,-5.754381822329922,3.639252080409457,2.0670629072129802,-2.346226512461307,0.07047045349021419,3.610797796376938,0.06148777272452558,0.017547826714885417,0.08790000000047371,0,not_applicable,51.37771744982618,0,0,0.9740298256322342,0.4792971657778253,354,-0.8080166821130677,1.4878678021709557,0.2144087504700342,running
Pure Pursuit,11.209999999999805,-23.388325326177004,-5.457382260052891,3.298091462740612,2.1437355650800662,-3.8824582888265313,0.05946103414906535,3.2510062515268037,0.09022500784668251,0.05638641158092739,0.08009999999991635,0,not_applicable,51.577678977116875,0,0,1.0019621090875397,0.5143813541747804,361,-0.7775254865616312,1.555007179874423,0.22094939445953415,running
Pure Pursuit,11.309999999999803,-23.57164887035309,-5.179958723566245,3.349180702529303,2.1881123376444047,1.3247857898868354,0.051130470719336206,3.4305700417292955,0.02638922439364932,0.025700948425052772,0.07699999999921658,0,not_applicable,51.97752855562441,0,0,1.0117610002008652,0.570227484394926,368,-0.7470342910101946,1.6048771705831675,0.22502164647011183,running
Pure Pursuit,11.409999999999801,-23.77257470306989,-4.906634350959443,3.429563841574611,2.2305946480461514,2.0844005664240095,0.058356836748757815,3.557620759171704,0.04771302593063723,0.006812281125549546,0.11020000000172558,0,not_applicable,52.37730906214178,0,0,1.0239934848474639,0.5399627866111383,385,-0.6729842446709917,1.625266043858588,0.21113476830746442,running
Pure Pursuit,11.509999999999799,-23.99507623334971,-4.63350506506333,3.603317859960262,2.288034891448403,4.50558386550894,0.0686615179768411,3.880122228125505,0.09516272316615114,0.02660426354040446,0.09100000000117348,0,not_applicable,52.77705356905652,0,0,0.9928426894355256,0.5240891815041886,371,-0.7339666357738648,1.556959331383251,0.22234991952811328,running
Pure Pursuit,11.609999999999797,-24.247861992776638,-4.360276508257131,3.8248529164416047,2.3590571703313152,5.744585278664114,0.07590233230428874,4.177776387826674,0.08113544404287537,0.008385681993212657,0.07289999999926522,0,not_applicable,52.977015096347216,0,0,1.0319860149468036,0.48404390535017927,372,-0.729610750695088,1.5216407884680114,0.22148173646210823,running
Pure Pursuit,11.709999999999795,-24.528505674538305,-4.095603995143081,3.887081804021458,2.437402726981108,1.6136459717786344,0.08120725361122356,3.986217513619468,0.06959160098101841,0.005544520149513232,0.07440000000080715,0,not_applicable,53.376759089583196,0,0,0.9971739934468264,0.45150992897032577,368,-0.7470342910101946,1.4921039325637497,0.22502164647011183,running
Pure Pursuit,11.809999999999793,-24.81642017815162,-3.863684599273215,3.601934769777619,2.5320988576034527,-3.2450154246962315,0.08616054154325362,3.562580261551835,0.050195613042555154,0.016068966421073583,0.08979999999958466,0,not_applicable,53.77654394425353,0,0,0.9988886025218461,0.45585872591889653,353,-0.8123725671918443,1.4322371975520036,0.21352185245425553,running
Pure Pursuit,11.90999999999979,-25.099356529450297,-3.676313067642131,3.2893447224360557,2.6259610864222647,-3.5573209727388733,0.08037029494716413,3.2462026725037316,0.055617401360910514,0.017953017877385236,0.07930000000122561,0,not_applicable,54.1764221625955,0,0,0.9988659193013614,0.4894648158117266,367,-0.7513901760889712,1.5142456557928996,0.22593517874601313,running
Pure Pursuit,12.009999999999788,-25.384154950996283,-3.5245692355679497,3.196832643017006,2.703782395372149,-1.052801146894713,0.07152895451033306,3.1840646077465844,0.09190731842176077,0.054809147032958805,0.06980000000034181,0,not_applicable,54.376383689886204,0,0,0.9900707081206777,0.5526991338551145,367,-0.7513901760889712,1.5544346625609706,0.22593517874601313,running
Pure Pursuit,12.109999999999786,-25.672887880169803,-3.3976605924730823,3.1327145271907466,2.7610879572465863,-0.7296736415667882,0.06008506050023288,3.123865278860327,0.026078800239169506,0.030070135116567087,0.09000000000014552,0,not_applicable,54.776225295646206,0,0,1.0039626517913076,0.5721363857799145,360,-0.7818813716404078,1.5178338593723546,0.21997807798827249,running
Pure Pursuit,12.209999999999784,-25.972624305961652,-3.2838432332940193,3.26925405999899,2.801403610152623,3.540581804902594,0.05929193134285875,3.486772707681006,0.08499597242686151,0.006884484432683635,0.10439999999967142,0,not_applicable,55.17600002148878,0,0,0.9708004731286959,0.5595739216535395,367,-0.7513901760889712,1.5069126850062473,0.22593517874601313,running
Pure Pursuit,12.309999999999782,-26.29424883551904,-3.179101926793046,3.479817800161359,2.856226651583737,5.460090069578105,0.06556594639790977,3.8152630669568004,0.059688044911346876,0.007282258358431548,0.13280000000115422,0,not_applicable,55.375798023830775,0,0,0.9945067521240571,0.5475570035605236,367,-0.7513901760889712,1.5340360235824555,0.22593517874601313,running
Pure Pursuit,12.40999999999978,-26.640885647355326,-3.089168046633595,3.6685668046336275,2.9263652602388053,4.894416123911363,0.06597407258296681,3.9692594125524954,0.02543122233235469,0.005801659147335769,0.09410000000009688,0,not_applicable,55.77558022301328,0,0,1.0159626468067655,0.53335349602056,362,-0.7731696014828544,1.550254530502483,0.22193355627601147,running
Pure Pursuit,12.509999999999778,-27.00874237010618,-3.0171301533223707,3.8172455730637753,2.984282016996643,3.8553621171269192,0.05903162218857921,4.054103016346319,0.027754562673195402,0.004438040272404464,0.07180000000062137,0,not_applicable,56.17541741195584,0,0,1.015793886132323,0.4998467970227145,367,-0.7513901760889712,1.5659097651092437,0.22593517874601313,running
Pure Pursuit,12.609999999999776,-27.380293938636214,-2.9634553247316457,3.7224726806990445,3.0351955367636627,-1.0785295326047128,0.060867488881518994,3.709392619803304,0.05045000856871982,0.015993882493560818,0.07230000000113534,0,not_applicable,56.57532476684131,0,0,0.9992508741873963,0.4835636687610832,364,-0.7644578313253012,1.5562203265158343,0.2239412608755995,running
Pure Pursuit,12.709999999999773,-27.743769179117407,-2.929867369837016,3.6140250005715457,3.086711861111234,-1.234150639930287,0.06188362680822327,3.5990576167060158,0.08670158323143379,0.0194687802968474,0.07190000000001362,0,not_applicable,56.975247821422705,0,0,1.0244427114432706,0.5003638011516964,353,-0.8123725671918443,1.4945708142755323,0.21352185245425553,running
Pure Pursuit,12.809999999999771,-28.111161229485603,-2.9147431075335466,3.7313502836277475,3.132012893260222,3.0423405873757092,0.05804362524073359,3.9182590593091167,0.1010362700228672,0.0016713660579235068,0.0753000000006665,0,not_applicable,57.17517673757841,0,0,1.023824974464201,0.5014729171830198,373,-0.7252548656163114,1.576850322694132,0.22062447658991918,running
Pure Pursuit,12.90999999999977,-28.4912808479687,-2.9165965274215084,3.8613519263327816,3.177003937467903,3.3710489651031272,0.05335472454575158,4.06845518013806,0.08599896079739248,0.000805063612585144,0.07469999999898391,0,not_applicable,57.57505684459101,0,0,1.0249469842059067,0.5057338960369978,352,-0.8167284522706209,1.5045526030652292,0.2126462795560751,running
Pure Pursuit,13.009999999999767,-28.88715298716624,-2.9360545131715723,4.051084681137057,3.2219065662946336,4.919925574943149,0.04549963642757436,4.3533444838270965,0.08381468198202853,0.011248601050841245,0.08009999999991635,0,not_applicable,57.974947475746454,0,0,0.991818729327574,0.4869688593031266,344,-0.8515755329008341,1.4448069669569445,0.20602954162158948,running
Pure Pursuit,13.109999999999765,-29.302306850549872,-2.974596567293264,4.270755479255522,3.2670940932208827,5.696243533943832,0.033741911810758335,4.6207090345314406,0.09434167349389498,0.030510084452666675,0.07319999999921833,0,not_applicable,58.37485506592859,0,0,0.9551300769005157,0.4758094201530704,362,-0.7731696014828544,1.6014781267140217,0.22193355627601147,running
Pure Pursuit,13.209999999999763,-29.73809798175374,-3.0324142265668796,4.5031748625877395,3.2996569434315464,6.026824779665949,0.016654540134614766,4.873437957222117,0.09548673807194547,0.039462884994456715,0.07790000000085229,0,not_applicable,58.974735930085004,0,0,0.9572081124376193,0.4815006606992584,372,-0.729610750695088,1.7543708771102942,0.22148173646210823,running
Pure Pursuit,13.30999999999976,-30.198256458940484,-3.102380462990347,4.7833501897715776,3.2970562213405796,7.265175478539847,-0.0005641149089694047,5.229692410441724,0.03612407542647542,0.03174231723672527,0.07309999999982608,0,not_applicable,59.37465893284791,0,0,1.0080876234763145,0.44919610143052013,733,0.8428637627432809,1.553451711494863,0.20762130414308752,running
Pure Pursuit,13.409999999999759,-30.685223581576594,-3.174685425780865,5.042090359613589,3.27870639710669,6.7093443100218675,-0.0038045944373404045,5.454284620773764,0.07532752914106784,0.014260144631183636,0.07639999999931035,0,not_applicable,59.7745819762011,0,0,1.0262211828010193,0.4226925420582647,720,0.7862372567191844,1.6475088758792256,0.21901940157552577,running
Pure Pursuit,13.509999999999756,-31.197483917761996,-3.2466128187870202,5.28423358851321,3.27898943380557,6.278972051459997,0.0012152879554163853,5.669987564759588,0.014040320440464979,0.013509074728181858,0.0809999999997757,0,not_applicable,60.374466554144675,0,0,1.0291274601159295,0.40338728262175444,722,0.7949490268767376,1.6415329588061731,0.21713917065507293,running
Pure Pursuit,13.609999999999754,-31.73472781060782,-3.324702832601015,5.552152280319937,3.2977139257845183,6.9473508946042895,0.00027360157402664626,5.978968677973639,0.06681006760147895,0.027107891830663533,0.07119999999893878,0,not_applicable,60.97435045334563,0,0,1.022105526784877,0.3802551673269892,715,0.7644578313253012,1.67421028636219,0.2239412608755995,running
Pure Pursuit,13.709999999999752,-32.29831236835885,-3.4114533377282568,5.830043977754045,3.297395621246384,7.205959090620988,-0.00980171073719738,6.272748189382035,0.09725970314873933,0.01856807904995783,0.07349999999917145,0,not_applicable,61.574234337613916,0,0,1.0253762452038602,0.355616946981873,715,0.7644578313253012,1.6490081780480992,0.2239412608755995,running
Pure Pursuit,13.80999999999975,-32.889774818385106,-3.5000825939302036,6.108988955517993,3.2773670832364887,7.233271511387267,-0.008355454702456399,6.553371128892771,0.09960587404455114,0.01334132734399418,0.07139999999949964,0,not_applicable,62.17411870934275,0,0,1.0254807671073247,0.3419025463419891,366,-0.755746061167748,1.6766520931275022,0.22600293112750477,running
Pure Pursuit,13.909999999999748,-33.509395336604285,-3.587504249523033,6.384133544449641,3.2774449601597233,7.134724319416952,0.007144567300692862,6.822461387459688,0.07262741198539238,0.0276244183030947,0.07150000000066825,0,not_applicable,62.77399980854955,0,0,1.0185965756885502,0.3211374019139464,353,-0.8123725671918443,1.5628219633818232,0.21352185245425553,running
Pure Pursuit,14.009999999999746,-34.15563410933845,-3.680746821026757,6.653002296471476,3.299014054088834,6.971986733338973,0.019200187631776788,7.0813322177835385,0.021720985037085593,0.02210133737652953,0.07330000000038694,0,not_applicable,63.37388073993037,0,0,1.0151726578171507,0.30405843471664007,360,-0.7818813716404078,1.597396811278898,0.21997807798827249,running
Pure Pursuit,14.109999999999744,-34.826819292326995,-3.7861762110967,6.914492411303222,3.318443675116773,6.7806526336618145,0.027072328763271095,7.331067559837657,0.06761616684979348,0.02254454230493863,0.0935999999995829,0,not_applicable,63.973758172148294,0,0,1.0009020167792975,0.28313768651843757,368,-0.7470342910101946,1.6071173844561923,0.22502164647011183,running
Pure Pursuit,14.209999999999742,-35.51466276850567,-3.907545312925205,7.044863694839231,3.3546222432689965,3.3806340542973157,0.03672534538805164,7.252555816732953,0.07431724295434189,0.016186466029131097,0.082900000000663,0,not_applicable,64.7736040642172,0,0,0.9896138288922722,0.2708516368117854,378,-0.7034754402224281,1.6446925150240657,0.216496585417684,running
Pure Pursuit,14.30999999999974,-36.203818727842766,-4.054812218735195,7.050236773376331,3.4266057590143437,0.13932832281974505,0.04761698247412221,7.058796527121205,0.1014810821689396,0.029451213000553977,0.0772999999991697,0,not_applicable,65.37347554579509,0,0,0.9665091982633054,0.26721499539068455,345,-0.8472196478220575,1.453161585457201,0.20682039817249398,running
Pure Pursuit,14.409999999999737,-36.864552392689866,-4.235882024801868,6.7514943911224,3.5320768002616805,-3.3997324958867203,0.033089059699271894,6.710263523787659,0.10512680821520437,0.09625909294710056,0.08139999999912106,0,not_applicable,66.17330035190635,0,0,0.9380757233588988,0.2853123285107904,353,-0.8123725671918443,1.597000839510974,0.21352185245425553,running
Pure Pursuit,14.509999999999735,-37.46948351236416,-4.456823211659207,6.281296270412603,3.659045924578627,-5.362680790895764,0.0016671903323949094,6.215226312032824,0.06286428814534777,0.19192489736048124,0.13410000000035893,0,not_applicable,66.77317782538546,0,0,0.9760097006389004,0.26964663284604984,713,0.755746061167748,1.5509030471798249,0.22600293112750477,running
Pure Pursuit,14.609999999999733,-38.01250639369336,-4.714163508062731,5.8727440692254405,3.7113761674591066,-4.649384476894962,-0.05746947183733239,5.8163578227231065,0.020943013324011717,0.20810299929574327,0.08170000000085054,0,not_applicable,67.37306151021886,0,0,0.9874768053210867,0.2687229414524567,723,0.7993049119555145,1.3930496363983513,0.21621722807816315,running
Pure Pursuit,14.70999999999973,-38.510992015695024,-4.981105651196149,5.543433261832314,3.6415737500306133,-3.747605695228984,-0.09083200239684862,5.497983499702542,0.08608301658852181,0.09922493037220548,0.09859999999939362,0,not_applicable,67.97291797211679,0,0,0.9660738558183515,0.3004400690286868,722,0.7949490268767376,1.452791158922162,0.21713917065507293,running
Pure Pursuit,14.809999999999729,-38.979770485709054,-5.217801957335865,5.103460655023879,3.527073739290116,-5.007186290360117,-0.05512016877032548,5.042714632796303,0.11521075310874311,0.044542624200509806,0.08009999999991635,0,not_applicable,68.37281427705321,0,0,0.9297620621944137,0.36198318061552476,372,-0.729610750695088,1.7172915167821037,0.22148173646210823,running
Pure Pursuit,14.909999999999727,-39.428624045397264,-5.408412024524679,4.761978515516842,3.460775003513039,-3.88611725490021,0.026313652103505343,4.714848929533858,0.07516300899313286,0.16610094246183138,0.08410000000047546,0,not_applicable,68.97265860367885,0,0,0.9503886643121086,0.34021767363903843,371,-0.7339666357738648,1.5115838835746278,0.22234991952811328,running
Pure Pursuit,15.009999999999724,-39.84230103383429,-5.566315243836372,4.2487072746464145,3.498442835657606,-5.869281187765285,0.10329931057035117,4.175050396740313,0.0007250668230138206,0.17705277529156227,0.08049999999926172,0,not_applicable,69.37254242966624,0,0,1.010566346624956,0.33746721991758905,363,-0.7688137164040778,1.377947864185566,0.22293077345441883,running
Pure Pursuit,15.109999999999722,-40.20461206586744,-5.728485982493884,3.830278394386661,3.6609222750354666,-4.761782545562672,0.1359794559595535,3.7725290200901473,0.05742413494466612,0.0779111597539881,0.10530000000130713,0,not_applicable,69.77246522773058,0,0,0.9691239045408069,0.38986161682814163,350,-0.8254402224281743,1.33435980345727,0.21092842571338713,running
Pure Pursuit,15.20999999999972,-40.52412946596965,-5.927160683079525,3.7326246358021673,3.8069033342444425,-1.1113142162834588,0.12454383874803501,3.719146972758315,0.09030001255521154,0.00021769128891335754,0.08150000000028967,0,not_applicable,70.17230817261202,0,0,0.9101098380658833,0.45166296444210796,375,-0.7165430954587582,1.5234977907150922,0.21894209497805295,running
Pure Pursuit,15.309999999999718,-40.81208604077702,-6.1651733317461925,3.743208849346239,3.920899966503755,0.27445731739812906,0.09863544650744063,3.76007036754198,0.10745546307862062,0.03361306933836339,0.09220000000098594,0,not_applicable,70.57204778893896,0,0,0.9451620908068417,0.46843766011325944,367,-0.7513901760889712,1.5036364806231866,0.22593517874601313,running
Pure Pursuit,15.409999999999716,-41.073331777933895,-6.436908774548499,3.794678660747559,4.017568500653034,1.3346543231930452,0.08562406158309853,3.8766742816655437,0.1196217416163731,0.036461549163746554,0.07959999999940237,0,not_applicable,70.9716901369041,0,0,0.9601909739146793,0.4772551663739422,368,-0.7470342910101946,1.535764421490081,0.22502164647011183,running
Pure Pursuit,15.509999999999714,-41.29970990706441,-6.720938270681561,3.5511783816318294,4.109788420223766,-2.7710691915269425,0.08375396751233827,3.517571741594865,0.08124428326460324,0.08217602004449098,0.0771000000003852,0,not_applicable,71.1716516641948,0,0,0.9903027180948141,0.47527973473329926,383,-0.6816960148285449,1.6130726732585903,0.21261932153731194,running
Pure Pursuit,15.609999999999712,-41.48520899442525,-7.005092193332146,3.3149255016248014,4.1986262593743,-2.6885927177349833,0.08841454567984405,3.282319109858331,0.04248431408322731,0.057397844155296696,0.07609999999935724,0,not_applicable,71.5712565994983,0,0,0.9769289224520674,0.4894624348221183,363,-0.7688137164040778,1.4722149508388835,0.22293077345441883,running
Pure Pursuit,15.70999999999971,-41.626033180026155,-7.276250082274071,2.925656164753025,4.299585275504095,-4.4299426289315535,0.09675528206565734,2.871931238731646,0.10070637929023803,0.08996827001892171,0.07229999999935899,0,not_applicable,71.77101978640088,0,0,0.989574725602679,0.5442586767771354,384,-0.6773401297497683,1.6177637578737398,0.21187243445594103,running
Pure Pursuit,15.809999999999707,-41.72273619436625,-7.530721335570881,2.6208100803563483,4.402164438164193,-3.469193529046284,0.09650559072795195,2.5787368118483966,0.03261418481839073,0.06327757154414115,0.07399999999968543,0,not_applicable,72.17094284098228,0,0,1.007106226894351,0.6316018401896105,354,-0.8080166821130677,1.4911502172653133,0.2144087504700342,running
Pure Pursuit,15.909999999999705,-41.78726968082846,-7.771592243702449,2.429813402738828,4.478654518873951,-2.173570440871515,0.08834750688081518,2.403453036269197,0.018732214352873457,0.06615741379486373,0.0686999999999216,0,not_applicable,72.37078305549295,0,0,1.0105005197815198,0.6864680549938578,388,-0.6599165894346617,1.6303447897752048,0.20897586948035743,running
Pure Pursuit,16.009999999999703,-41.8331369749961,-8.01461963141119,2.51131024353328,4.54525929578441,2.1132797640308176,0.10041153500939287,2.6411413791419096,0.07188361883225293,0.06496758494788679,0.07219999999996674,0,not_applicable,72.57074458278365,0,0,0.9828856673465336,0.7322541096521231,365,-0.7601019462465246,1.5144981101260375,0.22496523842325905,running
Pure Pursuit,16.10999999999972,-41.86003700781692,-8.264059706768212,2.5086098241075963,4.625533005935629,-0.03073117247293755,0.11104790035176719,2.5082371262859864,0.08929946866100998,0.014061407475706389,0.09440000000005,0,not_applicable,72.97019824695799,0,0,1.027121804126502,0.7018548534876641,364,-0.7644578313253012,1.4960935842363396,0.2239412608755995,running
Pure Pursuit,16.209999999999734,-41.86695758510236,-8.516730555181216,2.5451200606504116,4.705975616159753,0.9467403069096925,0.12004759361985161,2.6032838547985655,0.04900606122300011,0.026765373441003604,0.11779999999994573,0,not_applicable,73.16935778333722,0,0,1.0188455788508481,0.6941077051400406,391,-0.6468489341983319,1.5963865416897411,0.20689564634075194,running
Pure Pursuit,16.30999999999975,-41.85132608333144,-8.77646151366222,2.6524675325960048,4.799803166643169,2.783607781247035,0.13130055630026435,2.823480838775115,0.0620058062102269,0.015506982746591902,0.07499999999893703,0,not_applicable,73.36931931062792,0,0,1.0261629544408761,0.6765821072049342,373,-0.7252548656163114,1.509236452596255,0.22062447658991918,running
Pure Pursuit,16.409999999999766,-41.807966403361,-9.042459905647664,2.7336211232255545,4.906775174571239,2.1043790064012136,0.13209007550823995,2.862905433236126,0.08739000642059667,0.08207490645443016,0.0934000000007984,0,not_applicable,73.76832960759128,0,0,0.9872526335663964,0.6450041111094762,359,-0.7862372567191844,1.427759256428954,0.21901940157552577,running
Pure Pursuit,16.50999999999978,-41.734353653036734,-9.312198829875364,2.851601385304941,5.015998672265928,3.0593247293629,0.13195754676245874,3.0395535961618445,0.027469852506359745,0.056178193718512404,0.11959999999966442,0,not_applicable,73.96764466499388,0,0,1.0032309344989196,0.6333545082221812,366,-0.755746061167748,1.4860112525639386,0.22600293112750477,running
Pure Pursuit,16.609999999999797,-41.63377474420148,-9.573520876038907,2.775366176056297,5.118348208758366,-0.8675679569062122,0.12422424676606843,2.7648445896143197,0.08566575542640745,0.020569921521119028,0.07879999999893528,0,not_applicable,74.16760619228458,0,0,1.0199076020056952,0.6035368730812088,361,-0.7775254865616312,1.447456054406241,0.22094939445953415,running
Pure Pursuit,16.709999999999813,-41.509179449279365,-9.825143474959647,2.8371662883055127,5.206060286266362,1.6025274766232522,0.11944129347901501,2.9356189237186223,0.03319580762581887,0.062082576653260446,0.12439999999891427,0,not_applicable,74.56719667100583,0,0,1.0322711805951366,0.6390943237171554,372,-0.729610750695088,1.5436733704006165,0.22148173646210823,running
Pure Pursuit,16.809999999999828,-41.361629405361995,-10.066818903044027,2.8301244096930844,5.295837298189754,-0.0801376201466164,0.12174623945709102,2.829152526290851,0.05019779596741812,0.0355250230233235,0.08300000000005525,0,not_applicable,74.76713879627295,0,0,1.0141028312091138,0.6075203176377239,399,-0.6120018535681186,1.61250602556281,0.20171054956370096,running
Pure Pursuit,16.909999999999844,-41.20318187519228,-10.279835958858596,2.5670348528362803,5.390491332330906,-2.9939980695951096,0.11413041790479664,2.5307246027335735,0.0881006751344727,0.05067062060528471,0.10699999999985721,0,not_applicable,75.16706185085434,0,0,1.0172624536382233,0.604924288677133,361,-0.7775254865616312,1.4410168278820228,0.22094939445953415,running
Pure Pursuit,17.00999999999986,-41.026643232341,-10.47565550535444,2.69713959216441,5.471931610405544,3.3737223448955866,0.10464615422479623,2.904407087325839,0.03375742112492289,0.027053030789865318,0.09939999999986071,0,not_applicable,75.36682607379784,0,0,0.9997593487643197,0.6897759013450164,379,-0.6991195551436515,1.5709952768522524,0.2157016455530536,running
Pure Pursuit,17.109999999999875,-40.82465968652872,-10.666853867179789,2.8540014688465822,5.549401715812867,4.067556809673247,0.09593593714286572,3.1038952731317346,0.05750379558003337,0.0062504237729363865,0.10930000000008988,0,not_applicable,75.56678760108854,0,0,1.0315112421421895,0.6510679137349096,370,-0.7383225208526414,1.5219799366379505,0.22322918788849236,running
Pure Pursuit,17.20999999999989,-40.59775144651567,-10.854531139153691,3.022716884438562,5.616670880537479,4.374928772390536,0.08419754674048778,3.291494346085636,0.058486739687619485,0.02025429791862976,0.12139999999938311,0,not_applicable,75.966456454929,0,0,0.9986407290182446,0.6065636411917426,370,-0.7383225208526414,1.503573157850146,0.22322918788849236,running
Pure Pursuit,17.309999999999906,-40.34328098532051,-11.040241541805367,3.2598315015128945,5.679971588965711,6.14857603232656,0.08701864019168024,3.637574487671218,0.06538625833984717,0.004359084405201941,0.07850000000075852,0,not_applicable,76.16619431047381,0,0,0.9930226700025522,0.5828777649932284,362,-0.7731696014828544,1.4829081583605026,0.22193355627601147,running
Pure Pursuit,17.409999999999922,-40.06061614695758,-11.2184432304819,3.412758293916144,5.762900306863113,3.9655168545616615,0.10008845108161982,3.6563831869690606,0.02874556548699086,0.002340122951823176,0.07939999999884151,0,not_applicable,76.5659619438504,0,0,0.9761716504109964,0.5378320361844686,410,-0.5640871177015756,1.676991175768746,0.19536680809182225,running
Pure Pursuit,17.509999999999938,-39.768365249534334,-11.367617481154928,3.2163124759307977,5.873314907740121,-2.235582464218777,0.11223252948639492,3.1892000474942663,0.0839177125083373,0.011484009896083336,0.0790000000012725,0,not_applicable,76.96571628433126,0,0,0.9796267338777733,0.508541648841449,359,-0.7862372567191844,1.4451940712390767,0.21901940157552577,running
Pure Pursuit,17.609999999999953,-39.49791215713498,-11.468153865201323,2.7126084171230254,6.006484388674297,-5.756757687916911,0.12952506904516659,2.6406367071391066,0.013152447702613215,0.09310640290830108,0.08180000000024279,0,not_applicable,77.16567781162196,0,0,1.0109014306519968,0.5510522679287254,414,-0.546663577386469,1.707325454938874,0.19326585456320453,running
Pure Pursuit,17.70999999999997,-39.25550377833263,-11.52117468985518,2.365884518840062,6.117860917888379,-3.9457692450586412,0.11717417015152234,2.3180314926171612,0.05775263452195648,0.09685642304917863,0.07289999999926522,0,not_applicable,77.36556865879285,0,0,1.026931697275693,0.6464619972369849,372,-0.729610750695088,1.5286733655973916,0.22148173646210823,running
Pure Pursuit,17.809999999999985,-39.04483623678631,-11.543781325700909,1.9940360181816377,6.198489442900751,-4.231690936174708,0.0976662507033409,1.942715425222591,0.0720441546596817,0.07155854171225684,0.07880000000071163,0,not_applicable,77.56553018608355,0,0,1.0277849823037448,0.7811460864141209,393,-0.6381371640407785,1.6899587544981356,0.20555103769803026,running
Pure Pursuit,17.91,-38.84062726378629,-11.54999097729809,2.085121058733907,6.252760607565675,2.3619096289943475,0.07915064986671518,2.2302269810810724,0.08668810578741058,0.023876182838771243,0.07340000000155555,0,not_applicable,77.76549171337425,0,0,1.0182281296697249,0.890884393567518,361,-0.7775254865616312,1.486943358428436,0.22094939445953415,running
Pure Pursuit,18.010000000000016,-38.63836216456852,-11.546657357565088,1.9915086890051727,6.301213095088993,-1.0653226133586302,0.06616342766078918,1.978588797398044,0.08675586568028917,0.03952341580264829,0.07420000000024629,0,not_applicable,77.96505692595031,0,0,1.0263851491459612,0.8850383204240347,383,-0.6816960148285449,1.6455912901805252,0.21261932153731194,running
Pure Pursuit,18.11000000000003,-38.43394511540531,-11.53484560000371,2.0954428816755737,6.338488552064641,2.6950986568327173,0.051092932363224784,2.2610185546884445,0.09073757999382426,0.045622919927886585,0.10170000000009338,0,not_applicable,78.165018453241,0,0,1.032292695112408,0.932359358025201,353,-0.8123725671918443,1.4905893925830405,0.21352185245425553,running
Pure Pursuit,18.210000000000047,-38.21648109623496,-11.516695219975313,2.2562250651020666,6.3678117620312875,4.16921357122138,0.03795059398071011,2.5123642387977116,0.09330832135916353,0.07257512431468705,0.07319999999921833,0,not_applicable,78.56478966655017,0,0,1.017245763701352,0.9301839058135303,341,-0.8646431881371641,1.4685401756748062,0.2037158366078793,running
Pure Pursuit,18.310000000000063,-37.97766371410146,-11.491921189446131,2.5243028864395773,6.3864562693366835,6.95147725354027,0.024583671312263137,2.9513727904560936,0.053750305866327175,0.05398038259037463,0.13500000000021828,0,not_applicable,78.764751193595,0,0,1.0249952228156536,0.8694612421235881,366,-0.755746061167748,1.6536500470945321,0.22600293112750477,running
Pure Pursuit,18.41000000000008,-37.71390957712741,-11.462232568110812,2.764854959946557,6.39777090354224,6.2377120902158545,0.014997465975468227,3.148074095461163,0.022224314945755372,0.03857708410056837,0.11139999999976169,0,not_applicable,78.9647127208857,0,0,1.0143631852233914,0.7996789876598867,352,-0.8167284522706209,1.5946209696056768,0.2126462795560751,running
Pure Pursuit,18.510000000000094,-37.42756471180517,-11.428534770340264,2.9840276254145937,6.398545165957355,5.683326546736844,-0.003704623662538444,3.3331876146202415,0.10273941618349507,0.014740138163642058,0.08129999999972881,0,not_applicable,79.36462325800144,0,0,1.0265855839204387,0.7166435362010701,715,0.7644578313253012,1.6540431544931482,0.2239412608755995,running
Pure Pursuit,18.61000000000011,-37.11657353083165,-11.39491946928103,3.250703956018583,6.3863249262217,6.9151354520942965,-0.016137463061176367,3.6755411706240233,0.03568730045276243,0.006101183907226471,0.10279999999873723,0,not_applicable,79.56455925601651,0,0,1.0203467769944117,0.6510621172730701,711,0.7470342910101948,1.6504586899440779,0.22502164647011186,running
Pure Pursuit,18.710000000000125,-36.78079099072653,-11.363621124180542,3.4761330146699136,6.365691356542072,5.845559941076894,-0.03200696773016145,3.8352599501262725,0.05752002955253453,0.020953232129240718,0.08570000000140965,0,not_applicable,79.9644749176197,0,0,0.9593989606858789,0.5923136936698484,709,0.7383225208526416,1.6472793479251169,0.2232291878884924,running
Pure Pursuit,18.81000000000014,-36.42941031025254,-11.340380450706787,3.560450410765582,6.3286816061177715,2.186419070822132,-0.04488058170857221,3.694774921752127,0.09656523633774554,0.04362432137129346,0.10430000000027917,0,not_applicable,80.36439797220109,0,0,1.0232344470829136,0.5241036363956727,710,0.742678405931418,1.566206449865044,0.2241197071405647,running
Pure Pursuit,18.910000000000156,-36.07212938632272,-11.330740103276947,3.58624286061324,6.28273611781854,0.6688193284118737,-0.05910791711535244,3.6273323436067693,0.06526735506185115,0.03268393382924728,0.08810000000103457,0,not_applicable,80.56430346629658,0,0,1.0269953970640286,0.507610357162779,702,0.7078313253012047,1.5904569037580247,0.21730154451353453,running
Pure Pursuit,19.010000000000172,-35.70942233012001,-11.338645682978724,3.6644574274537294,6.223982474344259,2.0281677147869592,-0.0724045086638271,3.789059632091936,0.028887577892799682,0.03699685975922762,0.09509999999934848,0,not_applicable,80.96413001451204,0,0,1.0021288100579282,0.49793868366270244,705,0.7208989805375348,1.5612402351069157,0.2197779812188762,running
Pure Pursuit,19.110000000000188,-35.33558003242349,-11.371455144007554,3.8293952822389947,6.150107978815645,4.276973529801906,-0.08550678920670578,4.09215478043392,0.02430030478005966,0.029166704478342353,0.08240000000014902,0,not_applicable,81.36392093893618,0,0,1.0084705297217358,0.47166870900403574,706,0.7252548656163116,1.5140461293561305,0.2206244765899192,running
Pure Pursuit,19.210000000000203,-34.9666304887379,-11.433532566995432,3.6987154852519923,6.046664599000403,-1.4871554180583502,-0.10338839875730088,3.6806797404331597,0.04291064168640837,0.0034229118778021927,0.10889999999896816,0,not_applicable,81.76365944084313,0,0,1.0177557083610806,0.45277486583869375,682,0.6207136237256718,1.6133863738238392,0.20295929427763665,running
Pure Pursuit,19.31000000000022,-34.63806630884272,-11.527015117987258,3.27547640673294,5.910789258269489,-4.816523313211416,-0.11439640106500655,3.2170631539308507,0.09222712204950592,0.027869944068672936,0.12100000000003774,0,not_applicable,82.1633397877082,0,0,1.0053662703538235,0.47243795291946084,711,0.7470342910101948,1.5071115489737863,0.22502164647011186,running
Pure Pursuit,19.410000000000235,-34.36939381966547,-11.644489077084058,2.7503306801743017,5.780418996547071,-6.011442356182619,-0.12725514428349896,2.674332171114678,0.019488347855022525,0.10348992042855087,0.08419999999986771,0,not_applicable,82.36330131499889,0,0,0.9767025222035133,0.515614917475473,700,0.6991195551436515,1.5083891897978645,0.2157016455530536,running
Pure Pursuit,19.51000000000025,-34.155532284216555,-11.777552264168442,2.404126057997481,5.668433629620746,-3.9398598061666057,-0.13729902046390682,2.356344699557641,0.0565366464609871,0.11242897923519024,0.11719999999826314,0,not_applicable,82.56318640816875,0,0,1.0073788052794082,0.6239334323698402,668,0.559731232622799,1.6489861590893753,0.1948317437819965,running
Pure Pursuit,19.610000000000266,-33.98893023316864,-11.915145163834595,2.0387173929975497,5.563609952713065,-4.158404653889729,-0.13968106610625033,1.988285592608508,0.07630747508203378,0.11612904099159493,0.07429999999963854,0,not_applicable,82.76314793545944,0,0,0.9992046219256584,0.7133958899481359,687,0.6424930491195551,1.5793307655491007,0.20621919386478796,running
Pure Pursuit,19.71000000000028,-33.84417574598975,-12.064341832295522,2.11427512917521,5.477270151920793,1.9592739218315591,-0.13683768374687494,2.2346447851807056,0.1014721396715136,0.08505096085022501,0.07459999999959166,0,not_applicable,82.96310946275014,0,0,0.9993332889136586,0.8462195589699741,706,0.7252548656163116,1.5116459562930171,0.2206244765899192,running
Pure Pursuit,19.810000000000297,-33.72111326452733,-12.21628559508329,1.8752546546378612,5.389402337449591,-2.7200883528343023,-0.1378623649216452,1.84226629389178,0.10337684985982588,0.040114954541056846,0.07840000000136627,0,not_applicable,83.16236601814204,0,0,0.9396869838070429,0.8337926963823062,656,0.5074606116774794,1.7296186755457654,0.18890562980628617,running
Pure Pursuit,19.910000000000313,-33.61333848001621,-12.3764327813072,1.9782415887761613,5.30940413455114,2.670535468030799,-0.13696466429750526,2.142308201440941,0.1103926252475276,0.023591103895649113,0.07869999999954302,0,not_applicable,83.36232754543273,0,0,0.9697212647789281,0.9126131073430632,696,0.6816960148285451,1.5415162554120554,0.21261932153731197,running
Pure Pursuit,20.01000000000033,-33.51405165529576,-12.552979840208902,2.0667770788957274,5.226055883658826,2.2957977001847807,-0.1343894003722179,2.2078213587946394,0.11641369064233034,0.007786908168380791,0.0772999999991697,0,not_applicable,83.56122254726293,0,0,0.9731478758927362,0.8780506708240935,671,0.572798887859129,1.6562067293391467,0.19645703600221623,running
Pure Pursuit,20.110000000000344,-33.42442756052571,-12.748271068935976,2.2196926434115642,5.139476328055255,3.965225706254172,-0.1324982742171107,2.4632996495211446,0.10002716153467284,0.10081478146529932,0.09690000000084353,0,not_applicable,83.96020552962823,0,0,0.9564400535014147,0.8307772271084046,711,0.7470342910101948,1.484819879832482,0.22502164647011186,running
Pure Pursuit,20.21000000000036,-33.34285211723516,-12.970023151191127,2.4854825184383316,5.0583458874259835,6.892148933662479,-0.12520854845465393,2.908907536777812,0.06310282724702738,0.09511976251489074,0.11219999999845243,0,not_applicable,84.16016705691892,0,0,0.9567655021516468,0.8070513056007433,692,0.6642724745134383,1.6201777710468657,0.20968660597172056,running
Pure Pursuit,20.310000000000375,-33.269372870753706,-13.220373084624272,2.7154069174274476,4.981009156744665,5.962127794206733,-0.12351018364191566,3.081695297859005,0.04442544231807193,0.09692067439660335,0.07169999999945276,0,not_applicable,84.35955304361482,0,0,0.9811695766866115,0.6824800703972306,677,0.5989341983317886,1.6009246580833527,0.19989419460491284,running
Pure Pursuit,20.41000000000039,-33.21219189347369,-13.487785780730876,2.752274117592309,4.89593175653558,0.9559966657036201,-0.1142094948687624,2.8110065839978096,0.09787141255277486,0.12988938904064184,0.07489999999954478,0,not_applicable,84.75926573411844,0,0,1.0290482077055776,0.6210474081082784,714,0.7601019462465248,1.447207650885435,0.22496523842325897,running
Pure Pursuit,20.510000000000407,-33.17632125775206,-13.766649584243634,2.8636712764818317,4.810144128717843,2.8886194772322815,-0.10517774266554229,3.0411360653155373,0.025265355245524444,0.08920391986005072,0.07139999999949964,0,not_applicable,84.95922726140914,0,0,1.0049857929785566,0.6335429883089156,718,0.7775254865616312,1.4635886243476328,0.22094939445953415,running
Pure Pursuit,20.610000000000422,-33.16125217330954,-14.060258052546827,3.0058605038610016,4.736834178704586,3.687083007811882,-0.0905231209209251,3.23237957726302,0.08236865600716724,0.04759771089393894,0.10269999999934498,0,not_applicable,85.15916607257272,0,0,0.9684241835658829,0.6275755510883256,696,0.6816960148285451,1.6081311592000553,0.21261932153731197,running
Pure Pursuit,20.710000000000438,-33.16490666892523,-14.369249549314139,3.162833198047243,4.672338592664977,4.070430398226699,-0.06411905983051525,3.4129035436836714,0.051349796086638366,0.023671429226022056,0.0858000000008019,0,not_applicable,85.55908912715411,0,0,0.9496163181251983,0.6224623125154918,742,0.8820667284522705,1.3899122305440108,0.20076314597215372,running
Pure Pursuit,20.810000000000453,-33.187644330263815,-14.696901905872513,3.3884949762029257,4.6188262779228335,5.851594548240171,-0.04780141181895584,3.74799265287126,0.10269264950601865,0.011042144697452017,0.07790000000085229,0,not_applicable,85.95900603713565,0,0,1.0202864745462814,0.618625121399779,709,0.7383225208526416,1.6703338232442262,0.2232291878884924,running
Pure Pursuit,20.91000000000047,-33.224608479100176,-15.047692493082515,3.645713629034012,4.593267538146392,6.669890128995077,-0.023076574827597,4.0554839891024335,0.07597304626611583,0.02926952987253273,0.08919999999967843,0,not_applicable,86.15896309789359,0,0,0.9737237628867096,0.5871089330273749,735,0.8515755329008341,1.5166539197079578,0.20602954162158948,running
Pure Pursuit,21.010000000000485,-33.27078488272281,-15.420975039745382,3.8597766974373315,4.579369548701215,5.5508305140813885,-0.011648457913285518,4.200796680442151,0.05068658017689829,0.030993646804788,0.08229999999898041,0,not_applicable,86.5588818918245,0,0,1.0181275403885197,0.5481378724707775,727,0.8167284522706209,1.5807382764525224,0.2126462795560751,running
Pure Pursuit,21.1100000000005,-33.325484840599145,-15.816041111027072,4.097918897821201,4.564971052681176,6.1752221083306,-0.005622537688031725,4.477298908270392,0.04249036269588139,0.03452023612242172,0.07869999999954302,0,not_applicable,86.95880191110722,0,0,0.9796807690059921,0.5168816653854434,717,0.7731696014828544,1.6497904607214116,0.22193355627601147,running
Pure Pursuit,21.210000000000516,-33.387632561835126,-16.23456757738247,4.34464197144714,4.563201383095832,6.397731172527541,0.0013647661528288714,4.737692015073955,0.06013983195332021,0.02673951567058097,0.14689999999895065,0,not_applicable,87.35872347033161,0,0,1.0163741537131863,0.4999393385661513,708,0.7339666357738648,1.7435655073028034,0.22234991952811328,running
Pure Pursuit,21.31000000000053,-33.45093598840864,-16.67785834229669,4.591398360406757,4.579393519048949,6.398595066389019,0.002926196285398918,4.984501478086042,0.09291241694593051,0.0017103293150615428,0.08510000000150342,0,not_applicable,87.9586079163164,0,0,1.0257744510739988,0.47164988140719066,742,0.8820667284522705,1.5031144374294059,0.20076314597215372,running
Pure Pursuit,21.410000000000547,-33.5139574395801,-17.148246671097116,4.8775235245678425,4.5819060294597636,7.419459619627071,-0.006121463036015383,5.333344322369464,0.019019321686470726,0.010362517804736626,0.07940000000061787,0,not_applicable,88.35853041758271,0,0,1.0277366734665063,0.4412373407784936,745,0.8951343836886005,1.4656671948852265,0.19864329610943066,running
Pure Pursuit,21.510000000000563,-33.582889398448884,-17.64532321843121,5.138303054559625,4.564494270866322,6.76222658734785,-0.011334383896793886,5.553746183302628,0.08408769014599028,0.0023479778057300393,0.08739999999995973,0,not_applicable,88.75845293224423,0,0,1.0265254563454227,0.4169591337290755,746,0.8994902687673774,1.462951523337505,0.19795406078248534,running
Pure Pursuit,21.61000000000058,-33.6617432940487,-18.16628172779587,5.380264574748782,4.547077398761398,6.274260195920176,-0.005062973091748797,5.7657290741516425,0.013012769446470063,0.01479971077008102,0.09279999999911581,0,not_applicable,89.35833718950745,0,0,1.0229782880823306,0.39573646478304086,349,-0.8297961075069509,1.5826934701637776,0.21008581223244965,running
Pure Pursuit,21.710000000000594,-33.7508058594789,-18.71144135506903,5.6461928401567105,4.544963890768498,6.895737509479574,0.001957179468472768,6.06983832569674,0.0369735137526591,0.012300264866563992,0.07659999999987122,0,not_applicable,89.9582213732428,0,0,1.0219327318335163,0.37552515310276025,350,-0.8254402224281743,1.5812481983472542,0.21092842571338713,running
Pure Pursuit,21.81000000000061,-33.84272997827272,-19.283574804048527,5.921243438271032,4.564663657479016,7.132287060618667,0.0032663435239142515,6.359421546218577,0.057332557269528774,0.011929277682606099,0.07319999999921833,0,not_applicable,90.55810594305578,0,0,0.9949303126689414,0.34416009517953927,729,0.8254402224281745,1.528867942362908,0.21092842571338707,running
Pure Pursuit,21.910000000000625,-33.93358791691771,-19.883753568435772,6.1970300844947115,4.568366635580638,7.1513733903424725,-0.008830581206671932,6.63638077730528,0.050841740376975614,0.019857360016974468,0.08470000000038169,0,not_applicable,91.1579903922028,0,0,1.0075339374530234,0.3326733747056347,738,0.8646431881371641,1.4819679699474495,0.2037158366078793,running
Pure Pursuit,22.01000000000064,-34.029865873615165,-20.510792972367625,6.468986613913655,4.547551230194449,7.052055327722915,-0.015991737057192132,6.902235617267003,0.02277183191898119,0.0034521543544236977,0.09580000000042332,0,not_applicable,91.75787451826828,0,0,1.0289241914586829,0.3221314837911899,711,0.7470342910101948,1.6896908589460344,0.22502164647011186,running
Pure Pursuit,22.110000000000657,-34.13800312015232,-21.16313766358119,6.734784905508975,4.528111375124176,6.892367182171659,-0.011361439675596219,7.158223332130821,0.04981608754488584,0.01190278883207796,0.07480000000015252,0,not_applicable,92.3577588905386,0,0,0.979777379894763,0.31279017321719665,749,0.9125579240037074,1.4337214190734808,0.19593688336746243,running
Pure Pursuit,22.210000000000672,-34.260921728536026,-21.83949575312726,6.993389384676487,4.510923738572704,6.705825739807496,-0.004033526386527475,7.405367479489724,0.06930117145497079,0.023317900392186175,0.07300000000043383,0,not_applicable,93.15760486955719,0,0,1.0299200447309218,0.30048501835599645,731,0.8341519925857277,1.5687891155061529,0.20925385860619153,running
Pure Pursuit,22.310000000000688,-34.39800175645371,-22.540746965579114,7.27460308622016,4.51015389046586,7.29210137530754,0.0030978655176729913,7.722599522207241,0.048084252413288286,0.020155326782251848,0.07800000000024454,0,not_applicable,93.7574893261256,0,0,1.0291804710284176,0.29225788052925505,347,-0.8385078776645043,1.5749111870319317,0.2084324073070941,running
Pure Pursuit,22.410000000000704,-34.53993688710763,-23.26860781714041,7.535921443107839,4.534573049476519,6.776198809636664,0.00460699625704267,7.952222967183826,0.011143459026671028,0.009583495773089368,0.07779999999968368,0,not_applicable,94.55733503245209,0,0,0.9941308778843511,0.26922854292838605,714,0.7601019462465248,1.644441321859581,0.22496523842325897,running
Pure Pursuit,22.51000000000072,-34.67901452393961,-24.019085127977515,7.714889400454959,4.541063614922692,4.640785568921606,-0.008447684111615304,8.0,0.0481092237820098,0.02131151433366263,0.10460000000023228,0,not_applicable,95.35718086175432,0,0,1.0002560932760751,0.259970150310263,712,0.7513901760889712,1.6575397091085287,0.22593517874601313,running
Pure Pursuit,22.610000000000735,-34.820203539683746,-24.783582268132662,7.824839883753081,4.515418173431876,2.851105995450407,-0.01640005336034731,8.0,0.07209940297821721,0.0009290877692080812,0.07789999999729957,0,not_applicable,96.15702684163367,0,0,0.9834242511572153,0.25575995468442264,718,0.7775254865616312,1.6271249241718893,0.22094939445953415,running
Pure Pursuit,22.71000000000075,-34.97201490724573,-25.55490746772536,7.892388896194696,4.487973106621321,1.7516011624691874,-0.008977869526917768,8.0,0.08651073425167352,0.022184358130026283,0.07659999999987122,0,not_applicable,96.95687269231468,0,0,0.9807224830326764,0.2535719558280689,353,-0.8123725671918443,1.578183563604524,0.21352185245425553,running
Pure Pursuit,22.810000000000766,-35.1376241772628,-26.32886226919219,7.93388820520151,4.480349021481129,1.0761110380530425,0.0017602033738881124,8.0,0.09361907484105024,0.026464341173003447,0.08150000000028967,0,not_applicable,97.75671869829937,0,0,1.011079122927323,0.2567902012748653,343,-0.8559314179796107,1.5337738807733388,0.20524858980469116,running
Pure Pursuit,22.91000000000078,-35.30768540664209,-27.10521972147729,7.959383657848306,4.507957689809996,0.6611179479849039,0.006574799324057103,8.0,0.09783047002265735,0.0034957228138381424,0.07879999999715892,0,not_applicable,98.5565648019353,0,0,1.014371146009908,0.2534132647182248,741,0.8777108433734941,1.4860573205394898,0.2014875443267371,running
Pure Pursuit,23.010000000000797,-35.47228702175853,-27.884814719015708,7.975047005533404,4.52061930045564,0.4061634215169363,-0.00549851227558927,8.0,0.09977317480888888,0.017301260997680146,0.07790000000085229,0,not_applicable,99.15644935736177,0,0,1.0129671629390717,0.25080714895623174,740,0.8733549582947173,1.4843428852066949,0.20222103997141733,running
Pure Pursuit,23.110000000000813,-35.63524355849546,-28.66602348257038,7.984669916101146,4.495240761659455,0.24952994466596046,-0.012376582347244536,8.0,0.09826505217925612,0.007513912450303195,0.08090000000038344,0,not_applicable,99.9562954627528,0,0,1.0111049314674798,0.25469925302474594,718,0.7775254865616312,1.6685148414692885,0.22094939445953415,running
Pure Pursuit,23.21000000000083,-35.80645831887121,-29.446235597773455,7.990581832867375,4.464788771338515,0.15330083898853708,-0.0005001846222100062,8.0,0.09670305055729327,0.03839485874564197,0.07860000000192713,0,not_applicable,100.75614157143201,0,0,0.9998156609863341,0.243891009950384,356,-0.7993049119555145,1.5739470467267962,0.21621722807816315,running
Pure Pursuit,23.310000000000844,-35.99108924666431,-30.223865859070774,7.994213869100566,4.454743945069044,0.09418167132625221,0.017656708938714537,8.0,0.09655853911751223,0.04986032182051936,0.08039999999809311,0,not_applicable,101.55598766798185,0,0,1.012970761752607,0.23903744123041373,352,-0.8167284522706209,1.5202835053050883,0.2126462795560751,running
Pure Pursuit,23.41000000000086,-36.18069424201773,-31.00060053167857,7.996445241381477,4.482156982912429,0.05786130899434028,0.031547020804033314,8.0,0.1028285032471746,0.02485808648046195,0.09079999999883626,0,not_applicable,102.35583369890703,0,0,1.0167851593554755,0.24145647421752467,366,-0.755746061167748,1.63076522940064,0.22600293112750477,running
Pure Pursuit,23.510000000000876,-36.36144214222166,-31.77270722903886,7.895960465566075,4.516141040367864,-1.1435316110960692,0.02773350325916343,7.88209208027187,0.1064379917956723,0.007181364313474603,0.17689999999959127,0,not_applicable,103.15567974880152,0,0,0.9581250656142216,0.25159825011048137,352,-0.8167284522706209,1.5900064638517237,0.2126462795560751,running
Pure Pursuit,23.61000000000089,-36.519163848866334,-32.520760553347834,7.5174057091752795,4.562778926006415,-4.308009118305582,0.008395031455513619,7.465159553735517,0.07742059701081423,0.07550581564010805,0.0897000000001924,0,not_applicable,103.95552052675217,0,0,0.9640827832141312,0.24303889779121163,717,0.7731696014828544,1.595381270464576,0.22193355627601147,running
Pure Pursuit,23.710000000000907,-36.64701968714693,-33.23234695095196,7.083419864661592,4.587986044457805,-4.938823099743193,-0.038739868065974,7.02352339920096,0.024135774821348467,0.15160431465537627,0.08919999999790207,0,not_applicable,104.7553249110518,0,0,0.9971262249083047,0.22282831191236474,706,0.7252548656163116,1.4741458416689273,0.2206244765899192,running
Pure Pursuit,23.810000000000922,-36.76445835387177,-33.8997647384417,6.61752178292462,4.486139566019895,-5.3121062924135565,-0.09721651708002325,6.552209235420237,0.0915202008073436,0.0868611743238148,0.07590000000234909,0,not_applicable,105.35519559684006,0,0,0.9373941913511737,0.23708257361997592,713,0.755746061167748,1.4481707485051454,0.22600293112750477,running
Pure Pursuit,23.910000000000938,-36.91914016416357,-34.53076603555659,6.439362948027216,4.304716671783154,-2.027473891920648,-0.08072916021517727,6.414774393732555,0.16360518711698116,0.07219508594505086,0.07710000000216155,0,not_applicable,105.95507738958597,0,0,0.8797798689457785,0.289885947026313,719,0.781881371640408,1.5812017988160212,0.21997807798827246,running
Pure Pursuit,24.010000000000954,-37.14339313824042,-35.13961772193315,6.535803437776534,4.215037993624749,2.5007808086019256,-0.019434529045073527,6.689441028887408,0.14089165591962785,0.15303013890664197,0.07360000000034006,0,not_applicable,106.75492256010938,0,0,0.9009908430074235,0.3005128552265883,362,-0.7731696014828544,1.6068938991310835,0.22193355627601147,running
Pure Pursuit,24.11000000000097,-37.42129032024143,-35.74266359452488,6.7298616144379295,4.229782511234117,5.032087302838875,0.026504597856003297,7.039012168060421,0.07037560642282606,0.13713150574130495,0.09550000000047021,0,not_applicable,107.35480710522803,0,0,0.9628832048839492,0.29534712194875584,388,-0.6599165894346617,1.7340208669532193,0.20897586948035743,running
Pure Pursuit,24.210000000000985,-37.71858056629396,-36.35940145370285,6.94595092231582,4.288296886317828,5.603372561563829,0.041103898555466506,7.290198870594312,0.08355014180123475,0.0785859793006054,0.07199999999940587,0,not_applicable,107.95469168693302,0,0,1.0163068054250994,0.2770177291754344,375,-0.7165430954587582,1.6247678735931195,0.21894209497805295,running
Pure Pursuit,24.310000000001,-38.00752914833594,-37.00440842169306,7.172346999204987,4.355303947666697,5.8706355152162715,0.04049839150054975,7.533014473837447,0.05575211915041823,0.013503407041781657,0.07760000000089917,0,not_applicable,108.75453777741083,0,0,0.9500136874994299,0.2693566887644279,345,-0.8472196478220575,1.445511453468757,0.20682039817249398,running
Pure Pursuit,24.410000000001016,-38.27515295720358,-37.68484080074278,7.431783313635006,4.409640546734474,6.7273959087873525,0.033343542980389995,7.8450865900837226,0.11269082314776104,0.03687684440869354,0.08880000000033306,0,not_applicable,109.55438365719053,0,0,0.9488378589809351,0.2693235470929248,350,-0.8254402224281743,1.5210598937713038,0.21092842571338713,running
Pure Pursuit,24.510000000001032,-38.51895362324405,-38.39935596900764,7.650911256908891,4.441168160613436,5.682166863649938,0.014246068068453355,8.0,0.10283106499796715,0.06460498232660505,0.07770000000206778,0,not_applicable,110.15426803151729,0,0,0.96726147331361,0.272153233370805,361,-0.7775254865616312,1.6623470862798464,0.22094939445953415,running
Pure Pursuit,24.610000000001047,-38.746541785034744,-39.13741394062509,7.785534368354238,4.436386705287251,3.490887430911087,-0.003320657543900027,8.0,0.06432611596238418,0.055316096257952196,0.07760000000089917,0,not_applicable,110.9541139948198,0,0,1.0131785661090578,0.26426367070481094,704,0.7165430954587584,1.7435860341241454,0.21894209497805303,running
Pure Pursuit,24.710000000001063,-38.972788375618876,-39.887034719277366,7.868241219267241,4.405036459623029,2.1446563164576204,-0.009518638881762527,8.0,0.032712077567136295,0.02127714455377472,0.07839999999958991,0,not_applicable,111.75396004716981,0,0,1.0111260425101054,0.26283034000290934,368,-0.7470342910101946,1.7263880670437974,0.22502164647011183,running
Pure Pursuit,24.81000000000108,-39.20967048351413,-40.64022072067277,7.919052874966662,4.375587422019261,1.3175878073275893,-0.003992995995909564,8.0,0.017679626507704382,0.009184935539201078,0.09019999999893002,0,not_applicable,112.5538061431783,0,0,0.9909560526452368,0.25953781989917313,361,-0.7775254865616312,1.6762596952331983,0.22094939445953415,running
Pure Pursuit,24.910000000001094,-39.4608776916965,-41.39299715583109,7.950269446827588,4.3674001744014115,0.8094712503333756,0.0035352564712012712,8.0,0.012867735538213163,0.016775570981334198,0.1277999999977908,0,not_applicable,113.35365224906415,0,0,1.0141139560875747,0.2516959041108318,361,-0.7775254865616312,1.6414017662668676,0.22094939445953415,running
Pure Pursuit,25.01000000000111,-39.717098072240816,-42.14669884472427,7.969447612650659,4.395151666362628,0.4973055317241215,0.005081218924631528,8.0,0.010430009002360676,0.012827055538876309,0.08559999999846468,0,not_applicable,114.15349834541739,0,0,0.994567025811759,0.2489406560663712,721,0.7905931417979613,1.6102511688015946,0.21807316453493353,running
Pure Pursuit,25.110000000001126,-39.968359509675174,-42.90366665883418,7.981229881567816,4.408100759677113,0.3055238734934118,-0.009620413989980689,8.0,0.016698806134871177,0.02829131825788167,0.10579999999649203,0,not_applicable,114.95334437190984,0,0,1.0100959203346915,0.24215380713411233,712,0.7513901760889712,1.6361417619025966,0.22593517874601313,running
Pure Pursuit,25.21000000000114,-40.218115195093006,-43.662116137591866,7.988468418460077,4.38281789279521,0.18770118432184013,-0.020106806575419238,8.0,0.028938858620156268,0.006122568556953922,0.07689999999982433,0,not_applicable,115.75319037336281,0,0,1.015343179769921,0.24919761770480164,725,0.8080166821130677,1.5886089226326476,0.2144087504700342,running
Pure Pursuit,25.310000000001157,-40.47589409997362,-44.41847321914013,7.992915475025248,4.3523234724766,0.1153158153992262,-0.0142235922039796,8.0,0.03612513489977863,0.020447834567576706,0.07179999999706865,0,not_applicable,116.55303641682632,0,0,0.9652975564213403,0.25311187714287897,744,0.8907784986098242,1.470773725570408,0.19934114321212792,running
Pure Pursuit,25.410000000001173,-40.74867619019549,-45.16991577606553,7.99564756196328,4.324109010470151,0.07084524974752426,-0.004044243691703716,8.0,0.03078424804384619,0.04474787046529727,0.07679999999865572,0,not_applicable,117.3528823188902,0,0,0.9875210973072862,0.2556122050610262,367,-0.7513901760889712,1.718901542834636,0.22593517874601313,running
Pure Pursuit,25.510000000001188,-41.03498552080617,-45.908904269853444,7.889311422816925,4.311699540727463,-1.210120991254966,0.010007551159476491,7.874635462837784,0.012256906566549697,0.05517727549981366,0.07209999999702177,0,not_applicable,118.15272839082297,0,0,1.0320752685961634,0.2434124381508828,362,-0.7731696014828544,1.614858732312448,0.22193355627601147,running
Pure Pursuit,25.610000000001204,-41.31772001117223,-46.61843646905519,7.509680696229539,4.333713979349446,-4.320253818285398,0.025361352438291733,7.457286040988385,0.044421699814818034,0.03359852404536312,0.07900000000304885,0,not_applicable,118.95257449993628,0,0,1.0086369607878873,0.2410931822583709,360,-0.7818813716404078,1.5696586479530397,0.21997807798827249,running
Pure Pursuit,25.71000000000122,-41.580901831389916,-47.290956487084415,7.075126145704752,4.371332708333463,-4.945295058264625,0.02523905902172895,7.015151190403077,0.08753880560366126,0.0020564501554538595,0.07210000000057448,0,not_applicable,119.55245900633412,0,0,0.996909567336832,0.26178292896116573,344,-0.8515755329008341,1.5011659177546817,0.20602954162158948,running
Pure Pursuit,25.810000000001235,-41.815441041706244,-47.93304140899097,6.71414844759526,4.4170329537070465,-4.107979595309255,0.015264517274326112,6.664328186173827,0.05550751753899969,0.042772850405473406,0.07390000000029318,0,not_applicable,120.35230470721385,0,0,0.9675338136277764,0.2883591695315742,359,-0.7862372567191844,1.6604317431104685,0.21901940157552577,running
Pure Pursuit,25.91000000000125,-42.012950290665444,-48.54165662039752,6.233500892940645,4.473470865904763,-5.485580812156474,0.0024275571216091627,6.165590366379613,0.029324764932202055,0.08860916084045378,0.07109999999954653,0,not_applicable,120.95218819640704,0,0,0.98926560085982,0.29111445981171036,723,0.7993049119555145,1.5789644756620806,0.21621722807816315,running
Pure Pursuit,26.010000000001266,-42.170915556286694,-49.1162810014964,5.8203099563528555,4.512411099204826,-4.702173971851611,-0.01263437845646832,5.763283495755484,0.002337218665514093,0.0970593460277982,0.07200000000295859,0,not_applicable,121.55207165484177,0,0,1.0151539648583734,0.30973733043167195,713,0.755746061167748,1.631124183119469,0.22600293112750477,running
Pure Pursuit,26.110000000001282,-42.299608235127806,-49.65463833054712,5.390078863412581,4.50896155909088,-4.896093471486891,-0.02417059365082275,5.330700609204166,0.05267790269290775,0.04446422395355221,0.08160000000145828,0,not_applicable,122.15190770017605,0,0,0.9903895840794522,0.35660365247994663,713,0.755746061167748,1.7365008311172359,0.22600293112750477,running
Pure Pursuit,26.210000000001298,-42.4095712413765,-50.15100984090721,4.924975155307553,4.508283267578056,-5.302763342664276,0.002674867067533038,4.859802529146154,0.06692965713961778,0.00022656083892869106,0.07440000000258351,0,not_applicable,122.55177037449542,0,0,1.0136266812236072,0.35491592099032554,370,-0.7383225208526414,1.6380996989133934,0.22322918788849236,running
Pure Pursuit,26.310000000001313,-42.5006048643466,-50.61091625657233,4.567984345379649,4.55397843709565,-4.062608218117489,0.04280237834860325,4.518714333495804,0.06919944809132361,0.03328061329255405,0.08920000000145478,0,not_applicable,123.15157562040113,0,0,1.0298074601954472,0.3733833823341106,368,-0.7470342910101946,1.5742386466199085,0.22502164647011183,running
Pure Pursuit,26.41000000000133,-42.560379390296696,-51.028687091164336,4.030952647970416,4.6511519798763565,-6.15727109255622,0.06410194698577211,3.9522572361240274,0.04636512472656021,0.0010119350111192915,0.07199999999940587,0,not_applicable,123.5514211550908,0,0,1.011948334385316,0.41976705809871584,361,-0.7775254865616312,1.5874513131251913,0.22094939445953415,running
Pure Pursuit,26.510000000001344,-42.57863778512679,-51.40176309487008,3.586041158310233,4.754287288708313,-5.065274490227147,0.059861390413894676,3.5244251989477013,0.07383624926786482,0.025951062880306353,0.0762000000023022,0,not_applicable,123.95131065100816,0,0,1.0145558788907716,0.48221502194982224,385,-0.6729842446709917,1.7311073332328344,0.21113476830746442,running
Pure Pursuit,26.61000000000136,-42.5635730762247,-51.7530425822446,3.481668755370546,4.809184862423289,-1.1877733827744086,0.04336511745509809,3.4672638200327923,0.07861998624121548,0.04496087782755964,0.07650000000225532,0,not_applicable,124.15127217829885,0,0,1.0200060419324142,0.5370387563859562,342,-0.8602873030583875,1.4605502202555636,0.20447740104668094,running
Pure Pursuit,26.710000000001376,-42.526713576028165,-52.090781902683794,3.3552000470953596,4.857944161734696,-1.4392326056719495,0.04556310844320232,3.337745494803351,0.018182153660719264,0.022120166078579473,0.07880000000071163,0,not_applicable,124.551138313354,0,0,1.0300437934808073,0.5427444565651984,366,-0.755746061167748,1.6012194233368304,0.22600293112750477,running
Pure Pursuit,26.81000000000139,-42.471851317004074,-52.428601582817784,3.480317104239689,4.9005016142323115,3.2443876648553083,0.04862824000131352,3.6796388135808904,0.0398878509461797,0.004197133220346316,0.08069999999804622,0,not_applicable,124.9509436278344,0,0,1.0150012050326738,0.547518384158152,377,-0.7078313253012047,1.6130314548620863,0.21730154451353453,running
Pure Pursuit,26.910000000001407,-42.398917826876925,-52.7797765682128,3.677764488433127,4.9423134512842735,5.119972227257357,0.05687385868766648,3.992314326965425,0.08166022427335291,0.029479066520782027,0.07640000000108671,0,not_applicable,125.35072763067882,0,0,0.9895524035619122,0.5228456671837536,354,-0.8080166821130677,1.4716789499638843,0.2144087504700342,running
Pure Pursuit,27.010000000001423,-42.305291058600226,-53.145533075886426,3.8596594802080912,4.998719052919898,4.716685966589655,0.06802608933305891,4.149433085092093,0.09733828743240014,0.00997776555364105,0.0817000000026269,0,not_applicable,125.55056848384797,0,0,0.9854522491624185,0.4800797770896296,366,-0.755746061167748,1.5109509306546807,0.22600293112750477,running
Pure Pursuit,27.11000000000144,-42.18541272676676,-53.51435023169175,3.89530709868762,5.07853806861477,0.9243719147185292,0.07551553087358738,3.952096671679944,0.08668506154721942,0.0035147206646133355,0.07709999999860884,0,not_applicable,125.95043048668363,0,0,1.0012254891324348,0.4735584068760852,348,-0.8341519925857275,1.437163650127396,0.20925385860619156,running
Pure Pursuit,27.210000000001454,-42.044720864075806,-53.85419108841786,3.5692299242010628,5.17569479962555,-3.7108064744780167,0.0728559767290971,3.5242264512398185,0.058065670168327116,0.033663050717823495,0.07860000000192713,0,not_applicable,126.35035354126502,0,0,0.993100536152153,0.4642718394200853,356,-0.7993049119555145,1.4770997982292575,0.21621722807816315,running
Pure Pursuit,27.31000000000147,-41.88439295474275,-54.161179469057295,3.4106485472631403,5.2490305453949295,-1.804679524715218,0.05840202997962635,3.388761971729541,0.030084629116689052,0.03833191355808552,0.07570000000001187,0,not_applicable,126.75023928410857,0,0,0.9947282491574847,0.5289817157668742,376,-0.7121872103799816,1.64725217271893,0.21811666573475305,running
Pure Pursuit,27.410000000001485,-41.70352034954606,-54.45800214370555,3.532258372649555,5.292293998608708,3.153442275690339,0.052346211447439686,3.725992774832174,0.06593221929991729,0.010386872413954862,0.08520000000089567,0,not_applicable,127.15004729093353,0,0,0.9714875548452071,0.5480747164947551,358,-0.790593141797961,1.5329765019105634,0.21807316453493358,running
Pure Pursuit,27.5100000000015,-41.49969551158411,-54.75918436272548,3.7261672468839726,5.334117260352467,5.028215768745308,0.059156462876535296,4.035079949524086,0.10204030032665229,0.02108954614520897,0.07400000000146179,0,not_applicable,127.5498130217157,0,0,0.987449777239963,0.5317737295416887,409,-0.5684430027803522,1.7788798147606255,0.1959085467248559,running
Pure Pursuit,27.610000000001516,-41.26936211439264,-55.067655487566434,3.9559799163811804,5.389727181496077,5.9592305570624005,0.06859928840703171,4.322090302590213,0.08968685963127158,0.004418110811171161,0.08110000000272066,0,not_applicable,127.74962833661415,0,0,0.9834928262587472,0.4754594263900696,362,-0.7731696014828544,1.4898983202159417,0.22193355627601147,running
Pure Pursuit,27.710000000001532,-41.010559646471975,-55.37237933164878,4.035168848234559,5.469032547442622,2.0534337968147787,0.0734985421760857,4.161323296062658,0.09120111681854383,0.0067811647385145335,0.08089999999683073,0,not_applicable,128.149452849179,0,0,1.0184638167387174,0.4607396443701155,375,-0.7165430954587582,1.593387408368314,0.21894209497805295,running
Pure Pursuit,27.810000000001548,-40.73227810164346,-55.6537212934934,3.919156914720918,5.559545962538809,-1.320232962264205,0.06598699776618411,3.903145552008138,0.08755392076955905,0.03505546957958039,0.0745000000001994,0,not_applicable,128.54933152851302,0,0,0.9622904744181199,0.4563980373738024,368,-0.7470342910101946,1.576248462409718,0.22502164647011183,running
Pure Pursuit,27.910000000001563,-40.4411347180077,-55.90298511485017,3.790012319033705,5.63655202293329,-1.4696846002010266,0.04764032228133648,3.7721884547008155,0.06879360207765473,0.05617188671307538,0.08109999999916795,0,not_applicable,128.94925458309442,0,0,0.984138955844344,0.48804066565323884,372,-0.729610750695088,1.6472791295119589,0.22148173646210823,running
Pure Pursuit,28.01000000000158,-40.1385586904014,-56.13128795419802,3.791333541322568,5.669700336968184,0.03426037499885126,0.028474921185423607,3.7934383565335903,0.045763383751973655,0.03987250535155873,0.08040000000164582,0,not_applicable,129.34917109229306,0,0,0.9951743426565838,0.5061629402493868,356,-0.7993049119555145,1.553710366287072,0.21621722807816315,running
Pure Pursuit,28.110000000001595,-39.82364648776088,-56.35364314599303,3.9094119141204398,5.684289070536684,3.061868820569247,0.026384509751177492,4.097520423379493,0.03233600013669902,0.011305487972670392,0.09889999999757038,0,not_applicable,129.74905926568687,0,0,0.9955717811007205,0.5063601752602974,379,-0.6991195551436515,1.6851189484852818,0.2157016455530536,running
Pure Pursuit,28.21000000000161,-39.49069149272465,-56.576643893992234,4.091092826866326,5.715023593846282,4.711134722202215,0.032543778028233494,4.380525386340661,0.03318632922210986,0.004896799515559991,0.08240000000014902,0,not_applicable,130.1489424529141,0,0,1.013952513492739,0.48809499480274077,348,-0.8341519925857275,1.4911702696978877,0.20925385860619156,running
Pure Pursuit,28.310000000001626,-39.134047249633525,-56.79971634670658,4.305211982601558,5.744854497294974,5.552284904489575,0.031178793222599907,4.646321317315284,0.048345650930992946,0.0032699179016830726,0.07950000000178647,0,not_applicable,130.5488338598286,0,0,1.0027331182526609,0.47505768942917814,365,-0.7601019462465246,1.633551220572446,0.22496523842325905,running
Pure Pursuit,28.41000000000164,-38.75374772081134,-57.02663628308079,4.533707239546617,5.759695636554766,5.925068971653733,0.029431758565322527,4.8977188797669315,0.08769757683599075,0.008035086793750423,0.0858999999984178,0,not_applicable,130.94873825371116,0,0,1.0009000237285035,0.43542084407447124,374,-0.7208989805375348,1.6279854687271835,0.2197779812188762,running
Pure Pursuit,28.510000000001657,-38.34861182344164,-57.25672442325061,4.766298446317042,5.791840014752988,6.031280302007813,0.03515472448337864,5.136835269747398,0.07130628429853665,0.006539535084863601,0.12089999999886913,0,not_applicable,131.54861558827474,0,0,0.9922883637855754,0.4267372286371415,365,-0.7601019462465246,1.627170786598981,0.22496523842325905,running
Pure Pursuit,28.610000000001673,-37.91352718413687,-57.485116059342914,5.039980538988758,5.831876126577532,7.096800594755273,0.031985620414787384,5.475978505792569,0.05954951611321061,0.018850379926622196,0.07959999999940237,0,not_applicable,131.94853812774718,0,0,0.9953386266428598,0.4179673381625853,363,-0.7688137164040778,1.6547657368905813,0.22293077345441883,running
Pure Pursuit,28.71000000000169,-37.44825425225437,-57.71176243920667,5.290986283179755,5.854978994065902,6.508784324440198,0.01468389230789916,5.690858971432778,0.06495634863154671,0.027573013590661333,0.08109999999916795,0,not_applicable,132.54841859729785,0,0,1.000596332391987,0.40619610474811724,351,-0.8210843373493977,1.6068152007877394,0.21178185999974475,running
Pure Pursuit,28.810000000001704,-36.95440685902,-57.93950645824755,5.563934403904527,5.869214670215711,7.077768101621507,0.005307421644034556,5.998763093341906,0.10102141722163888,0.038268337354958604,0.08890000000150167,0,not_applicable,132.94834144795254,0,0,1.0021745908391495,0.38089211470605194,715,0.7644578313253012,1.6784959587765924,0.2239412608755995,running
Pure Pursuit,28.91000000000172,-36.43408103935439,-58.171118405356744,5.807507115571119,5.8702973399251315,6.316039709236909,-0.010094887593674762,6.195538374828218,0.06638686739844535,0.041323369521283126,0.07959999999940237,0,not_applicable,133.54822592175373,0,0,1.0317724994776056,0.3537823467880267,704,0.7165430954587584,1.7032908877018698,0.21894209497805303,running
Pure Pursuit,29.010000000001735,-35.89131060664055,-58.4142654372586,6.066657919517627,5.849926599274249,6.719992388339957,-0.023798904729638966,6.479506354405115,0.06044329939429079,0.03368182426551769,0.08320000000239247,0,not_applicable,134.1481099117734,0,0,0.983053173453653,0.33519416675825203,715,0.7644578313253012,1.6289455258469194,0.2239412608755995,running
Pure Pursuit,29.11000000000175,-35.335013764006874,-58.671865390418866,6.184894860686446,5.828893057189923,3.0659806281714985,-0.028692436727464795,6.3732559823347765,0.08094579969762061,0.02882029228596039,0.07890000000188024,0,not_applicable,134.74799170921898,0,0,1.0032577864949912,0.3081984921130523,734,0.8472196478220577,1.4447146411451972,0.20682039817249392,running
Pure Pursuit,29.210000000001767,-34.78898743339736,-58.93665243618068,6.0091774519434935,5.802200828375541,-1.999690101181022,-0.03146532391080644,5.984925850568343,0.09830538981682824,0.009630635666876941,0.07919999999828065,0,not_applicable,135.34787541651886,0,0,0.9537939931502535,0.3109269532131128,714,0.7601019462465248,1.6187264333878195,0.22496523842325897,running
Pure Pursuit,29.310000000001782,-34.27747622844295,-59.19998867081664,5.622896632128387,5.766490308321941,-4.395932862806591,-0.028558246361711767,5.569584165662834,0.08704889174427369,0.026989861785876812,0.07950000000178647,0,not_applicable,135.94775983134556,0,0,0.9665325259818167,0.3256115614314953,716,0.768813716404078,1.6292510254937413,0.22293077345441878,running
Pure Pursuit,29.410000000001798,-33.81161108076352,-59.459053207963436,5.181636152020623,5.7256107091764825,-5.022333489405009,-0.02622609044596929,5.120663283187886,0.0624709999624709,0.05822644865041582,0.08430000000103632,0,not_applicable,136.54764327912832,0,0,0.9543305938630061,0.34403124480006236,737,0.8602873030583873,1.4661652082640284,0.20447740104668097,running
Pure Pursuit,29.510000000001813,-33.39610263436501,-59.71189814610962,4.697014640561275,5.683416009577207,-5.532320126302102,-0.03088848940640028,4.628404139390413,0.08469875010235146,0.06589463591180866,0.07950000000178647,0,not_applicable,136.94756109049942,0,0,0.9919582151056767,0.36592344748213246,715,0.7644578313253012,1.5924532069290886,0.2239412608755995,running
Pure Pursuit,29.61000000000183,-33.027996708985555,-59.961436754892276,4.3207457724006115,5.627321783309927,-4.281995372149758,-0.04457690408016943,4.2688151033462995,0.09460885768508555,0.03444580226959815,0.0800000000005241,0,not_applicable,137.54738808567924,0,0,1.006210112513736,0.39457091903655145,732,0.8385078776645041,1.44750268294529,0.20843240730709414,running
Pure Pursuit,29.710000000001845,-32.70776693048315,-60.21058900317713,3.924423114999686,5.553030987384558,-4.510210459782784,-0.0596608500592555,3.869724726422333,0.08919495982052705,0.029013252063966988,0.07860000000192713,0,not_applicable,137.94715124797435,0,0,0.9704898869057973,0.4215364456236841,694,0.6729842446709915,1.6353681483585878,0.2111347683074644,running
Pure Pursuit,29.81000000000186,-32.42422445895312,-60.46897346001227,3.7928546292087804,5.479966312549971,-1.4972688280893154,-0.0712470591227929,3.7746962321907547,0.10060104410113964,0.052052282293395535,0.11929999999793495,0,not_applicable,138.14686440451004,0,0,1.0452754967098676,0.46111636127364297,698,0.6904077849860983,1.609330330594404,0.21414126651260781,running
Pure Pursuit,29.910000000001876,-32.17666534744264,-60.737761092682376,3.5854032630982426,5.3889619699503175,-2.360827229671756,-0.08973549718198517,3.5567719062416048,0.06433603513845298,0.04194980794339287,0.08090000000038344,0,not_applicable,138.54651778726688,0,0,0.9931558880218353,0.45862648820396035,707,0.729610750695088,1.5181667307179476,0.22148173646210823,running
Pure Pursuit,30.01000000000189,-31.979516011355212,-61.000778519526946,3.1368886895436394,5.272875990480404,-5.107651817991199,-0.10457947010656626,3.0746380812991227,0.017031490797012157,0.04009558481212494,0.08719999999939887,0,not_applicable,138.94626931730562,0,0,1.0107425762656979,0.49859411652671554,678,0.6032900834105654,1.6725835137317484,0.20049220035001988,running
Pure Pursuit,30.110000000001907,-31.84145239576117,-61.24407799540128,2.618017239485692,5.151546497956996,-5.935147514290278,-0.10206632244813815,2.5433739381146117,0.06764227075470915,0.09965429848024243,0.09800000000126374,0,not_applicable,139.14623084459632,0,0,1.032226178233592,0.5765659996949922,703,0.7121872103799816,1.587125843742835,0.21811666573475305,running
Pure Pursuit,30.210000000001923,-31.740272938335412,-61.484750901901464,2.6082108224084073,5.079059839772363,-0.11159847676894152,-0.09144129737243425,2.606857391808798,0.0715317752082651,0.014393248443088424,0.07520000000127425,0,not_applicable,139.54603498899445,0,0,0.998710686718359,0.7043480039849663,674,0.5858665430954586,1.7346219542444585,0.1981437927018734,running
Pure Pursuit,30.31000000000194,-31.658071060884687,-61.72736156619784,2.538472302370668,5.01871895192845,-0.7936346727858012,-0.09527367055852168,2.528847355129827,0.028970329690488895,0.001352661132230537,0.07790000000085229,0,not_applicable,139.74599651628515,0,0,1.012532332879523,0.6885771374808,707,0.729610750695088,1.5602470297421807,0.22148173646210823,running
Pure Pursuit,30.410000000001954,-31.595974940008823,-61.964848205786204,2.413091438811198,4.945623283821961,-1.426852771908158,-0.10618413872128098,2.3957870251798523,0.041468712308409234,0.010751406974671696,0.0724000000005276,0,not_applicable,139.94552613422547,0,0,0.971739391933146,0.7078186214377413,703,0.7121872103799816,1.5781596552279182,0.21811666573475305,running
Pure Pursuit,30.51000000000197,-31.553537472905532,-62.207000804757115,2.498211001223676,4.868185704422826,2.207219899764419,-0.10906637060291097,2.63381342878764,0.08651154934260513,0.0008318305105987633,0.07199999999940587,0,not_applicable,140.14548766151617,0,0,1.0282394940859054,0.7279209980808018,695,0.6773401297497683,1.580642954115565,0.21187243445594103,running
Pure Pursuit,30.610000000001985,-31.528872131035353,-62.46215466271848,2.620147478130797,4.789287854423559,3.1619126168946066,-0.10593086856649979,2.8144022629131364,0.06058879636560475,0.05290302899528854,0.07779999999968368,0,not_applicable,140.54491151097173,0,0,1.0228300233638417,0.6946709655294885,692,0.6642724745134383,1.576107980905349,0.20968660597172056,running
Pure Pursuit,30.710000000002,-31.523499499453806,-62.7363775571247,2.848417946546993,4.7087986473736425,5.919240021174161,-0.10624692364874502,3.212071480248213,0.021757619115616914,0.03800004919840738,0.09490000000056398,0,not_applicable,140.7444440454478,0,0,1.0260278819913675,0.6688506634452962,695,0.6773401297497683,1.5774850353957992,0.21187243445594103,running
Pure Pursuit,30.810000000002017,-31.540686806512547,-63.031989941174004,3.0585535367870893,4.623428672187883,5.448987791773341,-0.10352832829398625,3.3933167257243273,0.08500732898011379,0.06195857578298991,0.08829999999804272,0,not_applicable,141.14407568784335,0,0,1.0203490193553837,0.6190517894944367,715,0.7644578313253012,1.496629809806914,0.2239412608755995,running
Pure Pursuit,30.910000000002032,-31.583963623126873,-63.33646098449103,3.091444028536627,4.5295319898937985,0.8528773626774866,-0.10200248695864182,3.143841273054838,0.023470806657631866,0.015123423780419643,0.09030000000009863,0,not_applicable,141.34403721513405,0,0,0.9838352508769863,0.5712314815714389,715,0.7644578313253012,1.4849545422938588,0.2239412608755995,running
Pure Pursuit,31.010000000002048,-31.655486733697625,-63.63803919211775,3.1083724930438934,4.433090046038679,0.43896893585787744,-0.09703073212166143,3.1353409221224147,0.06852457727654107,0.022478636330628632,0.08330000000000837,0,not_applicable,141.7438308501012,0,0,0.9904530395999004,0.5699606245655464,707,0.729610750695088,1.5349373320368602,0.22148173646210823,running
Pure Pursuit,31.110000000002064,-31.752358664890544,-63.92878795943479,3.043495841678627,4.349460306993791,-0.7383058881927607,-0.09211006188215427,3.0345419042246173,0.03894457437485243,0.00860500108279183,0.08289999999888664,0,not_applicable,141.9437923773919,0,0,1.0312925685729442,0.5777562899621947,711,0.7470342910101948,1.542673006365315,0.22502164647011186,running
Pure Pursuit,31.21000000000208,-31.863982245008128,-64.19393516977102,2.7929726104979102,4.275614477775477,-2.8509914247643264,-0.08932108125921553,2.758396699202194,0.07508513012159189,0.019772929408805595,0.07920000000183336,0,not_applicable,142.34365906779672,0,0,1.007726835509628,0.5832956123570768,705,0.7208989805375348,1.5533740781230077,0.2197779812188762,running
Pure Pursuit,31.310000000002095,-31.993198569454844,-64.44640622540169,2.8739564625295713,4.2126422402338735,2.0999775456746805,-0.09057189708220743,3.0029703650653783,0.015472842098647918,0.012489861658746548,0.07669999999748711,0,not_applicable,142.54341961404356,0,0,1.0077578805982519,0.63879138977821,702,0.7078313253012047,1.5728342191565927,0.21730154451353453,running
Pure Pursuit,31.41000000000211,-32.143705758560024,-64.69903259980163,2.998269168205577,4.149834005660627,3.223530173146356,-0.09302995689097161,3.196309479844207,0.09934483870963279,0.05371277281853182,0.08139999999912106,0,not_applicable,142.94305455406894,0,0,1.017301979293206,0.6004460999583384,707,0.729610750695088,1.507844223017341,0.22148173646210823,running
Pure Pursuit,31.510000000002126,-32.32020936009127,-64.95377932553004,3.1866759008306222,4.071740138279206,4.885540734859699,-0.09814892405223859,3.486823241691547,0.024503386825839326,0.022447737379279076,0.07130000000188375,0,not_applicable,143.14301608135963,0,0,0.9953211345412927,0.5833561496975544,683,0.6250695088044487,1.621946310846142,0.20359530110414154,running
Pure Pursuit,31.61000000000214,-32.52741825885355,-65.20849592245713,3.3672115022225677,3.9934638477948794,4.6814358616794705,-0.09261911812640025,3.6548194869985693,0.07053928393614546,0.04156921220358001,0.0704999999996403,0,not_applicable,143.54264667243797,0,0,0.9962750465020269,0.54889219984506,711,0.7470342910101948,1.5083793752738752,0.22502164647011186,running
Pure Pursuit,31.710000000002157,-32.76327112504475,-65.46162026486122,3.539749015110614,3.9241945740604844,4.474038882588629,-0.09420905576511453,3.8146153904814306,0.09124127161324008,0.01948762949045424,0.07129999999833103,0,not_applicable,143.74240699573005,0,0,0.9947165759796892,0.49822314777315035,706,0.7252548656163116,1.4760405316830705,0.2206244765899192,running
Pure Pursuit,31.810000000002173,-33.02252202996572,-65.70433412900806,3.5626204594953794,3.848718238365071,0.5930752667380634,-0.09152732077526371,3.5990565417844205,0.06468970958518798,0.0223024097178115,0.07270000000048071,0,not_applicable,144.14223500556116,0,0,0.9518132848703669,0.4866192321079432,726,0.8123725671918445,1.3982264265802138,0.2135218524542555,running
Pure Pursuit,31.91000000000219,-33.29603351028508,-65.92464072685199,3.4875736921067793,3.7684328514453065,-0.8540433127610525,-0.08266432718111205,3.477216128219274,0.06883148203768269,0.009278687312761491,0.07420000000024629,0,not_applicable,144.54215639166657,0,0,0.9351659593297887,0.4839028849922599,708,0.7339666357738648,1.5024321403154008,0.22234991952811328,running
Pure Pursuit,32.0100000000022,-33.581369403885105,-66.1193238516101,3.438630914331996,3.6897287606455955,-0.5569760500150878,-0.07554256514790232,3.4318760871052705,0.10444255674477569,0.012605648544695924,0.0725999999993121,0,not_applicable,144.94207944624796,0,0,0.9365462855465226,0.5182363621274677,712,0.7513901760889712,1.546666542389911,0.22593517874601313,running
Pure Pursuit,32.11000000000218,-33.88466623903847,-66.29522685075992,3.5645992523992125,3.630055785157003,3.266462075719647,-0.04926568661993358,3.765277121903961,0.09380217497213532,0.044778970104456306,0.09770000000131063,0,not_applicable,145.14199862909626,0,0,0.963136022881933,0.5526373081093747,725,0.8080166821130677,1.5274006788589745,0.2144087504700342,running
Pure Pursuit,32.21000000000216,-34.20730552685327,-66.4634829305665,3.702169336391634,3.602357080213482,3.5673048403244767,-0.025150738822552837,3.92132973643166,0.06049466445964192,0.03606693890729318,0.07329999999683423,0,not_applicable,145.54188952277593,0,0,0.9803131147308255,0.5460550482250968,715,0.7644578313253012,1.6288191519342294,0.2239412608755995,running
Pure Pursuit,32.31000000000214,-34.54888922951223,-66.63205995475273,3.900393117071993,3.588418575017609,5.1401048234252755,-0.011920975401173515,4.216179818734162,0.04336878084837611,0.02823125843883645,0.26790000000076475,0,not_applicable,145.94180206853733,0,0,1.0309828293111418,0.5346720746989079,723,0.7993049119555145,1.596297596787432,0.21621722807816315,running
Pure Pursuit,32.41000000000212,-34.912438174789045,-66.80445041166146,4.1284375605555255,3.5740396420063583,5.913379009732402,-0.002459165132083189,4.4917310180452334,0.033948769062898045,0.035566149643335265,0.1010000000007949,0,not_applicable,146.34172492416943,0,0,0.9942312511739806,0.5177168009663268,367,-0.7513901760889712,1.7015189037928757,0.22593517874601313,running
Pure Pursuit,32.5100000000021,-35.29902231234874,-66.9829774619403,4.368652688068468,3.5722721629966565,6.2289748048950155,0.00953217535687054,4.751335041045027,0.04232485054452923,0.040659946155816584,0.09090000000000487,0,not_applicable,146.74164719593094,0,0,1.0302162350989659,0.48527261411744055,358,-0.790593141797961,1.6273249505456069,0.21807316453493358,running
Pure Pursuit,32.61000000000208,-35.7064919045496,-67.17384832771555,4.611151207562205,3.588581674175326,6.288185027270812,0.017629360905003978,4.997471190795549,0.08893327916427667,0.029946517882443402,0.0858000000008019,0,not_applicable,147.1415702210336,0,0,1.0026055720515956,0.45176140294712114,373,-0.7252548656163114,1.697520848270466,0.22062447658991918,running
Pure Pursuit,32.71000000000206,-36.13322655436556,-67.38027793943911,4.850592213541344,3.605038250371649,6.208901200122847,0.016942071332226284,5.23204132757449,0.03996133189062148,0.017740610646825417,0.08390000000346731,0,not_applicable,147.74145475710762,0,0,0.9974199232411408,0.42890368713367943,373,-0.7252548656163114,1.7006272331896486,0.22062447658991918,running
Pure Pursuit,32.81000000000204,-36.58005056126611,-67.60453069472307,5.126247838589975,3.6208362995297403,7.147975904069552,0.014556194920759895,5.5653898039483,0.06677306832730803,0.0008886060170354426,0.08710000000178297,0,not_applicable,148.14137776565863,0,0,0.9767945561985617,0.4183220150094996,355,-0.803660797034291,1.6236632626444951,0.21530714918272373,running
Pure Pursuit,32.91000000000202,-37.04674935762442,-67.84752947873783,5.377183950446777,3.6369375284979055,6.506978701040014,0.006532313650486895,5.776945708693976,0.02408734841026012,0.01915057109337681,0.09070000000122036,0,not_applicable,148.74126208008641,0,0,1.0299441187874023,0.3902106074194977,716,0.768813716404078,1.6606300535084801,0.22293077345441878,running
Pure Pursuit,33.010000000002,-37.53362448436111,-68.1084116394006,5.648409513113016,3.6387799979604902,7.0331007617346675,-0.0023450142951161614,6.080494026620244,0.059561351197283764,0.024203081704145646,0.1335999999980686,0,not_applicable,149.3411464702932,0,0,1.0333870697510414,0.37407924577201246,710,0.742678405931418,1.7059058684791206,0.2241197071405647,running
Pure Pursuit,33.11000000000198,-38.04548077353035,-68.38087976754731,5.926527773567822,3.619122432697446,7.211834055125763,-0.008336190317151186,6.369592918625592,0.07846186808877459,0.006138081056359823,0.07689999999982433,0,not_applicable,149.94103105115292,0,0,1.0067488511464977,0.3546078804447549,730,0.8297961075069509,1.562143404089598,0.21008581223244965,running
Pure Pursuit,33.21000000000196,-38.585281129204866,-68.65986799936901,6.204035611707061,3.6007846788710896,7.196005305024222,-0.0020261744479882432,6.646128304070245,0.07070362444726427,0.012513138294075077,0.07180000000062137,0,not_applicable,150.5409156330163,0,0,1.0369819713265986,0.340428265074079,356,-0.7993049119555145,1.6228687883970083,0.21621722807816315,running
Pure Pursuit,33.31000000000194,-39.15303914049335,-68.94456347195403,6.476905004318577,3.5989817128933517,7.0757266172279465,0.007055685056769961,6.911608273429856,0.035634125897805784,0.016260000374781924,0.08180000000024279,0,not_applicable,151.140800115577,0,0,1.0020363954771971,0.320518479489688,364,-0.7644578313253012,1.6591623116430076,0.2239412608755995,running
Pure Pursuit,33.41000000000192,-39.74444601263467,-69.24216946349196,6.743135085850601,3.621028363754871,6.903563848528966,0.012078214032492884,7.167261389171474,0.02831725949975338,0.0024018382716395337,0.0724000000005276,0,not_applicable,151.74068454349373,0,0,1.0105827367006426,0.3129821144165619,710,0.742678405931418,1.717443808926636,0.2241197071405647,running
Pure Pursuit,33.5100000000019,-40.35552211524432,-69.5588970572539,7.001888664757013,3.641052905459389,6.709692018033335,0.005036706329014361,7.4141042876539345,0.08564254929933035,0.01566277316440612,0.07529999999889014,0,not_applicable,152.54053048018005,0,0,1.009672609060271,0.3003300809590867,364,-0.7644578313253012,1.68562068330034,0.2239412608755995,running
Pure Pursuit,33.61000000000188,-40.98630929085187,-69.89633343177724,7.283055709385554,3.64246641780715,7.290891523322571,-0.0010958386016682964,7.73097781708927,0.03128933490434422,0.01165542967321187,0.08080000000276755,0,not_applicable,153.14041481045376,0,0,1.0127569995490069,0.2849188085095864,339,-0.8733549582947173,1.4835075976740653,0.20222103997141733,running
Pure Pursuit,33.71000000000186,-41.64011376484514,-70.24806300825026,7.544252183748031,3.633619278203456,6.773038296031597,0.0005212424288320608,7.960359538988714,0.027927633664579093,0.005484670890727017,0.08090000000038344,0,not_applicable,153.940259957558,0,0,1.005498489123398,0.2723910692555468,364,-0.7644578313253012,1.655792620547108,0.2239412608755995,running
Pure Pursuit,33.81000000000184,-42.311304761154865,-70.61284793702565,7.720007461660987,3.654602387136902,4.557478162519688,0.009858474746257787,8.0,0.06383530564185284,0.006055149743641408,0.06989999999973406,0,not_applicable,154.74010525822314,0,0,1.0098800632498668,0.26372851536500014,344,-0.8515755329008341,1.51679803712724,0.20602954162158948,running
Pure Pursuit,33.91000000000182,-42.99015134387997,-70.99255456536012,7.827984208086295,3.6791608141902574,2.799925383390134,0.004947989526478877,8.0,0.0858758544227849,0.01982361253597631,0.07739999999856195,0,not_applicable,155.5399506609362,0,0,1.0028069791232526,0.26304477858550507,716,0.768813716404078,1.6824734249474953,0.22293077345441878,running
Pure Pursuit,34.0100000000018,-43.67049220260831,-71.38692074055204,7.894320638531187,3.6855165438259774,1.720157919137053,-0.0017890653329733028,8.0,0.0990847452308447,0.014680929570680235,0.07700000000099294,0,not_applicable,156.33979482836602,0,0,0.9959469352627018,0.258145124202019,708,0.7339666357738648,1.722808336538164,0.22234991952811328,running
Pure Pursuit,34.11000000000178,-44.35340019688515,-71.78731968075282,7.9350749874984805,3.666955482094555,1.056793614688134,4.400790365981126e-05,8.0,0.09356975160338157,0.012863675005114317,0.08689999999944575,0,not_applicable,156.93967848032946,0,0,1.0108654804899573,0.24438873679454493,346,-0.8428637627432809,1.4912265850237572,0.20762130414308752,running
Pure Pursuit,34.21000000000176,-45.03925403648651,-72.1890734499388,7.96011276762335,3.6743609811443023,0.649250125015195,0.017229669986573267,8.0,0.09093062953690517,0.019391536231330164,0.08840000000276405,0,not_applicable,157.7395237898859,0,0,0.9991303326882687,0.24226857485471814,368,-0.7470342910101946,1.6355145160518876,0.22502164647011183,running
Pure Pursuit,34.31000000000174,-45.72420241533766,-72.59625337027371,7.975494940310845,3.7016926176065272,0.39887232376649706,0.025754409703397523,8.0,0.09457146521471668,0.006480212158326282,0.08910000000028617,0,not_applicable,158.5393672981992,0,0,0.9659917399004626,0.2386520233620635,368,-0.7470342910101946,1.6188430082018859,0.22502164647011183,running
Pure Pursuit,34.41000000000172,-46.40354833670416,-73.01502252352799,7.984945108632792,3.7302025677549455,0.24505059689155395,0.026760099788737342,8.0,0.10202952064381728,0.007125928276806803,0.07779999999968368,0,not_applicable,159.33921047736385,0,0,0.9534874851403963,0.23815597200486383,366,-0.755746061167748,1.6083189653093508,0.22600293112750477,running
Pure Pursuit,34.5100000000017,-47.07418613377027,-73.44896923945169,7.990750899734444,3.756935777806645,0.15054891367207723,0.026634119374247166,8.0,0.10855069854683612,0.019374062713554352,0.08400000000108321,0,not_applicable,160.13905602136046,0,0,0.9476765522457625,0.24163067121130938,362,-0.7731696014828544,1.6028117582384598,0.22193355627601147,running
Pure Pursuit,34.61000000000168,-47.73451134963964,-73.89926568607945,7.994317736765032,3.782552507374938,0.09249100265556365,0.02496872261891312,8.0,0.11083691658222646,0.03101364647632643,0.07989999999935549,0,not_applicable,160.93890070249,0,0,0.9386676580563549,0.24107971255255636,353,-0.8123725671918443,1.5384629881986271,0.21352185245425553,running
Pure Pursuit,34.71000000000166,-48.38366377415151,-74.36600767755212,7.996509053362552,3.8077626688521717,0.05682263234968232,0.020623842730338997,8.0,0.1070132302433581,0.04275412727715988,0.07899999999949614,0,not_applicable,161.73874416479592,0,0,0.945749086487889,0.24752643135066107,348,-0.8341519925857275,1.5386270214273092,0.20925385860619156,running
Pure Pursuit,34.810000000001644,-49.021068238251736,-74.84895671790838,7.9978553073095044,3.8328849617056457,0.03490946637447756,0.013027929020481383,8.0,0.0970454523930987,0.05463365150414745,0.07770000000206778,0,not_applicable,162.53858890195545,0,0,0.9256464567773657,0.25750329852988185,704,0.7165430954587584,1.7716902923682645,0.21894209497805303,running
Pure Pursuit,34.910000000001624,-49.64624679894119,-75.34780179141846,7.998682389845974,3.8580124257897377,0.021446926904955532,0.0017181063306069572,8.0,0.08312961537302467,0.06704264947946825,0.07250000000169621,0,not_applicable,163.33843381387106,0,0,0.9872349766183183,0.24917629545588643,730,0.8297961075069509,1.555329305987918,0.21008581223244965,running
Pure Pursuit,35.010000000001604,-50.260620921186025,-75.86001880800538,7.999190515020783,3.8602592938415814,0.013176101540262053,-0.01357517436352168,8.0,0.07327740430339807,0.05737971269727282,0.09600000000276054,0,not_applicable,164.13827788411652,0,0,1.0165705382678873,0.2396635110787816,719,0.781881371640408,1.5802550199436014,0.21997807798827246,running
Pure Pursuit,35.110000000001584,-50.87197782606738,-76.37590580787273,7.99950268603382,3.8304693478778815,0.008094849792170677,-0.020539421764311398,8.0,0.07508796192675944,0.016176589145135978,0.0782999999984213,0,not_applicable,164.93812304567862,0,0,0.984662573521955,0.25250989936862456,738,0.8646431881371641,1.51443610492695,0.2037158366078793,running
Pure Pursuit,35.210000000001564,-51.48874573710443,-76.88533578441496,7.999694470944727,3.7988408637339437,0.004973139661803572,-0.010034834128778952,8.0,0.07808326331560951,0.026456916964296084,0.07399999999790907,0,not_applicable,165.73796882752714,0,0,0.9986722749631363,0.25055002735253235,366,-0.755746061167748,1.6846347008879554,0.22600293112750477,running
Pure Pursuit,35.310000000001544,-52.1140028669771,-77.38434132462406,7.999812295632208,3.7933437850663276,0.0030552905527336804,0.008136700485001083,8.0,0.07456072951424432,0.0435649865167953,0.07279999999809661,0,not_applicable,166.53781318907878,0,0,1.0328405973533696,0.23939546533150272,373,-0.7252548656163114,1.6537449521965657,0.22062447658991918,running
Pure Pursuit,35.410000000001524,-52.74176643088607,-77.88021258055178,7.999884682228811,3.8220445898314885,0.0018770436779202981,0.02244655849783937,8.0,0.07414287381763883,0.02790899170129002,0.07359999999678735,0,not_applicable,167.3376572733683,0,0,1.0230599259552204,0.23939128703787285,367,-0.7513901760889712,1.6253657363981233,0.22593517874601313,running
Pure Pursuit,35.510000000001504,-53.36429479085649,-78.38263538427456,7.999929153548697,3.853446930727808,0.0011531777118900521,0.025850887709551205,8.0,0.08448094059245548,0.011773937559066638,0.07390000000029318,0,not_applicable,168.13750239127086,0,0,0.981105459577405,0.23723972592308443,367,-0.7513901760889712,1.61280071663929,0.22593517874601313,running
Pure Pursuit,35.610000000001484,-53.97650857514856,-78.89756937651094,7.999956474881448,3.881854063464049,0.0007084645130284173,0.029648842783058932,8.0,0.10013985324412224,0.0005023938831456576,0.07279999999809661,0,not_applicable,168.9373449037676,0,0,0.9875905754631052,0.23351307810050195,347,-0.8385078776645043,1.4573859982220791,0.2084324073070941,running
Pure Pursuit,35.710000000001465,-54.5747013757662,-79.42869881414882,7.999973259974067,3.9262892516339014,0.0004352511855199026,0.034161404932566454,8.0,0.11325880726467655,0.027322567776618456,0.07329999999683423,0,not_applicable,169.73718729853417,0,0,0.9434034167872277,0.24653220284979452,350,-0.8254402224281743,1.5485724084131864,0.21092842571338713,running
Pure Pursuit,35.810000000001445,-55.151195795265885,-79.98327372927878,7.999983572038155,3.9873511122229996,0.00026740025933058575,0.028532291203246483,8.0,0.11372092606554576,0.0692813693024803,0.07520000000127425,0,not_applicable,170.5370330472473,0,0,0.9427879532927075,0.24253406595146687,355,-0.803660797034291,1.5619991490688871,0.21530714918272373,running
Pure Pursuit,35.910000000001425,-55.70382691819338,-80.56164302520206,7.9999899073422345,4.015823710248794,0.000164279618450891,0.009113195599312085,8.0,0.10051910934577095,0.07716593901517399,0.07200000000295859,0,not_applicable,171.33687511957453,0,0,0.9917957294203468,0.2573478512805965,342,-0.8602873030583875,1.5472533726598352,0.20447740104668094,running
Pure Pursuit,36.010000000001405,-56.23643023572817,-81.15854691573428,7.999993799490057,4.026327788268757,0.00010092657765525814,-3.7196081701106095e-06,8.0,0.08157388727985959,0.06560981706823732,0.07280000000164932,0,not_applicable,172.13671434600138,0,0,0.9702935125637517,0.25859830787195043,716,0.768813716404078,1.7098401595089852,0.22293077345441878,running
Pure Pursuit,36.110000000001385,-56.758189005473724,-81.76498183167853,7.999996190664099,4.01024430811079,6.200509942821952e-05,-0.0033606992731958526,8.0,0.06929457501656171,0.025429618877089055,0.09939999999986071,0,not_applicable,172.93655741315527,0,0,0.9995079009310731,0.25413949691554477,344,-0.8515755329008341,1.5454425841453658,0.20602954162158948,running
Pure Pursuit,36.210000000001365,-57.27842376801923,-82.37272782339481,7.999997659702163,4.001462896943041,3.809335900939459e-05,0.0062151022811891676,8.0,0.06646675418857596,0.002461807895947743,0.08599999999958641,0,not_applicable,173.736400192355,0,0,0.997399767239034,0.23971250011559028,366,-0.755746061167748,1.621627759788581,0.22600293112750477,running
Pure Pursuit,36.310000000001345,-57.796297106360264,-82.98248451288964,7.999998562218164,4.026124367731424,2.3402978372999428e-05,0.014634388798567575,8.0,0.06721103928118481,0.009774553217271276,0.08630000000309224,0,not_applicable,174.53624428900486,0,0,0.9870264757555169,0.2478385880310039,340,-0.8689990732159407,1.4829827995340368,0.20296376061118726,running
Pure Pursuit,36.410000000001325,-58.3060002297929,-83.59907607432866,7.999999116686527,4.055555523128166,1.4377818358113359e-05,0.006696640240184883,8.0,0.06688469108649986,0.03321052976555272,0.0819999999990273,0,not_applicable,175.33609021936567,0,0,0.9912502777997673,0.25287843615639183,713,0.755746061167748,1.6982813003608015,0.22600293112750477,running
Pure Pursuit,36.510000000001305,-58.805016573623995,-84.22435545081751,7.999999457328872,4.060403219556021,8.833134730323877e-06,-0.007870673131625117,8.0,0.06360281517892466,0.0382774576442646,0.07799999999846818,0,not_applicable,176.1359363263243,0,0,0.9897930330924878,0.24730517189258402,709,0.7383225208526416,1.6864815432799636,0.2232291878884924,running
Pure Pursuit,36.610000000001286,-59.300959051866236,-84.85208159606867,7.999999666605388,4.03159307292683,5.4267112759021074e-06,-0.0153251948863767,8.0,0.06312733567102556,0.010768347869673178,0.10830000000083828,0,not_applicable,176.93578236279708,0,0,1.0269060639660776,0.25551007569843887,370,-0.7383225208526414,1.7350282867529705,0.22322918788849236,running
Pure Pursuit,36.710000000001266,-59.80351984796306,-85.47451014483637,7.9999997951761905,4.000205896040853,3.333946123618148e-06,-0.005429141430471063,8.0,0.06468289264610992,0.025911748561751935,0.07929999999944926,0,not_applicable,177.73562821595542,0,0,0.9986581436197235,0.2518198609702478,356,-0.7993049119555145,1.6207780345991305,0.21621722807816315,running
Pure Pursuit,36.810000000001246,-60.316418653150414,-86.08845363237042,7.999999874164754,3.994725460964942,2.048238094687349e-06,0.013303115141869543,8.0,0.06302467898406831,0.044744742348310496,0.09289999999850806,0,not_applicable,178.5354732817943,0,0,1.0327332471047344,0.23494113235023084,356,-0.7993049119555145,1.5266345651806887,0.21621722807816315,running
Pure Pursuit,36.910000000001226,-60.83235905701329,-86.69984928578498,7.999999922692049,4.023408416969084,1.2583524622300502e-06,0.030607084717126136,8.0,0.06873974545895545,0.036243555348187684,0.08270000000010214,0,not_applicable,179.33531316989726,0,0,0.993238674720746,0.23406007145474178,379,-0.6991195551436515,1.648915271355896,0.2157016455530536,running
Pure Pursuit,37.010000000001206,-61.34019579259396,-87.3179641435982,7.9999999525052035,4.072939368776324,7.73079511517949e-07,0.03973999506319167,8.0,0.09094968114383334,0.011762629701040694,0.09329999999962979,0,not_applicable,180.1351526504788,0,0,0.9726866891774771,0.23137066093746814,362,-0.7731696014828544,1.5466705025883865,0.22193355627601147,running
Pure Pursuit,37.110000000001186,-61.82434046080801,-87.95473265340036,7.999999970821169,4.1551183864949115,4.749479654009292e-07,0.04103588890206047,8.0,0.11294597760357711,0.047513905162215764,0.14649999999960528,0,not_applicable,180.93499851140896,0,0,0.9559461475700053,0.23939200532109742,342,-0.8602873030583875,1.4535668693695316,0.20447740104668094,running
Pure Pursuit,37.210000000001166,-62.27225296655332,-88.61745457521569,7.999999982073738,4.2203443003484,2.917883090702844e-07,0.020653616155479122,8.0,0.11300693410472391,0.09344435862585598,0.07959999999940237,0,not_applicable,181.7348402300233,0,0,0.9515809708264183,0.25423426444305586,712,0.7513901760889712,1.7121694921245316,0.22593517874601313,running
Pure Pursuit,37.310000000001146,-62.68715687098043,-89.30140216410365,7.999999988986849,4.22297469157826,1.7926262252387914e-07,-0.0032208737869670935,8.0,0.09159386470763269,0.08035982430009092,0.08259999999893353,0,not_applicable,182.5346827765665,0,0,0.9297657152064731,0.24888679319287849,719,0.781881371640408,1.632837020396679,0.21997807798827246,running
Pure Pursuit,37.410000000001126,-63.08337304893064,-89.98703285124843,7.877444525506826,4.190941395936539,-1.3946993011099806,-0.007302998034903532,7.860530058875851,0.06254446134715065,0.0357480525350482,0.09299999999967667,0,not_applicable,183.33452816419245,0,0,0.977827475288567,0.24394304537886047,357,-0.7949490268767376,1.5838469672001656,0.21713917065507293,running
Pure Pursuit,37.51000000000111,-63.46482805716191,-90.64717434464343,7.495152066926487,4.176814945247549,-4.3505447220517635,0.0015354712827110588,7.44239005330165,0.022419049373371903,0.013337908401513943,0.08460000000098944,0,not_applicable,184.13437349880488,0,0,1.0056697173547768,0.2539710108307465,352,-0.8167284522706209,1.5823052358368512,0.2126462795560751,running
Pure Pursuit,37.61000000000109,-63.82517290735004,-91.27127530222461,7.059448316149698,4.200925624187557,-4.95837312710619,0.002775190131149474,6.999314754215868,0.0722734609077987,0.03266942321284105,0.08220000000136451,0,not_applicable,184.9342193379693,0,0,1.002955671460538,0.2715359853899672,712,0.7513901760889712,1.7131409342566797,0.22593517874601313,running
Pure Pursuit,37.71000000000107,-64.15815933521036,-91.85865569491374,6.591840765920394,4.215453143412509,-5.332212043132838,-0.014502343060220354,6.526227111836414,0.014192873052751473,0.045783605734225574,0.07289999999926522,0,not_applicable,185.5341039144046,0,0,1.0054928960360376,0.2758986450134442,723,0.7993049119555145,1.574158310357189,0.21621722807816315,running
Pure Pursuit,37.81000000000105,-64.46847009493912,-92.41075528155862,6.2014459339822965,4.194922928146815,-4.442750929253938,-0.027253898294628723,6.147565672995,0.049189592959084205,0.0260819692865617,0.08379999999874599,0,not_applicable,186.1339884957367,0,0,0.9734339624041126,0.2866531961834943,717,0.7731696014828544,1.5743015230492319,0.22193355627601147,running
Pure Pursuit,37.91000000000103,-64.7642353838452,-92.9253271359034,5.799473834452721,4.162276157817676,-4.574501946794092,-0.029416899959408976,5.743995739302887,0.05585158107023384,0.0023151891126218516,0.09289999999850806,0,not_applicable,186.73387261289753,0,0,0.968116595744557,0.30631586893184404,725,0.8080166821130677,1.5269070536864533,0.2144087504700342,running
Pure Pursuit,38.01000000000101,-65.05029632307604,-93.39675818661946,5.369222323648503,4.123762014347586,-4.896325829798496,-0.03132017448815439,5.3098412514728714,0.056970193200917105,0.021011369635898447,0.07749999999973056,0,not_applicable,187.33375159504553,0,0,0.9675293958134882,0.3219164481773595,717,0.7731696014828544,1.5581079337912302,0.22193355627601147,running
Pure Pursuit,38.11000000000099,-65.32925402578398,-93.81911375589068,4.902359757415712,4.064503784395714,-5.323449984872672,-0.038960486023347556,4.836877325161236,0.09996933541603199,0.053847196023895094,0.10190000000065425,0,not_applicable,187.73365887200328,0,0,0.9682287053693805,0.35315547710401374,705,0.7208989805375348,1.6442050783719382,0.2197779812188762,running
Pure Pursuit,38.21000000000097,-65.61063562146381,-94.19102582862493,4.54353317170015,3.9800397753642285,-4.08349961810357,-0.03802509982723284,4.494009795605355,0.06583275554079805,0.07390868119170868,0.07219999999819038,0,not_applicable,188.33352670486389,0,0,0.9930958295950884,0.3914030258712522,709,0.7383225208526416,1.6423698743262616,0.2232291878884924,running
Pure Pursuit,38.31000000000095,-65.88989341934895,-94.50392109194753,4.003337535400579,3.886454777906361,-6.196089394917976,-0.03241219393156058,3.9239242322083525,0.039966361169189286,0.1080259414020528,0.1393999999983464,0,not_applicable,188.73343274828838,0,0,0.9944067184342794,0.4278632289146506,698,0.6904077849860983,1.7129470965882885,0.21414126651260781,running
Pure Pursuit,38.41000000000093,-66.16620108006072,-94.76320744874913,3.681258952323857,3.8271797778676517,-3.6653019128178155,-0.026966458881805495,3.6368073441187976,0.056937075638972386,0.08559413020622308,0.07599999999996498,0,not_applicable,189.13323879711717,0,0,0.9980303713482265,0.47928254993609337,715,0.7644578313253012,1.6087993289150258,0.2239412608755995,running
Pure Pursuit,38.51000000000091,-66.44311432337724,-94.99177727044007,3.5451487493822813,3.792464321047663,-1.548954241011855,-0.04738852280369811,3.5263635282226713,0.09853935916550016,0.011407275604257805,0.08599999999958641,0,not_applicable,189.53286818484295,0,0,0.9793585431549725,0.499547794229227,695,0.6773401297497683,1.6448719067369604,0.21187243445594103,running
Pure Pursuit,38.61000000000089,-66.72247469504963,-95.19499727980971,3.4094824396470726,3.726413843479801,-1.5439026706688663,-0.09049959267244191,3.3907584823153947,0.0580437958774574,0.005956715819086966,0.08270000000010214,0,not_applicable,189.73232863275487,0,0,1.0043468309306882,0.4931805364940376,709,0.7383225208526416,1.516342209196037,0.2232291878884924,running
Pure Pursuit,38.71000000000087,-67.00040765687582,-95.36445584077775,3.178546878957399,3.630431208516019,-2.628080837439235,-0.12262677620212066,3.146674355903149,0.02478890728705519,0.04771602455899249,0.07920000000183336,0,not_applicable,190.1316579890376,0,0,1.0078285755389524,0.500334990323155,712,0.7513901760889712,1.472493350290599,0.22593517874601313,running
Pure Pursuit,38.81000000000085,-67.25933561416407,-95.4837426036611,2.680388256165295,3.496641214644637,-5.691535570831463,-0.13788669170407442,2.609393321874253,0.0671359939312125,0.014733617796400367,0.07869999999954302,0,not_applicable,190.3316195163283,0,0,1.0091574716633676,0.5339602365399014,689,0.6512048192771083,1.5574694812753416,0.2075805028346246,running
Pure Pursuit,38.91000000000083,-67.51676931377229,-95.56034956183996,2.6939731163556533,3.3841631962551713,0.3522665401212288,-0.12846131099983982,2.715614910177418,0.06305030743184643,0.023904927542917065,0.08090000000038344,0,not_applicable,190.73118852971984,0,0,1.0312476389731642,0.6443129549558929,707,0.729610750695088,1.508852741731343,0.22148173646210823,running
Pure Pursuit,39.01000000000081,-67.77543438042525,-95.60695421384237,2.5962773967802484,3.286233055736161,-1.1117917385663123,-0.12354217052965474,2.582793942499022,0.011543662723669313,0.00483315037494414,0.07760000000089917,0,not_applicable,190.93115005701054,0,0,1.0048984548117654,0.6480419764087663,684,0.629425393883225,1.615490578268769,0.2042391938838802,running
Pure Pursuit,39.11000000000079,-68.0140479715791,-95.62753139986638,2.293680347186987,3.198988121938553,-3.4435991803373334,-0.11952027240691937,2.251917478746515,0.04126201452387562,0.00320362143382269,0.07910000000066475,0,not_applicable,191.1311006663381,0,0,1.02902018559884,0.6620869974604202,690,0.6555607043558851,1.5709053944554712,0.2082738731989199,running
Pure Pursuit,39.21000000000077,-68.2477385959222,-95.62691546439585,2.3748514776615046,3.1244755901362327,2.104833828932664,-0.11506230950352027,2.5041637300802533,0.07684960006781126,0.010778042707915603,0.07920000000183336,0,not_applicable,191.3310621936288,0,0,1.0259859697124418,0.7761917524395442,704,0.7165430954587584,1.5614588703037648,0.21894209497805303,running
Pure Pursuit,39.31000000000075,-68.48596162769962,-95.6081517893566,2.403222649209313,3.048137507575759,0.7356876920548228,-0.11106576124591017,2.448420246866987,0.08456502127531011,0.059389382664715384,0.07799999999846818,0,not_applicable,191.73062750720695,0,0,1.0149127837843346,0.7297818548576563,710,0.742678405931418,1.5008422952829519,0.2241197071405647,running
Pure Pursuit,39.41000000000073,-68.73039379379588,-95.57017606915964,2.534685716340013,2.971554915421432,3.408944896225301,-0.10390937837537856,2.744117138831843,0.035474667424982446,0.060816959899153034,0.07860000000192713,0,not_applicable,191.93006163785068,0,0,1.0294544958574936,0.7280543511926787,728,0.8210843373493977,1.404060554721117,0.21178185999974475,running
Pure Pursuit,39.51000000000071,-68.98605475332317,-95.51212960932712,2.69643429159841,2.903109330309387,4.194272902142395,-0.09314584769474138,2.9541130065542527,0.02722729507549491,0.04376292584664654,0.08099999999799934,0,not_applicable,192.13002316514138,0,0,0.991022385337521,0.6907136316249002,702,0.7078313253012047,1.5474692656461988,0.21730154451353453,running
Pure Pursuit,39.61000000000069,-69.254323944327,-95.43525754274825,2.8715961177844687,2.8436914090367966,4.542089473668027,-0.08384524147476395,3.1506432389652126,0.0959613320251803,0.06567768024343223,0.08140000000267378,0,not_applicable,192.5297042804394,0,0,1.0260620321739937,0.6580530729873694,723,0.7993049119555145,1.4533358946997543,0.21621722807816315,running
Pure Pursuit,39.71000000000067,-69.53794533715137,-95.33618446644108,3.1180405111948093,2.7827066248558303,6.39050476651573,-0.0924505144682855,3.5106465944360417,0.026846914582613592,0.02952267492332794,0.0764999999987026,0,not_applicable,192.7296083076277,0,0,0.9952354404829735,0.5958888865825507,713,0.755746061167748,1.4713111913108208,0.22600293112750477,running
Pure Pursuit,39.81000000000065,-69.83040368468649,-95.21238238538729,3.2265749654196934,2.7039147800056114,2.8143872029600026,-0.10437719553384714,3.3994792314908095,0.08339518063936716,0.022827954973831055,0.09449999999944225,0,not_applicable,193.12939659165838,0,0,1.0240910590370937,0.5584383462067211,713,0.755746061167748,1.4932030680766524,0.22600293112750477,running
Pure Pursuit,39.91000000000063,-70.09779550139253,-95.06987054062273,2.931738760067403,2.596262719689221,-3.3552796249984462,-0.11449006755627233,2.8910470029198487,0.03509039955724523,0.04470327961417908,0.10910000000308173,0,not_applicable,193.32935811894907,0,0,1.0277280133053122,0.5535482482485041,666,0.5510194624652458,1.7154929684555271,0.19378133987058163,running
Pure Pursuit,40.01000000000061,-70.32419948117182,-94.9160539268776,2.639972056486438,2.494574065451707,-3.3203482408425655,-0.10955696132035976,2.5997039359831464,0.09547873989323517,0.0680680489474561,0.07220000000174309,0,not_applicable,193.52929467820934,0,0,1.0133088676186677,0.5941029383562183,713,0.755746061167748,1.4935823950913385,0.22600293112750477,running
Pure Pursuit,40.11000000000059,-70.50920443724942,-94.7593727576325,2.316043166336977,2.403938863257535,-3.6863586809773796,-0.10143151474356209,2.2713361883887,0.06361680985495506,0.013844523406199016,0.07970000000057098,0,not_applicable,193.92921773279073,0,0,1.0006834071504056,0.6812241223118201,680,0.6120018535681186,1.6737105450012928,0.20171054956370096,running
Pure Pursuit,40.21000000000057,-70.67387881875315,-94.59305493979943,2.362017539703771,2.339007411097838,1.1921531184881973,-0.08931261724491679,2.435258478185797,0.029430389741644775,0.0018114713803480953,0.07199999999940587,0,not_applicable,194.1289223640286,0,0,1.0420756297171736,0.773630414535868,717,0.7731696014828544,1.5042982827779137,0.22193355627601147,running
Pure Pursuit,40.31000000000055,-70.83469215055969,-94.41143123070489,2.4807747592490146,2.2849853525051285,3.0794718721736336,-0.08517056295814554,2.669964726921134,0.019104660653639284,0.002656697964289023,0.16169999999959828,0,not_applicable,194.3288838913193,0,0,1.0094080928871048,0.7535244005790384,676,0.5945783132530122,1.6736941099814135,0.19930351586123127,running
Pure Pursuit,40.41000000000053,-70.99386047917943,-94.21112488054413,2.6251961839031765,2.2291667888843474,3.7449657095777633,-0.0862735419780352,2.855271330206791,0.07160446475643974,0.012876246638930056,0.07379999999912457,0,not_applicable,194.52851277080038,0,0,1.0142159987689587,0.7203860898888902,712,0.7513901760889712,1.531853061643662,0.22593517874601313,running
Pure Pursuit,40.51000000000051,-71.15095903305742,-93.98969852872683,2.7920392153891007,2.171045520938318,4.326376320500995,-0.09048700193206882,3.057833815953276,0.05656331803747654,0.05975904979933233,0.07919999999828065,0,not_applicable,194.92813928379672,0,0,1.006679010509157,0.6680916912296244,714,0.7601019462465248,1.4961114608672221,0.22496523842325897,running
Pure Pursuit,40.61000000000049,-71.30655846352329,-93.74213671048985,3.0371189909812095,2.111176979966048,6.355119109933303,-0.09352532995265724,3.427551126382431,0.03680872857762833,0.04187033434500975,0.10449999999906368,0,not_applicable,195.12810081108742,0,0,1.0074761931237148,0.635120316324553,698,0.6904077849860983,1.5813166351192438,0.21414126651260781,running
Pure Pursuit,40.71000000000047,-71.45732371339722,-93.46519008486605,3.253539740143312,2.0359140355965057,5.611967105254867,-0.09944768881300256,3.598315701506696,0.055857526545539334,0.05105834238869278,0.10990000000177247,0,not_applicable,195.52781358969168,0,0,1.0020576655288185,0.5827959562422089,710,0.742678405931418,1.5280229460800492,0.2241197071405647,running
Pure Pursuit,40.81000000000045,-71.59123084260483,-93.1621856812947,3.365162266919311,1.9398357274603781,2.894463450928799,-0.10907718714585542,3.542986085236192,0.08533339269101513,0.0017592615513954968,0.09460000000061086,0,not_applicable,195.72762128606504,0,0,0.9971058596503715,0.5335660775973178,715,0.7644578313253012,1.4768971055232578,0.2239412608755995,running
Pure Pursuit,40.91000000000043,-71.69685195237342,-92.84621971296446,3.3164494826557993,1.8349539291479844,-0.5543586898393604,-0.10691935595789477,3.309726397935375,0.03367134334925869,0.010450444391976177,0.14609999999848355,0,not_applicable,196.1274926631499,0,0,1.006831188342818,0.5333238925980401,706,0.7252548656163116,1.5636690663277029,0.2206244765899192,running
Pure Pursuit,41.01000000000041,-71.76144930974924,-92.55243867839036,2.850209835881836,1.7144935072667953,-5.3161235770368,-0.10348043560737147,2.7848371249521193,0.09583282794970029,0.02414416188105406,0.10340000000041982,0,not_applicable,196.52741571773132,0,0,1.0139896757335403,0.5536144083879365,677,0.5989341983317886,1.716342683960184,0.19989419460491284,running
Pure Pursuit,41.11000000000039,-71.78943263775182,-92.27825216001203,2.709637507403393,1.6298161854777082,-1.599733889597239,-0.08865524902946065,2.6902364469221123,0.024941779137834668,0.0460985801416669,0.08040000000164582,0,not_applicable,196.72721231312178,0,0,1.0233003933109857,0.637986386983942,687,0.6424930491195551,1.6620343452688566,0.20621919386478796,running
Pure Pursuit,41.21000000000037,-71.79564368616988,-92.00335246025676,2.784786662800753,1.5686485666671843,1.9486790878899818,-0.08263407121912006,2.904505416192391,0.05625136368024213,0.047860086371183996,0.07739999999856195,0,not_applicable,196.92717384041248,0,0,1.0392498918471773,0.6641068816984813,713,0.755746061167748,1.5355991162020763,0.22600293112750477,running
Pure Pursuit,41.31000000000035,-71.78416768062253,-91.72590854241997,2.7734405417258756,1.5056483090866304,-0.1291205359932368,-0.08893381347201337,2.7718746092014293,0.06566847592807355,0.01960667782278236,0.08680000000182986,0,not_applicable,197.32669912944573,0,0,1.029130185086574,0.6492016348794606,695,0.6773401297497683,1.6206555946070742,0.21187243445594103,running
Pure Pursuit,41.41000000000033,-71.75382108495384,-91.44235914221592,2.919397164550438,1.4386639990947159,3.7847746542639404,-0.09590885951819023,3.1519180071522697,0.020495972588495268,0.021695025158322778,0.09239999999977044,0,not_applicable,197.52619795879505,0,0,1.0201029697653636,0.6299080676974539,711,0.7470342910101948,1.5068173325580079,0.22502164647011186,running
Pure Pursuit,41.51000000000031,-71.69968914231681,-91.14673331575689,3.080211644383688,1.3561366423600774,4.170051043474086,-0.09755819633963782,3.3364022688978467,0.07888028733693815,0.052964846936337295,0.11969999999905667,0,not_applicable,197.92577218194882,0,0,1.0135959020431142,0.5964859255092179,714,0.7601019462465248,1.487057368872438,0.22496523842325897,running
Pure Pursuit,41.61000000000029,-71.61926069400373,-90.84263960155356,3.202237512681549,1.278391403827491,3.1642306087982064,-0.09379229535403871,3.3966347052635086,0.037995991126576055,0.02233399892770649,0.12189999999989709,0,not_applicable,198.12573370923948,0,0,1.009629226990172,0.5518189956162387,706,0.7252548656163116,1.4925760754731112,0.2206244765899192,running
Pure Pursuit,41.71000000000027,-71.51493065339027,-90.53395640436379,3.3073174726407584,1.209741510660976,2.7248093401196094,-0.09217598011655395,3.47471844669351,0.04883210500262336,0.04539146489951129,0.09100000000117348,0,not_applicable,198.5254657382418,0,0,0.976120678505564,0.5485726043405347,702,0.7078313253012047,1.5519654513647436,0.21730154451353453,running
Pure Pursuit,41.81000000000025,-71.38517971796148,-90.22760713966628,3.3456569042559408,1.122299943001519,0.9941728318175924,-0.10427016329939356,3.4067347558225176,0.09690551322394515,0.0007838704033193977,0.09950000000102932,0,not_applicable,198.7253814209489,0,0,0.9932453482133871,0.5127188548503914,706,0.7252548656163116,1.4895862945070748,0.2206244765899192,running
Pure Pursuit,41.91000000000023,-71.23104851275737,-89.94283668621645,3.185422515229135,1.0136317933015913,-1.8234910467773746,-0.10486871760423457,3.1633077995782033,0.03748479192049018,0.022787362201334815,0.08240000000014902,0,not_applicable,199.1253044755303,0,0,0.9711825467610837,0.5277348571656971,709,0.7383225208526416,1.5290791375993527,0.2232291878884924,running
Pure Pursuit,42.01000000000021,-71.05903105915291,-89.68947498742875,3.0012128330571373,0.9229225161649479,-2.096333428863071,-0.08937141263699076,2.975789172342828,0.08981099968270143,0.0077894640252722525,0.08640000000070813,0,not_applicable,199.52512983841135,0,0,0.9731695502441675,0.5576784248581478,686,0.6381371640407787,1.6324009344815966,0.2055510376980303,running
Pure Pursuit,42.11000000000019,-70.87623369962668,-89.46398706667726,2.8536940711528302,0.8513447433397818,-1.6787853294038246,-0.07720749307758053,2.833334300116755,0.026506759014071155,0.011853188514177049,0.0992999999986921,0,not_applicable,199.72473939622898,0,0,1.0108006147248219,0.5978631296578256,708,0.7339666357738648,1.5546702734398454,0.22234991952811328,running
Pure Pursuit,42.21000000000017,-70.67919392394818,-89.25234811789431,2.924515966906931,0.7992140852486451,1.8364697046959488,-0.05602738571779549,3.037341041622425,0.09419920557251393,0.015973312716184296,0.10160000000070113,0,not_applicable,199.92470092351968,0,0,0.9976418739915162,0.6627131075831522,706,0.7252548656163116,1.6358522870315153,0.2206244765899192,running
Pure Pursuit,42.31000000000015,-70.46635818581515,-89.0426721232691,3.0418641248052136,0.7607887273444836,3.0429337507474763,-0.044294331447450486,3.2288093419816786,0.03268762293165355,0.02370869604848025,0.08490000000094255,0,not_applicable,200.32436895542347,0,0,1.0369957656253521,0.6434176785752063,712,0.7513901760889712,1.6009589378832936,0.22593517874601313,running
Pure Pursuit,42.41000000000013,-70.23337291852184,-88.8300881599556,3.2497588286498473,0.7223774349903254,5.39087977400408,-0.03454534475996298,3.5809521022056217,0.10262580311546719,0.005595703016076925,0.07799999999846818,0,not_applicable,200.72427457930448,0,0,1.001249694009607,0.6518284574289015,732,0.8385078776645041,1.5340616604440156,0.20843240730709414,running
Pure Pursuit,42.51000000000011,-69.97639785410648,-88.60968555196673,3.501144204043568,0.6974819217675261,6.518628472148107,-0.01299399098766013,3.901621675864658,0.05287630478623619,0.021913768609959305,0.07920000000183336,0,not_applicable,200.92423558515327,0,0,1.0329288785495836,0.6285652462767438,359,-0.7862372567191844,1.6622036490915264,0.21901940157552577,running
Pure Pursuit,42.61000000000009,-69.69918772638269,-88.37750878152416,3.7137537812292694,0.6961334802674393,5.513140297535015,0.003513383850112658,4.052458233797069,0.02335899909003896,0.028199445807235435,0.12230000000101882,0,not_applicable,201.3241584015198,0,0,1.0121564863329449,0.559335193927482,371,-0.7339666357738648,1.6764431138902747,0.22234991952811328,running
Pure Pursuit,42.71000000000007,-69.40612942647758,-88.12877771204957,3.954653964945785,0.7107261257056412,6.246738872779387,0.009469471382645988,4.338427668507208,0.018401325588889787,0.018465844969398404,0.0819000000014114,0,not_applicable,201.7240814561012,0,0,0.9973035810511469,0.5607116037012134,724,0.8036607970342913,1.6606126247485962,0.2153071491827237,running
Pure Pursuit,42.81000000000005,-69.09751324294689,-87.86031739494884,4.206101951720284,0.7256833553652098,6.5202520364815,0.007330331003930049,4.606679168593935,0.008174586985808885,0.008029413866452728,0.0821000000001959,0,not_applicable,202.1240043079715,0,0,1.0303119953901967,0.5187759801903205,362,-0.7731696014828544,1.6902502174876135,0.22193355627601147,running
Pure Pursuit,42.91000000000003,-68.77382978219309,-87.57086487414368,4.458328922520296,0.740797119835007,6.540451729642234,0.004274464562703731,4.860147124684508,0.03209799691030362,0.0029030468166979517,0.07869999999954302,0,not_applicable,202.52392694328296,0,0,0.9994084569941463,0.4724366007010892,721,0.7905931417979613,1.6158583124562536,0.21807316453493353,running
Pure Pursuit,43.01000000000001,-68.43530609698573,-87.26057220212175,4.706183362749093,0.7495022620132228,6.427068434244871,1.5056323890698493e-05,5.101035765944783,0.09120311540103981,0.007767355668949705,0.09850000000000136,0,not_applicable,202.92384954878725,0,0,1.0488970614938067,0.4548616311469976,734,0.8472196478220577,1.5494460401925472,0.20682039817249392,running
Pure Pursuit,43.10999999999999,-68.07959067346448,-86.93290512306214,4.9471581470881585,0.7402612026355513,6.2486733279616935,-0.0029478095388032538,5.331050695545263,0.025760778872629692,0.006706199629068266,0.11930000000148766,0,not_applicable,203.52373355158593,0,0,0.9871538902892799,0.4384907450463165,358,-0.790593141797961,1.6696711802463542,0.21807316453493358,running
Pure Pursuit,43.20999999999997,-67.70339505675408,-86.58924954563594,5.221507787599135,0.7400922415303302,7.1141106564273215,0.0034738258995376413,5.658569212730891,0.08441926801430995,0.009827700260810701,0.08220000000136451,0,not_applicable,203.92365654756168,0,0,1.0202947860416165,0.40051415873215185,362,-0.7731696014828544,1.6400276432931633,0.22193355627601147,running
Pure Pursuit,43.30999999999995,-67.31016585175853,-86.2256239693806,5.470346148602741,0.7582408532751193,6.452582304997909,0.0067895663476400915,5.866766018098926,0.020223708934189913,0.00438931334619852,0.07959999999940237,0,not_applicable,204.52354106573995,0,0,1.0459791400766274,0.385617522159291,338,-0.8777108433734939,1.4879436388260532,0.20148754432673713,running
Pure Pursuit,43.40999999999993,-66.90287269403126,-85.83908637568088,5.738578331473098,0.7757092384647044,6.955479974388465,0.00019976385145723468,6.1658941460415875,0.018273631495236687,0.018984460069399134,0.08599999999958641,0,not_applicable,205.12342554952946,0,0,1.0067028526552482,0.37337217498386854,702,0.7078313253012047,1.7691203765558456,0.21730154451353453,running
Pure Pursuit,43.50999999999991,-66.48031402913679,-85.42919709786439,6.013382160168442,0.7740425717842485,7.125888127673177,-0.009147024659512804,6.451167144240416,0.03038299183487369,0.015031662701252557,0.08880000000033306,0,not_applicable,205.72331000297947,0,0,1.0169414972382433,0.3539314850670783,717,0.7731696014828544,1.6755669499069807,0.22193355627601147,running
Pure Pursuit,43.60999999999989,-66.03656938393486,-85.0017369880558,6.287560338789709,0.7531880624774128,7.109664509333866,-0.010563540965712633,6.724348611101829,0.017568804367003216,0.007259218335443407,0.07869999999954302,0,not_applicable,206.3231945677771,0,0,1.04260677965083,0.3277683280255287,710,0.742678405931418,1.6760735735908066,0.2241197071405647,running
Pure Pursuit,43.70999999999987,-65.56764481303503,-84.56132579729152,6.5572381867040805,0.73447188086856,6.992967251849773,-0.0009465114697935437,6.9868570639746865,0.031024050575619196,0.02661542136751649,0.08400000000108321,0,not_applicable,206.92307914793503,0,0,1.0430791720505528,0.32688901382960733,363,-0.7688137164040778,1.7001735526812187,0.22293077345441883,running
Pure Pursuit,43.80999999999985,-65.07397680374406,-84.10843468237572,6.820483000650203,0.7365230758859567,6.826153417425047,0.010196391504319498,7.239853528446585,0.09998817600596495,0.02433111399223087,0.09680000000145128,0,not_applicable,207.72292525577768,0,0,1.0095741559010092,0.2998632147921043,362,-0.7731696014828544,1.6291974038146289,0.22193355627601147,running
Pure Pursuit,43.90999999999983,-64.56102113523725,-83.63575496584463,7.107225742192531,0.7596301651092574,7.435473906436014,0.014226439418797077,7.564030391293804,0.016753998554279014,0.000705013539697319,0.07699999999744023,0,not_applicable,208.32280983115598,0,0,1.0350588064786233,0.2932772293634097,354,-0.8080166821130677,1.5964778852383692,0.2144087504700342,running
Pure Pursuit,44.00999999999981,-64.0339137250174,-83.13781920036672,7.373742069181303,0.7795355425868076,6.910986427433796,0.007723074189096586,7.798324384935911,0.07928701190218192,0.019810968236821935,0.08039999999809311,0,not_applicable,209.12265593809957,0,0,1.0513754369492072,0.28767035599354246,744,0.8907784986098242,1.484960817807681,0.19934114321212792,running
Pure Pursuit,44.10999999999979,-63.49479027026619,-82.6158334520885,7.615253125847297,0.7771647454929269,6.262579308186966,-0.0028085991435380046,8.0,0.07439186114123099,0.017865087344606678,0.1107000000004632,0,not_applicable,209.72254051899282,0,0,1.0070524658976958,0.27847275068166105,713,0.755746061167748,1.720375449319754,0.22600293112750477,running
Pure Pursuit,44.20999999999977,-62.94128515804749,-82.08121456815833,7.763627492945666,0.7505303091248967,3.8474687415270292,-0.004777949727675867,8.0,0.04339843155717779,0.00828736017341214,0.08240000000014902,0,not_applicable,210.52238662504757,0,0,1.0429047535341476,0.2630251516258833,340,-0.8689990732159407,1.4960850637667191,0.20296376061118726,running
Pure Pursuit,44.309999999999754,-62.37414693389322,-81.54385172281039,7.85478254446071,0.7464097589748357,2.363725070543339,0.0055081586837976175,8.0,0.02504238220234089,0.011997261156540873,0.12449999999830652,0,not_applicable,211.32223273234698,0,0,1.000385876290428,0.26339942618515544,363,-0.7688137164040778,1.6926991500306252,0.22293077345441883,running
Pure Pursuit,44.409999999999734,-61.80147939519431,-81.00183153185215,7.910784423890472,0.773519852722663,1.4521745553929044,0.00726468095913316,8.0,0.014150014385509484,0.015451974013211967,0.10149999999953252,0,not_applicable,212.12207884144155,0,0,1.038954206303377,0.2586394358824496,700,0.6991195551436515,1.7706734754091449,0.2157016455530536,running
Pure Pursuit,44.509999999999714,-61.23033164389723,-80.4517987558697,7.945189653743785,0.7799504512712803,0.8921557610952835,-0.005766423945481578,8.0,0.006587458617815936,0.022150632629108102,0.1467000000019425,0,not_applicable,212.9219249498194,0,0,1.0141507101319707,0.24537168914658147,722,0.7949490268767376,1.5765203307083089,0.21713917065507293,running
Pure Pursuit,44.609999999999694,-60.65781962264326,-79.89925583279181,7.966326798663072,0.752965803469098,0.5481034625621461,-0.011220527629972532,8.0,0.01003701387900057,0.004637335414592769,0.11029999999934148,0,not_applicable,213.72177105839108,0,0,0.997361276139936,0.26030026964824704,373,-0.7252548656163114,1.7682727489351653,0.22062447658991918,running
Pure Pursuit,44.709999999999674,-60.07760945149791,-79.3523722165073,7.979312583011666,0.7230033910646974,0.3367320133692786,-0.0011773881020924518,8.0,0.008478600010915036,0.03447124681971303,0.1393999999983464,0,not_applicable,214.52161716746622,0,0,1.0467011505373776,0.2450681395071148,344,-0.8515755329008341,1.4921974801395104,0.20602954162158948,running
Pure Pursuit,44.809999999999654,-59.48758404463332,-78.81455784713074,7.987290509822128,0.7182678890904817,0.20687416988334206,0.015063626517369644,8.0,0.006486970798801676,0.03915984364324743,0.11549999999971305,0,not_applicable,215.32146327660732,0,0,0.9964468557965602,0.24596342930291812,367,-0.7513901760889712,1.6601005573410934,0.22593517874601313,running
Pure Pursuit,44.909999999999634,-58.89462384652054,-78.27903171751646,7.992191816857923,0.7470208635535864,0.12709490177871707,0.024325352858902433,8.0,0.02463240332475098,0.010431449141988125,0.10539999999892302,0,not_applicable,216.12130938575024,0,0,1.0000091104032205,0.2458629553119555,359,-0.7862372567191844,1.606455088118091,0.21901940157552577,running
Pure Pursuit,45.009999999999614,-58.307177326837106,-77.736904014887,7.9952029764273025,0.778215793935574,0.07808183142077318,0.016906523183125396,8.0,0.034372585246992805,0.020667649759325002,0.07779999999968368,0,not_applicable,216.92115549487957,0,0,0.9943157207925921,0.2558701342970868,362,-0.7731696014828544,1.6855149323084326,0.22193355627601147,running
Pure Pursuit,45.109999999999594,-57.7307011483837,-77.18279257974103,7.997052907861111,0.8064345015776793,0.04797023572697512,0.0043064855572060926,8.0,0.02806316400124835,0.048719162734084165,0.1453999999974087,0,not_applicable,217.72100160390377,0,0,1.0042434880213518,0.25473611098735394,722,0.7949490268767376,1.6434600912600046,0.21713917065507293,running
Pure Pursuit,45.209999999999575,-57.1655692815895,-76.61689342159583,7.998189428935781,0.8097346477846394,0.02947092138889218,-0.013960059116364875,8.0,0.006777621407632264,0.051780713489486985,0.12790000000251212,0,not_applicable,218.52084771230085,0,0,1.049136546900642,0.23735671131775343,714,0.7601019462465248,1.6006824207704715,0.22496523842325897,running
Pure Pursuit,45.309999999999555,-56.61615827642406,-76.060179110443,7.731632690142299,0.781357891135396,-3.033455112852055,-0.02588308256935563,7.694843917650576,0.030968738163355766,0.023091048932649016,0.08610000000075502,0,not_applicable,219.32069382054104,0,0,0.9948828034834567,0.2489448921046002,715,0.7644578313253012,1.6610391296143143,0.2239412608755995,running
Pure Pursuit,45.409999999999535,-56.086262596090116,-75.53490840027392,7.32350424588079,0.7391971507392365,-4.644562060404764,-0.02172492150655681,7.267176484101823,0.08537521877700531,0.019471331664458802,0.0952000000005171,0,not_applicable,220.12053992881533,0,0,0.992441045045329,0.262201491354016,706,0.7252548656163116,1.737673977888799,0.2206244765899192,running
Pure Pursuit,45.509999999999515,-55.57375862778305,-75.054180949017,6.874969181767734,0.6841462488744652,-5.107892815741204,-0.005225589652043675,6.81271496430667,0.04334482890662081,0.07485008150474215,0.15340000000207965,0,not_applicable,220.7204245093098,0,0,1.0418888414312752,0.26668266426306564,353,-0.8123725671918443,1.556787936772925,0.21352185245425553,running
Pure Pursuit,45.609999999999495,-55.07326558853397,-74.61968456148564,6.502322787363744,0.6510480960642404,-4.2407710850126445,0.02421956428315835,6.45089207326647,0.08881944547413387,0.10835343164912992,0.09179999999986421,0,not_applicable,221.32030908740356,0,0,0.9900984007823936,0.26919307082037375,363,-0.7688137164040778,1.5530911829984366,0.22293077345441883,running
Pure Pursuit,45.709999999999475,-54.5911460735655,-74.22207248235166,6.120261118410017,0.6777057517521463,-4.347918301965716,0.053165577061171095,6.067530957167173,0.09599825808263153,0.08297838625639642,0.08169999999907418,0,not_applicable,222.12015519200648,0,0,0.992222555157477,0.2771949700632338,352,-0.8167284522706209,1.4465941448395765,0.2126462795560751,running
Pure Pursuit,45.809999999999455,-54.15034908752025,-73.84855675036819,5.591829189153404,0.7648669562838037,-6.0517607107316,0.05882858364938391,5.515085047336857,0.1147536482152687,0.0029539685046255926,0.08150000000028967,0,not_applicable,222.5200782421492,0,0,0.9851372347715204,0.29926941052888256,346,-0.8428637627432809,1.4262399711427645,0.20762130414308752,running
Pure Pursuit,45.909999999999435,-53.759738506411466,-73.4796526745046,5.262431949564866,0.8463659147174853,-3.7485893063966103,0.030283592189479243,5.216970258513743,0.08043083395772753,0.08169517514704161,0.08240000000014902,0,not_applicable,223.1199626669797,0,0,0.944079930184945,0.3607403707371792,353,-0.8123725671918443,1.6009067755063702,0.21352185245425553,running
Pure Pursuit,46.009999999999415,-53.42171553783934,-73.11709663687459,4.799520234787637,0.901545429623182,-5.276982422088832,0.004422058757759951,4.734733707355983,0.09432624825300914,0.12089238835820026,0.08880000000033306,0,not_applicable,223.71984426642322,0,0,0.9889554098446434,0.3838881430841676,722,0.7949490268767376,1.6319176196370249,0.21713917065507293,running
Pure Pursuit,46.109999999999395,-53.136067051206645,-72.77480444560267,4.273625971908037,0.9284107048504535,-6.020626133190623,-0.00711368286290371,4.197457621468574,0.03881366536561765,0.11431026677602851,0.17649999999846955,0,not_applicable,224.1197434221886,0,0,0.9982517028010408,0.42124031335269063,359,-0.7862372567191844,1.6474134657751462,0.21901940157552577,running
Pure Pursuit,46.209999999999376,-52.89113699844699,-72.45903780553905,3.855063811843715,0.9392379464688183,-4.763299289451557,0.0003680244580212712,3.797296042962881,0.03972147495603481,0.06570769320147107,0.09200000000220143,0,not_applicable,224.5196361407852,0,0,1.027533471412264,0.4576228261209014,367,-0.7513901760889712,1.6550509271414455,0.22593517874601313,running
Pure Pursuit,46.309999999999356,-52.68116504289637,-72.17138965000142,3.41111953226047,0.9621432691271945,-5.053898741105516,0.02506138939891019,3.3496739377331632,0.08370362216125186,0.0023160095423779836,0.10570000000242885,0,not_applicable,224.9195064981444,0,0,1.0086640018738198,0.4999857070723668,377,-0.7078313253012047,1.6817477422874731,0.21730154451353453,running
Pure Pursuit,46.409999999999336,-52.49248124584025,-71.89578288638815,3.3041515894189235,0.9922789452386365,-1.2173110107538987,0.045927127228004565,3.2893884311850803,0.06341710594067931,0.009588624187941264,0.09599999999920783,0,not_applicable,225.11946802543508,0,0,0.9666444013895524,0.5602824766482597,388,-0.6599165894346617,1.7188992509764265,0.20897586948035743,running
Pure Pursuit,46.509999999999316,-52.32043349903695,-71.62042581254317,3.2180576754160057,1.037343870325862,-0.9797614751729622,0.06007277248894213,3.2061754419016273,0.021881707852085357,0.049441180426615716,0.0897000000001924,0,not_applicable,225.5192225428517,0,0,1.0017372435337535,0.5435933767361075,379,-0.6991195551436515,1.5904643298561383,0.2157016455530536,running
Pure Pursuit,46.609999999999296,-52.160518473682465,-71.33303192744458,3.3501678975598597,1.0938679606708552,3.425726155230624,0.06608786314022976,3.560630290939068,0.08811900568323155,0.05821152246983985,0.12569999999811898,0,not_applicable,225.91900528498576,0,0,1.0037013069367975,0.5786567604014008,377,-0.7078313253012047,1.6321147829374096,0.21730154451353453,running
Pure Pursuit,46.709999999999276,-52.00963739208144,-71.02157362709464,3.5556051613413864,1.147205189200938,5.327156342444552,0.05751691220501603,3.882883531804315,0.060531177735288315,0.031312371162687924,0.11300000000247223,0,not_applicable,226.11889743903197,0,0,0.9908907542715111,0.5424109005485329,359,-0.7862372567191844,1.5028722947247373,0.21901940157552577,running
Pure Pursuit,46.809999999999256,-51.86482504694531,-70.68598037245536,3.740236574565785,1.1898083667718868,4.78764361376439,0.04640905119588697,4.034369522717825,0.03929718248189698,0.02176513307311012,0.17509999999987258,0,not_applicable,226.51880325354975,0,0,0.9787092244076804,0.5268247159464702,357,-0.7949490268767376,1.5289672236277585,0.21713917065507293,running
Pure Pursuit,46.909999999999236,-51.7267593062414,-70.32540758613968,3.9644052557007274,1.233051872739824,5.812877320812642,0.039535664457640826,4.321524306647049,0.040432987546209165,0.0014974340688809207,0.08730000000056748,0,not_applicable,226.91872387457266,0,0,0.9766738354657978,0.5078225372214668,365,-0.7601019462465246,1.6015682647669676,0.22496523842325905,running
Pure Pursuit,47.009999999999216,-51.596327796706504,-69.93728199022117,4.205954432321854,1.2772340341250672,6.263567789813997,0.03252088369344031,4.590762034682127,0.04042250021091277,0.026801242063903885,0.11780000000172208,0,not_applicable,227.31864692915406,0,0,1.0121034844516765,0.49313995195467103,365,-0.7601019462465246,1.6418871226410043,0.22496523842325905,running
Pure Pursuit,47.1099999999992,-51.4738317290397,-69.52104283522075,4.452421184767907,1.3092800771030895,6.391084554606321,0.02607663883178458,4.845062887782486,0.05686361169443089,0.03318230153720947,0.09099999999762076,0,not_applicable,227.7185654144389,0,0,0.990921565819983,0.4629169796818471,378,-0.7034754402224281,1.7012820122312897,0.216496585417684,running
Pure Pursuit,47.20999999999918,-51.35469442395124,-69.07834982592509,4.697011341522527,1.3237524685085562,6.342422892862016,0.02750833685818363,5.086663474054109,0.09666425538844454,0.007073464870046564,0.09179999999986421,0,not_applicable,228.31838469119648,0,0,1.0356113036214352,0.4289484775872309,362,-0.7731696014828544,1.5888209871991212,0.22193355627601147,running
Pure Pursuit,47.30999999999916,-51.23922516199404,-68.6110464631131,4.913160423234521,1.3530964697429706,5.604922545990165,0.04328291173448361,5.257503596121544,0.03530621454118754,0.021014403628390355,0.07949999999823376,0,not_applicable,228.71825057726176,0,0,0.9849168525701597,0.3988078250395796,337,-0.8820667284522707,1.391291387038315,0.2007631459721537,running
Pure Pursuit,47.40999999999914,-51.13836654438115,-68.12957897326643,4.925025401428529,1.4098764072646475,0.3076685927164302,0.06099923196900693,4.943927282506164,0.09100837764398444,0.008810236220027079,0.08100000000155205,0,not_applicable,229.11812854472342,0,0,1.0041714047433665,0.36100491871266344,371,-0.7339666357738648,1.539345024358295,0.22234991952811328,running
Pure Pursuit,47.50999999999912,-51.066435137768444,-67.66104840326356,4.64737537844816,1.493412601015636,-3.159698327663838,0.06399252272890729,4.6090555686621455,0.08573712774591949,0.00805691941129183,0.14229999999670895,0,not_applicable,229.71799440522827,0,0,0.9877583819199758,0.3681587675281684,366,-0.755746061167748,1.5455711512755879,0.22600293112750477,running
Pure Pursuit,47.6099999999991,-51.032381057141826,-67.21288784682541,4.41839308355753,1.5780045363323265,-2.605852383746088,0.05722706686628923,4.386790140073551,0.07186428409429794,0.04606657356877086,0.08569999999963329,0,not_applicable,230.11789944773412,0,0,0.9488227678787547,0.4158166478493512,357,-0.7949490268767376,1.5704790205063566,0.21713917065507293,running
Pure Pursuit,47.70999999999908,-51.033278258944286,-66.77361855970629,4.381035491799042,1.637696272205837,-0.4251349196293308,0.042250025911700774,4.375879591594597,0.06961054380951617,0.061091040637490934,0.12179999999872848,0,not_applicable,230.51777730929288,0,0,0.9542247963313599,0.43126867715434763,337,-0.8820667284522707,1.4118260155356905,0.2007631459721537,running
Pure Pursuit,47.80999999999906,-51.06127076780764,-66.33100345361065,4.481650370541452,1.6739800012225792,2.6090261307555362,0.031201731833246812,4.641938104874596,0.08577591118313206,0.05234484958913299,0.08040000000164582,0,not_applicable,230.9176410675632,0,0,1.018328957274861,0.437905647987686,351,-0.8210843373493977,1.519087971581981,0.21178185999974475,running
Pure Pursuit,47.90999999999904,-51.10725356407426,-65.87660831400767,4.640493615599651,1.702678078061378,4.118935312856058,0.03379255324297705,4.893543901827058,0.08636417757728483,0.014607100111449611,0.08189999999785869,0,not_applicable,231.51746558207546,0,0,0.9641382522501323,0.4170117491200383,341,-0.8646431881371641,1.416467362772751,0.2037158366078793,running
Pure Pursuit,48.00999999999902,-51.17321739356327,-65.41536027579163,4.676256816384014,1.7561556786063925,0.927369058454488,0.04236218767386883,4.733230521445099,0.041236591945751355,0.021700049863676796,0.08120000000033656,0,not_applicable,231.917341768004,0,0,0.987467945222791,0.4128862901798891,384,-0.6773401297497683,1.7048980485106189,0.21187243445594103,running
Pure Pursuit,48.109999999999,-51.26024836818517,-64.96940074886966,4.47707670446629,1.8217222033269285,-2.266699133588137,0.038321857174383966,4.4495869030252,0.056058032112060355,0.041473943832890825,0.14610000000203627,0,not_applicable,232.31724860737862,0,0,0.9552880935743554,0.4185318060528181,357,-0.7949490268767376,1.5877812667982616,0.21713917065507293,running
Pure Pursuit,48.20999999999898,-51.36968811360749,-64.539680634399,4.413243018180239,1.8671620004818545,-0.726436791330336,0.018411966075113053,4.404433025333256,0.08885409176290093,0.05078564978420452,0.1257999999992876,0,not_applicable,232.71716064080078,0,0,1.0360486514781748,0.45634776672313,361,-0.7775254865616312,1.6769707669484655,0.22094939445953415,running
Pure Pursuit,48.30999999999896,-51.496581630809246,-64.11145391643338,4.511829812315809,1.8839287751171185,2.5564362374836502,0.003810842235163488,4.668886641928604,0.07316098604959906,0.034113515598736655,0.0838999999999146,0,not_applicable,233.31703153201954,0,0,0.9720004977920798,0.44984291798548287,723,0.7993049119555145,1.6003550220665677,0.21621722807816315,running
Pure Pursuit,48.40999999999894,-51.63595812446467,-63.67079636830682,4.715366015454566,1.881328431033738,5.277860284494382,-0.003536651039094932,5.039615840765247,0.013022058328257032,0.018651174377664503,0.08839999999921133,0,not_applicable,233.71694801546272,0,0,0.9961103466793149,0.43718425760293655,720,0.7862372567191844,1.6126173791185086,0.21901940157552577,running
Pure Pursuit,48.50999999999892,-51.77987946577039,-63.20959744324488,4.930145785575764,1.862963122225719,5.569415176044661,-0.006348295592275784,5.272307533059032,0.07479295990881035,0.0038566444309715564,0.08980000000136101,0,not_applicable,234.1168702287744,0,0,1.0133618098591368,0.43175789501454526,723,0.7993049119555145,1.6356547901543594,0.21621722807816315,running
Pure Pursuit,48.6099999999989,-51.92403148703277,-62.72584148645325,5.148037900841843,1.8455466390249327,5.65012083223011,-0.005902117942362838,5.495157868798775,0.021876588206680456,0.009190013219431137,0.09570000000280743,0,not_applicable,234.7167530966106,0,0,1.0141348982339211,0.4105598146487584,711,0.7470342910101948,1.710132853781185,0.22502164647011186,running
Pure Pursuit,48.70999999999888,-52.06724105699732,-62.216952313709726,5.404643664267344,1.8292168854616722,6.653997405230747,-0.009202808376760718,5.813437641364918,0.09171265654749837,0.005766175429355869,0.07880000000071163,0,not_applicable,235.3166312250773,0,0,1.0367694943599377,0.38547908008807497,709,0.7383225208526416,1.6909337476993374,0.2232291878884924,running
Pure Pursuit,48.80999999999886,-52.20857880444508,-61.68305663590491,5.623673945900921,1.812487721463926,5.679634417408206,-0.020962097976275674,5.972607106008165,0.061006765886728945,0.018523903188460977,0.07709999999860884,0,not_applicable,235.7165327039664,0,0,1.015418064223548,0.34455043329895185,718,0.7775254865616312,1.5480295386303282,0.22094939445953415,running
Pure Pursuit,48.90999999999884,-52.343444892092045,-61.1303571334906,5.745285273498403,1.7784706714402376,3.153481229252435,-0.038176086508464914,5.939022068826165,0.039765351911059274,0.029308719381957005,0.0821000000001959,0,not_applicable,236.3163891742801,0,0,0.9766382360053928,0.3250102298084683,704,0.7165430954587584,1.597214203126337,0.21894209497805303,running
Pure Pursuit,49.00999999999882,-52.45741903515579,-60.57323883412448,5.657443450066568,1.7101157479520634,-0.9996529430005996,-0.050946327533069116,5.645319979198343,0.05452572536260669,0.009626985553973455,0.07640000000108671,0,not_applicable,236.91622609681087,0,0,0.9837772634179784,0.32560236084537986,711,0.7470342910101948,1.597551875177734,0.22502164647011186,running
Pure Pursuit,49.1099999999988,-52.53440492908953,-60.03958476184722,5.2580909244724925,1.6148452674706681,-4.544690807956977,-0.05606373016935919,5.20297436927087,0.1011132174610466,0.03687929009056923,0.0877999999993051,0,not_applicable,237.5161051942662,0,0,0.9653145691193865,0.33561500174063946,717,0.7731696014828544,1.5808506623461824,0.22193355627601147,running
Pure Pursuit,49.20999999999878,-52.56549165336324,-59.529495052810766,5.037567497082792,1.5265850430088652,-2.509589220466948,-0.03476134969949055,5.007132002425798,0.0815824502460527,0.09162764468377915,0.07910000000066475,0,not_applicable,237.9160147802264,0,0,0.9522248739435133,0.3887429012347102,732,0.8385078776645041,1.5750264234112317,0.20843240730709414,running
Pure Pursuit,49.30999999999876,-52.55482788575706,-59.023240527962706,5.0875821840141295,1.4817270297924399,1.2969217550765233,-0.009700447976813088,5.167259672590444,0.07432944978117678,0.08818917074052379,0.08309999999767115,0,not_applicable,238.51587250462472,0,0,1.0198940125953566,0.4005715043004902,358,-0.790593141797961,1.6375163685092196,0.21807316453493358,running
Pure Pursuit,49.40999999999874,-52.518883349034446,-58.51150938244864,5.166477298649741,1.466472457976285,2.045814875951324,-0.0008088670696778122,5.292163671609262,0.05819499804285164,0.0694783781469539,0.10630000000233508,0,not_applicable,238.91576207148535,0,0,1.0247478379830788,0.39753966219840925,709,0.7383225208526416,1.719079016924381,0.2232291878884924,running
Pure Pursuit,49.50999999999872,-52.46906362328645,-58.00814230770411,5.00327522637208,1.4448599991391498,-1.8572637211107246,-0.008554838632024806,4.9807509265386685,0.04088006062455733,0.0333914911552462,0.07919999999828065,0,not_applicable,239.51558144223733,0,0,1.0247304871034564,0.3811174051509407,726,0.8123725671918445,1.5677805546597696,0.2135218524542555,running
Pure Pursuit,49.6099999999987,-52.411033439872426,-57.542016435159134,4.538324126455109,1.4142405500110864,-5.3009684560076575,-0.017823303953392506,4.473178380771314,0.02926477800342355,0.021466939867076817,0.0782000000008054,0,not_applicable,239.91549844341856,0,0,1.015619253683824,0.39188765040625195,706,0.7252548656163116,1.687892160088038,0.2206244765899192,running
Pure Pursuit,49.70999999999868,-52.345483725345794,-57.118755528943154,4.15315734841239,1.3847753150025128,-4.383254902663181,-0.030078703714697612,4.099998636188791,0.057488136281629104,0.003858496457540994,0.08869999999916445,0,not_applicable,240.31542149799995,0,0,1.0009540304795166,0.42408825706226294,723,0.7993049119555145,1.5580931302860923,0.21621722807816315,running
Pure Pursuit,49.80999999999866,-52.26797402058118,-56.71130553003537,4.145148242686118,1.351415135233442,-0.09114480776100109,-0.03981541218408126,4.14404286763629,0.07304965506826763,0.012109456576608224,0.1010000000007949,0,not_applicable,240.71530872551466,0,0,1.0033430141479245,0.4512925580775061,718,0.7775254865616312,1.5566645157864891,0.22094939445953415,running
Pure Pursuit,49.90999999999864,-52.171444307997064,-56.30225379442355,4.252712892196096,1.3021242754142728,2.7892393731902487,-0.045592354383322424,4.424072180005143,0.09535536887650713,0.007863452368479074,0.09829999999766414,0,not_applicable,241.11517250720019,0,0,1.0155155305146837,0.44634825860863725,725,0.8080166821130677,1.4927600112085675,0.2144087504700342,running
Pure Pursuit,50.00999999999862,-52.052110079804606,-55.88468678107973,4.4203412920430845,1.253876635331694,4.346741564706376,-0.03903688526732671,4.687387048666734,0.08495789679164648,0.00604101654192668,0.08709999999823026,0,not_applicable,241.71500303838695,0,0,0.9734076726836013,0.4569444857935933,705,0.7208989805375348,1.679574749941558,0.2197779812188762,running
Pure Pursuit,50.1099999999986,-51.90856762165886,-55.452640823124405,4.665761570180091,1.2209961638267193,6.363948619528026,-0.026735070705326117,5.056736153995887,0.047691519224276335,0.012118944176128466,0.0992000000010762,0,not_applicable,242.11492412201125,0,0,0.9788835643845649,0.4460072801319855,739,0.8689990732159409,1.475749771085796,0.20296376061118723,running
Pure Pursuit,50.20999999999858,-51.745798515768314,-55.00156924417544,4.905983715315825,1.2068340327905216,6.229156777595941,-0.015674207304249017,5.2886772479396855,0.07120300035132913,0.02075437135175484,0.06959999999978095,0,not_applicable,242.51484716640573,0,0,0.9667763138370631,0.43107723293428024,745,0.8951343836886005,1.4565406441213622,0.19864329610943066,running
Pure Pursuit,50.30999999999856,-51.56671036900181,-54.531326932352755,5.139251478453085,1.1916738721603957,6.048823962170848,-0.005869440110352124,5.51086611153291,0.049498743929829114,0.03390417892684461,0.07370000000150867,0,not_applicable,243.1147317331123,0,0,1.0099432298535078,0.4125180921078103,379,-0.6991195551436515,1.7647419498258132,0.2157016455530536,running
Pure Pursuit,50.40999999999854,-51.37331393225287,-54.03972544937945,5.404972952600244,1.1933177809776994,6.890375242887403,0.004058128765798904,5.828289002741825,0.09096537791138475,0.03136582422229317,0.07689999999982433,0,not_applicable,243.51465476749607,0,0,0.9962744169049869,0.3955226516339884,344,-0.8515755329008341,1.5451632354898652,0.20602954162158948,running
Pure Pursuit,50.50999999999852,-51.17296265143801,-53.523732185375316,5.6462520505517455,1.212760866449682,6.256564428927236,0.009102419108040053,6.0306293954929675,0.04315553830853689,0.010824083316354205,0.07099999999837792,0,not_applicable,244.11453933225837,0,0,1.0138476807166277,0.37898198238402137,359,-0.7862372567191844,1.6662321208527104,0.21901940157552577,running
Pure Pursuit,50.6099999999985,-50.970494838520196,-52.98161372376275,5.906851998906533,1.2307457148209626,6.757569888563522,0.0038283892908955682,6.322009039408098,0.022050101325065807,0.008053881993804524,0.09280000000089217,0,not_applicable,244.7144238991007,0,0,1.0196013572802354,0.35714423398240897,715,0.7644578313253012,1.679384737866258,0.2239412608755995,running
Pure Pursuit,50.70999999999848,-50.76517531933892,-52.41237926247052,6.174366229870276,1.2290409846953971,6.936862894008327,-0.003150189607327606,6.600538288307366,0.027143130444543813,0.006987108323153635,0.08120000000033656,0,not_applicable,245.31430848091327,0,0,1.0146045006834292,0.34132249587278407,348,-0.8341519925857275,1.563709926456391,0.20925385860619156,running
Pure Pursuit,50.80999999999846,-50.54892329907852,-51.81866093933579,6.44177567655245,1.2076164902981366,6.934145751850833,-0.0029682129913521887,6.867780805055359,0.059117316558054106,0.014121361313776504,0.07879999999715892,0,not_applicable,245.91419306176007,0,0,1.0146928278457206,0.3196172600213602,352,-0.8167284522706209,1.5636780154160188,0.2126462795560751,running
Pure Pursuit,50.90999999999844,-50.31816274899469,-51.20201841440989,6.705257928236514,1.207370397976907,6.832310372245809,0.007593177682203429,7.125006713777031,0.08273074280237247,0.014308845600071507,0.0801999999993086,0,not_applicable,246.7140391705303,0,0,1.0324594998275203,0.31073696094606296,354,-0.8080166821130677,1.5974489505504748,0.2144087504700342,running
Pure Pursuit,51.00999999999842,-50.0792986233169,-50.55881905167943,6.994073314369839,1.2296980341549424,7.489219276556902,0.010601448010928874,7.454179855892204,0.012749976281113887,0.007732305852078625,0.07989999999935549,0,not_applicable,247.31392375087094,0,0,1.0148649154288214,0.30591076271167406,708,0.7339666357738648,1.7454215956110077,0.22234991952811328,running
Pure Pursuit,51.1099999999984,-49.83895952290896,-49.886557280073816,7.263153650699782,1.249444175493804,6.977473287570497,0.0008005830292287135,7.6918206431268885,0.08252198441047597,0.02670444958941154,0.08030000000047721,0,not_applicable,248.11376985979646,0,0,0.996298181909696,0.29059192590601657,727,0.8167284522706209,1.6040612267617167,0.2126462795560751,running
Pure Pursuit,51.20999999999838,-49.59777597056365,-49.18525950513719,7.546424642489814,1.2467255821939265,7.345448594708799,-0.009905104784522856,7.997698510170662,0.059652047221356974,0.023074412504490383,0.07709999999860884,0,not_applicable,248.7136544257023,0,0,1.0111490066327145,0.2773679439251479,713,0.755746061167748,1.692123626927665,0.22600293112750477,running
Pure Pursuit,51.30999999999836,-49.348184303958085,-48.46308795703087,7.721342130124241,1.2205777725908105,4.535753575101857,-0.012030379640382923,8.0,0.027586647999685077,0.004637104827281746,0.11579999999966617,0,not_applicable,249.51350049930585,0,0,0.9913460584178738,0.2647920018492338,733,0.8428637627432809,1.5371008167786755,0.20762130414308752,running
Pure Pursuit,51.40999999999834,-49.08442778601449,-47.73123775684629,7.828804172982544,1.1955339718553777,2.786578698757589,-0.0019897085506922563,8.0,0.013319724843761403,0.031303367162383466,0.07669999999748711,0,not_applicable,250.31334659887986,0,0,1.0190704586641244,0.25356365872553804,349,-0.8297961075069509,1.5316870556989337,0.21008581223244965,running
Pure Pursuit,51.50999999999832,-48.806573769722114,-46.99551424030782,7.894824390923328,1.1940259064582355,1.7119582701745628,0.010964779161817302,8.0,0.011731503575427418,0.03432275173369703,0.08060000000043033,0,not_applicable,251.1131926953384,0,0,1.0129585443941966,0.24543433326803177,357,-0.7949490268767376,1.562776385157601,0.21713917065507293,running
Pure Pursuit,51.6099999999983,-48.52520551552114,-46.255530534997554,7.93538447205538,1.2226127454368978,1.0517560907667178,0.01969698022509971,8.0,0.026975877691134346,0.007133144279562131,0.07019999999968718,0,not_applicable,251.91303877599964,0,0,1.0027340026800826,0.24790651779428177,364,-0.7644578313253012,1.6365499037288176,0.2239412608755995,running
Pure Pursuit,51.70999999999828,-48.25165191802963,-45.509210885872776,7.9603029020871325,1.252337656619369,0.6461552794462033,0.012384631166752673,8.0,0.036662934081483446,0.021294877984882277,0.07319999999921833,0,not_applicable,252.71288486926372,0,0,0.9965297932195909,0.2538322069736735,346,-0.8428637627432809,1.5477615379514376,0.20762130414308752,running
Pure Pursuit,51.80999999999826,-47.99268765410312,-44.75562505006329,7.9756117510321305,1.2793229506721735,0.39697097912867463,0.0007386982420286611,8.0,0.03465858544423468,0.047080008290164344,0.07200000000295859,0,not_applicable,253.512730970346,0,0,1.0033823235095596,0.24314273022339614,733,0.8428637627432809,1.495356095405558,0.20762130414308752,running
Pure Pursuit,51.90999999999824,-47.748381714431574,-43.99587572291662,7.985016872290657,1.2820476783396746,0.24388248967869508,-0.01607702595327614,8.0,0.03028896614790857,0.04876199112231738,0.07030000000085579,0,not_applicable,254.31257706414408,0,0,1.010926145074623,0.2388219599531805,714,0.7601019462465248,1.605463738097813,0.22496523842325897,running
Pure Pursuit,52.00999999999822,-47.50789608888381,-43.234121746258694,7.9907949883466305,1.2525478096079832,0.14983127709342625,-0.026388930751817155,8.0,0.04118588250497112,0.018333751978790502,0.07009999999851857,0,not_applicable,255.11242316576812,0,0,0.9746269919615574,0.24264509755494687,735,0.8515755329008341,1.482468546214388,0.20602954162158948,running
Pure Pursuit,52.1099999999982,-47.25910929271419,-42.47456657418449,7.994344822978061,1.221196312052668,0.0920501165336951,-0.020958025626470204,8.0,0.053065470547832436,0.013831970703314767,0.07949999999823376,0,not_applicable,255.9122692738448,0,0,0.9972140406090034,0.2507797736682183,725,0.8080166821130677,1.598991087864925,0.2144087504700342,running
Pure Pursuit,52.20999999999818,-46.99479739058825,-41.71998410597527,7.996525694007377,1.1929903981214918,0.05655177021939295,-0.010577092030600439,8.0,0.052295698906901396,0.0427379439843083,0.07360000000034006,0,not_applicable,256.7121153766937,0,0,0.9707379320616648,0.2545502565410387,360,-0.7818813716404078,1.6639654081673132,0.21997807798827249,running
Pure Pursuit,52.30999999999816,-46.71501580230897,-40.970803646999336,7.997865530630862,1.1897185741216112,0.03474305992622995,0.005382538206854311,8.0,0.04005853684679276,0.046595294737349136,0.07860000000192713,0,not_applicable,257.511961481192,0,0,1.0059561628168092,0.24880317979927138,360,-0.7818813716404078,1.631748992403876,0.21997807798827249,running
Pure Pursuit,52.40999999999814,-46.430769583854534,-40.22318545448414,7.998688670630204,1.2192690232844763,0.02134469369138081,0.015262076225668407,8.0,0.03333047636602001,0.01753238214805819,0.07890000000188024,0,not_applicable,258.3118075893318,0,0,1.012971452747979,0.24908551394522244,360,-0.7818813716404078,1.633587840282115,0.21997807798827249,running
Pure Pursuit,52.50999999999812,-46.154313009473775,-39.47259209970577,7.999194373673873,1.2508695545956958,0.013113293697957218,0.009741648163682405,8.0,0.03696164094048532,0.013722422524617528,0.08989999999897691,0,not_applicable,259.1116536970436,0,0,1.0124509162168231,0.2502246338856401,348,-0.8341519925857275,1.5538528366032294,0.20925385860619156,running
Pure Pursuit,52.6099999999981,-45.890440158048825,-38.717435927166974,7.999505056630088,1.2563764432173272,0.00805626326126685,-0.0004166224985191874,8.0,0.037836767819497574,0.018997922731944783,0.07180000000062137,0,not_applicable,259.9114998055831,0,0,1.0099522710453606,0.2540871416735552,356,-0.7993049119555145,1.6332814542949547,0.21621722807816315,running
Pure Pursuit,52.70999999999808,-45.63032368881344,-37.96094673922292,7.99969592734066,1.2276894746683618,0.004949433699117378,-0.0023698353958304472,8.0,0.03695029126606517,0.009806391705820872,0.0858000000008019,0,not_applicable,260.71134591471514,0,0,1.0170001745422728,0.24859752709072272,354,-0.8080166821130677,1.5884387472059398,0.2144087504700342,running
Pure Pursuit,52.80999999999806,-45.36499709722322,-37.20625389906062,7.999813190381408,1.2192008820880273,0.0030407265933973804,0.0122563347640696,8.0,0.038672287005729646,0.018298057592140538,0.11409999999756337,0,not_applicable,261.5111920238695,0,0,1.00936728159701,0.2438559829959493,344,-0.8515755329008341,1.4911966508550785,0.20602954162158948,running
Pure Pursuit,52.90999999999804,-45.09884692642056,-36.451841035548675,7.999885231925574,1.245763143374759,0.0018680961859196543,0.018416893641856013,8.0,0.04116517658805303,0.008375170660348985,0.0762999999999181,0,not_applicable,262.3110381328738,0,0,1.0135637273508677,0.25071633049544134,350,-0.8254402224281743,1.5712504456833054,0.21092842571338713,running
Pure Pursuit,53.00999999999802,-44.841431935314446,-35.69440645951097,7.999929491259567,1.2762791271489333,0.0011476807442623027,0.006112064107516448,8.0,0.038419950642431776,0.03912592810550919,0.08039999999809311,0,not_applicable,263.11088424172476,0,0,1.0127319463767772,0.24887183475391925,704,0.7165430954587584,1.7202760604741139,0.21894209497805303,running
Pure Pursuit,53.109999999998,-44.596775522297676,-34.93274630289594,7.999956682356985,1.2815277552665223,0.0007050874043290634,-0.012441168370549885,8.0,0.032972368991923094,0.044702631124476255,0.14620000000320488,0,not_applicable,263.91073034993116,0,0,1.014481873329646,0.24338605495509405,711,0.7470342910101948,1.6536018438513123,0.22502164647011186,running
Pure Pursuit,53.20999999999798,-44.35584218136996,-34.16989325353407,7.999973387438425,1.2528183488363673,0.0004331764301479524,-0.023415969024602874,8.0,0.03923929078413457,0.016342094858414313,0.0800000000005241,0,not_applicable,264.7105764573175,0,0,0.9967844125601119,0.2449684130272231,724,0.8036607970342913,1.5755132593587218,0.2153071491827237,running
Pure Pursuit,53.30999999999796,-44.10686999909487,-33.409633930287406,7.999983650346964,1.2214406175732035,0.00026612561574879123,-0.01803555100156315,8.0,0.0485126461921042,0.014666375790339359,0.08060000000043033,0,not_applicable,265.5104225656322,0,0,1.0094755252685519,0.24107808683219217,726,0.8123725671918445,1.5399832177525818,0.2135218524542555,running
Pure Pursuit,53.40999999999794,-43.84252058117244,-32.65459155651127,7.999989955451916,1.193048421732815,0.00016349653035874212,-0.007697633117201714,8.0,0.047327984470453194,0.04266896468982928,0.07779999999968368,0,not_applicable,266.3102686742894,0,0,0.9902533206143876,0.2541960499535418,716,0.768813716404078,1.6845265590845433,0.22293077345441878,running
Pure Pursuit,53.50999999999792,-43.562724941246046,-31.90512364243265,7.999993829046648,1.1896624445463546,0.00010044548083953941,0.007945667939774968,8.0,0.03685501035740923,0.04564484807839975,0.07760000000089917,0,not_applicable,267.11011478118166,0,0,1.0116441437079997,0.2525545461532908,357,-0.7949490268767376,1.6320917217200412,0.21713917065507293,running
Pure Pursuit,53.6099999999979,-43.278444869797525,-31.157338034103446,7.9999962088224414,1.2192054532784518,6.170953351869457e-05,0.017181921470107504,8.0,0.03369550606809022,0.015671244817520247,0.076399999997534,0,not_applicable,267.90996088820947,0,0,1.007836271274164,0.2488216792666397,369,-0.742678405931418,1.6904941936271973,0.2241197071405647,running
Pure Pursuit,53.70999999999788,-43.00194405439522,-30.406650624269442,7.999997670857896,1.2508413230376467,3.791177558554182e-05,0.010710737220807313,8.0,0.03830735942579911,0.01643794440836288,0.07519999999772153,0,not_applicable,268.70980699645594,0,0,1.0180586220156753,0.2544795192748165,717,0.7731696014828544,1.678982014345376,0.22193355627601147,running
Pure Pursuit,53.80999999999786,-42.74204750194965,-29.662131298753213,7.827621865403932,1.2620014557695898,-1.9616621615086505,-0.0006542451176722639,7.803831454707031,0.048155869501823906,0.02807229609677364,0.07580000000118048,0,not_applicable,269.5096531024925,0,0,0.9918151102813036,0.2530245505013352,725,0.8080166821130677,1.612993586289826,0.2144087504700342,running
Pure Pursuit,53.909999999997844,-42.49800380301324,-28.94569835877944,7.4364657121567435,1.2390349661880542,-4.451414878355502,-0.0071862813009367045,7.382480377568382,0.08824707473251245,0.005703797474410521,0.08149999999673696,0,not_applicable,270.3094992069221,0,0,1.0181945899879623,0.2588090815782576,358,-0.790593141797961,1.643111145501348,0.21807316453493358,running
Pure Pursuit,54.009999999997824,-42.26545436077617,-28.270095824441867,6.9963496812149435,1.2268785340366124,-5.008873159632916,0.0009219201659878653,6.935578396193452,0.028146023313808693,0.004855654680174126,0.07979999999818688,0,not_applicable,270.9093837845945,0,0,1.0137481293261568,0.27270842095581826,357,-0.7949490268767376,1.6373812399821834,0.21713917065507293,running
Pure Pursuit,54.109999999997804,-42.04552560488679,-27.631469184894595,6.630945658450085,1.2502742080488933,-4.158351824567985,0.002542219067480076,6.580514498758145,0.0972364131707236,0.024311732302205513,0.15169999999997685,0,not_applicable,271.7092295004618,0,0,1.028481208986134,0.2872735213210321,712,0.7513901760889712,1.6946258004534134,0.22593517874601313,running
Pure Pursuit,54.209999999997784,-41.84449529015822,-27.03311718533347,6.143931550061783,1.262965574416746,-5.5604604270102165,-0.011815680343636425,6.074899615749064,0.06738939164415836,0.03932292543056093,0.08270000000010214,0,not_applicable,272.3091138739996,0,0,1.0136730083765575,0.2923501293717257,733,0.8428637627432809,1.49739734718512,0.20762130414308752,running
Pure Pursuit,54.309999999997764,-41.65903074948591,-26.476619312161684,5.724099596053608,1.2423107632823984,-4.777749732342942,-0.015641009607472854,5.666156576827489,0.08337511324317413,0.0012629351638047126,0.07689999999982433,0,not_applicable,272.90899243292097,0,0,1.0022680193070765,0.3211155443949171,361,-0.7775254865616312,1.6269483012803938,0.22094939445953415,running
Pure Pursuit,54.409999999997744,-41.48441666511346,-25.96204169195895,5.286006535990389,1.2345332794995287,-4.985563820179326,0.010282577977826246,5.2255432140356755,0.0688777210608299,0.030981962426240628,0.0971000000014044,0,not_applicable,273.30891548750236,0,0,0.9798720048081855,0.3334758520409084,379,-0.6991195551436515,1.6767520118333912,0.2157016455530536,running
Pure Pursuit,54.509999999997724,-41.32435692517272,-25.481284052018065,4.955495049079625,1.2730895897318533,-3.761269605727593,0.04931567489516102,4.90987957541763,0.02802289359831493,0.05223425280315297,0.12060000000246873,0,not_applicable,273.9087616380555,0,0,0.9931093560694331,0.3457377973307213,386,-0.6686283595922151,1.6444522520438274,0.2104061992652272,running
Pure Pursuit,54.609999999997704,-41.19699013480864,-25.034232686407247,4.490286770463547,1.3750435122134737,-5.303993238761908,0.08195248089414268,4.425095725203434,0.045769446661604096,0.011073706697633412,0.11359999999882575,0,not_applicable,274.3085805388825,0,0,1.0185348953989357,0.35944074557613,376,-0.7121872103799816,1.5663733314552677,0.21811666573475305,running
Pure Pursuit,54.709999999997684,-41.117493031530685,-24.608614423156556,4.2511660353207,1.492381493495727,-2.7212293333540405,0.09323652383704077,4.218163837128143,0.08126341101004733,0.026376759540678307,0.08550000000084879,0,not_applicable,274.70830161858083,0,0,1.0038895134992842,0.3890529807825285,383,-0.6816960148285449,1.5691423484273428,0.21261932153731194,running
Pure Pursuit,54.809999999997665,-41.091191311878646,-24.20975466024097,3.8726052805430276,1.6288466832876978,-4.308077380835447,0.09836299919650247,3.820358297237155,0.08234638193414462,0.06478470603767406,0.08340000000117698,0,not_applicable,275.1079367352905,0,0,0.9553579019056787,0.4112835302942995,364,-0.7644578313253012,1.4858874189071705,0.2239412608755995,running
Pure Pursuit,54.909999999997645,-41.11876976916593,-23.85276085162669,3.436315270507103,1.7693615058604362,-4.965044844186517,0.08913913987552016,3.376100796124376,0.048728588723375064,0.09464778093224879,0.14990000000025816,0,not_applicable,275.5075917281234,0,0,0.989238880245688,0.47661413150775217,351,-0.8210843373493977,1.4695196837512494,0.21178185999974475,running
Pure Pursuit,55.009999999997625,-41.18450603810368,-23.54908457749331,2.935219148008675,1.8762883323753723,-5.726084693613331,0.06946104035634422,2.86370680114577,0.08441794268693827,0.08803699146146826,0.08889999999794895,0,not_applicable,275.90748606267584,0,0,1.024244740408028,0.5439469319624364,365,-0.7601019462465246,1.5796779622785215,0.22496523842325905,running
Pure Pursuit,55.109999999997605,-41.27047715444391,-23.29336001857626,2.5780099599000414,1.9400609857484077,-4.065093394113668,0.05455855989215638,2.5287098085973083,0.014493686733007502,0.08927567027487093,0.08849999999682723,0,not_applicable,276.10744758996657,0,0,1.0094038027458951,0.6492265922720027,372,-0.729610750695088,1.641997264688553,0.22148173646210823,running
Pure Pursuit,55.209999999997585,-41.369579640494074,-23.051388528384855,2.646552806358732,1.9754402972569318,1.777372091705458,0.05362572347045609,2.7557471690705873,0.05188738877396732,0.07124854312041862,0.07199999999940587,0,not_applicable,276.30740911725724,0,0,1.0113937378427904,0.7166717664338025,384,-0.6773401297497683,1.6515906617608924,0.21187243445594103,running
Pure Pursuit,55.309999999997565,-41.482201605170005,-22.809910971056375,2.6804568421050416,2.025097705402006,0.8791593878143455,0.07967993731480424,2.7344687451401666,0.08749281680357612,0.004006730352333676,0.0761000000011336,0,not_applicable,276.70703928190835,0,0,1.0082658579207833,0.6706084113687824,363,-0.7688137164040778,1.4985437992495454,0.22293077345441883,running
Pure Pursuit,55.409999999997545,-41.614082407720765,-22.56878340771212,2.807434293115137,2.095985016313623,3.292629200003492,0.09712612435329943,3.009719762105391,0.03339254286097883,0.00807967714945157,0.07599999999996498,0,not_applicable,276.90645848979557,0,0,1.0289974905644004,0.6464756625705698,387,-0.6642724745134383,1.5740730069491367,0.20968660597172056,running
Pure Pursuit,55.509999999997525,-41.7724676623202,-22.327183801153044,2.959723125634854,2.181676048134258,3.948974032791015,0.10812811512362963,3.2023316963942383,0.09354610442761958,0.012028143761762422,0.07949999999823376,0,not_applicable,277.10642001708624,0,0,1.0093002627391792,0.6277742654350794,399,-0.6120018535681186,1.6442628568867488,0.20171054956370096,running
Pure Pursuit,55.609999999997505,-41.95740258790073,-22.090854938767446,3.037650107272875,2.2725089219261845,2.0207103951793925,0.10955841437644685,3.161794165152793,0.024310081329464696,0.04880735123245472,0.0932000000020139,0,not_applicable,277.5056799358128,0,0,0.9912062100177161,0.5837170859532409,384,-0.6773401297497683,1.5581236488657417,0.21187243445594103,running
Pure Pursuit,55.709999999997486,-42.16575192533116,-21.86860336449754,3.0558211481294646,2.367119025165861,0.47118995729489743,0.1061771951329628,3.084769103002365,0.0992610499257558,0.026406069767837437,0.09299999999967667,0,not_applicable,277.70520400299614,0,0,0.9919455743909926,0.567401285875364,379,-0.6991195551436515,1.5349351688652415,0.2157016455530536,running
Pure Pursuit,55.809999999997466,-42.384373695818155,-21.675950364523576,2.843485278917374,2.4684720167962375,-2.4164135974154988,0.10062732355059403,2.8141797883879147,0.01011779885334596,0.04013265122549825,0.07769999999851507,0,not_applicable,278.10494976529225,0,0,1.0102595126259217,0.5756757011544305,365,-0.7601019462465246,1.4999456339698163,0.22496523842325905,running
Pure Pursuit,55.909999999997446,-42.61680197302584,-21.507311025322423,2.8968935326077494,2.5467210515213683,1.384919717817783,0.08206637492176694,2.981977250699152,0.07847120483470449,0.00819991000529896,0.08509999999972706,0,not_applicable,278.3049112925829,0,0,1.0145429971315034,0.647253316479984,357,-0.7949490268767376,1.5060489323669592,0.21713917065507293,running
Pure Pursuit,56.009999999997426,-42.86625607382876,-21.348915872902797,3.0048309711556023,2.5960999276494143,2.798906097965257,0.05880852401430955,3.176784142404275,0.035257203292512695,0.03273589132571786,0.08289999999888664,0,not_applicable,278.7048143008157,0,0,0.9953304491254263,0.6338704783584196,379,-0.6991195551436515,1.62118813352468,0.2157016455530536,running
Pure Pursuit,56.109999999997406,-43.13517977761074,-21.19329247101628,3.1944950275021453,2.6344229552468805,4.918144167723799,0.051963414080132254,3.496645387927982,0.08596292850168245,0.013493313408192265,0.09959999999864522,0,not_applicable,278.90477582810644,0,0,1.0361119401771073,0.6007920959001991,363,-0.7688137164040778,1.5204495234486082,0.22293077345441883,running
Pure Pursuit,56.209999999997386,-43.42616302536059,-21.039314745765708,3.3756294223395122,2.6742864691590826,4.696963065663176,0.04153436211772866,3.664191334068463,0.034553606351582014,0.007154046315642759,0.08280000000127075,0,not_applicable,279.30467721348947,0,0,0.9969393478093446,0.6043933257063323,372,-0.729610750695088,1.6607144758618981,0.22148173646210823,running
Pure Pursuit,56.309999999997366,-43.74092741952923,-20.8860324059656,3.607987776909302,2.7028540516415585,6.02524225392131,0.02791581103701408,3.9781536477316433,0.05326429181185102,0.0008612712461975036,0.09239999999977044,0,not_applicable,279.70458683437124,0,0,1.0144480106425142,0.5852007125599934,366,-0.755746061167748,1.6636352760343307,0.22600293112750477,running
Pure Pursuit,56.409999999997346,-44.08063902087888,-20.728255437211164,3.8629378083932355,2.7166747395580573,6.611062921235256,0.02153750994707481,4.269094069032827,0.07496857622096945,0.0018245512824410781,0.07469999999898391,0,not_applicable,280.1045036466535,0,0,0.994561963052927,0.5434177577983201,366,-0.755746061167748,1.6528818092081299,0.22600293112750477,running
Pure Pursuit,56.509999999997326,-44.446184936980416,-20.5648138787459,4.12459590164565,2.7308335216084307,6.785008451552841,0.0149643171000515,4.54143865354852,0.0739816105949763,0.010629713267363172,0.0895000000014079,0,not_applicable,280.50442568500426,0,0,1.032563872987892,0.528638355511251,378,-0.7034754402224281,1.7737970342277267,0.216496585417684,running
Pure Pursuit,56.60999999999731,-44.83788156282517,-20.39609649531835,4.3844248407213815,2.745650190398344,6.737576987103484,0.005907471368802851,4.798353600355998,0.047741964874044314,0.027354866010542267,0.06979999999856545,0,not_applicable,280.9043486772831,0,0,0.9725217276892552,0.4910392279059209,742,0.8820667284522705,1.4879808852713283,0.20076314597215372,running
Pure Pursuit,56.70999999999729,-45.2546976007178,-20.22089411454098,4.638088504813437,2.744400667533007,6.577706362234119,-0.006565187952131655,5.042195476944793,0.019442672557786558,0.031578805283166034,0.0741000000026304,0,not_applicable,281.3042717245331,0,0,1.035078206744209,0.4563730254699655,711,0.7470342910101948,1.6931207443729792,0.22502164647011186,running
Pure Pursuit,56.80999999999727,-45.69335365802686,-20.03334950527239,4.883622060746221,2.727242772110998,6.3668860054585075,-0.013048194470109178,5.274777105359288,0.0899275810453486,0.018630696564891025,0.07279999999809661,0,not_applicable,281.70419448558636,0,0,0.9974463250373907,0.4314479462858966,722,0.7949490268767376,1.618547459962764,0.21713917065507293,running
Pure Pursuit,56.90999999999725,-46.151563954207795,-19.830402388634436,5.120369535220544,2.710345898807054,6.139055724305429,-0.011399156586798409,5.497527633176764,0.011871255314763804,0.00633973094568141,0.07319999999921833,0,not_applicable,282.30407878142654,0,0,1.0089944348749955,0.42158179767588283,724,0.8036607970342913,1.644302762389269,0.2153071491827237,running
Pure Pursuit,57.00999999999723,-46.62972521896154,-19.610000515445225,5.388509518515092,2.694214420024279,6.953089163948363,-0.008454589188464959,5.81567845161538,0.08314961366374156,0.00682857293060124,0.07769999999851507,0,not_applicable,282.9039631449661,0,0,1.0035445194259922,0.39235760435979755,711,0.7470342910101948,1.699051075643395,0.22502164647011186,running
Pure Pursuit,57.10999999999721,-47.12929597770424,-19.370477984763163,5.669563360985744,2.678313581848549,7.287956098744424,-0.0014846460075720763,6.1173051283895346,0.07221325151290803,0.02189778028039413,0.07150000000066825,0,not_applicable,283.30388619562007,0,0,1.0318726806129206,0.3687317630638032,352,-0.8167284522706209,1.5729069614824223,0.2126462795560751,running
Pure Pursuit,57.20999999999719,-47.6498044998057,-19.113922079000528,5.9166908336452835,2.680041207541235,6.408217570355621,0.008257213705087418,6.310385118021306,0.05209606150607937,0.020425190267348015,0.07350000000272416,0,not_applicable,283.903770777391,0,0,1.0121754333043116,0.34176265942939693,353,-0.8123725671918443,1.5461916343706312,0.21352185245425553,running
Pure Pursuit,57.30999999999717,-48.194055934652276,-18.848150488441252,6.176117623490154,2.7007458654379164,6.7271489285013075,0.011733067792556293,6.589405726495414,0.05864908345519377,0.0017402186655264273,0.07300000000043383,0,not_applicable,284.50365532913935,0,0,1.0067116541894776,0.3317393387946683,364,-0.7644578313253012,1.6406066741231582,0.2239412608755995,running
Pure Pursuit,57.40999999999715,-48.765265060912974,-18.578195763167713,6.4387258012500395,2.7194629336777916,6.809644920208369,0.005765379116738527,6.857082115510991,0.0905237164486508,0.014709138040224445,0.07889999999832753,0,not_applicable,285.1035397880489,0,0,1.0069472480714312,0.3281134621887354,711,0.7470342910101948,1.7118553021478895,0.22502164647011186,running
Pure Pursuit,57.50999999999713,-49.36338485135788,-18.30406021282929,6.699407503869973,2.7175147753313635,6.759689843551655,-0.0016569468417144118,7.114694785605205,0.052946810582010485,0.010602431244969068,0.11530000000092855,0,not_applicable,285.90338585388645,0,0,1.017308120547321,0.313947248250813,725,0.8080166821130677,1.6110758537859464,0.2144087504700342,running
Pure Pursuit,57.60999999999711,-49.97735419946032,-18.02082576992898,6.8144499200936774,2.693298491884013,2.983143982524963,-0.0014920957310715147,6.9977219021224695,0.02507371236107503,0.014725240047502197,0.09239999999977044,0,not_applicable,286.5032704341579,0,0,1.034605796043018,0.29699466440110267,358,-0.790593141797961,1.617667360350011,0.21807316453493358,running
Pure Pursuit,57.70999999999709,-50.58442255526433,-17.73347901658103,6.666410502051514,2.687099994692453,-1.684710473260873,0.00982371445102732,6.64597887276759,0.09662890651579067,0.021443715405760955,0.07919999999828065,0,not_applicable,287.10315501277023,0,0,1.004469518222117,0.29271234226412557,363,-0.7688137164040778,1.656574452407295,0.22293077345441883,running
Pure Pursuit,57.80999999999707,-51.166235377430866,-17.457764440901286,6.322072245978103,2.711995522899913,-3.9186202838627704,0.01570825893187524,6.274548473665237,0.06334976988235441,0.0036727924094499542,0.09249999999738634,0,not_applicable,287.90300112063966,0,0,1.0090831002103395,0.3081540693978613,361,-0.7775254865616312,1.6849364797273998,0.22094939445953415,running
Pure Pursuit,57.90999999999705,-51.71116354639,-17.2087387115703,5.814676456179057,2.7500926283070175,-5.800177630060421,0.00426313410776517,5.742054482972061,0.06312716675312954,0.04495973156180355,0.07910000000066475,0,not_applicable,288.5028855135036,0,0,1.002579102295508,0.31261376916597217,727,0.8167284522706209,1.5656858498824335,0.2126462795560751,running
Pure Pursuit,58.00999999999703,-52.21848257859864,-16.991135169074525,5.369418064649982,2.7694899908956585,-5.069354543490068,-0.02063617479292749,5.30774100183005,0.09082254986458455,0.0685170371695687,0.08439999999865222,0,not_applicable,288.902808568085,0,0,1.02741370068674,0.32499370720223053,708,0.7339666357738648,1.6255209281091223,0.22234991952811328,running
Pure Pursuit,58.10999999999701,-52.693875670537494,-16.792344528165625,5.042404917557196,2.7359085249422685,-3.7214579811730086,-0.047165942334753914,4.997272266532681,0.028587369489531084,0.04536323586595792,0.1010999999984108,0,not_applicable,289.50269195837404,0,0,0.9757941593988331,0.33718555113601456,702,0.7078313253012047,1.5928643871087693,0.21730154451353453,running
Pure Pursuit,58.20999999999699,-53.12453497249935,-16.597769524115897,4.55977058000251,2.65753641946119,-5.508948169847665,-0.06233015490628791,4.491510100572429,0.08964886498764518,0.010629206824191328,0.23870000000059122,0,not_applicable,289.9025982458952,0,0,0.9750870630033046,0.3628303736684516,699,0.6947636700648747,1.6203766047127817,0.21491658495418042,running
Pure Pursuit,58.30999999999697,-53.50336407944964,-16.39385247750692,4.17333532065017,2.554730389635844,-4.397690407582866,-0.0700314180055858,4.120001539244224,0.1082813889681175,0.03948341478922757,0.08080000000276755,0,not_applicable,290.5024026014826,0,0,0.9943424185444316,0.40307897571193807,699,0.6947636700648747,1.6268372046845718,0.21491658495418042,running
Pure Pursuit,58.40999999999695,-53.81671773797298,-16.179565313130457,3.5807172338605944,2.421564003524584,-6.839259381506229,-0.06970770279874922,3.4894093824995474,0.08909977439279136,0.12761549138605588,0.0819000000014114,0,not_applicable,290.70220883536774,0,0,1.001890626222576,0.45499688638147184,707,0.729610750695088,1.6369523555051322,0.22148173646210823,running
Pure Pursuit,58.50999999999693,-54.07054703140528,-15.955171722685877,3.2921392089290764,2.336393552491256,-3.2840606061866584,-0.04754646307678551,3.2523111732419285,0.01949610741719651,0.1115178284747742,0.09930000000224481,0,not_applicable,291.1019833908965,0,0,1.0235209675957737,0.5342200328511175,717,0.7731696014828544,1.590990697625053,0.22193355627601147,running
Pure Pursuit,58.60999999999691,-54.27399997701823,-15.739775101605396,2.788459861193906,2.2765266659005183,-5.75646705099206,-0.03851607483117163,2.7164925038298704,0.08815478986489365,0.05841644834940851,0.09670000000028267,0,not_applicable,291.5019064454779,0,0,1.044559238795827,0.5934307082089589,697,0.6860518999073215,1.725023350587505,0.21337555590733343,running
Pure Pursuit,58.70999999999689,-54.44567329635824,-15.53359032489059,2.629414557889781,2.247002083903136,-1.8099590753801653,-0.030341200030509725,2.6074639536558895,0.02860565625954179,0.027893325801116475,0.12089999999886913,0,not_applicable,291.70183911209824,0,0,1.016539237209471,0.7034743521661944,730,0.8297961075069509,1.5342239618683444,0.21008581223244965,running
Pure Pursuit,58.80999999999687,-54.61031784083674,-15.323312103209192,2.70605736597993,2.22384775652189,1.9874107243484085,-0.032543005896477746,2.828155630324622,0.05932064379010664,0.011335917971072362,0.07899999999949614,0,not_applicable,291.90180063938897,0,0,1.0069585329066875,0.712177241665376,712,0.7513901760889712,1.5943266873063375,0.22593517874601313,running
Pure Pursuit,58.90999999999685,-54.77353008078813,-15.099010275080376,2.832085625085454,2.188086057626444,3.268015877271462,-0.039813955754264954,3.032858953707076,0.07495649890767919,0.028329923882822072,0.08700000000061436,0,not_applicable,292.3016060331372,0,0,1.0011635068295612,0.7168680727904044,709,0.7383225208526416,1.6579662977442446,0.2232291878884924,running
Pure Pursuit,59.00999999999683,-54.9387433509694,-14.854451460054783,3.0531973771253957,2.1515651604509736,5.733608648143034,-0.03905067794712243,3.405446489899757,0.03366421459192865,0.024344725695771174,0.11909999999915044,0,not_applicable,292.50147334655026,0,0,1.0145414115557865,0.6745981753356085,719,0.781881371640408,1.5756621967310074,0.21997807798827246,running
Pure Pursuit,59.10999999999681,-55.10641685467839,-14.586351171541878,3.2552696819203253,2.1131061114719287,5.2399002026500785,-0.03939302625787122,3.5771873973904036,0.05844371120418261,0.027230455980898682,0.08850000000037994,0,not_applicable,292.9013539940428,0,0,1.0049456197360094,0.6122456599502497,713,0.755746061167748,1.5864098162663642,0.22600293112750477,running
Pure Pursuit,59.20999999999679,-55.27546463039536,-14.292627690944734,3.503190038734859,2.0734661901909357,6.4287777052471595,-0.038571128198029346,3.8981474524450412,0.08282409379957376,0.00420820248096021,0.09980000000098244,0,not_applicable,293.1013155213335,0,0,1.031458370738454,0.5743682751898543,715,0.7644578313253012,1.573428732983126,0.2239412608755995,running
Pure Pursuit,59.30999999999677,-55.443878822043494,-13.972567068854172,3.713720912209827,2.0316354813580144,5.459237809481685,-0.04458089079671947,4.049113819683027,0.0445812806800138,0.0004073874594592297,0.154699999999508,0,not_applicable,293.5012044846179,0,0,1.0334813236621547,0.5308296011046709,708,0.7339666357738648,1.6031440324282593,0.22234991952811328,running
Pure Pursuit,59.40999999999675,-55.606095149517095,-13.631708107497898,3.8275252680515153,1.9864611065323934,2.951040063815249,-0.056042299404475075,4.008824918591352,0.02236746535118862,0.009941608946515856,0.09110000000234209,0,not_applicable,293.90109625395223,0,0,1.0018728727390054,0.48673019336604173,717,0.7731696014828544,1.5156197092056367,0.22193355627601147,running
Pure Pursuit,59.50999999999673,-55.74715854123284,-13.291036070570529,3.616779335954453,1.9147700428845797,-2.3983198778849957,-0.07234399857484036,3.5876932802630157,0.015066485151138538,0.011548211887125959,0.07790000000085229,0,not_applicable,294.30098604389406,0,0,0.995247354429706,0.4716737678685318,724,0.8036607970342913,1.468352493899361,0.2153071491827237,running
Pure Pursuit,59.60999999999671,-55.858067996226644,-12.952105041250732,3.5418334696624734,1.8319283968883622,-0.8528950433576199,-0.0795571045449844,3.531489831618691,0.05630986701778071,0.013749310639919798,0.07740000000211467,0,not_applicable,294.7007634499129,0,0,1.0036064114916334,0.49237954888946517,708,0.7339666357738648,1.5446563669076072,0.22234991952811328,running
Pure Pursuit,59.70999999999669,-55.93972091543161,-12.610485285447597,3.498894908389607,1.7523530599336228,-0.4886471781627,-0.07804032008868168,3.4929687518462034,0.0986209089786216,0.025253652260269988,0.0762999999999181,0,not_applicable,294.9007249772036,0,0,1.0303102319518618,0.4994366074046385,714,0.7601019462465248,1.507018847856483,0.22496523842325897,running
Pure Pursuit,59.80999999999667,-55.99401758884198,-12.262458009449828,3.544009778870499,1.6766950384431363,1.1698655053955154,-0.07563156214292319,3.6158814589291586,0.05314311546854959,0.013015609042344778,0.07229999999935899,0,not_applicable,295.3004305671017,0,0,1.018732857388602,0.5088675951019617,718,0.7775254865616312,1.4898072692707833,0.22094939445953415,running
Pure Pursuit,59.90999999999665,-56.02270804352324,-11.901162294742708,3.6942334763136917,1.604051575212551,3.8954233905248126,-0.07371646456365312,3.9335521179229804,0.029576394592369746,0.0022339395821440178,0.07469999999898391,0,not_applicable,295.7001437608421,0,0,1.0173650457690737,0.5045596830719559,701,0.7034754402224284,1.5801483504678877,0.21649658541768402,running
Pure Pursuit,60.00999999999663,-56.02520500550794,-11.528633156367217,3.753461719121432,1.5272532315795417,1.5358367976543752,-0.07373380400611909,3.847817156079129,0.03975689686925674,0.0004228133848780402,0.07090000000076202,0,not_applicable,296.09990465074475,0,0,1.018857262351324,0.4835731358466982,704,0.7165430954587584,1.566055971093225,0.21894209497805303,running
Pure Pursuit,60.10999999999661,-55.999622837828255,-11.166257644355017,3.572821014917528,1.4398177375963113,-2.0557179317123575,-0.07636385275900118,3.547889925950196,0.07034873621329607,0.008719315725205234,0.09079999999883626,0,not_applicable,296.49974739617403,0,0,1.0055818098555631,0.49085999200581926,698,0.6904077849860983,1.6346252238117986,0.21414126651260781,running
Pure Pursuit,60.20999999999659,-55.9450729867296,-10.820170817145543,3.469950372462268,1.3565219466408536,-1.1706831263420092,-0.06578178327920954,3.455752702283327,0.09296660052296518,0.05335325274880809,0.06920000000221194,0,not_applicable,296.6997089234647,0,0,1.0211922379617653,0.5222798641572179,701,0.7034754402224284,1.639515146737603,0.21649658541768402,running
Pure Pursuit,60.30999999999657,-55.86770243526109,-10.497155273662116,3.2467816919930335,1.2893067462276147,-2.5396925917612556,-0.05373778659103329,3.2159811132861424,0.02806383553682024,0.04721653038116358,0.4427999999983001,0,not_applicable,297.0996012378876,0,0,1.0322727592894885,0.5584477923985107,701,0.7034754402224284,1.6942496347735907,0.21649658541768402,running
Pure Pursuit,60.40999999999655,-55.77123590272919,-10.180142169407784,3.371265419697326,1.2473853497689142,3.227964914273236,-0.04710545103065985,3.569578183420357,0.05235392721543603,0.016469113080324504,0.0800000000005241,0,not_applicable,297.4994110264891,0,0,1.0129022495628417,0.5867354461858014,725,0.8080166821130677,1.530638512840568,0.2144087504700342,running
Pure Pursuit,60.50999999999653,-55.65502497038155,-9.852195453822604,3.5717395715954483,1.2066841297133695,5.198458790397447,-0.05333819903091406,3.8911112987370706,0.09736337763091725,0.017371906351897337,0.07499999999893703,0,not_applicable,297.69921957274977,0,0,0.9889201707296548,0.5486609403099669,703,0.7121872103799816,1.618204275939721,0.21811666573475305,running
Pure Pursuit,60.60999999999651,-55.51849728934551,-9.511592434549057,3.753179022331387,1.163946121108434,4.7048734147155535,-0.0619140424173599,4.042226913067004,0.06493197826855791,0.013024715830677991,0.07959999999940237,0,not_applicable,298.0989867355015,0,0,0.9917207733683685,0.4770895113187584,713,0.755746061167748,1.4661348329002395,0.22600293112750477,running
Pure Pursuit,60.70999999999649,-55.35899424288892,-9.162544523629387,3.9106392285874465,1.1031271750207314,4.0830719850885355,-0.07118593052725823,4.16148622084024,0.05344579655859208,0.022627563864388023,0.07880000000071163,0,not_applicable,298.4988003791581,0,0,0.9772030086864301,0.481625733546429,707,0.729610750695088,1.5689486720560006,0.22148173646210823,running
Pure Pursuit,60.80999999999647,-55.17548000959469,-8.822793986919104,3.837742600119916,1.0182505334154022,-0.8295744138204997,-0.07181032601251754,3.8276817872053965,0.05010875254510067,0.00103531964349024,0.07760000000089917,0,not_applicable,298.89867897272677,0,0,1.0016253415365812,0.46189891103215747,706,0.7252548656163116,1.5723486225010632,0.2206244765899192,running
Pure Pursuit,60.90999999999645,-54.97064653487806,-8.50277152773466,3.7812290830956563,0.9496427686783502,-0.6431321824330638,-0.056444776729467364,3.7734293818766096,0.04675282506799716,0.013622847654676917,0.08379999999874599,0,not_applicable,299.29860202730816,0,0,1.0103812763499884,0.49170354366760394,712,0.7513901760889712,1.6048657413068612,0.22593517874601313,running
Pure Pursuit,61.00999999999643,-54.74601151631552,-8.194776046708306,3.8392976206905036,0.9016786435285629,1.5057646925916979,-0.041830687326929336,3.931805552354826,0.04952634491301192,0.017297114396038538,0.08769999999813649,0,not_applicable,299.6985186905955,0,0,1.0220935682812458,0.505726833753978,717,0.7731696014828544,1.5905456274640726,0.22193355627601147,running
Pure Pursuit,61.10999999999641,-54.49929369298913,-7.890224297866445,3.988404159485327,0.8562715569255501,3.866454552692611,-0.03711504501258047,4.225943075959765,0.0495710229134103,0.027943977609812265,0.07520000000127425,0,not_applicable,300.0984161647263,0,0,1.010128513008434,0.5086406259583393,708,0.7339666357738648,1.6723663435881222,0.22234991952811328,running
Pure Pursuit,61.20999999999639,-54.228578512267376,-7.582976474079612,4.186038644093912,0.8242680656843455,5.124823894111166,-0.0214790396306886,4.500886548896443,0.037961839367403535,0.034397876075916045,0.08599999999958641,0,not_applicable,300.49831780954776,0,0,0.9628518500433387,0.5114620111457108,733,0.8428637627432809,1.5648345489842381,0.20762130414308752,running
Pure Pursuit,61.30999999999637,-53.936314001665714,-7.2668201086195365,4.407373447202447,0.8097667141022051,5.739392544856221,-0.0069742215036133585,4.7599778985795345,0.028996359909394618,0.0322238805264039,0.07950000000178647,0,not_applicable,300.8982307933948,0,0,1.0029276564142735,0.4970028819519644,370,-0.7383225208526414,1.7619443538518516,0.22322918788849236,running
Pure Pursuit,61.40999999999635,-53.62484706064856,-6.937614487935601,4.6381066494173355,0.8115876459686429,5.983100723628834,0.004135073381265525,5.005683519565331,0.06970364068611376,0.0223317575142552,0.07219999999819038,0,not_applicable,301.29815193049643,0,0,0.9837058658626995,0.45113829191593846,366,-0.755746061167748,1.6730337046311536,0.22600293112750477,running
Pure Pursuit,61.50999999999633,-53.299428284606236,-6.589759151629284,4.870177345570439,0.8290486179168775,6.017783035809208,0.00779544850271943,5.239884952998256,0.0557017033861999,0.007290201199435131,0.07989999999935549,0,not_applicable,301.89803651028984,0,0,1.042227961532046,0.43952907412432046,357,-0.7949490268767376,1.644801772504696,0.21713917065507293,running
Pure Pursuit,61.60999999999631,-52.96147342013181,-6.219037436588561,5.141124037492182,0.8456273616258412,7.025869415152712,0.003731666978940149,5.57276428708571,0.0465507382285026,0.005603645558775128,0.0745999999978153,0,not_applicable,302.2979594583897,0,0,0.9900437498358301,0.41619467372567676,352,-0.8167284522706209,1.6003100026134311,0.2126462795560751,running
Pure Pursuit,61.70999999999629,-52.61007022785036,-5.825624347172998,5.389063148670065,0.8442983810279423,6.429264021233969,-0.0013364920373434498,5.784050439615579,0.026081033615998468,0.000497032320680546,0.06950000000216505,0,not_applicable,302.89784355345796,0,0,1.0442278764589283,0.3931186567353741,712,0.7513901760889712,1.7028143085248435,0.22593517874601313,running
Pure Pursuit,61.80999999999627,-52.24135865231202,-5.412884021525014,5.6583108132029265,0.8428784691824256,6.981812244783185,0.0007158831902077445,6.087244373148383,0.07237400925967302,0.005245071824287351,0.07070000000197751,0,not_applicable,303.4977279880981,0,0,0.9950239011030999,0.3739799999074467,347,-0.8385078776645043,1.5558760237511604,0.2084324073070941,running
Pure Pursuit,61.90999999999625,-51.85728606222475,-4.977236534297502,5.935095912510633,0.8611409243217536,7.177264095764251,0.003648981093980298,6.376037222779352,0.09148301375488334,0.010782923174929238,0.07090000000076202,0,not_applicable,304.09761249848435,0,0,1.0183119303923271,0.36078751877160065,730,0.8297961075069509,1.5881166529268802,0.21008581223244965,running
Pure Pursuit,62.00999999999623,-51.45890507983049,-4.517346441305379,6.211681392555646,0.8607146043073848,7.172087804950404,-0.005008042467908402,6.652304693005673,0.08300191932367391,0.009302358850451498,0.07079999999959341,0,not_applicable,304.6974970780391,0,0,1.0425426977363206,0.33917872733967286,734,0.8472196478220577,1.539604717534249,0.20682039817249392,running
Pure Pursuit,62.10999999999621,-51.040906306690374,-4.038177622894059,6.483892716918295,0.8396387712218627,7.058662369091175,-0.006262729421488436,6.917547629464764,0.04719118052339228,0.011622291085759073,0.08929999999907068,0,not_applicable,305.297381659782,0,0,1.029402590295716,0.3263648296348173,373,-0.7252548656163114,1.7376954680445549,0.22062447658991918,running
Pure Pursuit,62.20999999999619,-50.600898261801504,-3.5425799880738795,6.749636891278092,0.8394348342036784,6.890963877974778,0.00391883625601227,7.172989104715773,0.01589982336628798,0.011388746399109806,0.07749999999973056,0,not_applicable,305.89726623701284,0,0,1.002407929072602,0.3172953927227749,351,-0.8210843373493977,1.6136900072727187,0.21178185999974475,running
Pure Pursuit,62.30999999999617,-50.14482019326471,-3.0262500730526365,7.008018487498097,0.8620873987041566,6.700046202611656,0.005034608753805121,7.4196415115392576,0.09506070965211424,0.011747359334602692,0.09640000000032956,0,not_applicable,306.697112344454,0,0,0.9944930557195057,0.3011638348810995,713,0.755746061167748,1.7053546949394158,0.22600293112750477,running
Pure Pursuit,62.40999999999615,-49.67556770152531,-2.48549844992215,7.288869564255167,0.8626196056798068,7.282698217884578,-0.005454971159551494,7.736288309286555,0.02117312812693485,0.012589622013852164,0.10990000000177247,0,not_applicable,307.29699692596205,0,0,1.0128253125119167,0.29184605461603524,345,-0.8472196478220575,1.5609261784585826,0.20682039817249398,running
Pure Pursuit,62.50999999999613,-49.187597515395495,-1.9252312006787895,7.5498129837497086,0.8385820683687442,6.766476376251829,-0.007022379244255841,7.96551720188035,0.036310004766374956,0.011139101449636257,0.07759999999734646,0,not_applicable,308.0968430339403,0,0,0.9998341594754789,0.2733510124808501,365,-0.7601019462465246,1.6690029714650192,0.22496523842325905,running
Pure Pursuit,62.60999999999611,-48.68052469601633,-1.353289695299255,7.723423786330339,0.8365673010991626,4.5018701625029145,0.0033852582517623214,8.0,0.0713954961632669,0.012941825137549046,0.07570000000001187,0,not_applicable,308.8966891425878,0,0,1.0346499855509967,0.26826163179778445,369,-0.742678405931418,1.7160955206976973,0.2241197071405647,running
Pure Pursuit,62.70999999999609,-48.16483186437112,-0.7706224024548354,7.830083056137458,0.8629581520738321,2.76576213669661,0.005635912305070792,8.0,0.09309958228433057,0.013564252008965383,0.0743999999990308,0,not_applicable,309.6965352517254,0,0,1.03712487357992,0.2613442844440618,718,0.7775254865616312,1.6594172360031105,0.22094939445953415,running
Pure Pursuit,62.80999999999607,-47.648969888184396,-0.1768714018379705,7.8956100836420084,0.8680362571701203,1.6991694386254164,-0.0069756387607597834,8.0,0.09367493133189378,0.0186667753687928,0.07540000000005875,0,not_applicable,310.2964198335855,0,0,1.0203363572119297,0.2544087292267385,714,0.7601019462465248,1.6687287235907662,0.22496523842325897,running
Pure Pursuit,62.90999999999605,-47.13014985179469,0.42118213178587693,7.9358671690444,0.8409638615034574,1.0438991635799155,-0.011301951330951967,8.0,0.08603563056891397,0.008464190593279852,0.07760000000089917,0,not_applicable,311.0962659426699,0,0,1.00360188306414,0.2540855977014527,365,-0.7601019462465246,1.6789619287468205,0.22496523842325905,running
Pure Pursuit,63.00999999999603,-46.60416432174758,1.017200902448723,7.960599451078449,0.8341773619050037,0.6413283095560018,0.00038959060925537037,8.0,0.08098146555467578,0.015405575668259175,0.0761000000011336,0,not_applicable,311.89611205166364,0,0,1.0043018609496863,0.24979441458452475,367,-0.7513901760889712,1.6745079897989077,0.22593517874601313,running
Pure Pursuit,63.10999999999601,-46.07619573775071,1.6140810577310991,7.975793938421425,0.8611235739158576,0.39400548921551426,0.004458019187263173,8.0,0.07778581056564875,0.011289323625478076,0.12460000000302784,0,not_applicable,312.6959581606211,0,0,1.0402796182668685,0.25124856690210134,714,0.7601019462465248,1.674561438296975,0.22496523842325897,running
Pure Pursuit,63.20999999999599,-45.55231490609751,2.2161473662342144,7.985128800659292,0.8684786200509622,0.24206061578574634,-0.007887481482508625,8.0,0.07642737303778004,0.018296735757385107,0.07940000000061787,0,not_applicable,313.4958042682337,0,0,1.0408423920400103,0.2477923526564691,711,0.7470342910101948,1.6750770611523487,0.22502164647011186,running
Pure Pursuit,63.30999999999597,-45.0286832028925,2.819409881798483,7.990863752489714,0.841616945623131,0.14871199340707797,-0.012730934497716758,8.0,0.07611963017042671,0.009008991609420036,0.07319999999921833,0,not_applicable,314.2956503751634,0,0,1.03793693069819,0.24561099305994188,367,-0.7513901760889712,1.6590894521152315,0.22593517874601313,running
Pure Pursuit,63.409999999995954,-44.49776616200409,3.416866427267829,7.994387068812889,0.8112141408629849,0.09136247510285855,-0.0007115297186137291,8.0,0.0747000336863529,0.039983477356820174,0.07839999999958991,0,not_applicable,315.0954964829079,0,0,1.042244007051897,0.250054510652702,381,-0.6904077849860983,1.7546888788576207,0.21414126651260781,running
Pure Pursuit,63.509999999995934,-43.95669284715351,4.005526585854291,7.9965516480944965,0.806107640797221,0.056129311871107035,0.01675291996246032,8.0,0.07428549520179148,0.04573680622586096,0.07830000000197401,0,not_applicable,315.8953425861081,0,0,1.000295305764036,0.24158023696700298,387,-0.6642724745134383,1.730314517923628,0.20968660597172056,running
Pure Pursuit,63.609999999995914,-43.41266770906983,4.591699773237806,7.997881475744528,0.8348361048589061,0.03448351905503522,0.026869715224735913,8.0,0.08050779954835371,0.017751636231057688,0.0725999999993121,0,not_applicable,316.6951886889168,0,0,0.9960797373562067,0.24282413452821025,374,-0.7208989805375348,1.6784494539776942,0.2197779812188762,running
Pure Pursuit,63.709999999995894,-42.874825529530966,5.183681332185277,7.998698466646092,0.8661682699192483,0.021185242554722095,0.021853183087533718,8.0,0.08813249195936611,0.012740560090056974,0.07079999999959341,0,not_applicable,317.49503479789365,0,0,0.9907178542938749,0.24443902474618898,368,-0.7470342910101946,1.6594150566710169,0.22502164647011183,running
Pure Pursuit,63.809999999995874,-42.34907555401422,5.786502868346463,7.999200391939361,0.8945148388353696,0.013015333539083684,0.01265450780316253,8.0,0.08830565409835851,0.04015022869998752,0.07169999999945276,0,not_applicable,318.2948808979265,0,0,0.9925850407234384,0.25164234581468087,362,-0.7731696014828544,1.6625037640420608,0.22193355627601147,running
Pure Pursuit,63.909999999995854,-41.83576593620164,6.400018157648557,7.999508754002563,0.8978778349809073,0.007996080606389455,-0.0008259506118781099,8.0,0.08057583298468547,0.04248841309638607,0.07349999999917145,0,not_applicable,319.0947269924143,0,0,0.9913806653926389,0.2528395057026622,707,0.729610750695088,1.7291321901072099,0.22148173646210823,running
Pure Pursuit,64.00999999999584,-41.326106030905244,7.0166086246123065,7.999698198852817,0.8683353111033831,0.0049124599743688435,-0.0077489526636106585,8.0,0.07423744897039952,0.01196054473968644,0.07949999999823376,0,not_applicable,319.8945730973794,0,0,1.032831734964183,0.24867835173120995,355,-0.803660797034291,1.596035668532247,0.21530714918272373,running
Pure Pursuit,64.10999999999589,-40.812265550866,7.629738062678284,7.999814585904178,0.8596117083878503,0.003018011471827009,0.00011119428863803465,8.0,0.07268587275907375,0.002504624221579377,0.20639999999971792,0,not_applicable,320.6944192008458,0,0,1.0502052267937183,0.2518454875197509,353,-0.8123725671918443,1.599180011060654,0.21352185245425553,running
Pure Pursuit,64.20999999999594,-40.29550913825126,8.24042421306792,7.9998860892768295,0.8632391564469044,0.001854140958217343,-0.0002074153441455252,8.0,0.07305518638866121,0.005597326076500764,0.0897000000001924,0,not_applicable,321.4942653063079,0,0,1.031446298687699,0.24937982287360194,734,0.8472196478220577,1.5276438152941578,0.20682039817249392,running
Pure Pursuit,64.309999999996,-39.77407646414386,8.847125868431919,7.999930017980586,0.83880108807291,0.001139107231704628,-0.005160535016813234,8.0,0.07345204029260279,0.019177311355480953,0.10239999999939187,0,not_applicable,322.29411141502163,0,0,1.031181571158567,0.25082550951167903,355,-0.803660797034291,1.6080229521082634,0.21530714918272373,running
Pure Pursuit,64.40999999999605,-39.245585421752125,9.447695997530298,7.999957005952514,0.8330576533090479,0.0006998201941410542,0.006183939725458272,8.0,0.0730254879827274,0.025059361759073084,0.08459999999743673,0,not_applicable,323.09395752407676,0,0,1.018816677293618,0.24897704229176013,360,-0.7818813716404078,1.6333369779920854,0.21997807798827249,running
Pure Pursuit,64.5099999999961,-38.715696061967,10.047037605584684,7.999973586242086,0.8607076875680248,0.0004299404748575597,0.011699260534106906,8.0,0.0734370957949038,0.0026499064368099567,0.09030000000009863,0,not_applicable,323.8938036331767,0,0,1.0128124877676983,0.2535540030106786,353,-0.8123725671918443,1.6086254254509837,0.21352185245425553,running
Pure Pursuit,64.60999999999615,-38.19269483619328,10.65238909147582,7.99998377248368,0.8915216749423029,0.0002641375791423428,0.0011973321206047906,8.0,0.07355451919602232,0.03372506082288851,0.08300000000005525,0,not_applicable,324.6936497417544,0,0,1.0025666936919575,0.2530624467769556,712,0.7513901760889712,1.7053142554139664,0.22593517874601313,running
Pure Pursuit,64.7099999999962,-37.67998389574598,11.266487788681468,7.999990030487644,0.8968095642237142,0.00016227516320022062,-0.014477829446358009,8.0,0.07362876199315091,0.039499419594577034,0.07970000000057098,0,not_applicable,325.4934958494082,0,0,1.008190121860973,0.24698881788035235,721,0.7905931417979613,1.6079729498992499,0.21807316453493353,running
Pure Pursuit,64.80999999999625,-37.170316936907234,11.883121780222462,7.999993875145485,0.8680852665332646,9.969512356100552e-05,-0.023189799817010477,8.0,0.07765331898147067,0.012181411802288267,0.07689999999982433,0,not_applicable,326.29334191138423,0,0,0.9955292885525688,0.24610791612259234,702,0.7078313253012047,1.7131902702795443,0.21730154451353453,running
Pure Pursuit,64.9099999999963,-36.65419041536466,12.494347942936745,7.999996237143654,0.8366933967836641,6.12485451512157e-05,-0.0184182381546708,8.0,0.08276394436235511,0.013852691771980119,0.07880000000071163,0,not_applicable,327.0931876948832,0,0,0.9516111530398048,0.2544824293447068,718,0.7775254865616312,1.6718068365938317,0.22094939445953415,running
Pure Pursuit,65.00999999999635,-36.131071826775084,13.088433169998817,7.873078719851265,0.8030081218655005,-1.444340118669336,-0.012503414303139893,7.855562225276721,0.07674859600824559,0.037536175148929374,0.07880000000071163,0,not_applicable,327.89303365776976,0,0,0.9410183958488472,0.2468984234491052,717,0.7731696014828544,1.635575681524326,0.22193355627601147,running
Pure Pursuit,65.1099999999964,-35.611636470306074,13.645822838436649,7.490011544080712,0.7540329939189347,-4.359361118261829,-0.0038000035897021284,7.437142608025082,0.04170988940159972,0.07184187565947653,0.08090000000038344,0,not_applicable,328.69287731392836,0,0,0.9876767768207562,0.2506405908784871,359,-0.7862372567191844,1.6131911635359517,0.21901940157552577,running
Pure Pursuit,65.20999999999646,-35.102360184325796,14.15490099848241,7.053922563806786,0.716127293536502,-4.962757095761425,0.013993612831517014,6.9937358345045695,0.05564721246726212,0.0899391594955734,0.08009999999813999,0,not_applicable,329.4927185029569,0,0,0.9891647645841468,0.2530349140698216,371,-0.7339666357738648,1.6296056749345056,0.22234991952811328,running
Pure Pursuit,65.3099999999965,-34.61107610779699,14.61721980560643,6.5859280782261225,0.7152094933644619,-5.33676294638366,0.02926814472502289,6.52024626916842,0.026292633004625556,0.06531165158534691,0.0916999999986956,0,not_applicable,330.09260058408665,0,0,1.0359087264452906,0.2774270528475463,370,-0.7383225208526414,1.6705859352432115,0.22322918788849236,running
Pure Pursuit,65.40999999999656,-34.14360229652691,15.043591925169617,6.195150745470047,0.7335224584123128,-4.4471038451367395,0.01475598163853157,6.1412176937124485,0.06125027695398023,0.009829203908330086,0.07910000000066475,0,not_applicable,330.69246858587644,0,0,0.9865829358064284,0.3015771617099843,713,0.755746061167748,1.6714548788224792,0.22600293112750477,running
Pure Pursuit,65.50999999999661,-33.704756178932726,15.442219415929891,5.7927500506665615,0.7389977899341571,-4.579379424403074,-0.013537693086270374,5.73721280302974,0.05086322986977754,0.04209711310197939,0.0800000000005241,0,not_applicable,331.29232466421917,0,0,1.0140916943322884,0.30711762381852065,702,0.7078313253012047,1.6628773721726358,0.21730154451353453,running
Pure Pursuit,65.60999999999666,-33.293365012136604,15.808366070770628,5.361977157890609,0.6955777222578892,-4.902259233752435,-0.04709866905281057,5.302524127291318,0.01435361333394305,0.05522285741808908,0.07520000000127425,0,not_applicable,331.8921378329393,0,0,0.9907023156562044,0.3014335888160718,713,0.755746061167748,1.4967662180816341,0.22600293112750477,running
Pure Pursuit,65.70999999999671,-32.9004620041296,16.126157150613054,4.894490458159937,0.5832728428802927,-5.330790671513119,-0.06986574335785284,4.828898090739297,0.11056529059473809,0.017346198455879147,0.06959999999978095,0,not_applicable,332.2920416606194,0,0,0.9708568793004021,0.343411842266059,701,0.7034754402224284,1.620720125320327,0.21649658541768402,running
Pure Pursuit,65.80999999999676,-32.512724741751846,16.38361447779612,4.535034044160238,0.4632514382922541,-4.090667157132533,-0.049875788801539096,4.485423742446684,0.06797596383003877,0.07137583860188457,0.08889999999794895,0,not_applicable,332.89191432625324,0,0,0.9683482267192066,0.40702323627134834,702,0.7078313253012047,1.7309009530706525,0.21730154451353453,running
Pure Pursuit,65.90999999999681,-32.12064362812932,16.59093362232608,4.3861740948712,0.40526893874163905,-1.6940482402119272,-0.01711062884058557,4.365629220139045,0.043875799220409704,0.08694694321486196,0.08810000000281093,0,not_applicable,333.29180140560834,0,0,0.9993687484317549,0.44294942245659535,713,0.755746061167748,1.687920605947755,0.22600293112750477,running
Pure Pursuit,66.00999999999686,-31.71632323025991,16.773700028772677,4.481083704704679,0.389939480600773,2.461083839789868,-0.0038322261716453236,4.632282478850187,0.05177174251324153,0.06318124683911286,0.08639999999715542,0,not_applicable,333.6916831836571,0,0,0.9941123840915036,0.4546448469494379,722,0.7949490268767376,1.613685613392773,0.21713917065507293,running
Pure Pursuit,66.10999999999692,-31.294874966222483,16.949120896202487,4.636617958972695,0.37628540717389125,4.033130474188837,-0.006622274845042791,4.884396752123563,0.09804068495828468,0.02608076900900258,0.1221999999998502,0,not_applicable,334.29153224009696,0,0,1.0039564527373486,0.45902922257223444,711,0.7470342910101948,1.7342194551732062,0.22502164647011186,running
Pure Pursuit,66.20999999999697,-30.851905916273278,17.12394644947833,4.8692639206452695,0.361281790473551,6.032700141421987,-0.010131427073279973,5.239887973114894,0.021586797892967115,0.010558601009060808,0.07920000000183336,0,not_applicable,334.69143142793376,0,0,1.0301054504952825,0.42299760939581027,719,0.781881371640408,1.6116798898763238,0.21997807798827246,running
Pure Pursuit,66.30999999999702,-30.384636543350123,17.29992415222839,5.098637373040013,0.34538195373907365,5.947841298219911,-0.014879280137538536,5.464048050467261,0.07785224702894278,0.0009616127483447201,0.08640000000070813,0,not_applicable,335.09134418123443,0,0,0.9955744754715655,0.41196384218908044,734,0.8472196478220577,1.5349056104253898,0.20682039817249392,running
Pure Pursuit,66.40999999999707,-29.893398356956283,17.476332213125158,5.3225938166566005,0.328920770761409,5.8073738283049625,-0.021088093362279764,5.679374755870509,0.012593796695761201,0.018355530232589956,0.11280000000013501,0,not_applicable,335.69122678386964,0,0,1.0032077311200678,0.37963915729115627,724,0.8036607970342913,1.558789987147285,0.2153071491827237,running
Pure Pursuit,66.50999999999712,-29.378062521311563,17.652344498516165,5.550572303189351,0.3122528261798503,5.911668692031391,-0.030172106303011464,5.91376068585974,0.06411880290327428,0.02866017010239652,0.07699999999744023,0,not_applicable,336.2910968356312,0,0,1.0088378534707731,0.3479272507598817,715,0.7644578313253012,1.5605466575507831,0.2239412608755995,running
Pure Pursuit,66.60999999999717,-28.83640353495575,17.82590623815285,5.805113629918159,0.2812808760728669,6.600464872525009,-0.03694238494474487,6.210618790441852,0.10172583977901783,0.01684575744459771,0.08270000000010214,0,not_applicable,336.89097643894604,0,0,1.006424359239966,0.33835902657074823,715,0.7644578313253012,1.5794645105687903,0.2239412608755995,running
Pure Pursuit,66.70999999999722,-28.264181093658333,17.988293112545158,6.070747933394735,0.2284006758873991,6.888114836074486,-0.035649421493725776,6.4939251135256075,0.11225029232082442,0.02001633643033074,0.09280000000089217,0,not_applicable,337.49085710446514,0,0,0.9478515836138692,0.33746557381846676,725,0.8080166821130677,1.567965575252034,0.2144087504700342,running
Pure Pursuit,66.80999999999727,-27.659941799113284,18.13378146243553,6.3386263489111165,0.19175353536806883,6.946306497440826,-0.018880081073576974,6.765378583138817,0.09264364131933518,0.04429300882306286,0.07919999999828065,0,not_applicable,338.0907413091447,0,0,0.952960387736547,0.3278531794250246,718,0.7775254865616312,1.6393499270372833,0.22094939445953415,running
Pure Pursuit,66.90999999999732,-27.0256091444009,18.266999515432264,6.603842738324045,0.1800655520430401,6.877277982459047,-0.0031626108540245487,7.026354147157021,0.047081444930818526,0.04839310021188048,0.06980000000211817,0,not_applicable,338.69062523227024,0,0,1.0089832698338521,0.3207852713227814,374,-0.7208989805375348,1.7472471913059575,0.2197779812188762,running
Pure Pursuit,67.00999999999738,-26.36350682087799,18.395321384286312,6.863817079247168,0.18567531104157498,6.741347375976847,0.006882193409749207,7.2779774759217295,0.050370077150845106,0.038419127656091234,0.07009999999851857,0,not_applicable,339.29050930438757,0,0,1.0081596897136098,0.3029434693850172,375,-0.7165430954587582,1.727549104313587,0.21894209497805295,running
Pure Pursuit,67.10999999999743,-25.676525298035685,18.53005721702468,7.117326382170015,0.20971537086703762,6.573703650815377,0.013016561064633428,7.521187444328706,0.05254050627961739,0.014333146994278678,0.06989999999973406,0,not_applicable,340.09035540134147,0,0,1.0128985814427325,0.29214242797176915,373,-0.7252548656163114,1.7211856887400336,0.22062447658991918,running
Pure Pursuit,67.20999999999748,-24.965320895142707,18.67905900549649,7.393601639690034,0.22946595874803677,7.1640434810474485,0.010436477030954358,7.83373073027476,0.07652142196759035,0.003747000330811545,0.07120000000071514,0,not_applicable,340.69023997406583,0,0,1.0233434504505747,0.2785708673419955,360,-0.7818813716404078,1.626866141584562,0.21997807798827249,running
Pure Pursuit,67.30999999999753,-24.231872370806325,18.844974949372432,7.627454021515414,0.2468445665413057,6.063983603099663,0.005866322375228947,8.0,0.03406314912496812,0.01919348990781522,0.0745000000001994,0,not_applicable,341.49008603735405,0,0,1.0145542452685927,0.27317662767267564,727,0.8167284522706209,1.595392651549082,0.2126462795560751,running
Pure Pursuit,67.40999999999758,-23.4826306577776,19.024727537173757,7.771123216734798,0.24504966873570533,3.7254597848458637,-0.0010068752891571717,8.0,0.016427207350777476,0.01577771645003523,0.08150000000028967,0,not_applicable,342.28993211387615,0,0,1.0054805949894785,0.26740935028043866,717,0.7731696014828544,1.681714083111768,0.22193355627601147,running
Pure Pursuit,67.50999999999763,-22.72223622445818,19.206748734690727,7.859387605978429,0.21745652133137172,2.2887678326520167,-0.00074602821617001,8.0,0.02429378545363169,0.013125984738243446,0.08100000000155205,0,not_applicable,343.08977821898407,0,0,1.0301043301699946,0.2572015650235866,364,-0.7644578313253012,1.666550939949808,0.2239412608755995,running
Pure Pursuit,67.60999999999768,-21.953325498410603,19.38305815543652,7.913613582511916,0.2119644986549316,1.4061239402157089,0.012928814907181556,8.0,0.03611000268657356,0.019618443857325474,0.07560000000239597,0,not_applicable,343.8896243197358,0,0,1.0208224271387052,0.24803349327405047,354,-0.8080166821130677,1.5613086795503281,0.2144087504700342,running
Pure Pursuit,67.70999999999773,-21.180027895941205,19.559445167802465,7.946927771350792,0.23915366193073861,0.8638641748808418,0.01806801317067617,8.0,0.044948958292080815,0.006880147445983198,0.07599999999996498,0,not_applicable,344.6894704212592,0,0,0.9639848816631733,0.25263569238238986,367,-0.7513901760889712,1.6868764702098913,0.22593517874601313,running
Pure Pursuit,67.80999999999779,-20.406329720978967,19.745643485215954,7.967394625964407,0.2688031190404101,0.5307222864920824,0.006299318606130218,8.0,0.047188485265752034,0.0361452323534337,0.08550000000084879,0,not_applicable,345.4893165290929,0,0,1.009028069196364,0.2522007516971286,729,0.8254402224281745,1.570258427318541,0.21092842571338707,running
Pure Pursuit,67.90999999999784,-19.63425804259139,19.94507781713872,7.979968611775703,0.2732585478031515,0.3260537403559294,-0.010690683626900292,8.0,0.045556438293212306,0.040555214918622795,0.07759999999734646,0,not_applicable,346.28916263820037,0,0,0.9938156570938992,0.24730042581455566,707,0.729610750695088,1.690240077462208,0.22148173646210823,running
Pure Pursuit,68.00999999999789,-18.86210741590469,20.148172270567528,7.9876935466603,0.24449088761505955,0.2003138822429662,-0.019943987225912597,8.0,0.0496372189643418,0.012030345721578684,0.07669999999748711,0,not_applicable,347.0890087462958,0,0,1.034956344630078,0.24903592676516165,723,0.7993049119555145,1.6017722740355689,0.21621722807816315,running
Pure Pursuit,68.10999999999794,-18.0872119860289,20.343014727487645,7.99243942595958,0.21340464815522786,0.12306453339699708,-0.013180390622290738,8.0,0.05503574129785805,0.018746038951823252,0.09460000000061086,0,not_applicable,347.888854854834,0,0,0.9981105126300692,0.25610416313195694,736,0.8559314179796109,1.5462243719156818,0.20524858980469113,running
Pure Pursuit,68.20999999999799,-17.30815738186079,20.522147086785452,7.995355097180088,0.18528589271336227,0.0756057404042032,-0.001620171856765981,8.0,0.053288409484492726,0.04658152808952565,0.0764999999987026,0,not_applicable,348.68870096374513,0,0,1.0256024382339042,0.24857065633421926,371,-0.7339666357738648,1.6975105360381817,0.22234991952811328,running
Pure Pursuit,68.30999999999804,-16.525371669311607,20.68538769498765,7.997146364536465,0.1820345409069115,0.046449028199120335,0.015152182333929292,8.0,0.048980226693322665,0.04957764157423661,0.10380000000154155,0,not_applicable,349.4885470720024,0,0,1.0118383667900543,0.2442332212809257,360,-0.7818813716404078,1.6056150444207822,0.21997807798827249,running
Pure Pursuit,68.40999999999809,-15.741497361419645,20.84406615364772,7.9982468448373485,0.21157381694489574,0.028536354635351202,0.02559145431463397,8.0,0.055031460558850845,0.019811486601154726,0.12740000000022178,0,not_applicable,350.28839318054526,0,0,0.9704365770268303,0.2475364642088412,375,-0.7165430954587582,1.7117091154749864,0.21894209497805295,running
Pure Pursuit,68.50999999999814,-14.959247225217386,21.010941456627975,7.998922934248748,0.2431566491941286,0.017531551626515096,0.020612777764018354,8.0,0.06439407247456612,0.011977656656782187,0.07139999999949964,0,not_applicable,351.08823928954257,0,0,1.0163986774055218,0.25042511279465596,356,-0.7993049119555145,1.6126925912312877,0.21621722807816315,running
Pure Pursuit,68.6099999999982,-14.180509419782647,21.193705143396016,7.999338295515859,0.2715517476064746,0.010770657512519932,0.010965778389606839,8.0,0.06465026551284028,0.04054041978148426,0.07830000000197401,0,not_applicable,351.8880853983287,0,0,0.9994393579080094,0.2508146334321287,733,0.8428637627432809,1.5424327760126395,0.20762130414308752,running
Pure Pursuit,68.70999999999825,-13.405650171324854,21.392447020086344,7.9995934762350185,0.27491210561712087,0.006617044841412678,-0.003913719415492118,8.0,0.055748734228197386,0.04404020891242588,0.07589999999879637,0,not_applicable,352.68793150728004,0,0,1.0096740750112856,0.24913716430064609,718,0.7775254865616312,1.6412159681228868,0.22094939445953415,running
Pure Pursuit,68.8099999999983,-12.631969539557264,21.595833447911453,7.9997502486752685,0.24536045506901694,0.0040652376498151455,-0.012558894413634876,8.0,0.0499595626228301,0.014599740487462043,0.07139999999949964,0,not_applicable,353.4877776164367,0,0,1.0004882928168704,0.2559813727234599,704,0.7165430954587584,1.7631084482158927,0.21894209497805303,running
Pure Pursuit,68.90999999999835,-11.856215884832947,21.791177745950336,7.999846563154288,0.21372748435170585,0.002497513247314842,-0.005870691977222222,8.0,0.05043209322301555,0.016950338518599395,0.0821000000001959,0,not_applicable,354.28762372552245,0,0,1.0122007353925548,0.24706211901295272,364,-0.7644578313253012,1.6504486656533337,0.2239412608755995,running
Pure Pursuit,69.0099999999984,-11.077291979324626,21.97352325832165,7.99990573477179,0.2081965186030379,0.0015343684571167415,0.005413574746362222,8.0,0.0502092927706081,0.022426424346274842,0.07370000000150867,0,not_applicable,355.08746983463755,0,0,0.9998000482249518,0.2526453541259291,363,-0.7688137164040778,1.6755853572281398,0.22293077345441883,running
Pure Pursuit,69.10999999999845,-10.297458874108909,22.151982093083003,7.999942087357125,0.23687923906459352,0.000942652282098777,0.008553585007603193,8.0,0.04957793979740731,0.006283051765219483,0.07749999999973056,0,not_applicable,355.88731594379567,0,0,1.0138945944627682,0.2533506333750914,743,0.8864226135310473,1.4813542184268138,0.20004771979496722,running
Pure Pursuit,69.2099999999985,-9.518870440098548,22.335804612437425,7.999964420876409,0.24537169634589517,0.0005791264287502429,-0.004700945300137923,8.0,0.04950726262229875,0.014770775641126832,0.07640000000108671,0,not_applicable,356.6871620529574,0,0,1.0084816320128716,0.2558007746099598,729,0.8254402224281745,1.598859688222843,0.21092842571338707,running
Pure Pursuit,69.30999999999855,-8.740480093256117,22.52047271276131,7.999978141663501,0.21881085124860133,0.00035579123591311657,-0.009603461542234144,8.0,0.04955528839272609,0.011822897789267373,0.07589999999879637,0,not_applicable,357.4870081621012,0,0,1.020923974692445,0.2544179910883078,345,-0.8472196478220575,1.554353372096882,0.20682039817249398,running
Pure Pursuit,69.4099999999986,-7.960645862087254,22.698948317840646,7.999986571145484,0.2111984407770091,0.00021858336499036568,0.003679322085595929,8.0,0.04906268932177294,0.019496341751963797,0.07420000000024629,0,not_applicable,358.28685427125004,0,0,1.0283714079983575,0.24579574119182307,361,-0.7775254865616312,1.6222794584729237,0.22094939445953415,running
Pure Pursuit,69.50999999999866,-7.180592939148805,22.876470333461047,7.999991749869272,0.23801194005792725,0.00013428854516384092,0.009668505751502266,8.0,0.049066070274985864,0.007227951393884879,0.07020000000323989,0,not_applicable,359.08670038037366,0,0,0.9951121400814453,0.2549165505648886,373,-0.7252548656163114,1.746716322851621,0.22062447658991918,running
Pure Pursuit,69.6099999999987,-6.401985411734193,23.06022824153507,7.999994931462178,0.24566279677649527,8.250130727915916e-05,-0.0020915298787449257,8.0,0.04886056391949147,0.014761245291397884,0.07090000000076202,0,not_applicable,359.8865464893484,0,0,1.038806738225728,0.24808549973951582,714,0.7601019462465248,1.663394788950403,0.22496523842325897,running
Pure Pursuit,69.70999999999876,-5.623611578200769,23.244976397664082,7.999996886100778,0.21884005716539834,5.068537822339181e-05,-0.006381135425251292,8.0,0.04862860763027738,0.012208476808948987,0.07000000000090267,0,not_applicable,360.68639259830786,0,0,1.0019323905052628,0.2511097227674582,355,-0.803660797034291,1.6096200243451662,0.21530714918272373,running
Pure Pursuit,69.80999999999881,-4.843788606131205,23.423507745092294,7.999998086949589,0.211178828985084,3.113899222029204e-05,0.007180132832055589,8.0,0.048889449266705895,0.02001614277012642,0.0708999999972093,0,not_applicable,361.4862387073705,0,0,1.0133094977678818,0.24806103375866914,371,-0.7339666357738648,1.69587816075451,0.22234991952811328,running
Pure Pursuit,69.90999999999886,-4.063739949965783,23.60105266387114,7.999998824701245,0.237996635581049,1.9130504114173164e-05,0.013343478534217173,8.0,0.04989523468554945,0.00670759195709536,0.0725999999993121,0,not_applicable,362.28608481641544,0,0,1.003901601725428,0.25638211715643955,735,0.8515755329008341,1.557262780835435,0.20602954162158948,running
Pure Pursuit,70.00999999999891,-3.285809376144392,23.78762150678549,7.999999277945236,0.2685611104558272,1.1752987552071659e-05,0.001714989909381484,8.0,0.049055066773480996,0.03722458609354007,0.07139999999949964,0,not_applicable,363.0859309255597,0,0,0.9870650630829376,0.2473319472015496,696,0.6816960148285451,1.7490553590012776,0.21261932153731197,running
Pure Pursuit,70.10999999999896,-2.5111266483243058,23.987267253426477,7.999999556399528,0.27380663492557256,7.22054764423774e-06,-0.015826173482280194,8.0,0.04881830922576296,0.042469289267417665,0.07670000000103983,0,not_applicable,363.8857770347225,0,0,1.0337364753444462,0.24037491550421977,711,0.7470342910101948,1.6359399502109524,0.22502164647011186,running
Pure Pursuit,70.20999999999901,-1.7374288024793647,24.19071436779213,7.9999997274702865,0.24508863921189894,4.436004719110542e-06,-0.02569071428703143,8.0,0.05597988779953331,0.013797138490579286,0.07149999999711554,0,not_applicable,364.68562314386327,0,0,0.9766493879700829,0.23779944570675074,726,0.8123725671918445,1.5219477379541584,0.2135218524542555,running
Pure Pursuit,70.30999999999906,-0.9616361506822988,24.38598466836921,7.999999832569058,0.21370573167487095,2.7252971346314325e-06,-0.019291804743425817,8.0,0.06302372839063729,0.0174934585457045,0.07190000000178998,0,not_applicable,365.4854692529204,0,0,1.0261083290683213,0.2514588169034312,717,0.7731696014828544,1.661687307893848,0.22193355627601147,running
Pure Pursuit,70.40999999999912,-0.1820481656713221,24.56546788461745,7.999999897137379,0.18531135406017052,1.674309419996689e-06,-0.007957060841636495,8.0,0.060506121997822786,0.04573984697043976,0.07330000000038694,0,not_applicable,366.28531536199415,0,0,0.974457437884007,0.2515077242937386,364,-0.7644578313253012,1.6761623702324089,0.2239412608755995,running
Pure Pursuit,70.50999999999917,0.6010702967387171,24.728913553995024,7.999999936805477,0.1819247179628496,1.028626206434069e-06,0.00860921908485886,8.0,0.05100592766327593,0.04893590117066893,0.07390000000029318,0,not_applicable,367.08516147068116,0,0,0.9869672134808467,0.24698655953788834,377,-0.7078313253012047,1.7185326764572186,0.21730154451353453,running
Pure Pursuit,70.60999999999922,1.367906323698303,24.884160353549117,7.734142916081444,0.21026741513416747,-3.025492217729111,0.018822140008278365,7.6974507150325655,0.06657433665175885,0.020337707630897484,0.06979999999856545,0,not_applicable,367.8850075789033,0,0,1.0106829116090488,0.25105442615434853,365,-0.7601019462465246,1.6806104708657232,0.22496523842325905,running
Pure Pursuit,70.70999999999927,2.097792447259519,25.040241948590555,7.326234084725725,0.2523909689747188,-4.642062833054785,0.013598080463987286,7.269936632775965,0.08336116453737293,0.022190159077272398,0.07719999999977745,0,not_applicable,368.4848921598039,0,0,1.0042069662323436,0.2634579294047201,735,0.8515755329008341,1.5484117099009338,0.20602954162158948,running
Pure Pursuit,70.80999999999932,2.7882051659142757,25.204436649747752,6.979829067618756,0.2764106794701209,-3.9421403301113234,-0.00313096793141577,6.932020051714592,0.022141550240360613,0.047427991044498796,0.07850000000075852,0,not_applicable,369.2847382561169,0,0,1.0038121503384496,0.27235771505816575,712,0.7513901760889712,1.684023022303544,0.22593517874601313,running
Pure Pursuit,70.90999999999937,3.4350564110968387,25.369596986496145,6.518507731907703,0.2641796818429074,-5.258277330303205,-0.01768834319180076,6.454001334588436,0.057920036229690816,0.03650448299154618,0.07760000000089917,0,not_applicable,369.8846228151908,0,0,0.9981461600492298,0.28790359898103135,712,0.7513901760889712,1.6943714293151368,0.22593517874601313,running
Pure Pursuit,71.00999999999942,4.041166308908127,25.525331999126998,6.125128702209968,0.2368117128189864,-4.476711541139826,-0.017101083499303497,6.07083657779372,0.08401318584338932,0.010931583820491753,0.07999999999697138,0,not_applicable,370.4845073278929,0,0,0.9870256881544143,0.31195615851724673,704,0.7165430954587584,1.752356548982812,0.21894209497805303,running
Pure Pursuit,71.10999999999947,4.61040374852924,25.662527686257405,5.717991131347927,0.20109641036946835,-4.633285774562541,-0.00999774788049801,5.6618001247537135,0.07109425990463471,0.02266898416664276,0.08030000000047721,0,not_applicable,371.08439189261935,0,0,1.0138176474349747,0.33065135313609867,362,-0.7731696014828544,1.6714291573198008,0.22193355627601147,running
Pure Pursuit,71.20999999999952,5.140897729854247,25.777733135455218,5.281110497905686,0.1843935146552611,-4.971766225907226,0.008293140047239057,5.220814508757204,0.01692874046338655,0.04134653927180132,0.07599999999996498,0,not_applicable,371.68427647263013,0,0,1.0277631962399658,0.3452142751569209,374,-0.7208989805375348,1.7026207957251362,0.2197779812188762,running
Pure Pursuit,71.30999999999958,5.627648862293689,25.87777649554295,4.80591859789812,0.1999676713036438,-5.421414650079734,0.027117820144179912,4.738969032897713,0.09118040296479743,0.0421683139818505,0.07770000000206778,0,not_applicable,372.28415413901354,0,0,1.011339570528076,0.35593084719888207,373,-0.7252548656163114,1.6272686888086487,0.22062447658991918,running
Pure Pursuit,71.40999999999963,6.063969644264356,25.972158926630918,4.278705764131666,0.24248992619247023,-6.036803652777882,0.04122319789235431,4.202238232620331,0.04837586343013485,0.020297100994701722,0.07499999999893703,0,not_applicable,372.6840626804712,0,0,0.9894989567126398,0.3911303849712948,390,-0.6512048192771085,1.702640011852763,0.20758050283462462,running
Pure Pursuit,71.50999999999968,6.450905618555297,26.073965973025828,3.860314131894422,0.31254876113039387,-4.7613586575573,0.05745058363526566,3.802569898375936,0.05122546985016837,0.014732677035123487,0.0782000000008054,0,not_applicable,373.0839500307502,0,0,1.0084964764184923,0.43158632170649314,388,-0.6599165894346617,1.6678943534342199,0.20897586948035743,running
Pure Pursuit,71.60999999999973,6.788299245309836,26.18934723923835,3.4169935076839573,0.3999726176237406,-5.04656367788785,0.07593230451994545,3.355657764105637,0.09143576333047589,0.025131607740636497,0.07220000000174309,0,not_applicable,373.48376928370965,0,0,0.9891903728163964,0.48431347140707176,366,-0.755746061167748,1.5866247200484311,0.22600293112750477,running
Pure Pursuit,71.70999999999978,7.06924942897893,26.317051734646785,2.9116128953570697,0.49726330003017427,-5.7764763123162854,0.08929354606910975,2.8393458764523287,0.01959492336137024,0.07284140852342524,0.06970000000094956,0,not_applicable,373.6837308110004,0,0,1.0340380235841444,0.52709536348577,375,-0.7165430954587582,1.5771027764217032,0.21894209497805295,running
Pure Pursuit,71.80999999999983,7.304778811513041,26.454455887857527,2.634033043598589,0.5722874894031595,-3.1588997687799925,0.09259530293243691,2.5957229184790704,0.0910945521445863,0.07008897442822892,0.07219999999819038,0,not_applicable,373.88369233829104,0,0,1.0098045390944521,0.6149021660088457,399,-0.6120018535681186,1.6671170633832133,0.20171054956370096,running
Pure Pursuit,71.90999999999988,7.502034724472055,26.594533964129194,2.3112792833156313,0.6487007673437382,-3.67298552928764,0.0970245712201612,2.266734490669825,0.06831110016704553,0.001628818983101965,0.07530000000244286,0,not_applicable,374.28346547817125,0,0,0.9937070663408104,0.6818038139062582,357,-0.7949490268767376,1.4748415698649286,0.21713917065507293,running
Pure Pursuit,72.00999999999993,7.6827006478571755,26.749199994913624,2.4364612027237817,0.7232409278988423,3.2460695964276987,0.09771701970883334,2.635886242958401,0.03447476918600967,0.00283116633226399,0.06899999999987472,0,not_applicable,374.4829346716624,0,0,0.9933902147981691,0.7856947443504071,367,-0.7513901760889712,1.5529308032922384,0.22593517874601313,running
Pure Pursuit,72.10999999999999,7.8625433811625305,26.926162407959296,2.597440651374814,0.7894062656483993,4.174328819899755,0.09437045831189705,2.8538940847137573,0.04051563100124742,0.003206354850066262,0.08279999999771803,0,not_applicable,374.6828961989531,0,0,1.0452891284416799,0.7229783826646025,363,-0.7688137164040778,1.4889905091875941,0.22293077345441883,running
Pure Pursuit,72.21000000000004,8.042868485241229,27.12611224263966,2.7746173471186104,0.8580740499628612,4.594336689903913,0.09886646783400939,3.056874320365205,0.10208725588822172,0.06610206288508103,0.07379999999912457,0,not_applicable,375.082244974985,0,0,0.9940927248167912,0.6822335774456049,384,-0.6773401297497683,1.592737809696541,0.21187243445594103,running
Pure Pursuit,72.31000000000009,8.218800841794586,27.354167038623935,2.9716833015795023,0.9420750492631402,5.110081442199528,0.10388150214851631,3.285625491338563,0.021183669606854187,0.05069261773427414,0.08659999999949264,0,not_applicable,375.2817708631318,0,0,0.9823122314224347,0.6512354840074566,380,-0.6947636700648749,1.6030087263933135,0.21491658495418048,running
Pure Pursuit,72.41000000000014,8.381052462533933,27.60454283403002,2.9953320303992514,1.0340777812719755,0.6132308881257886,0.09967555432222315,3.033006390392081,0.09064147864205696,0.016188767861962106,0.09269999999972356,0,not_applicable,375.48173239042245,0,0,1.0027974454894624,0.5988778037135982,392,-0.6424930491195551,1.6310350167393117,0.20621919386478796,running
Pure Pursuit,72.51000000000019,8.524473652968927,27.87285980044281,3.0837982092844505,1.1143769935546568,2.294000403165901,0.08267448211881963,3.2247320707158416,0.007790681018472234,0.03703521789083908,0.08150000000028967,0,not_applicable,375.88142494234967,0,0,1.000504357681302,0.598107748446487,370,-0.7383225208526414,1.5482432680742857,0.22322918788849236,running
Pure Pursuit,72.61000000000024,8.652703551136597,28.15856463007834,3.173432209348702,1.1815956315988951,2.3242829618717264,0.06905562961428258,3.316226505471623,0.0937762874854164,0.04300673068800087,0.07499999999893703,0,not_applicable,376.28127452428566,0,0,1.0124348460089703,0.5986454691211239,379,-0.6991195551436515,1.6287247619829957,0.2157016455530536,running
Pure Pursuit,72.71000000000029,8.768371047081857,28.463690165668247,3.3400883953046328,1.2336909273392345,4.321531263027798,0.044864694308469254,3.6055853356514818,0.03992546581722245,0.012981347357699846,0.07859999999837441,0,not_applicable,376.4812360515764,0,0,0.9818354115478625,0.5972393360339874,342,-0.8602873030583875,1.4406284702894514,0.20447740104668094,running
Pure Pursuit,72.81000000000034,8.877529509036272,28.788769412817672,3.505220979241796,1.2626201099912402,4.282023016041654,0.017095400685657087,3.768290696908798,0.03873409208219765,0.008330852921364595,0.07989999999935549,0,not_applicable,376.8811554723053,0,0,0.9996993988839566,0.6112806242103757,733,0.8428637627432809,1.5660415241453853,0.20762130414308752,running
Pure Pursuit,72.9100000000004,8.988231034258828,29.133818665092672,3.724663055538314,1.261170918807479,5.690312589956323,-0.0037844010035644037,4.074252238237428,0.07091264391847259,0.0007273822790629936,0.07929999999944926,0,not_applicable,377.28107831372733,0,0,0.9674028298191595,0.5579356833092083,707,0.729610750695088,1.6793178145396455,0.22148173646210823,running
Pure Pursuit,73.01000000000045,9.107980109251844,29.492745184451135,3.834293376328869,1.2324826902041082,2.84280391966627,-0.03403743572825992,4.008943447504941,0.08903498319691286,0.014557214712276334,0.09499999999817987,0,not_applicable,377.6809630069227,0,0,0.9967170541964517,0.5083397889225352,715,0.7644578313253012,1.590513314960898,0.2239412608755995,running
Pure Pursuit,73.1100000000005,9.239517483836645,29.837529691026727,3.6177234622734997,1.161470943021325,-2.464597653973306,-0.06556737975213829,3.5878336109315385,0.09533437315399196,0.013907907876205883,0.08109999999916795,0,not_applicable,377.8807563071097,0,0,1.0099989783822132,0.478246182820708,712,0.7513901760889712,1.5659205830539633,0.22593517874601313,running
Pure Pursuit,73.21000000000055,9.386839022475154,30.15119279765481,3.3892419220238,1.0733203468114598,-2.6001537218676107,-0.082913464442358,3.3577080900867387,0.04871904777421853,0.00018419514157486105,0.07839999999958991,0,not_applicable,378.28042338601443,0,0,1.0012164159787167,0.5054738163355754,691,0.6599165894346619,1.6537001202342123,0.20897586948035746,running
Pure Pursuit,73.3100000000006,9.541484402501561,30.416821469923317,2.909698905000281,0.9812456757667216,-5.472589898097224,-0.08948617922405559,2.8419829322140777,0.055052651025456284,0.024913878007714274,0.07879999999715892,0,not_applicable,378.68023185569695,0,0,0.997336644651448,0.5302933404653425,682,0.6207136237256718,1.6649912730375662,0.20295929427763665,running
Pure Pursuit,73.41000000000065,9.701791187780767,30.640510950865266,2.6729310546425906,0.9079667510246705,-2.6944531564928065,-0.08561658331979595,2.6402535893510004,0.02815525416084268,0.008972100823006812,0.07599999999996498,0,not_applicable,378.8801933829876,0,0,0.9994624913217159,0.6221128243484922,722,0.7949490268767376,1.4848332119270407,0.21713917065507293,running
Pure Pursuit,73.5100000000007,9.876392188955146,30.847906456736684,2.7444729578249967,0.8473720241438891,1.8551400864353917,-0.08347128880698237,2.85844506328613,0.09867084620404351,0.0021742750215807405,0.08319999999883976,0,not_applicable,379.08015491027834,0,0,1.027801615466789,0.6877719459807382,687,0.6424930491195551,1.6780239509464132,0.20621919386478796,running
Pure Pursuit,73.61000000000075,10.065319349373324,31.04544421645093,2.728421962079184,0.7850994745812816,-0.18266270562841136,-0.08485730456579692,2.7262066872621555,0.02840217673565939,0.038977211445034854,0.07219999999819038,0,not_applicable,379.48003120230794,0,0,1.0354325941906135,0.6615417972568783,704,0.7165430954587584,1.588038558311684,0.21894209497805303,running
Pure Pursuit,73.7100000000008,10.271745806979913,31.236187283258882,2.881375172476449,0.7246655773735098,3.966201894762178,-0.0848926729196362,3.1250421515554017,0.053459185973177156,0.027806082884213268,0.07030000000085579,0,not_applicable,379.67985666577727,0,0,1.0049726708964029,0.650741136447034,706,0.7252548656163116,1.549282391354803,0.2206244765899192,running
Pure Pursuit,73.81000000000085,10.501496036903971,31.424474606585257,3.0471798100685104,0.6624314448108111,4.299449917199962,-0.08008418489730086,3.311320164196445,0.05254426659969974,0.04573208050643629,0.0875000000029047,0,not_applicable,380.0796206994769,0,0,1.00783959307002,0.6176295706989258,716,0.768813716404078,1.5020094993754014,0.22293077345441878,running
Pure Pursuit,73.9100000000009,10.758562337450066,31.610545189548912,3.281812635582096,0.5987759142741487,6.084221146508373,-0.07765083760674842,3.6556019247193476,0.06984183355062672,0.014385008208115835,0.0764999999987026,0,not_applicable,380.2795822267676,0,0,0.9888600090549329,0.582372511141811,695,0.6773401297497683,1.594711264717282,0.21187243445594103,running
Pure Pursuit,74.01000000000096,11.045020959185603,31.792300647588103,3.4878850967009063,0.5316817468269099,5.343627529130588,-0.06964441968493626,3.8161753884951546,0.03123255899786153,0.012234761728828758,0.07700000000099294,0,not_applicable,380.67936961491165,0,0,0.9732691560459495,0.5520284986513637,726,0.8123725671918445,1.4595378214582508,0.2135218524542555,running
Pure Pursuit,74.11000000000101,11.36124994478072,31.968260097815378,3.7310706089483863,0.47782334043189945,6.305999311485593,-0.05943228965035309,4.118485027849466,0.05189925165455045,0.014704174914193402,0.08730000000056748,0,not_applicable,381.0792066777439,0,0,0.99556933493931,0.5114314448565997,728,0.8210843373493977,1.4273227402022972,0.21178185999974475,running
Pure Pursuit,74.21000000000106,11.705014409343246,32.140017908847256,3.9385869324549003,0.43464487171842325,5.38106806223881,-0.06037174752704462,4.269177415172267,0.07048631343288422,0.022639917199118287,0.07579999999762776,0,not_applicable,381.47910077095685,0,0,0.999376808101959,0.4899524301363664,732,0.8385078776645041,1.4306156799611727,0.20843240730709414,running
Pure Pursuit,74.31000000000111,12.069916530443944,32.30320976637071,4.047923899883287,0.3878389090778134,2.835197026958043,-0.06101144080721021,4.222106635150705,0.07873483027533665,0.020395445215328323,0.07279999999809661,0,not_applicable,381.8790066024934,0,0,0.9928449018417342,0.4612383649441157,720,0.7862372567191844,1.5024906437892576,0.21901940157552577,running
Pure Pursuit,74.41000000000116,12.454670131906393,32.45495856652934,4.2116257779437305,0.34079437088635256,4.24492364202818,-0.05915129429273418,4.472416264086105,0.0778837926024098,0.010785171226796564,0.08039999999809311,0,not_applicable,382.2788967498134,0,0,1.0063096550326684,0.4490878652378002,714,0.7601019462465248,1.5424977347802333,0.22496523842325897,running
Pure Pursuit,74.51000000000121,12.863285628731388,32.59511901540383,4.412712100696673,0.2941359367285079,5.214332881552526,-0.055486640933991874,4.733059066098983,0.0711731513646672,0.0028050558979693108,0.08820000000042683,0,not_applicable,382.6787891641142,0,0,0.9678368591391238,0.43194048738747715,728,0.8210843373493977,1.4514163829073616,0.21178185999974475,running
Pure Pursuit,74.61000000000126,13.297997985721494,32.722707637707565,4.631512941109831,0.24710893349426755,5.673684818829683,-0.0497712202011081,4.9800805825796415,0.07959030037798426,0.021500828187646093,0.09370000000075152,0,not_applicable,383.0786914399664,0,0,0.9584656136819786,0.42205640629674746,718,0.7775254865616312,1.548201355299407,0.22094939445953415,running
Pure Pursuit,74.71000000000132,13.759599578731663,32.83587497138741,4.85669213114498,0.1993359696724415,5.83908064341216,-0.03215522801472093,5.215421005451047,0.11194855691828445,0.03633397459438292,0.10199999999827014,0,not_applicable,383.67856592352155,0,0,0.9772215497814072,0.4197194049682854,738,0.8646431881371641,1.465158445108511,0.2037158366078793,running
Pure Pursuit,74.81000000000137,14.24984042567603,32.93458438378045,5.123968815306836,0.16593897952645964,6.930703111070207,-0.01684045561588614,5.549762442252001,0.05142422532229116,0.05323209633448123,0.09740000000135751,0,not_applicable,384.0784865671122,0,0,0.9633634067519309,0.4178445862386197,718,0.7775254865616312,1.6671636531729455,0.22094939445953415,running
Pure Pursuit,74.91000000000142,14.767314769016169,33.027107266594406,5.36997806342016,0.16969890293513856,6.379221092920133,0.0021806412101922083,5.761890924598849,0.07401464190699746,0.03641519776368973,0.08820000000042683,0,not_applicable,384.67837036017517,0,0,0.9871974162654296,0.39407486178202344,360,-0.7818813716404078,1.6527998647145707,0.21997807798827249,running
Pure Pursuit,75.01000000000147,15.310035522320742,33.12509213256478,5.6384672000707825,0.19028373379969699,6.9621429961550785,0.004470982823144731,6.066192363035668,0.08646919285878392,0.012761250333653607,0.08899999999911756,0,not_applicable,385.07829297536256,0,0,1.0303985548775991,0.3737071567310861,714,0.7601019462465248,1.6794246384009643,0.22496523842325897,running
Pure Pursuit,75.11000000000152,15.876804013237248,33.2322419954083,5.8784833142525645,0.19045375266471343,6.2238142263816165,-0.0002872309413402113,6.260848622708944,0.06201791814347535,0.013004577310663734,0.09239999999977044,0,not_applicable,385.6781775490123,0,0,0.9991508350574576,0.3540778177080925,360,-0.7818813716404078,1.6366417099366257,0.21997807798827249,running
Pure Pursuit,75.21000000000157,16.467947701450917,33.34427396343241,6.134356082608904,0.18841171825503045,6.63499024333718,0.003181595910152213,6.5419823385862825,0.06312474458298897,0.01526647223487565,0.08419999999986771,0,not_applicable,386.2780621307606,0,0,1.0098461556079155,0.3448079031502741,370,-0.7383225208526414,1.7223567719155326,0.22322918788849236,running
Pure Pursuit,75.31000000000162,17.083768791098308,33.464960418101015,6.395499611567325,0.20756588773754103,6.771665378383487,0.0073604476612099436,6.811522620447253,0.09103383798227078,0.0047066727884157444,0.08719999999939887,0,not_applicable,386.8779467110885,0,0,1.020776006740004,0.33241969026224744,712,0.7513901760889712,1.7160472698264748,0.22593517874601313,running
Pure Pursuit,75.41000000000167,17.724031232019385,33.59639165094213,6.655921710132621,0.2074423998964523,6.75295809800204,-0.0007769447048731844,7.070795421367529,0.0558994653384067,0.007032035148430538,0.07529999999889014,0,not_applicable,387.67779277694734,0,0,0.9864335860842823,0.3164460703807018,729,0.8254402224281745,1.5835582902792331,0.21092842571338707,running
Pure Pursuit,75.51000000000172,18.391621455502264,33.7315546322573,6.943786875159498,0.1852717603327818,7.464579265778104,-0.0023986988156591833,7.402379636710432,0.026568666921691714,0.01209146236604397,0.07510000000010564,0,not_applicable,388.2776771305055,0,0,1.0134202137631263,0.303091699946646,369,-0.742678405931418,1.7102239546202855,0.2241197071405647,running
Pure Pursuit,75.61000000000178,19.087629163617667,33.86619675593053,7.21290469317019,0.18484805018822392,6.978445218220495,0.006343067488966634,7.6416313969815475,0.06577852283399706,0.008289920135929663,0.07150000000066825,0,not_applicable,389.07752310447756,0,0,1.0299188688045795,0.29178355384266147,377,-0.7078313253012047,1.7566659928308015,0.21730154451353453,running
Pure Pursuit,75.71000000000183,19.810572972816765,34.00751963822997,7.496943525138021,0.2084487669559918,7.3653593187801825,0.00775474527798823,7.949440625048208,0.07217333986057398,0.016523376259122813,0.08070000000159894,0,not_applicable,389.67740768437045,0,0,1.0285662888385614,0.2807526140657389,721,0.7905931417979613,1.6425359007309668,0.21807316453493353,running
Pure Pursuit,75.81000000000188,20.549781064896226,34.15874223039958,7.5862752606805035,0.21114660691984177,2.3164449955038346,-0.003744819792015727,7.7285880246884044,0.026347263352467135,0.01690275704320854,0.08050000000281443,0,not_applicable,390.47725368185473,0,0,1.0325479244373525,0.27124770637352763,708,0.7339666357738648,1.7322924237891415,0.22234991952811328,running
Pure Pursuit,75.91000000000193,21.276999533581446,34.306786693678326,7.3372642252790765,0.18297352071969986,-2.833782413132946,-0.004559143677608572,7.302897019367209,0.03146176918648009,0.017683900482655446,0.09700000000023579,0,not_applicable,391.277099194053,0,0,1.0240235425717936,0.26153682430926595,343,-0.8559314179796107,1.5058503711563902,0.20524858980469116,running
Pure Pursuit,76.01000000000198,21.96969384699733,34.440145430236434,6.9098019633693735,0.1665240623205375,-4.86458376483184,0.013057732816823375,6.8508058487958925,0.07455320053231393,0.041536513611848846,0.07139999999949964,0,not_applicable,391.8769835977882,0,0,1.0329623932536443,0.2632594460022791,357,-0.7949490268767376,1.5698823916733204,0.21713917065507293,running
Pure Pursuit,76.11000000000203,22.625054635525608,34.56211818682871,6.54188467764187,0.18621966595158046,-4.186953128809945,0.02813765108020462,6.491106650488379,0.06640828070797908,0.03208052337500966,0.09239999999977044,0,not_applicable,392.67682892003415,0,0,0.9820236595517149,0.27763843334334865,361,-0.7775254865616312,1.5881192399696558,0.22094939445953415,running
Pure Pursuit,76.21000000000208,23.23558424555544,34.680579009967076,6.048150316978256,0.22094834046816958,-5.639500033545355,0.027583409603441286,5.977934674287335,0.05940606181574237,0.0038765392285888822,0.07290000000281793,0,not_applicable,393.27671348790363,0,0,0.9867611446139893,0.30447189490586435,360,-0.7818813716404078,1.6333519571631687,0.21997807798827249,running
Pure Pursuit,76.31000000000213,23.798780728275954,34.80373562559289,5.621020560331898,0.26236703785128856,-4.860799805755391,0.011193237560915888,5.562070336402717,0.0755729469926024,0.05641926300845945,0.11149999999915394,0,not_applicable,393.87659546234147,0,0,1.0176098634079185,0.32873442082073445,703,0.7121872103799816,1.723080209024714,0.21811666573475305,running
Pure Pursuit,76.41000000000219,24.31541560282467,34.9330366795182,5.174407331117654,0.2826203132027194,-5.085289337775709,-0.021517481987475284,5.112491626554327,0.07489326460113663,0.08909722830392042,0.0784999999972058,0,not_applicable,394.2765178680735,0,0,0.9966335323342193,0.33501898781813777,711,0.7470342910101948,1.6067013284587008,0.22502164647011186,running
Pure Pursuit,76.51000000000224,24.79415413162588,35.05900063754944,4.8360776893706765,0.25039464655808796,-3.850241364116913,-0.05444106535013086,4.789383194705962,0.03864181793212475,0.08395802024531207,0.07910000000066475,0,not_applicable,394.87639715291414,0,0,1.0157861558164452,0.35403801691832926,711,0.7470342910101948,1.5691269297821715,0.22502164647011186,running
Pure Pursuit,76.61000000000229,25.23351281279033,35.15906447863534,4.331189260343466,0.1527312546647166,-5.770687545353974,-0.07425489795351113,4.259008934835279,0.05000260840483544,0.009771896746666897,0.07929999999944926,0,not_applicable,395.2763058520067,0,0,1.0067825833360868,0.3731804878286175,711,0.7470342910101948,1.5491649003353298,0.22502164647011186,running
Pure Pursuit,76.71000000000234,25.635589563242025,35.21386375397721,3.9217269254311,0.028736507670376277,-4.6597419333021595,-0.07473862082983958,3.86521506701325,0.054114778450650276,0.0834593768164602,0.08339999999762426,0,not_applicable,395.676198437564,0,0,0.9775853214991076,0.42434935645969674,706,0.7252548656163116,1.5960088643852741,0.2206244765899192,running
Pure Pursuit,76.81000000000239,25.998644390874677,35.22006768880671,3.486539607360358,-0.0890412491671464,-4.95249604652781,-0.07572476657822247,3.426477320778319,0.03297690773028477,0.12615947256527527,0.08300000000005525,0,not_applicable,396.0758996434687,0,0,1.0139368478546302,0.4818727120740384,706,0.7252548656163116,1.6347991793276466,0.2206244765899192,running
Pure Pursuit,76.91000000000244,26.31304791671445,35.186418449269446,2.9930390171043326,-0.19418090036307678,-5.636750565180404,-0.06926040793970227,2.9228645508423177,0.09291946297897662,0.1790192766140244,0.0780999999996368,0,not_applicable,396.27586117075936,0,0,1.02187148380239,0.5411347737691298,688,0.6468489341983319,1.7124476715585581,0.20689564634075194,running
Pure Pursuit,77.01000000000249,26.584615707066604,35.125355055218925,2.678458502473823,-0.27367632251818463,-3.579972784889449,-0.07953200367201341,2.6350417386153877,0.04182975310433107,0.08105093950274878,0.08110000000272066,0,not_applicable,396.67513592011596,0,0,1.0252529143727132,0.6091468641774523,718,0.7775254865616312,1.5202560900366664,0.22094939445953415,running
Pure Pursuit,77.11000000000254,26.823603259128326,35.04870324911678,2.42475278241609,-0.33927283367009675,-2.88720861889447,-0.08492481802295082,2.389737640584376,0.06535299208621086,0.04298011057201734,0.0877999999993051,0,not_applicable,396.8748468251316,0,0,0.9942519307649804,0.6749613942567795,689,0.6512048192771083,1.645466217558749,0.2075805028346246,running
Pure Pursuit,77.2100000000026,27.027177630792384,34.967021341866854,2.076198094344594,-0.39769349179423497,-3.966603903637216,-0.09141727849318712,2.0280923920523684,0.07571136643249719,0.004292671861074737,0.07830000000197401,0,not_applicable,397.0748083524223,0,0,0.9860581576152728,0.7394356665931346,710,0.742678405931418,1.5449131014117472,0.2241197071405647,running
Pure Pursuit,77.31000000000265,27.21909828630213,34.8761177834025,2.1644254861134176,-0.44641205650230287,2.2878084578582314,-0.08768613321767042,2.3049789401304173,0.09167221172606324,0.025955999819288422,0.07989999999935549,0,not_applicable,397.274769879713,0,0,1.0012155655747834,0.8534451106508205,699,0.6947636700648747,1.5761152831056586,0.21491658495418042,running
Pure Pursuit,77.4100000000027,27.41137727329034,34.773036672343814,2.1967773195562557,-0.49660135359085267,0.83890951204451,-0.08346227935997104,2.2483164373178686,0.10161774086479322,0.06672145030704968,0.07759999999734646,0,not_applicable,397.4743570703327,0,0,0.9928716516894973,0.8154713325208651,718,0.7775254865616312,1.4787987240848108,0.22094939445953415,running
Pure Pursuit,77.51000000000275,27.604989045715197,34.65649787799985,2.313901514821267,-0.5473924841425699,3.0371262164163726,-0.07551645504283507,2.500489941197893,0.07940218373579523,0.12275838156034524,0.07839999999958991,0,not_applicable,397.8740248231541,0,0,0.994431518435684,0.8300112330508957,699,0.6947636700648747,1.6156230990045986,0.21491658495418042,running
Pure Pursuit,77.6100000000028,27.80790931019586,34.52023058973288,2.555800676609787,-0.5997144805113255,6.272643191568887,-0.06523529733440317,2.9411658339781557,0.033034719793149425,0.08724642103991798,0.07670000000103983,0,not_applicable,398.07398635044484,0,0,1.0151774036584285,0.8103544561278188,723,0.7993049119555145,1.5235329733234235,0.21621722807816315,running
Pure Pursuit,77.71000000000285,28.023539512848,34.361582949358905,2.780516390896225,-0.6429482731324114,5.827062338023614,-0.05622012814595444,3.1385069104121484,0.03775669665627807,0.0451101709642554,0.07719999999977745,0,not_applicable,398.27394775914973,0,0,0.9990932859005363,0.7499783061504885,697,0.6860518999073215,1.6965016967643944,0.21337555590733343,running
Pure Pursuit,77.8100000000029,28.25089759315005,34.18259302389661,2.990165288831988,-0.6791231572530787,5.436367462101286,-0.052487516522414575,3.3241531371063537,0.07941999521233109,0.010671188708229806,0.0916999999986956,0,not_applicable,398.6738707362894,0,0,1.0148478590551955,0.6677593835681442,699,0.6947636700648747,1.6412550734526843,0.21491658495418042,running
Pure Pursuit,77.91000000000295,28.490110177148978,33.980574510895885,3.2513198178343807,-0.7165392438035285,6.771950618524136,-0.05672993100363238,3.6673603506844015,0.04119196621129098,0.018502621611879988,0.08139999999912106,0,not_applicable,398.8738322635801,0,0,0.9939895888144681,0.623163904288906,719,0.781881371640408,1.5422003003915157,0.21997807798827246,running
Pure Pursuit,78.010000000003,28.73424538175245,33.755826754758566,3.376237973178094,-0.7726673418875372,3.2392299784201617,-0.06939061917973356,3.575242815676397,0.036190584511518305,0.0070772655186797095,0.08009999999813999,0,not_applicable,399.27366568171345,0,0,1.0349016061527996,0.5564750617833379,716,0.768813716404078,1.5233242513954288,0.22293077345441878,running
Pure Pursuit,78.11000000000305,28.956174015327868,33.523587732303184,3.1297703427403447,-0.8520365331106952,-2.8048380884610458,-0.07919029179337148,3.0957541643319892,0.08863374479116562,0.034734070552486784,0.10140000000191662,0,not_applicable,399.4735946689497,0,0,1.008831128438147,0.5358386585200786,692,0.6642724745134383,1.6341243608450617,0.20968660597172056,running
Pure Pursuit,78.2100000000031,29.142836869594742,33.294901267052325,2.8625271478862584,-0.9294565173809168,-3.0412670843528122,-0.07606190564896931,2.8256436343050635,0.018023504583907907,0.017691768206454128,0.08790000000047371,0,not_applicable,399.8735177235311,0,0,0.997043939209574,0.5788129210535615,720,0.7862372567191844,1.4989044657064385,0.21901940157552577,running
Pure Pursuit,78.31000000000316,29.30761782724288,33.05739138616366,2.915885135143345,-0.9942487176951476,1.3836162680736797,-0.07098033406605599,3.0008887746936264,0.07185656579138659,0.030961907109221087,0.10259999999817637,0,not_applicable,400.07335296485337,0,0,1.0119705912505008,0.6394821779016862,696,0.6816960148285451,1.6340392657444682,0.21261932153731197,running
Pure Pursuit,78.41000000000321,29.460464051773144,32.802345561466275,3.0233012964505295,-1.0580941736581755,2.785388952595995,-0.07171776300115353,3.1944240304029443,0.030612320630940795,0.00029660127966124605,0.07699999999744023,0,not_applicable,400.4730532250638,0,0,1.0354775291788731,0.6127513703352709,711,0.7470342910101948,1.535945537207,0.22502164647011186,running
Pure Pursuit,78.51000000000326,29.60386601717618,32.52479518359044,3.210834998132835,-1.1223165014612286,4.862902328184289,-0.07194454415038376,3.5095915292689583,0.0825512762745416,0.02099602994120353,0.08349999999879287,0,not_applicable,400.6730147523545,0,0,1.0347584622665909,0.6077507126207953,682,0.6207136237256718,1.697628325326389,0.20295929427763665,running
Pure Pursuit,78.61000000000331,29.737045727751624,32.222068136405106,3.390433090656429,-1.189131503327765,4.657125489635927,-0.07760491520568291,3.6765475470964275,0.014336569696106586,0.008299477785495668,0.08419999999986771,0,not_applicable,401.0726707367068,0,0,1.015782374045929,0.5670395029552495,708,0.7339666357738648,1.5742400578252307,0.22234991952811328,running
Pure Pursuit,78.71000000000336,29.855687266946358,31.896830998993096,3.524154450198184,-1.259586095524356,3.4675042662208,-0.08644730484975831,3.737183517278509,0.040013570579211864,0.035683044192001745,0.08059999999687761,0,not_applicable,401.4723298207133,0,0,1.0131072559248853,0.5091088932155523,711,0.7470342910101948,1.4914733623590826,0.22502164647011186,running
Pure Pursuit,78.81000000000341,29.948599712028543,31.566952901204743,3.379523930108544,-1.3536847425887384,-1.6459167103641725,-0.101470168380608,3.3595627791617666,0.09935433970748622,0.04160972132749308,0.0782000000008054,0,not_applicable,401.8720420444342,0,0,1.0211315754508434,0.48713160676170647,689,0.6512048192771083,1.572986343454567,0.2075805028346246,running
Pure Pursuit,78.91000000000346,30.00308411380842,31.251588588534545,3.111623236791306,-1.4693012734602338,-3.0487495141115417,-0.1020892005558798,3.0746489786973896,0.027666441584219742,0.018358298485427582,0.0840999999986991,0,not_applicable,402.0719071943737,0,0,1.0178947713147277,0.5228465515084595,716,0.768813716404078,1.4929174330463222,0.22293077345441878,running
Pure Pursuit,79.01000000000352,30.020891391500577,30.95907142976027,2.8400739599318894,-1.5647329544586075,-3.090270934469501,-0.08642055749634431,2.802596143344356,0.08800822695890649,0.009881950280629326,0.07980000000173959,0,not_applicable,402.4718302489551,0,0,1.0252565304574137,0.5775097450364908,717,0.7731696014828544,1.5080423325099455,0.22193355627601147,running
Pure Pursuit,79.11000000000357,30.01316886654366,30.680720983849472,2.7573384568313326,-1.6318232127566414,-0.9415422623744529,-0.07501708973677008,2.745919733694444,0.013312915872517156,0.019809515373689024,0.07529999999889014,0,not_applicable,402.67170429454154,0,0,1.0205013362253075,0.6313129705232252,718,0.7775254865616312,1.4987163344474101,0.22094939445953415,running
Pure Pursuit,79.21000000000362,29.985629664227297,30.402252172339374,2.834040834900555,-1.6936326671903448,1.9889554226470274,-0.07240019844142735,2.9562339990960353,0.07043630945581814,0.03518346067273015,0.14570000000091454,0,not_applicable,402.8716658218322,0,0,1.0267334824266903,0.6683754324775162,705,0.7208989805375348,1.6042157844519442,0.2197779812188762,running
Pure Pursuit,79.31000000000367,29.93934579588577,30.1176664325422,2.926009075547853,-1.7562881209432497,2.3848117301091865,-0.07324852835569291,3.0725220079114735,0.0411053145267556,0.0024884224035499614,0.0821000000001959,0,not_applicable,403.27135917136945,0,0,1.0133025411118948,0.6491171938982947,691,0.6599165894346619,1.6623591134519502,0.20897586948035746,running
Pure Pursuit,79.41000000000372,29.872401677359054,29.82187334196504,3.1245028338842866,-1.818971038346886,5.1471055649480135,-0.07641036178561494,3.4407196320426543,0.0634752117337486,0.006398004781374311,0.0745000000001994,0,not_applicable,403.4710381425937,0,0,0.9990674782645705,0.6067280431995365,719,0.781881371640408,1.4797058507343734,0.21997807798827246,running
Pure Pursuit,79.51000000000377,29.782209298940682,29.51221799071753,3.3119723908457117,-1.8843796666012524,4.861239003087472,-0.08103047791852293,3.610626734193034,0.013976872970492226,0.02459795157858835,0.07270000000048071,0,not_applicable,403.8706948605822,0,0,1.0071338766672884,0.5825142313636906,728,0.8210843373493977,1.452026721239265,0.21178185999974475,running
Pure Pursuit,79.61000000000382,29.668193947342207,29.19698221814663,3.3876254660920786,-1.9549414775917855,1.961746141891334,-0.08644156877183284,3.508147005034845,0.07836790375299665,0.05065820709731028,0.07180000000062137,0,not_applicable,404.27043201549657,0,0,1.000119917515635,0.5251400973152847,708,0.7339666357738648,1.5137832317569884,0.22234991952811328,running
Pure Pursuit,79.71000000000387,29.537951752904473,28.90360676009493,3.1204571393262044,-2.0361796317569123,-3.040415074435505,-0.0895212283828516,3.083583958648528,0.04613800178825135,0.013672258598035114,0.07570000000001187,0,not_applicable,404.4703935427873,0,0,0.9928447582081461,0.5162515506041032,712,0.7513901760889712,1.5039031638511478,0.22593517874601313,running
Pure Pursuit,79.81000000000392,29.38808040438394,28.62724230119234,3.1651682052215717,-2.106259834701902,1.1593945220924384,-0.07952451674104351,3.2363965915354482,0.05345974790522165,0.03593977522472436,0.07400000000146179,0,not_applicable,404.8702763548537,0,0,1.0065242522339737,0.577215597511918,703,0.7121872103799816,1.5814890814199551,0.21811666573475305,running
Pure Pursuit,79.91000000000398,29.217512070871102,28.360474816173944,3.1685975480710513,-2.176436101705593,0.08892566603910357,-0.07447059385303892,3.174060771825482,0.07691085546340257,0.0015377307425801234,0.09529999999813299,0,not_applicable,405.07023788214434,0,0,0.9693648184998577,0.5881865345967746,712,0.7513901760889712,1.586361696277344,0.22593517874601313,running
Pure Pursuit,80.01000000000403,29.028000984137577,28.101677569764103,3.2415394784122626,-2.2304423573575862,1.8914439361914548,-0.05575070591756001,3.357741941690197,0.03795126009297345,0.003743882072370752,0.07529999999889014,0,not_applicable,405.47011055131424,0,0,1.0046964987281544,0.5877635635478343,694,0.6729842446709915,1.667455590422782,0.2111347683074644,running
Pure Pursuit,80.11000000000408,28.818803714285426,27.841780540140842,3.4174894587519704,-2.271011727248485,4.562526955754538,-0.04689574956941496,3.6977921739877164,0.08762812960994608,0.004236859805175186,0.11459999999985371,0,not_applicable,405.8699829597576,0,0,0.9510757938485455,0.5659853108884336,713,0.755746061167748,1.5611979413229045,0.22600293112750477,running
Pure Pursuit,80.21000000000413,28.58582293038898,27.575192372471072,3.645639938353144,-2.311919212032499,5.916128613023561,-0.034594103338033845,4.0091023200543265,0.08334815433097,0.021414106122957577,0.12309999999970955,0,not_applicable,406.0699217358745,0,0,1.0426533312410657,0.5805544173545418,722,0.7949490268767376,1.6066033716605599,0.21713917065507293,running
Pure Pursuit,80.31000000000418,28.329168285851495,27.301531064510844,3.8424651548206956,-2.342206546731115,5.1038389090559155,-0.02026290400493039,4.156023829258736,0.05740804614778607,0.030710589679804556,0.07339999999800284,0,not_applicable,406.46983455190025,0,0,0.9964654854967847,0.5543718304162516,712,0.7513901760889712,1.702791151308538,0.22593517874601313,running
Pure Pursuit,80.41000000000423,28.0520053908222,27.017871055220084,4.071092310978957,-2.3565788559857923,5.928489226174483,-0.009236267554229639,4.435314077438144,0.04978625446363637,0.028166791272056457,0.08130000000150517,0,not_applicable,406.86975201501645,0,0,1.0028961626178772,0.5390347766098512,723,0.7993049119555145,1.6602841492276206,0.21621722807816315,running
Pure Pursuit,80.51000000000428,27.753752969304387,26.721929026302277,4.312866736303989,-2.371143157878622,6.269408673008963,-0.004946991196607212,4.698033178279854,0.06624912072038751,0.02839622545390519,0.08599999999958641,0,not_applicable,407.2696735992045,0,0,1.0453100746230077,0.4910661256282785,361,-0.7775254865616312,1.6456651014481656,0.22094939445953415,running
Pure Pursuit,80.61000000000433,27.435405390488533,26.411726720753133,4.557346100768675,-2.3698467507613543,6.3395499581316805,0.000589552283642575,4.946821732117157,0.09028212856294486,0.009646487376659962,0.11139999999798533,0,not_applicable,407.86955712656356,0,0,1.0397659267524038,0.4606829163231091,369,-0.742678405931418,1.6877627523849628,0.2241197071405647,running
Pure Pursuit,80.71000000000438,27.098327217928023,26.082527708567458,4.843029127283608,-2.369689069709261,7.407994628697123,-0.0009497212275522916,5.298145563638387,0.01902441447669603,0.001759594277126908,0.09030000000009863,0,not_applicable,408.2694788625289,0,0,1.0469705890057623,0.43301926331325863,733,0.8428637627432809,1.520591219986657,0.20762130414308752,running
Pure Pursuit,80.81000000000444,26.73917437218917,25.736970579096727,5.104078924538579,-2.3865224166987398,6.769234838620015,-0.0027009517191553317,5.51995261114561,0.07948670602130252,0.013387836382399598,0.07989999999935549,0,not_applicable,408.6694012400282,0,0,0.9955639117301387,0.4194928257647406,353,-0.8123725671918443,1.6108227739820105,0.21352185245425553,running
Pure Pursuit,80.91000000000449,26.35891464350889,25.377158579823824,5.346688372606702,-2.385976132251508,6.2910614959684175,0.005943111043367128,5.733185074135421,0.006326977227481302,0.009555938157813415,0.07790000000085229,0,not_applicable,409.2692857023057,0,0,1.0059145436464854,0.39786306446985,355,-0.803660797034291,1.6247841768822222,0.21530714918272373,running
Pure Pursuit,81.01000000000454,25.961885502949073,24.997869566088745,5.613646833285239,-2.367070952262654,6.92245131577141,0.007270195866729089,6.038933504183843,0.04825405930793536,0.007910656023501161,0.07799999999846818,0,not_applicable,409.86917026165617,0,0,1.0439654126804647,0.3893252415104598,348,-0.8341519925857275,1.6076858644419916,0.20925385860619156,running
Pure Pursuit,81.11000000000459,25.549429495325743,24.595403495833988,5.889875706078044,-2.358396949574783,7.162840687117935,-5.3400684952155755e-05,6.329930901997033,0.07145684244900495,0.01436317624638761,0.07920000000183336,0,not_applicable,410.4690548206025,0,0,1.0477601006087438,0.36146967344459796,365,-0.7601019462465246,1.6956331942624527,0.22496523842325905,running
Pure Pursuit,81.21000000000464,25.118675391139988,24.172082087505785,6.16686293456793,-2.3693840542179534,7.182505470843985,-0.004984405221233833,6.6081262531624425,0.06730455294754199,0.0015873980713827507,0.07000000000090267,0,not_applicable,411.0689393645123,0,0,1.0055013333767864,0.33831071772212934,713,0.755746061167748,1.6761435315773243,0.22600293112750477,running
Pure Pursuit,81.31000000000469,24.664820866027483,23.73308107779543,6.439978447429098,-2.389262382305864,7.082108716681619,-0.00020846813047344703,6.875073806236092,0.035780628708741595,0.019904561136296905,0.07429999999786219,0,not_applicable,411.66882388330856,0,0,1.0026782167962636,0.31239053508197956,369,-0.742678405931418,1.64327260977374,0.2241197071405647,running
Pure Pursuit,81.41000000000474,24.186950644477488,23.280153060706173,6.706864825308749,-2.3883501890483103,6.920582149816763,0.011805458466264998,7.1320366624107745,0.025067589316548098,0.020243021687962326,0.07659999999987122,0,not_applicable,412.2687084516085,0,0,1.0015990539424893,0.3099777539772062,369,-0.742678405931418,1.6946770635271655,0.2241197071405647,running
Pure Pursuit,81.5100000000048,23.69117725976631,22.80789420434036,6.966476015558739,-2.365589036273939,6.731930581885877,0.013936201569119927,7.3800578834973365,0.09457102683086777,0.001223841413596105,0.07749999999973056,0,not_applicable,413.06855455461056,0,0,0.9988358871499006,0.3002002956776256,361,-0.7775254865616312,1.6558041925104017,0.22094939445953415,running
Pure Pursuit,81.61000000000485,23.18188311570465,22.310504954538217,7.248710451225101,-2.346024290118123,7.3185698462924975,0.007348260446181425,7.698333000187989,0.028334162457341345,0.020232152707855278,0.07919999999828065,0,not_applicable,413.6684391323908,0,0,1.0417344789921648,0.2929758384819161,715,0.7644578313253012,1.6970553795217498,0.2239412608755995,running
Pure Pursuit,81.7100000000049,22.659469273607858,21.787771892309046,7.5109269585064204,-2.3486738430050553,6.79948858422712,-0.002412247575568174,7.928659309647813,0.043423922741276544,0.01724259800080219,0.12089999999886913,0,not_applicable,414.46828523910875,0,0,1.0434325451817794,0.28426062836415755,729,0.8254402224281745,1.608444216585816,0.21092842571338707,running
Pure Pursuit,81.81000000000495,22.120521044096094,21.250114388994515,7.699533826739697,-2.3745979677625852,4.8907304149357955,-0.003639396856273599,8.0,0.08026800504775196,0.008481947096111497,0.07910000000066475,0,not_applicable,415.26813134819196,0,0,1.0475658986263359,0.26715871712153044,356,-0.7993049119555145,1.6152358160444311,0.21621722807816315,running
Pure Pursuit,81.910000000005,21.56583113397589,20.70714076877549,7.815406056735442,-2.3779144852607117,3.004661732603031,0.006765535892906234,8.0,0.09658316254043472,0.011297962648299631,0.09350000000196701,0,not_applicable,415.86801592867636,0,0,1.0041826546464874,0.25695998120088775,364,-0.7644578313253012,1.651918755759123,0.2239412608755995,running
Pure Pursuit,82.01000000000505,21.004529470231603,20.157807120187137,7.886593144512016,-2.350947704161623,1.8459394326455758,0.007922271781510865,8.0,0.08215324204536066,0.016741126078210655,0.08749999999935199,0,not_applicable,416.6678620226571,0,0,1.0108317461085092,0.25456957232695976,715,0.7644578313253012,1.6599248605580887,0.2239412608755995,running
Pure Pursuit,82.1100000000051,20.444122920995675,19.599545074979055,7.930327535973159,-2.344923933044083,1.134068554879839,-0.006389125866927257,8.0,0.07302430069605952,0.02398447314319796,0.13329999999811548,0,not_applicable,417.46770811515034,0,0,0.9969609566696831,0.25087810833334667,729,0.8254402224281745,1.5528633728107393,0.21092842571338707,running
Pure Pursuit,82.21000000000515,19.881827338227097,19.03827313184295,7.957196130492431,-2.3719513312339338,0.6967246402684069,-0.01300679844256112,8.0,0.06852674301982839,0.0018423780579368554,0.10179999999948564,0,not_applicable,418.2675542188668,0,0,1.0398929528087386,0.2598173073794649,731,0.8341519925857277,1.5934674955524255,0.20925385860619153,running
Pure Pursuit,82.3100000000052,19.311382253372287,18.482246466226705,7.973703079539211,-2.4017421220224806,0.42803869507569203,-0.0037960119263606732,8.0,0.06556778370388372,0.0305573306001925,0.07480000000015252,0,not_applicable,419.06740031194147,0,0,1.0474128782996823,0.25236903157144636,366,-0.755746061167748,1.6874542360383133,0.22600293112750477,running
Pure Pursuit,82.41000000000525,18.730796073204438,17.934902774071748,7.983844263762211,-2.4063380849183047,0.262969204607888,0.009938634264466785,8.0,0.062322763833015604,0.034146160124922886,0.08060000000043033,0,not_applicable,419.86724641045816,0,0,1.0449777231083497,0.23932386112819262,364,-0.7644578313253012,1.6012696537283955,0.2239412608755995,running
Pure Pursuit,82.5100000000053,18.147159691988435,17.389629781905004,7.990074586346557,-2.3775766367379387,0.1615573623778932,0.015821801661883284,8.0,0.06227948002732781,0.004446653972930648,0.08060000000043033,0,not_applicable,420.66709251942706,0,0,0.9869767805668246,0.25488368413270546,353,-0.8123725671918443,1.6131169716604832,0.21352185245425553,running
Pure Pursuit,82.61000000000536,17.56909897236263,16.837747864505744,7.993902237896065,-2.346433014449135,0.09925413653443016,0.006319423237345157,8.0,0.0627159454985686,0.027566555899623424,0.07700000000099294,0,not_applicable,421.46693862005225,0,0,1.0410472165376343,0.25216039006583324,720,0.7862372567191844,1.642488303381892,0.21901940157552577,running
Pure Pursuit,82.71000000000541,17.00012732657015,16.276062049512106,7.996253788106526,-2.341135471091159,0.06097762103935089,-0.007755748591618098,8.0,0.06048545076071953,0.03366451685351457,0.08500000000211116,0,not_applicable,422.26678472016954,0,0,1.0456729807770295,0.250948448072058,704,0.7165430954587584,1.7316711582256923,0.21894209497805303,running
Pure Pursuit,82.81000000000546,16.433764967029738,15.711475179698573,7.997698482933312,-2.3698404484651867,0.03746211893473905,-0.014216163365829242,8.0,0.060137259799740446,0.005722275897948492,0.0800000000005241,0,not_applicable,423.0666308269025,0,0,1.0417832455206435,0.24765274322634137,716,0.768813716404078,1.64623945223878,0.22293077345441878,running
Pure Pursuit,82.91000000000551,15.861393412290223,15.152830343358989,7.998586043459666,-2.4011794036065357,0.023015170666882412,-0.005541829608797836,8.0,0.061039977788527364,0.02496046493481785,0.07830000000197401,0,not_applicable,423.86647693118954,0,0,0.9916823572204441,0.24951270943455855,363,-0.7688137164040778,1.6571881238225468,0.22293077345441883,running
Pure Pursuit,83.01000000000556,15.279729753767024,14.6037582613029,7.9991313238007695,-2.4066338668494116,0.014139565403343823,0.00736983321109655,8.0,0.06000112280524243,0.029827632005043014,0.07879999999715892,0,not_applicable,424.66632303574704,0,0,1.046977939577483,0.24712849325714367,358,-0.790593141797961,1.6085159805074087,0.21807316453493358,running
Pure Pursuit,83.11000000000561,14.6953332810836,14.057525822048147,7.999466321405515,-2.3779544069714675,0.008686761992304781,0.012282973955597274,8.0,0.05988248257973767,0.0006297118968436877,0.07759999999734646,0,not_applicable,425.46616914399243,0,0,1.0299635301869219,0.24948604000933972,339,-0.8733549582947173,1.4839583487894445,0.20222103997141733,running
Pure Pursuit,83.21000000000566,14.116703965479678,13.505162428572907,7.999672130026741,-2.3465778491032547,0.005336785944853872,0.0016996005470278973,8.0,0.06010741251894682,0.031196684458338453,0.10019999999855145,0,not_applicable,426.26601525191387,0,0,0.9949546911232436,0.2505845737784516,719,0.781881371640408,1.6423799425237509,0.21997807798827246,running
Pure Pursuit,83.31000000000572,13.54734909575362,12.943214604861916,7.99979857029966,-2.3410897013256546,0.003278699732591761,-0.013416045210470538,8.0,0.060202486591741114,0.037065808665015965,0.1338999999980217,0,not_applicable,427.0658613589024,0,0,1.0306171020204011,0.24968485136882906,724,0.8036607970342913,1.601652336011252,0.2153071491827237,running
Pure Pursuit,83.41000000000577,12.980766144864814,12.378451468114623,7.999876249954287,-2.369763803244099,0.002014297003398724,-0.020763146743679732,8.0,0.06404223937851986,0.008707856095217181,0.14790000000175496,0,not_applicable,427.8657074671391,0,0,0.9937134131423692,0.24350022103994284,724,0.8036607970342913,1.567334287346929,0.2153071491827237,running
Pure Pursuit,83.51000000000582,12.408279605399011,11.819677541338132,7.999923973109287,-2.401149080191645,0.00123750045712967,-0.012801916357474004,8.0,0.06750054535802313,0.02243187306656047,0.07350000000272416,0,not_applicable,428.66555357595144,0,0,0.9955760902201338,0.25742300483799735,368,-0.7470342910101946,1.735983150307718,0.22502164647011183,running
Pure Pursuit,83.61000000000587,11.824584604298561,11.27262889838492,7.999953292234535,-2.429549430926964,0.0007602689071273261,-0.00045517316829340207,8.0,0.06435435101689527,0.05066458444973421,0.07739999999856195,0,not_applicable,429.46539968473445,0,0,1.0411139972882457,0.2459652857830283,376,-0.7121872103799816,1.7075391314681474,0.21811666573475305,running
Pure Pursuit,83.71000000000592,11.22977819120742,10.73766306118117,7.9999713046879295,-2.432939193341168,0.00046707765465114903,0.016359378207879388,8.0,0.05977991954392972,0.05395536089784159,0.07180000000062137,0,not_applicable,430.265245793822,0,0,1.0434671335588623,0.2353506490481667,362,-0.7731696014828544,1.5694504868035557,0.22193355627601147,running
Pure Pursuit,83.81000000000597,10.631774935222287,10.206261398325776,7.999982370791525,-2.403397778887739,0.00028695312070503576,0.026863339362130062,8.0,0.0664186874978275,0.02436895408495232,0.0704999999996403,0,not_applicable,431.0650919029816,0,0,0.9912764057813758,0.24243306605900627,367,-0.7513901760889712,1.6431754990803968,0.22593517874601313,running
Pure Pursuit,83.91000000000602,10.039325314374244,9.668687234152408,7.999989169346173,-2.3717626424349247,0.00017629208475256064,0.022896128110765385,8.0,0.077710893344107,0.007292871073858009,0.0973000000001889,0,not_applicable,431.86493801213425,0,0,1.0418203006162956,0.24256822010807716,359,-0.7862372567191844,1.590037582853814,0.21901940157552577,running
Pure Pursuit,84.01000000000607,9.457932275371023,9.119185359846018,7.9999933460959145,-2.343323210908626,0.00010830653827120784,0.014844625567268612,8.0,0.08062075066096686,0.035746734364510147,0.11160000000032255,0,not_applicable,432.66478412129385,0,0,0.9942612191293813,0.2473472904344296,349,-0.8297961075069509,1.5458112255389387,0.21008581223244965,running
Pure Pursuit,84.11000000000612,8.889994098625339,8.555792073158422,7.999995912117561,-2.3170369819289465,6.653904085496265e-05,0.002408035377460526,8.0,0.07128616479795087,0.06203516622308669,0.12639999999919382,0,not_applicable,433.4646302304566,0,0,0.9522466387965911,0.24896054307802928,713,0.755746061167748,1.6754700701541592,0.22600293112750477,running
Pure Pursuit,84.21000000000618,8.334339117067184,7.980261500846317,7.999997488574735,-2.3145250939032493,4.0878824387746704e-05,-0.016065135324138956,8.0,0.0593148267871462,0.0645362041491584,0.12119999999882225,0,not_applicable,434.2644763396174,0,0,1.0448812652374253,0.24605316440340658,730,0.8297961075069509,1.538823803057803,0.21008581223244965,running
Pure Pursuit,84.31000000000623,7.78221414935302,7.40133408994819,7.999998457084577,-2.3443191083126727,2.5114252650837443e-05,-0.029153134605775895,8.0,0.06553034586252283,0.034719408170273525,0.0782999999984213,0,not_applicable,435.0643224487727,0,0,0.9935974859369744,0.2343883055246072,728,0.8210843373493977,1.4895314885059685,0.21178185999974475,running
Pure Pursuit,84.41000000000628,7.224086573990806,6.828204025113883,7.9999990520968165,-2.3759930955610016,1.542915422980684e-05,-0.02810891909648287,8.0,0.0826111587450527,0.003010713802000353,0.07319999999921833,0,not_applicable,435.8641685579334,0,0,0.9891282130945185,0.23923174223371518,721,0.7905931417979613,1.5643234133577992,0.21807316453493353,running
Pure Pursuit,84.51000000000633,6.654401526111354,6.2665722149925625,7.999999417647635,-2.404423744264473,9.47903183501353e-06,-0.02305549863271582,8.0,0.0920079566946048,0.02546681204646184,0.12129999999999086,0,not_applicable,436.6640146670779,0,0,0.9478325051047568,0.2511196264084647,700,0.6991195551436515,1.753375419018991,0.2157016455530536,running
Pure Pursuit,84.61000000000638,6.071296732065629,5.718890461295316,7.999999642226881,-2.430699923433938,5.8235236544135205e-06,-0.013634425878553133,8.0,0.0868449682182085,0.05180194859091003,0.08910000000028617,0,not_applicable,437.4638607761922,0,0,0.9942112049104715,0.2505422104204754,369,-0.742678405931418,1.7006347876599792,0.2241197071405647,running
Pure Pursuit,84.71000000000643,5.476492459709618,5.1839173373493885,7.9999997801990474,-2.433206978232634,3.5777311868656625e-06,0.0018194191526587158,8.0,0.07051768129113552,0.05438268608049235,0.08519999999734296,0,not_applicable,438.2637068853242,0,0,0.9922168392457908,0.2503338018305629,369,-0.742678405931418,1.6994066191640202,0.2241197071405647,running
Pure Pursuit,84.81000000000648,4.878417513001779,4.652592977344755,7.999999864963421,-2.4034113339050434,2.1980095255003107e-06,0.011950757253511936,8.0,0.05847012661522053,0.02467205054465893,0.12220000000340292,0,not_applicable,439.063552994419,0,0,1.0468191510988392,0.24758051040282214,371,-0.7339666357738648,1.693024295527691,0.22234991952811328,running
Pure Pursuit,84.91000000000653,4.2859242689846155,4.115064935909884,7.999999917039131,-2.371736965540165,1.3503657925184598e-06,0.008027060942810305,8.0,0.05802479217049538,0.006905989435256998,0.07599999999996498,0,not_applicable,439.863399103445,0,0,0.9995669185948298,0.2473983141886244,362,-0.7731696014828544,1.638438499332139,0.22193355627601147,running
Pure Pursuit,85.01000000000658,3.704513876230532,3.5655802607511733,7.9999999490322855,-2.343306286087911,8.296086928538671e-07,0.00015220840308610126,8.0,0.059090359606691095,0.03522831046838881,0.07319999999921833,0,not_applicable,440.66324521254,0,0,0.9946274755745533,0.25172857549579447,718,0.7775254865616312,1.656107624934891,0.22094939445953415,running
Pure Pursuit,85.11000000000664,3.134532935185985,3.0042330595060953,7.999999968687551,-2.3399349708084665,5.096771449331072e-07,-0.012062481746168054,8.0,0.057469170789127055,0.03847943373307139,0.07319999999921833,0,not_applicable,441.4630913216514,0,0,1.0282323216810245,0.25012351419537066,695,0.6773401297497683,1.7711273525996836,0.21187243445594103,running
Pure Pursuit,85.21000000000669,2.56793416799738,2.4394631117876604,7.999999980762932,-2.369491608183247,3.131244863396887e-07,-0.017945972483855405,8.0,0.059061860732459864,0.00879025960855273,0.07670000000103983,0,not_applicable,442.2629374305765,0,0,1.0322684265860953,0.2508328116569014,748,0.9082020389249306,1.4310279966045858,0.19660096634514493,running
Pure Pursuit,85.31000000000674,1.9955156211750547,1.8806055456333128,7.999999988181544,-2.40113375724981,1.9237067938604469e-07,-0.009356238354365571,8.0,0.06154431441900201,0.02299621960549203,0.07169999999945276,0,not_applicable,443.0627835395068,0,0,0.989443344501696,0.25609511485389097,373,-0.7252548656163114,1.7537745246435914,0.22062447658991918,running
Pure Pursuit,85.41000000000679,1.413828305307697,1.3313955337764163,7.999999992739231,-2.406670714533105,1.1818456435719327e-07,0.0033506718746602305,8.0,0.059937446352102526,0.02869773979732848,0.07150000000066825,0,not_applicable,443.86262964855854,0,0,1.0298226448933743,0.2506541640322915,359,-0.7862372567191844,1.6357432111910752,0.21901940157552577,running
Pure Pursuit,85.51000000000684,0.8294035257895793,0.7850926453538882,7.999999995539285,-2.3779889933307445,7.260768875028134e-08,0.008170448215229198,8.0,0.058139348891393196,0.00018669664319048707,0.07599999999996498,0,not_applicable,444.6624757573071,0,0,0.993330795115848,0.2474897667355574,364,-0.7644578313253012,1.652962464133966,0.2239412608755995,running
Pure Pursuit,85.61000000000689,0.24875231843216594,0.23478166064146233,7.999999997259522,-2.3694955853480235,4.460715352649913e-08,-0.002324195537878589,8.0,0.05793688043465556,0.008116592256865118,0.07129999999833103,0,not_applicable,445.46232186606676,0,0,0.9947919515827032,0.25376887150742783,721,0.7905931417979613,1.646129779930243,0.21807316453493353,running
Pure Pursuit,85.6400000000069,0.07498368506375921,0.0692387329103041,7.999999997632157,-2.3758615344266105,2.7404780666984152e-08,-0.004840402188223667,8.0,0.09793543763440374,0.001705320388310838,0.076399999997534,0,not_applicable,445.6622833933574,1,0,0.9999532228937152,0.25659036748243225,358,-0.790593141797961,1.662007440761039,0.21807316453493358,lap_complete
