controller,time_s,x_m,y_m,speed_mps,yaw_rad,accel_command_mps2,steer_command_rad,speed_command_mps,cross_track_error_m,heading_error_rad,controller_update_ms,controller_iterations,controller_status,progress_m,lap_count,collision,minimum_clearance_m,minimum_ttc_s,critical_beam_index,critical_beam_angle_rad,critical_scan_range_m,critical_side_distance_m,termination_reason
MPC,0.10999999999999999,34.18747461202998,90.53410018011594,0.28888366875707505,0.12387724709447774,7.999999990024363,-0.0038982681437954854,0.7999999990024363,0.014290754699036711,0.0006784020771464228,1.0419999999999874,2,optimal,0.0,0,0,0.8701199969788166,nan,941,1.7488878591288235,1.027610940992995,0.1574909440141784,running
MPC,0.21000000000000005,34.232654723764504,90.53988280432496,0.5973968800472167,0.1253619494276001,8.0,0.001140268704804621,1.088883668757075,0.05983937206676905,0.0008063002559759447,1.0080999999995122,3,optimal,0.0,0,0,0.8964541680320024,5.986511765746433,718,0.7775254865616312,1.4534130371420546,0.22094939445953415,running
MPC,0.3100000000000001,34.308708443389705,90.54650622472933,0.9059100913373582,0.10640988354749464,8.0,-0.3130189966541747,1.3973968800472167,0.06389980818758331,0.017861721710594303,1.1173000000002098,3,optimal,0.19996710727035555,0,0,0.8934538535826139,2.961842966380616,379,-0.6991195551436515,1.5700132324264093,0.2157016455530536,running
MPC,0.4100000000000002,34.41587781172879,90.54266186384365,1.2144233026274998,0.0378812292123098,8.0,0.001140268704804603,1.7059100913373584,0.04648710677810242,0.08639037604577915,0.9105000000002583,3,optimal,0.19996710727035555,0,0,0.8932851319200165,1.7975280262576638,385,-0.6729842446709917,1.4844856260418198,0.21113476830746442,running
MPC,0.5100000000000002,34.55392945225615,90.54036440107673,1.5229365139176414,0.00019588467428705014,8.0,-0.20943951023931945,2.0144233026275,0.04459033341839356,0.12378350698550866,0.9712999999997862,3,optimal,0.39993421560614545,0,0,0.8862908168288963,1.2445153190293916,389,-0.6555607043558851,1.4063450457967033,0.2082738731989199,running
MPC,0.6100000000000003,34.72218731111206,90.52509304064547,1.831449725207783,-0.06202923544990241,8.0,-0.03558954406891857,2.322936513917641,0.09380604018471389,0.18574630015592497,0.980299999999712,3,optimal,0.5999013216677272,0,0,0.8296431608222024,0.8820249323722352,384,-0.6773401297497683,1.2586038950954372,0.21187243445594103,running
MPC,0.7100000000000004,34.92141685571022,90.51035092883222,2.1399629364979247,-0.05946319451210719,8.0,0.27856972129006075,2.631449725207783,0.12921883314381363,0.18290574284159744,0.7944999999995872,3,optimal,0.7998684300035375,0,0,0.753387123606479,0.6827715920273187,354,-0.8080166821130677,1.0783948139439223,0.2144087504700342,running
MPC,0.8100000000000005,35.15187438289764,90.51775886450878,2.4484761477880657,0.03688923050939036,8.0,-0.03558954406891856,2.939962936497925,0.13877788126157314,0.08630668870176716,0.8428999999998688,3,optimal,0.99983553530441,0,0,0.7475226949406208,0.64920682572021,387,-0.6642724745134383,1.3035566066016064,0.20968660597172056,running
MPC,0.9100000000000006,35.41301944719436,90.53124191424365,2.7569893590782066,0.059412205568933174,8.0,0.27856972129006075,3.2484761477880655,0.1570305385068987,0.06352664834367427,0.7482000000003097,3,optimal,1.199802643640203,0,0,0.7534051429235284,0.5562820014500998,359,-0.7862372567191844,1.1813209149266801,0.21901940157552577,running
MPC,1.0100000000000007,35.701933344782745,90.57474438720124,3.0655025703683476,0.19101371257547733,8.0,0.16262484525953358,3.556989359078207,0.16545401107929364,0.06854525859977789,0.7711999999999719,3,optimal,1.5997368568850163,0,0,0.7450800965636089,0.5914156196733086,367,-0.7513901760889712,1.4174270846962553,0.22593517874601313,running
MPC,1.1100000000000008,36.01444880655818,90.65690676597353,3.3740157816584886,0.2916042480071243,8.0,-0.15153442009944573,3.8655025703683474,0.11145151269790762,0.16935087430278317,0.9495000000003806,3,optimal,1.7997039616929331,0,0,0.7621018154025587,0.548016098218536,701,0.7034754402224284,1.4976201604610038,0.21649658541768402,running
MPC,1.2100000000000009,36.355980106168964,90.7502499143374,3.6825289929486296,0.26541060995309235,8.0,0.16262484525953358,4.174015781658489,0.052204498035818926,0.1435786776618868,0.7635999999999754,3,optimal,2.199638174953892,0,0,0.8261812167107662,0.4750663090482726,731,0.8341519925857277,1.28607918832208,0.20925385860619153,running
MPC,1.310000000000001,36.72235467018061,90.86807926192483,3.9910422042387705,0.34723360057865066,8.0,-0.060618291852531744,4.482528992948629,0.035323693957146164,0.22578987573965437,0.768299999999833,3,optimal,2.5995723884942183,0,0,0.8778245672702468,0.3813368161734053,701,0.7034754402224284,1.2874015533229106,0.21649658541768402,running
MPC,1.410000000000001,37.11841681708581,90.99421891366308,4.299555415528913,0.2613932931758695,8.0,-0.37477755721151107,4.791042204238771,0.10006793166511493,0.1403044596701548,0.881899999999991,3,optimal,2.9995066024186654,0,0,0.7641084851547708,0.3457795235448535,743,0.8864226135310473,1.0724800614222747,0.20004771979496722,running
MPC,1.5100000000000011,37.55905650780514,91.06227293022813,4.608068626819056,-0.013777027361884298,8.0,-0.06061829185253179,5.099555415528913,0.11528210021137827,0.13454429315236993,0.7788999999998047,3,optimal,3.3994408167841232,0,0,0.7656888476769027,0.40649272838910644,382,-0.6860518999073215,1.5656932780930932,0.21337555590733343,running
MPC,1.6100000000000012,38.036322682760144,91.0618814842697,4.916581838109198,-0.09423009066491234,8.0,-0.015353756312323464,5.408068626819055,0.11333866282946108,0.21470907386079752,0.8561999999998626,3,optimal,3.7993750316064645,0,0,0.8802026911482151,0.3281314527423917,361,-0.7775254865616312,1.298515903259148,0.22094939445953415,running
MPC,1.7100000000000013,38.54351989035724,91.02856017727001,5.22509504939934,-0.09498905777798133,8.0,-0.0059009160691404945,5.716581838109198,0.039312419489687014,0.21509586320513785,0.7623999999997189,3,optimal,4.3992763552039955,0,0,0.8275989759257899,0.2745695799073043,372,-0.729610750695088,1.227775648409962,0.22148173646210823,running
MPC,1.8100000000000014,39.08111120076474,90.9877292323984,5.5336082606894825,-0.044092984109497746,8.0,0.19786995096758578,6.02509504939934,0.16119515287390904,0.16389798410939482,0.7893999999999401,3,optimal,4.9991776784540765,0,0,0.7572164623262281,0.2487335021715794,397,-0.6207136237256718,1.2601823096980436,0.20295929427763665,running
MPC,1.9100000000000015,39.650389263037475,90.99844768779789,5.84074542726702,0.19806518629511521,7.964318034696786,0.2662213821364775,6.330040064159161,0.22255795375107548,0.07849871067862724,0.7390000000002672,3,optimal,5.399111894050224,0,0,0.7252834327621492,0.2625302057703396,353,-0.8123725671918443,1.2126841007161955,0.21352185245425553,running
MPC,2.010000000000001,40.23620862324936,91.11933957562609,6.117813600663869,0.4337903992464717,7.184604438512157,-0.047937883222501754,6.559205871118236,0.1763055883511074,0.31475231570327056,0.7697000000002063,3,optimal,5.999013217420467,0,0,0.7236698146401755,0.2599699873180987,700,0.6991195551436515,1.377912977445078,0.2157016455530536,running
MPC,2.109999999999999,40.829734541911286,91.31582493816995,6.3670859516525455,0.33848745579144807,6.46383602040944,-0.2035223405985179,6.764197202704813,0.09997046400421704,0.22045074766667794,0.652000000000097,3,optimal,6.79888164689648,0,0,0.8817973968088025,0.23561353293182882,706,0.7252548656163116,1.299297587709196,0.2206244765899192,running
MPC,2.209999999999997,41.45534590929846,91.48842810173181,6.599901398063372,0.10423533932095869,6.037095019360431,-0.11509514444025964,6.970795453588589,0.09026014489140192,0.012817559108387222,0.800299999999865,3,optimal,7.398782969909469,0,0,0.822793950834649,0.26027782165502356,747,0.9038461538461537,1.2224119155442048,0.1972733218794039,running
MPC,2.3099999999999947,42.1179905072438,91.59077338344234,6.800256334339375,0.010872362989825468,5.195367431771442,0.038446217963639985,7.119438141240516,0.09747366657796905,0.10499948380046664,0.8493999999998891,3,optimal,7.998684283052473,0,0,0.8232298081450296,0.27086573776496164,372,-0.729610750695088,1.5540843928054364,0.22148173646210823,running
MPC,2.4099999999999926,42.80407964055319,91.65505785255047,6.968429221706286,0.08726343821820287,4.360860571607802,0.03998817494261535,7.2363423915001555,0.12575925022888065,0.026723104615368865,0.7885999999994731,3,optimal,8.798552685638608,0,0,0.8214049668984433,0.24577459376707378,748,0.9082020389249306,1.2247435849424189,0.19660096634514493,running
MPC,2.5099999999999905,43.50558036002313,91.72614319543887,7.121433852015217,0.1421425544815837,3.9675352551443996,-0.012738156138918495,7.365182747220726,0.07329022575454598,0.029814393016529106,0.8066000000002127,3,optimal,9.398453986398122,0,0,0.823131443851502,0.22321357077357323,735,0.8515755329008341,1.2307565798421995,0.20602954162158948,running
MPC,2.6099999999999883,44.21981195629642,91.80751704793502,7.245683219601591,0.10406302102625692,3.221887764657785,-0.03783901361058829,7.443622628480996,0.10352438937020456,0.005755740176496271,0.680299999999523,3,optimal,10.198322351557563,0,0,0.8218318776314798,0.23011714330468888,743,0.8864226135310473,1.2360544663023543,0.20004771979496722,running
MPC,2.709999999999986,44.946982666115076,91.8775111959324,7.356532101730157,0.04542665297595122,2.874402212210446,-0.014347378609632422,7.533123440822635,0.08728475603057732,0.06229763891697493,0.6854999999998945,3,optimal,10.798223582760551,0,0,0.8247236983882943,0.24739338480979567,373,-0.7252548656163114,1.5620322114970902,0.22062447658991918,running
MPC,2.809999999999984,45.68524239006712,91.92918209989355,7.438450039930517,0.04211078770144033,2.124199164315745,0.01899827556590815,7.568952018161732,0.03821114637742946,0.062488063738579847,0.7223000000000646,2,optimal,11.598091902734529,0,0,0.8327167503105843,0.23822265753288205,371,-0.7339666357738648,1.5236165600302536,0.22234991952811328,running
MPC,2.909999999999982,46.43134563950418,91.97518038782479,7.506505723812121,0.07216502945997066,1.764739567476104,0.026563890256254916,7.614923996678128,0.055635927811575656,0.029092472837450867,0.7125000000001158,3,optimal,12.39796022709657,0,0,0.901216532057724,0.23808403438908543,376,-0.7121872103799816,1.55862940843342,0.21811666573475305,running
MPC,3.00999999999998,47.18306140473503,92.02920285117298,7.5622879147256175,0.10117699844320177,1.4464778524128896,0.014233674153412337,7.65115350905341,0.09931226738649333,0.0019245744677807153,0.5399999999999849,2,optimal,12.997861522650652,0,0,0.8956558024564172,0.23515568492432565,375,-0.7165430954587582,1.550043391110638,0.21894209497805295,running
MPC,3.1099999999999777,47.9374550515646,92.09812144278925,7.586752612242871,0.12703397362701468,0.6343896240928584,0.0009272751113685213,7.625726877134904,0.05928121558623049,0.02946851009575502,0.6434000000004048,2,optimal,13.797729935548729,0,0,0.8816367048857091,0.23517616666159435,734,0.8472196478220577,1.3842909155961232,0.20682039817249392,running
MPC,3.2099999999999755,48.691719379768585,92.1813758456014,7.589988841869546,0.12969101862243598,0.08391808216294486,-0.012469197849215298,7.595144420459166,0.017842806862362396,0.03268936125732136,0.5549999999998612,2,optimal,14.597598367645853,0,0,0.8972742647208801,0.22877679458476782,733,0.8428637627432809,1.3624124366406523,0.20762130414308752,running
MPC,3.3099999999999734,49.442473763092366,92.2674759345041,7.5398159002398515,0.10153982435914982,-0.5709754966327787,-0.015034209772300546,7.532891292206267,0.02957635065929294,0.003979494600337752,0.5516999999999328,2,optimal,15.397466796227768,0,0,0.8988576723124682,0.2351182195347796,733,0.8428637627432809,1.3949281405687102,0.20762130414308752,running
MPC,3.4099999999999713,50.183407458983424,92.34375485064228,7.402085661328279,0.06798614195724556,-1.5673904899637157,-0.0009312614982786392,7.38307685124348,0.0846749419614763,0.03125418397309421,0.7421000000000788,3,optimal,16.197335195506714,0,0,0.9004831630394722,0.23497725719456486,387,-0.6642724745134383,1.6046504620029074,0.20968660597172056,running
MPC,3.509999999999969,50.906826012561126,92.40447065410926,7.187070336709573,0.054920232668145885,-2.446906196250725,0.010113063514254677,7.157395041703206,0.041898633162618534,0.0463278342304716,0.6930000000000547,3,optimal,16.797236481219315,0,0,0.896352747705492,0.23059514970143585,352,-0.8167284522706209,1.3811960532097525,0.2126462795560751,running
MPC,3.609999999999967,51.604297568839215,92.45677615232572,6.895991478363395,0.0770832447692193,-3.312520460334157,0.026212112383206202,6.855818290676158,0.0643777992606449,0.027815523315043222,0.7165999999996231,3,optimal,17.597104769763675,0,0,0.8975851213204145,0.23445561464937026,339,-0.8733549582947173,1.2844583001715133,0.20222103997141733,running
MPC,3.709999999999965,52.269757160381026,92.51149664609245,6.565504591436693,0.11098065005604835,-3.760989654270465,0.016333635671223326,6.519892512936348,0.042286534620012174,0.00265007416295715,0.6505999999997236,3,optimal,18.197005843995147,0,0,0.8255773438358305,0.2510399486851892,338,-0.8777108433734939,1.3075555565887724,0.20148754432673713,running
MPC,3.8099999999999627,52.89905043681254,92.57425887215486,6.201151148389666,0.12711563181816804,-4.146396071991864,-0.0006902466179789696,6.150864984237507,0.06317090625006269,0.014655171947823842,0.46109999999988105,2,optimal,18.796907003532127,0,0,0.825000566637312,0.2645934517443871,339,-0.8733549582947173,1.317946004945624,0.20222103997141733,running
MPC,3.9099999999999606,53.49033139886491,92.63865539062601,5.818554167018989,0.1087151618160746,-4.354010236446603,-0.008517299617416173,5.765750124745006,0.06276337628124086,0.005903649128833344,0.507200000000374,2,optimal,19.39680813928367,0,0,0.8457711079815673,0.26985830680576306,347,-0.8385078776645043,1.3272442625047431,0.2084324073070941,running
MPC,4.009999999999959,54.04337539150104,92.69819803248551,5.431763457681916,0.10294880274136692,-4.401735480982375,0.0023096321291990562,5.378380618920751,0.05190370107207173,0.014288225204235339,0.4954000000001457,2,optimal,19.996706192478992,0,0,0.8800735897906687,0.3051737682292964,710,0.742678405931418,1.532184657704964,0.2241197071405647,running
MPC,4.109999999999957,54.55879534078962,92.75317724247238,5.056807145334853,0.10317959133297777,-4.2670582928558884,-0.009661839961979014,5.005057628396327,0.09152435621179669,0.07671138687687185,0.5829000000003859,2,optimal,20.5965718312285,0,0,0.8210810686566145,0.29274370738255334,691,0.6599165894346619,1.4652353434926626,0.20897586948035746,running
MPC,4.209999999999955,55.03964980709855,92.79782238689488,4.71341308832775,0.06284309630120272,-3.90787515883533,-0.05524916014929371,4.66601962945132,0.015955617336959462,0.10265512060519999,0.48579999999986967,2,optimal,20.996488426593828,0,0,0.8927017621886547,0.29784317635623425,717,0.7731696014828544,1.299875632727072,0.22193355627601147,running
MPC,4.3099999999999525,55.49142752690384,92.8159631669123,4.425683772518434,-0.044607553885926354,-3.274402170846697,-0.10062837873776077,4.38597287124308,0.08054328248230533,0.06981640157276248,0.7957000000002878,3,optimal,21.396409412621228,0,0,0.826912266711112,0.30332323517925525,700,0.6991195551436515,1.309997610560434,0.2157016455530536,running
MPC,4.40999999999995,55.91925038078912,92.78582956087881,4.223685418765477,-0.1945437451635968,-2.298771142508401,-0.1248218457395048,4.195806658267594,0.12197993333964588,0.020827723434103884,0.4488999999994192,2,optimal,21.796314672203064,0,0,0.775282430592348,0.3440609785496411,741,0.8777108433734941,1.1743648625879959,0.2014875443267371,running
MPC,4.509999999999948,56.32814207155301,92.70114661548497,4.155364476681043,-0.31453771267913294,-0.7775024260086904,-0.08367615028415148,4.145935176164608,0.12897543426115798,0.09729831753603291,0.7150000000004653,2,optimal,22.19622448501269,0,0,0.7836807388511664,0.40159356543984986,707,0.729610750695088,1.4858904017273704,0.22148173646210823,running
MPC,4.609999999999946,56.72504511137474,92.5749647224301,4.174455701141379,-0.3700370426504305,0.4950510710513886,-0.003820272852454519,4.204869583786182,0.11660595406891626,0.1241262300390571,0.49520000000002895,2,optimal,22.596144887886023,0,0,0.8324383095550509,0.4175502605693282,381,-0.6904077849860983,1.5518593197254835,0.21414126651260781,running
MPC,4.709999999999944,57.12016096908037,92.43147667956971,4.228517921110338,-0.35395994863132235,1.4018775985088445,0.05062994132757161,4.314643460992263,0.09955292232982463,0.08247324939911538,2.334700000000467,2,optimal,23.196035261177574,0,0,0.8883697328593361,0.4165586723976313,348,-0.8341519925857275,1.3774612731019888,0.20925385860619156,running
MPC,4.809999999999942,57.52496449723339,92.29056184236613,4.335630104313639,-0.3156457586094124,2.7775065516417685,0.023254749624300314,4.506268576274515,0.06609759361925044,0.024710734992926753,0.44350000000026313,2,optimal,23.595960075235684,0,0,0.8920595492736152,0.4044146441234909,714,0.7601019462465248,1.4643687579501714,0.22496523842325897,running
MPC,4.90999999999994,57.94282084108311,92.15193544872551,4.459488277381121,-0.3153983487464858,3.2117437707002985,-0.029315560259215147,4.656804481383668,0.0251178167939938,0.000766234406616384,0.515700000000674,2,optimal,23.99588002569459,0,0,0.8674677743698938,0.39482958684810726,709,0.7383225208526416,1.4893000285417266,0.2232291878884924,running
MPC,5.009999999999938,58.37128745272182,92.00611770985228,4.582838796391065,-0.3476900578054048,3.198579885616363,-0.06321971975214248,4.779346265942757,0.027794177106018836,0.0052065566797656615,0.7431000000006627,3,optimal,24.395794542581804,0,0,0.8611118190158412,0.38301750787604455,722,0.7949490268767376,1.4133311803826274,0.21713917065507293,running
MPC,5.1099999999999355,58.804638978892896,91.83957362034766,4.694534709913984,-0.4186720803197817,2.896366429322823,-0.07523236866575138,4.872475439323347,0.09193855453979638,0.0446455025745518,0.6360999999994732,3,optimal,24.795704175435052,0,0,0.8686360057249595,0.3911343100133445,722,0.7949490268767376,1.4724686825209428,0.21713917065507293,running
MPC,5.209999999999933,59.23594593231354,91.6420493419941,4.787254522267736,-0.4908975104510132,2.40430059940747,-0.05741080125944109,4.934964769854731,0.035623843510321454,0.06473407021598154,0.6844000000008066,3,optimal,25.395578563602097,0,0,0.8859298357883637,0.36623898582112846,370,-0.7383225208526414,1.4948370989021824,0.22322918788849236,running
MPC,5.309999999999931,59.6619460538331,91.41513232372913,4.861482501688694,-0.5454831993596565,1.9247922410985994,-0.04618226279769468,4.979733746377596,0.06018094335368001,0.08240339643320738,0.6112000000007001,3,optimal,25.79548443014842,0,0,0.858645450794209,0.3518650894533687,359,-0.7862372567191844,1.4091181016795902,0.21901940157552577,running
MPC,5.409999999999929,60.079765911012835,91.16359661362455,4.8907692596789785,-0.58657772101842,0.7594295976581008,-0.02245792058769339,4.937425461454504,0.08347381853819602,0.06466988163623189,0.5943000000003806,3,optimal,26.395327990090216,0,0,0.8487450420260869,0.3365273745487419,341,-0.8646431881371641,1.265349522140317,0.2037158366078793,running
MPC,5.509999999999927,60.488009740502505,90.89758926926568,4.863614256983534,-0.6069408250816302,-0.309027947066179,-0.01786981536106712,4.85986646497236,0.08064681662368327,0.04298777402154874,0.4527999999996979,2,optimal,26.795236689156983,0,0,0.7916233254572822,0.33608307850869784,333,-0.8994902687673771,1.2203535184203198,0.19795406078248537,running
MPC,5.609999999999925,60.88234169268146,90.6256940712768,4.752374673868469,-0.6281771069273707,-1.265922908868419,-0.022610921510791596,4.737021966096692,0.11871948811900143,0.0019884294017824544,0.4212999999992917,2,optimal,27.39511849416779,0,0,0.8118490392134269,0.3331493205089175,341,-0.8646431881371641,1.2551537200349892,0.2037158366078793,running
MPC,5.709999999999923,61.257381715378315,90.35153205292296,4.591616509353967,-0.666528869539661,-1.829451689296971,-0.04564699208259194,4.569429504938772,0.07667476595986963,0.008546652748305128,0.4724999999998758,2,optimal,27.795041419348124,0,0,0.8024458913296512,0.3687145320597618,349,-0.8297961075069509,1.3929137126802478,0.21008581223244965,running
MPC,5.809999999999921,61.60472741581441,90.07232035037696,4.3884941206772705,-0.7311195997341782,-2.3115628261922327,-0.04674077165515643,4.360460226734744,0.07179101151186376,0.008553524560001247,0.451499999999605,2,optimal,28.194964158685085,0,0,0.8509379313343355,0.3719327465912429,696,0.6816960148285451,1.5387135083321175,0.21261932153731197,running
MPC,5.909999999999918,61.919107369828275,89.78964092810338,4.146507766151186,-0.7825602864731438,-2.753840505778015,-0.021713664821373956,4.113110070099469,0.07942932789469546,0.005218393633231955,0.504000000000282,2,optimal,28.59484879464604,0,0,0.8503740419045964,0.3792652146710702,713,0.755746061167748,1.4372891002902537,0.22600293112750477,running
MPC,6.009999999999916,62.2028173399325,89.51140570219982,3.885981203413864,-0.8082178308656081,-2.9648308174327997,-0.01900538064511661,3.850024684407906,0.06438840854324447,0.08162916957088484,0.5938999999992589,3,optimal,28.994613143842663,0,0,0.8380194650148732,0.3545353415847654,701,0.7034754402224284,1.3375802883488652,0.21649658541768402,running
MPC,6.109999999999914,62.45709260407248,89.24091628763664,3.624693577421537,-0.8557324625307892,-2.9734918298406994,-0.07515073660531162,3.5886320204297943,0.039335231796746466,0.15315230789588474,0.6377999999997996,3,optimal,29.394331101290465,0,0,0.8312220626175683,0.3589005785804887,712,0.7513901760889712,1.2450850882059716,0.22593517874601313,running
MPC,6.209999999999912,62.67650659003497,88.96479325146431,3.480610750589568,-0.9785487385111604,-1.6396838800846778,-0.19974450340761143,3.4607251894130693,0.09125216718721416,0.11248840061730725,0.4771999999997334,2,optimal,29.794197589079474,0,0,0.8405970576955046,0.35705826455182244,714,0.7601019462465248,1.1629765256392415,0.22496523842325897,running
MPC,6.30999999999991,62.84602448830664,88.66093601286151,3.487380215756937,-1.1750864402923094,0.17553777069217097,-0.19382210640137787,3.4981645276587847,0.13410269749505876,0.04608908039367776,0.6184999999998553,3,optimal,30.194117896537332,0,0,0.7907395327484108,0.4634936969066308,700,0.6991195551436515,1.4504910799977362,0.2157016455530536,running
MPC,6.409999999999908,62.96317687037571,88.32914313334354,3.549832198077907,-1.3172430957350432,1.6194310009560395,-0.04920592208685144,3.6493233158525413,0.09495177207747758,0.17572811704990432,0.6642000000001147,2,optimal,30.394085004873133,0,0,0.8138869883129553,0.461596270852435,365,-0.7601019462465246,1.3916654248216822,0.22496523842325905,running
MPC,6.509999999999906,63.056113169961385,87.98253444510746,3.6217195344774207,-1.3280980665918978,1.8640974523948435,0.09107818394271723,3.736241943317391,0.023150803946257143,0.1652944803865095,0.677099999999875,3,optimal,30.794008623283123,0,0,0.8693891069798108,0.4346061791321138,354,-0.8080166821130677,1.280366554648034,0.2144087504700342,running
MPC,6.6099999999999035,63.16092078718069,87.6302229266906,3.7229142726918125,-1.241146292582427,2.6240623613158274,0.12684431971192436,3.8841257706090033,0.03023722408023812,0.0594357373763863,0.7048999999996752,3,optimal,31.193934013477183,0,0,0.8757463839199382,0.45480508655387863,346,-0.8428637627432809,1.3035332866665466,0.20762130414308752,running
MPC,6.709999999999901,63.29591670137256,87.27585685429676,3.852346023401939,-1.1576133686930434,3.3562711993789285,0.057659461196710914,4.058541392629706,0.04895628827980928,0.04060561341025615,0.47710000000034114,2,optimal,31.59386129021104,0,0,0.892417253501253,0.450760773694968,718,0.7775254865616312,1.416881257270847,0.22094939445953415,running
MPC,6.809999999999899,63.454357252528375,86.91573863450131,4.004357273016531,-1.135265601286952,3.9417760809376214,-0.030465134128059807,4.246523631495701,0.045693790157897506,0.07705863033567573,0.4567999999993688,2,optimal,31.993790390060056,0,0,0.8701904387741037,0.4286208955628267,710,0.742678405931418,1.4404895815357228,0.2241197071405647,running
MPC,6.909999999999897,63.61947973006532,86.5409954787188,4.172682406802408,-1.1759042649343596,4.364808445822465,-0.07326136463820068,4.440838117598777,0.03694285655447496,0.04812506585917564,0.6359000000006887,3,optimal,32.39372111315394,0,0,0.8505455672617617,0.4052385964576563,711,0.7470342910101948,1.4156230672005639,0.22502164647011186,running
MPC,7.009999999999895,63.774437455069005,86.14324510874452,4.351197332490494,-1.2394815484439794,4.629038087323975,-0.05887344177997318,4.635586215534805,0.025802975098134534,0.006140314251835033,0.6276999999998978,3,optimal,32.793653169896466,0,0,0.8440785513215409,0.40647017203605484,740,0.8733549582947173,1.2915372378270629,0.20222103997141733,running
MPC,7.109999999999893,63.91757148537703,85.72189689885546,4.53450393931912,-1.2741160570381778,4.753290299940758,-0.01572338739213414,4.82652636248457,0.04250468012458372,0.033846206533466816,0.4532999999993237,2,optimal,33.19358622686494,0,0,0.8566783045486267,0.4033885008104102,716,0.768813716404078,1.4844726706081415,0.22293077345441878,running
MPC,7.209999999999891,64.05691168453026,85.2799782750701,4.718129595487276,-1.2718309977416487,4.761563510366858,0.011585411537691765,5.010660290355806,0.1004373431823022,0.026709390829078306,0.42959999999947485,2,optimal,33.593519946632256,0,0,0.895053992143882,0.3882524905579407,739,0.8689990732159409,1.3395481243877778,0.20296376061118723,running
MPC,7.309999999999889,64.20282645356508,84.82107684801092,4.898301052573539,-1.252870422781722,4.671993301883479,0.012047446071974017,5.185328925675623,0.01932228685145994,0.0019956130504859004,0.552800000000353,2,optimal,34.19342092306736,0,0,0.8953872704459745,0.3700371239388524,738,0.8646431881371641,1.3366397099524514,0.2037158366078793,running
MPC,7.4099999999998865,64.35832786089722,84.34506716654745,5.100795392636067,-1.2528147083499384,5.250843922455987,-0.005443359237639229,5.423385444819138,0.08220214536270497,0.002011684715387041,0.5647000000008617,2,optimal,34.593355053488054,0,0,0.869556709356888,0.36087411993559443,713,0.755746061167748,1.5124426392035721,0.22600293112750477,running
MPC,7.509999999999884,64.51756559742262,83.84928748691593,5.297957992539419,-1.271646450151472,5.112587537599615,-0.008852644054766769,5.612054146396029,0.004108682534551585,0.010600854767662149,0.5177999999999017,2,optimal,35.193256292589254,0,0,0.8711830856193454,0.3476273272732167,716,0.768813716404078,1.4973760661990416,0.22293077345441878,running
MPC,7.609999999999882,64.67626316684425,83.33192240552896,5.5084463280139575,-1.2898398430575229,5.458134764325157,-0.0005125953265546883,5.8437714689719344,0.05588896792328091,0.022324945527879336,0.5062999999996265,2,optimal,35.79315745815361,0,0,0.8554082898981616,0.33476821020479214,360,-0.7818813716404078,1.4784968201773676,0.21997807798827249,running
MPC,7.70999999999988,64.83522052128231,82.79192420515201,5.731837078089895,-1.2887035160978042,5.7927049319349715,0.00798138719963732,6.087716821207454,0.09342657547940272,0.014547415249021256,0.4697000000000173,2,optimal,36.39305821633785,0,0,0.852489367562356,0.3198881878816343,381,-0.6904077849860983,1.5726862785254205,0.21414126651260781,running
MPC,7.809999999999878,65.00254165099122,82.23070475478464,5.962370144487323,-1.2680832971382763,5.977911038127251,0.0035389668233288857,6.3296281819026206,0.09378408332281198,0.010681544823766487,0.5153999999993886,2,optimal,36.79299203364434,0,0,0.8679529822892832,0.31152629609853427,354,-0.8080166821130677,1.4481521482081168,0.2144087504700342,running
MPC,7.909999999999876,65.18112695854504,81.65025291568853,6.167291871539769,-1.2675585582566427,5.313788053237763,-0.012157840480439601,6.4937489498111,0.09981476145961439,0.020782510471658355,0.45529999999960324,2,optimal,37.59285946855119,0,0,0.8772259124758585,0.28858200641857534,719,0.781881371640408,1.440920402102015,0.21997807798827246,running
MPC,8.009999999999874,65.36414239612544,81.04887739832063,6.387285004590449,-1.2891382302222627,5.704601942476626,-0.02019681920349875,6.737752065787431,0.07109515785081505,0.006767013032650926,0.529099999999616,2,optimal,38.1927602126738,0,0,0.868142366823127,0.28811116092686817,721,0.7905931417979613,1.4679628234369664,0.21807316453493353,running
MPC,8.109999999999872,65.54549027241549,80.42443097168248,6.600688434874995,-1.309291994741632,5.533725557933368,-0.013704613737345644,6.940657560383786,0.02345070730794654,0.005687762828827658,0.5164000000004165,2,optimal,38.79266027271433,0,0,0.8527933994329324,0.27687273698253384,707,0.729610750695088,1.5397556020860466,0.22148173646210823,running
MPC,8.20999999999987,65.72188780901054,79.77751208460322,6.794686425857973,-1.3277830891858418,5.0305266389524625,-0.009486703480410745,7.103741098770241,0.051467629648343144,0.01606505161004801,0.5079000000005607,2,optimal,39.39256094404003,0,0,0.8722175048906542,0.2611200209246239,366,-0.755746061167748,1.4803497450076728,0.22600293112750477,running
MPC,8.309999999999867,65.89145786854867,79.11042982771072,6.958328519478761,-1.3464927561709155,4.243373382591126,-0.004734088651847506,7.219023764117086,0.06266982965997153,0.02363289280187253,0.4663000000002526,2,optimal,40.192428120471334,0,0,0.8988428615652329,0.2604969617961546,372,-0.729610750695088,1.5408961824720353,0.22148173646210823,running
MPC,8.409999999999865,66.05532738064231,78.42585799832561,7.10795720570203,-1.345276299381674,3.8799942627429798,0.0005015204059244456,7.3463279457530595,0.042176497943770326,0.013843516571042436,0.505600000000328,2,optimal,40.79232840941677,0,0,0.8905682329941252,0.25132844117530123,366,-0.755746061167748,1.4987285671540143,0.22600293112750477,running
MPC,8.509999999999863,66.22008705577467,77.72764108080267,7.230127219316933,-1.3402902556282796,3.167968414811437,-0.003444655053556468,7.424754047183174,0.04056306917169178,0.0028377608851029024,0.5207999999994328,2,optimal,41.59219626739484,0,0,0.8718839273310445,0.24413883123108457,710,0.742678405931418,1.502466518572379,0.2241197071405647,running
MPC,8.60999999999986,66.38326781146333,77.01716468397296,7.340589345163765,-1.3623993731901158,2.864373305373891,-0.01250194691652839,7.516564549854322,0.08865897687078178,0.010398759053746431,0.5802000000008078,2,optimal,42.19209741801074,0,0,0.8580400614047725,0.24095177472979967,713,0.755746061167748,1.4938424770141168,0.22600293112750477,running
MPC,8.709999999999859,66.53873440206982,76.29507884471435,7.425445565693993,-1.3868700123686517,2.2003912292864354,-0.005171574601436598,7.560628468092408,0.02762148220313626,0.023119170297538183,0.5053999999997671,2,optimal,42.991965156257805,0,0,0.8492325645351617,0.24253248376220823,338,-0.8777108433734939,1.3389658499049846,0.20148754432673713,running
MPC,8.809999999999857,66.68480089472347,75.5628766426923,7.501137734111974,-1.3882785462739278,1.9627598598180287,0.0024772179885463944,7.621721551675796,0.02603428907398308,0.012746720551571222,0.5041999999999547,2,optimal,43.791832422226406,0,0,0.8714341546503758,0.23489764820147704,343,-0.8559314179796107,1.3486114717443156,0.20524858980469116,running
MPC,8.909999999999854,66.82826681150574,74.82272470300732,7.571781160109899,-1.3825615557350026,1.8318418378910646,-0.0028182161187428963,7.68432191790108,0.07200008848904245,0.004792605958258811,0.6020999999991616,2,optimal,44.59169936852189,0,0,0.871721042532277,0.22757525549607663,720,0.7862372567191844,1.4250892534764645,0.21901940157552577,running
MPC,9.009999999999852,66.96790482099888,74.07490474831683,7.637898785464565,-1.4051763117187395,1.714484124117129,-0.013035989605570777,7.743229572521612,0.0890899974799239,0.008814319740069632,0.5139999999999034,2,optimal,45.191599873454535,0,0,0.9008358821337932,0.22906811739437166,718,0.7775254865616312,1.4570106263943476,0.22094939445953415,running
MPC,9.10999999999985,67.09782480988876,73.31983793371924,7.682023573017072,-1.431361093351147,1.1441918449581856,-0.00592557183421008,7.752317969960384,0.055776968396096235,0.022989011035551954,0.5445000000001698,2,optimal,45.99146660858727,0,0,0.8867539700779081,0.22753015548684735,360,-0.7818813716404078,1.4531392143075705,0.21997807798827249,running
MPC,9.209999999999848,67.21610209042878,72.55875709235174,7.71939083802132,-1.4340889770063734,0.9689637561512446,0.002079650421957012,7.778919948632197,0.026458542825024415,0.013584414178822612,0.46060000000025525,2,optimal,46.791333402598454,0,0,0.890407812227898,0.22725427174752574,708,0.7339666357738648,1.5186268368459026,0.22234991952811328,running
MPC,9.309999999999846,67.32973690091738,71.793327985502,7.754208879461582,-1.4281844214823607,0.9028603033149872,-0.003031918661662966,7.809676868352819,0.010393165818458016,0.004577327978846579,0.4542000000009594,2,optimal,47.59120042761122,0,0,0.8665512168674093,0.22202948114155596,720,0.7862372567191844,1.4299352318810639,0.21901940157552577,running
MPC,9.409999999999844,67.43805578208239,71.0237030716925,7.787408854838001,-1.4512380646890033,0.8609025263477569,-0.014004705001856292,7.840299132096358,0.028765040868385255,0.006446491721165515,0.5483000000001681,2,optimal,48.39106788966481,0,0,0.9005395535581386,0.22409774563073276,742,0.8820667284522705,1.3051707938014563,0.20076314597215372,running
MPC,9.509999999999842,67.53547604477434,70.24937776289629,7.818882893410329,-1.478215038848013,0.8161475728241289,-0.008177371938613323,7.869023612120414,0.04758099219366242,0.022481879014246253,0.5340999999985385,2,optimal,49.19093594011142,0,0,0.9003128062942936,0.2235461604674425,361,-0.7775254865616312,1.461565677440125,0.22094939445953415,running
MPC,9.60999999999984,67.62019844730429,69.47050251731005,7.848243087408758,-1.4813188968164537,0.7613338534359751,0.0014255459541973,7.895016278753927,0.06252698553512914,0.015851917851508635,0.5030000000001422,2,optimal,49.99080396810136,0,0,0.8345791250980235,0.22654721420954468,364,-0.7644578313253012,1.5024240163525269,0.2239412608755995,running
MPC,9.709999999999837,67.69946412210925,68.6882335767798,7.875123853046554,-1.475187575750241,0.6970402473303606,-0.0008520727587792989,7.9179471121417935,0.07568755653261951,0.0011951199671180746,0.48680000000000945,2,optimal,50.79067184979403,0,0,0.8530567966633452,0.22267237999943787,751,0.9212696941612606,1.2515902987552596,0.19463310273330892,running
MPC,9.809999999999835,67.77287323382389,67.90284153063995,7.899321756381826,-1.4983857407239654,0.6274714326581275,-0.008151562441328914,7.937870996312366,0.08652583589491679,0.017075015502381774,0.5177000000005094,2,optimal,51.59053975725179,0,0,0.8360349185515698,0.22377694187877759,742,0.8820667284522705,1.3207866828431079,0.20076314597215372,running
MPC,9.909999999999833,67.83768283811227,67.11442168565723,7.920597475632495,-1.5033160507653054,0.551696808359023,0.0017455404174478624,7.954491437217729,0.0946399165011752,0.015892773799331295,0.6460000000005905,2,optimal,52.39040778041884,0,0,0.8985862827824399,0.22074268498866292,721,0.7905931417979613,1.444645640414695,0.21807316453493353,running
MPC,10.009999999999831,67.90135688916935,66.3239401374612,7.938804831232099,-1.475851086910455,0.4721316282946466,0.002992740074264722,7.96781063846196,0.10010356303327828,0.015392627989471386,0.49229999999944596,2,optimal,52.99030895426124,0,0,0.8958547571287605,0.21493850607996398,713,0.755746061167748,1.4649718009119326,0.22600293112750477,running
MPC,10.109999999999829,67.9715693620025,65.53311064454496,7.9399383001615655,-1.4683529582307535,0.0293917767664249,-0.015336439814303892,7.941744008908742,0.09573696376422479,0.026881156887634816,0.449899999999559,2,optimal,53.79017718858725,0,0,0.8976281659711456,0.2139348756794185,714,0.7601019462465248,1.4558981698536109,0.22496523842325897,running
MPC,10.209999999999827,68.04276074232828,64.74273225083388,7.933676686869985,-1.4951310410715475,-0.07125808538934235,-0.02468038291520946,7.932812491622632,0.09333076058902498,0.0028909727660684226,0.8326000000007383,3,optimal,54.59004553267075,0,0,0.8937296334801934,0.21380531645731995,751,0.9212696941612606,1.2213583237524968,0.19463310273330892,running
MPC,10.309999999999825,68.10469117555198,63.95218237952892,7.927851627063168,-1.5257018067508283,-0.06629004216377284,-0.012987458454709354,7.927047682653607,0.08904014121606643,0.02594070307000962,0.5141000000001839,2,optimal,55.389913940471466,0,0,0.8316440129330412,0.21448349928897134,724,0.8036607970342913,1.3963764520885718,0.2153071491827237,running
MPC,10.409999999999823,68.15322267005182,63.16108024878416,7.924971398445813,-1.5310065248631781,-0.03277742766903046,0.003669443045729858,7.924573884296265,0.07936708403933043,0.029892171416419977,0.7207999999998549,2,optimal,56.189782367285574,0,0,0.8965300627078384,0.22196557440903894,708,0.7339666357738648,1.5289757315305175,0.22234991952811328,running
MPC,10.50999999999982,68.1978726275485,62.36989921028122,7.924115789389204,-1.5024830765775092,-0.009736957614059518,0.008616601671398019,7.9239977026844075,0.06869994340830575,0.00023293188838735546,0.5166999999994815,2,optimal,56.989650795694374,0,0,0.8957345305333407,0.22458093887892774,723,0.7993049119555145,1.4571012526851344,0.21621722807816315,running
MPC,10.609999999999818,68.24800677871298,61.57911448568429,7.923541634557519,-1.4941620374828728,-0.006533966905611121,-0.006114299108175066,7.923462392698643,0.06039140326804387,0.009005763580272053,0.5211999999996664,2,optimal,57.78951922304357,0,0,0.8709720840335836,0.2178224918138526,733,0.8428637627432809,1.3560104565897433,0.20762130414308752,running
MPC,10.709999999999816,68.29892191719016,60.78856445418922,7.921047410922913,-1.5206109192529043,-0.028384633872840657,-0.010362361948653752,7.920703171170235,0.05236504293092631,0.016743736643716645,0.5174999999999486,2,optimal,58.589387651860406,0,0,0.8915803633304903,0.22108320478595186,721,0.7905931417979613,1.4503043221444323,0.21807316453493353,running
MPC,10.809999999999814,68.34347247644362,59.99820763817221,7.9136194319351265,-1.528199091264901,-0.08453149952481713,0.005959177057996836,7.912594260970431,0.04224789708840794,0.02385117009491422,0.4758999999996405,2,optimal,59.389256082842884,0,0,0.8909361532700906,0.2136202380480357,353,-0.8123725671918443,1.37730840333491,0.21352185245425553,running
MPC,10.909999999999812,68.38701330518933,59.209100489916295,7.897712780001683,-1.5015249709749223,-0.1810200516943119,0.013464313441096299,7.895517426765696,0.031857777261725125,0.003085688590740432,0.4865999999994486,2,optimal,60.18912451549526,0,0,0.9007550309165445,0.22653887698360667,751,0.9212696941612606,1.2789007691359562,0.19463310273330892,running
MPC,11.00999999999981,68.43964950975938,58.422997381848575,7.869056426813585,-1.4704171132807502,-0.3261135377315588,0.0026071730187248133,7.865101426228527,0.019845200705237317,0.034238052058403134,0.4780000000002005,2,optimal,60.98899294880177,0,0,0.8994488949940143,0.21293868268392124,712,0.7513901760889712,1.4548424523669898,0.22593517874601313,running
MPC,11.109999999999808,68.50552548902645,57.64199568899642,7.821867329369079,-1.4635164090382486,-0.5370189084764289,-0.010583858442868707,7.815354535965942,0.01437856215266861,0.04096633197776001,0.47419999999931406,2,optimal,61.788861381829655,0,0,0.8903651610125615,0.21424461106678605,713,0.755746061167748,1.452935773654241,0.22600293112750477,running
MPC,11.209999999999805,68.57529301322487,56.86754795656278,7.752370994412967,-1.4911624498438278,-0.790878570736225,-0.008447973045214495,7.742779472295457,0.03676119183323758,0.010511986899909509,0.6402000000003127,2,optimal,62.58872974573728,0,0,0.8897585910792085,0.22409131898820103,719,0.781881371640408,1.4637548585544193,0.21997807798827246,running
MPC,11.309999999999803,68.63927299573133,56.10351341327864,7.623608598323232,-1.5013535162832878,-1.465335112252049,0.012038424722581749,7.605837483187762,0.06372590763538166,0.016401507711896635,0.5201999999986384,2,optimal,63.38859784910724,0,0,0.839091822319773,0.22650932083870917,365,-0.7601019462465246,1.4976425506852398,0.22496523842325905,running
MPC,11.409999999999801,68.70094937131648,55.355835349648444,7.440258822076289,-1.4758979286596847,-2.0865475722505673,0.029985914668070414,7.414953841098175,0.10321824602943568,0.014127786813585175,0.5015999999997689,2,optimal,63.98849564444914,0,0,0.8357818971472969,0.23100079217512404,347,-0.8385078776645043,1.3858296430768227,0.2084324073070941,running
MPC,11.509999999999799,68.76948782174891,54.63085274365125,7.201685548501749,-1.4402124214009777,-2.714999139733753,0.023308241287621868,7.168758908102913,0.028156377449359046,0.02304594560641382,0.4417999999990485,2,optimal,64.78834724261401,0,0,0.8558502148825707,0.22631541212796163,360,-0.7818813716404078,1.41481639288935,0.21997807798827249,running
MPC,11.609999999999797,68.85503967322248,53.93210642202209,6.9577204619340876,-1.3816873995425263,-2.776358769077808,0.032520271728226656,6.924049671593968,0.08264057811554552,0.02532371847091275,0.4721999999999227,2,optimal,65.58817460688684,0,0,0.8900323601298897,0.21729846063854352,374,-0.7208989805375348,1.39536206564218,0.2197779812188762,running
MPC,11.709999999999795,68.97377319360885,53.259667845550815,6.764335841544141,-1.2859368117706553,-2.2007455828131532,0.05685244647171652,6.737645903652772,0.08714879652877243,0.018206150627545714,0.5171999999991073,2,optimal,66.18804815856375,0,0,0.8017736652810132,0.22474934224967183,339,-0.8733549582947173,1.2065485414679602,0.20222103997141733,running
MPC,11.809999999999793,69.13953009547507,52.61198480986126,6.648329855045788,-1.1926265557609426,-1.3201652843506404,0.057561156864611315,6.632319313109077,0.13590189101809289,0.0631960163455565,0.5478999999999346,2,optimal,66.78789970698259,0,0,0.7455559594938653,0.23630574119088013,352,-0.8167284522706209,1.3069613385492944,0.2126462795560751,running
MPC,11.90999999999979,69.35735085417006,51.988255796482306,6.588515467274943,-1.110962560336455,-0.6806965797483068,0.04207264165393835,6.580260197070958,0.14335869706605908,0.0857561341572759,0.4885000000003359,2,optimal,67.58772966227147,0,0,0.7801608025429778,0.2430437075185621,360,-0.7818813716404078,1.3665568764941864,0.21997807798827249,running
MPC,12.009999999999788,69.6234429691463,51.38640937252298,6.5783774012100364,-1.0564151870889569,-0.11537269130100632,0.024552837909271225,6.576978198144842,0.10762680088184244,0.09996168151887552,0.6745999999999697,3,optimal,68.18761623696706,0,0,0.8121209800794384,0.2649726933288544,353,-0.8123725671918443,1.4142287807650218,0.21352185245425553,running
MPC,12.109999999999786,69.92262321519686,50.80441337709706,6.527298787274681,-1.0318779522669812,-0.5812821814257181,0.004098135785572715,6.520249183067465,0.08395528256958877,0.08797988008747026,0.5166000000000892,2,optimal,68.78749653188724,0,0,0.7852952602352835,0.2613563897707601,353,-0.8123725671918443,1.3960193608691056,0.21352185245425553,running
MPC,12.209999999999784,70.23902610080178,50.24035949751624,6.436996155174451,-1.0295080060236452,-1.0276573096156885,-0.002308180143105346,6.424533056313112,0.0896365879957923,0.05609457090465719,0.5145999999998097,2,optimal,69.38739127360795,0,0,0.8539120971630166,0.2696172439236564,361,-0.7775254865616312,1.4751252714344663,0.22094939445953415,running
MPC,12.309999999999782,70.55699449592025,49.693019499059076,6.275449577716485,-1.0319911573372298,-1.8384239452047113,0.007484292072699878,6.25315376065398,0.1039671284463148,0.005908160855314204,0.8334000000003172,3,optimal,70.18725204937572,0,0,0.8706558705973823,0.25510409449261207,342,-0.8602873030583875,1.275490046143681,0.20447740104668094,running
MPC,12.40999999999978,70.87262813122828,49.16620425393158,6.073026320517395,-1.0069533383401026,-2.3036066065712273,0.023687336937768946,6.0450889170593625,0.09497547586963401,0.009464273570494175,0.5163999999995283,2,optimal,70.7871487937048,0,0,0.8581411157059725,0.26173434602489776,365,-0.7601019462465246,1.4153935232334234,0.22496523842325905,running
MPC,12.509999999999778,71.18830932365154,48.66252821081273,5.878828703644584,-0.9771890585244403,-2.209997603035351,0.004252383968908941,5.852026560213861,0.10977584206409022,0.015130965343618463,0.5987999999996774,2,optimal,71.38703739569578,0,0,0.8551732334128604,0.2628162324061134,371,-0.7339666357738648,1.407483885535791,0.22234991952811328,running
MPC,12.609999999999776,71.50295083343747,48.183382788686465,5.657470308292967,-0.9687438867765754,-2.519091279370455,-0.02331360147867852,5.6269195757075385,0.1139810305790348,0.008269590383002345,0.512000000000512,2,optimal,71.78697037869831,0,0,0.801908253902061,0.2989319727031604,353,-0.8123725671918443,1.4222023110732958,0.21352185245425553,running
MPC,12.709999999999773,71.80459592113833,47.72596662824599,5.388419575535695,-1.007593769917898,-3.0618371330370335,-0.03794333919429181,5.351286594989264,0.0889185582074765,0.0001852114546476713,0.5699000000012333,2,optimal,72.38684799838222,0,0,0.825104631178379,0.312325095647379,733,0.8428637627432809,1.3832352023354026,0.20762130414308752,running
MPC,12.809999999999771,72.07620963557576,47.28294753829899,5.099506157553111,-1.0853088925141214,-3.287877428714493,-0.05521500987591156,5.059631832664246,0.07601035932611777,0.027314391587223597,0.5250000000005528,2,optimal,72.98651546351253,0,0,0.8309576643534322,0.311305213402609,694,0.6729842446709915,1.5228365737391463,0.2111347683074644,running
MPC,12.90999999999977,72.30612458110518,46.849456994901175,4.810317793302515,-1.1690110067106037,-3.291006357910712,-0.061797222069063296,4.77040552176204,0.062307093378809866,0.028019987921697798,0.5041999999999547,2,optimal,73.38627656671109,0,0,0.837350628890244,0.30461283107530784,709,0.7383225208526416,1.3721032047831287,0.2232291878884924,running
MPC,13.009999999999767,72.48692994950306,46.421189510189855,4.569974314276501,-1.2839826980959301,-2.7351443395958057,-0.10323864457489437,4.536803359342934,0.08131587060706157,0.045033722878607296,0.49580000000037927,2,optimal,73.98599756143369,0,0,0.8537598112146263,0.3140193980855216,709,0.7383225208526416,1.3404173873685432,0.2232291878884924,running
MPC,13.109999999999765,72.6036621925682,45.99287793362491,4.379779503719767,-1.4576779564708013,-2.164445075118693,-0.1289844675834294,4.353529806764632,0.05345898647506458,0.037256909396168325,0.5470999999994675,2,optimal,74.38574248519959,0,0,0.8708855074274264,0.35604158933112223,685,0.6337812789620019,1.515999255965183,0.20489107222660924,running
MPC,13.209999999999763,72.64944323192591,45.569150167126175,4.207149606398311,-1.6006971558880625,-1.9645537645424676,-0.05886108133992377,4.183324127265521,0.038404061371394224,0.08582603703545111,0.4867000000006172,2,optimal,74.78547871340017,0,0,0.8248196394719055,0.3834675817950341,714,0.7601019462465248,1.4422118600167535,0.22496523842325897,running
MPC,13.30999999999976,72.64803635790125,45.1581957267193,4.061181711025771,-1.6409379996355058,-1.6611362388896127,0.005303416493405541,4.04103598250935,0.02919075183714513,0.03522754832273289,0.6378999999991919,3,optimal,75.18523124931903,0,0,0.858824368425249,0.3865636798187929,724,0.8036607970342913,1.3441045478362728,0.2153071491827237,running
MPC,13.409999999999759,72.62811140231646,44.7582957747169,3.9750358376073107,-1.643329271625049,-0.9803527810069571,-0.023156649100102393,3.9631464329250754,0.03911885038324048,0.04226575374150521,0.8145999999999987,2,optimal,75.5850389957033,0,0,0.8309320544729494,0.3785602164756769,713,0.755746061167748,1.3448625979034772,0.22600293112750477,running
MPC,13.509999999999756,72.59475638863205,44.363073399623175,3.9626186549860622,-1.6930228143600574,-0.14130937480753844,-0.09614834777235795,3.960904900126557,0.0654540903572573,0.06091764128332677,0.5413000000000778,2,optimal,75.98489538677597,0,0,0.8207718281513935,0.3618309127818653,704,0.7165430954587584,1.303529408393469,0.21894209497805303,running
MPC,13.609999999999754,72.52767834307328,43.9712811488026,3.9893610571889124,-1.8253408672230484,0.6934523702506936,-0.1325277621529347,4.031963892011132,0.08292651826811588,0.014174037157386188,0.737399999999333,3,optimal,76.38478698434153,0,0,0.8297407560808077,0.3997631079307114,706,0.7252548656163116,1.406061190197037,0.2206244765899192,running
MPC,13.709999999999752,72.41400548257373,43.5857271303212,4.048921228359334,-1.9439423319882916,1.5444439716886555,-0.07874178267669846,4.143805454357778,0.07417777233140119,0.08787943716468893,0.47699999999917253,2,optimal,76.78470242590471,0,0,0.7998677145656733,0.4352376580181659,724,0.8036607970342913,1.4204452191909784,0.2153071491827237,running
MPC,13.80999999999975,72.26545479578462,43.20392793889872,4.138341441899642,-1.983636148498621,2.318739302381773,0.003996682475098335,4.2807951585975115,0.045406230190937674,0.09730040293110775,0.46060000000025525,2,optimal,77.18463173889494,0,0,0.8483416359023821,0.4206765698800348,374,-0.7208989805375348,1.499308194344988,0.2197779812188762,running
MPC,13.909999999999748,72.106162684842,42.8153548243424,4.251755666476922,-1.9518553124556728,2.9409236409164925,0.04769910249889512,4.432433805991291,0.014958540596933925,0.050536685472995835,0.5030000000001422,2,optimal,77.58456551678069,0,0,0.8750470756727319,0.40750235258890005,374,-0.7208989805375348,1.4866108820973762,0.2197779812188762,running
MPC,14.009999999999746,71.95296366909933,42.41118929649477,4.382807331154819,-1.9004743285797197,3.398276894006969,0.04121516889637284,4.591583355877619,0.032105489383404746,0.0005704434842170869,0.6096000000006541,2,optimal,77.98449920614365,0,0,0.8915684085845953,0.4103361020864831,374,-0.7208989805375348,1.5303802675639009,0.2197779812188762,running
MPC,14.109999999999744,71.81125834846225,41.988349528064056,4.525248952644422,-1.864008048429153,3.693627793608987,0.016460910178817546,4.752170110515718,0.07811729191375354,0.024203390173620498,0.4914000000004748,2,optimal,78.38442917000354,0,0,0.891878584569218,0.40437834245195614,711,0.7470342910101948,1.5253799713832275,0.22502164647011186,running
MPC,14.209999999999742,71.67440026184468,41.54863330048011,4.673355784115864,-1.8654850187523129,3.8405313238182037,-0.005857295912349282,4.909302085026242,0.06139560490093526,0.004381459620875994,0.4883000000006632,2,optimal,78.98432816604492,0,0,0.8929378772367804,0.3829157559831054,742,0.8820667284522705,1.3020491892628774,0.20076314597215372,running
MPC,14.30999999999974,71.5317295962349,41.09358626402436,4.850286082540924,-1.8843632987047705,4.587947405822237,-0.010140966930955857,5.132150524698087,0.01576560723061429,0.015489360134316232,0.8956999999991666,2,optimal,79.38426225077147,0,0,0.8713736277523301,0.3840595483248878,352,-0.8167284522706209,1.441415581189875,0.2126462795560751,running
MPC,14.409999999999737,71.37779876008622,40.62363616050076,5.026087401125549,-1.902311289876218,4.558672034807418,-0.0015286368607643386,5.306153286021666,0.08984807109183157,0.018368149809427692,0.5044000000005155,2,optimal,79.98415785940496,0,0,0.8658222240698144,0.36106217774465926,356,-0.7993049119555145,1.4372011615445324,0.21621722807816315,running
MPC,14.509999999999735,71.21289929710612,40.13813697745833,5.21367825488477,-1.9015191959063455,4.86438432830162,0.011216285391985107,5.512525833955711,0.02520642674392911,0.004140010744337452,0.5604000000003495,2,optimal,80.38408805823155,0,0,0.8552512702499158,0.3526081812566112,352,-0.8167284522706209,1.4259383573089577,0.2126462795560751,running
MPC,14.609999999999733,71.04442229035077,39.6350342097941,5.383988285422944,-1.881922705557949,4.416278442688954,0.015479265725265144,5.655306099153665,0.046301260890328336,0.023548970000586866,0.5227999999997124,2,optimal,80.98398867496391,0,0,0.8714925036274882,0.33887859712891183,717,0.7731696014828544,1.486436212383322,0.22193355627601147,running
MPC,14.70999999999973,70.87759823469614,39.11388383406364,5.547070538497898,-1.8628099074298656,4.228856259165744,0.0174782207437379,5.806873911339519,0.0991724952788608,0.03336190465349009,0.6849999999998246,2,optimal,81.58388770784441,0,0,0.8734058222548314,0.32258055070532676,719,0.781881371640408,1.4523711605834262,0.21997807798827246,running
MPC,14.809999999999729,70.71489460438046,38.575049959430835,5.698220614245192,-1.8443921698373626,3.9194451379301065,0.03066601922209655,5.939015052290909,0.06783882834544377,0.036143048840851844,0.729600000000552,3,optimal,81.98381594545289,0,0,0.8404655194964636,0.3087725078120582,714,0.7601019462465248,1.4663316490297686,0.22496523842325897,running
MPC,14.909999999999727,70.55817705825748,38.021250170183706,5.804378344709953,-1.8253162006982817,2.752756811180452,0.02908692617996145,5.973496295363237,0.05171497841237988,0.025238098795460573,0.6946000000009889,3,optimal,82.58371011225269,0,0,0.8526963385237278,0.3008405165545907,736,0.8559314179796109,1.3289695641212664,0.20524858980469113,running
MPC,15.009999999999724,70.40963065053184,37.45706631753682,5.859612219650668,-1.8049807016261032,1.432259570596341,0.03141022508758076,5.947604301769587,0.042450591584780505,0.013732870842082079,0.8355999999993813,3,optimal,83.18359984488386,0,0,0.845497913235888,0.29567626518338885,721,0.7905931417979613,1.4253010741043235,0.21807316453493353,running
MPC,15.109999999999722,70.27336872753075,36.88677833332118,5.867097298791241,-1.7668591571403567,0.1940942265460374,0.037228187437127504,5.879021642305271,0.034747521076628846,0.01670643099731084,0.48989999999982103,2,optimal,83.78349808492086,0,0,0.8496975887182415,0.2888627097266847,736,0.8559314179796109,1.3147893439069795,0.20524858980469113,running
MPC,15.20999999999972,70.15960473155553,36.31655093224686,5.7884674868018475,-1.7130573860191622,-0.8948188902724329,0.030577169680289486,5.777615409763998,0.029206472044598267,0.02984299925960876,0.5028999999998618,2,optimal,84.38339615680965,0,0,0.8258118936396002,0.30115428397787597,704,0.7165430954587584,1.5513283379042362,0.21894209497805303,running
MPC,15.309999999999718,70.06967646473198,35.75402551696283,5.650368134909918,-1.6825549683976104,-1.5715910502742718,0.017571642848713764,5.631308381774421,0.041771000358273594,0.011117996184706769,0.568000000000346,2,optimal,84.98327751612392,0,0,0.8964299326141288,0.3041711983282437,358,-0.790593141797961,1.4565810534486072,0.21807316453493358,running
MPC,15.409999999999716,70.00109557132524,35.20406070537098,5.487467995526204,-1.6550143008053186,-1.853827680119869,0.027633946090954608,5.464985366897931,0.078800610640426,0.01998573824753347,0.5108000000006996,2,optimal,85.58315781198206,0,0,0.8975837934651223,0.29236880303974566,368,-0.7470342910101946,1.4370995918190428,0.22502164647011183,running
MPC,15.509999999999714,69.95433233505754,34.66649017224773,5.3502953156553,-1.5992524442415081,-1.5610453856144955,0.06851492946096745,5.3313634569647546,0.062441386696800334,0.008857275602529135,0.5228000000006006,2,optimal,85.98306060928232,0,0,0.891866718443147,0.2909973619267724,383,-0.6816960148285449,1.4525728176426231,0.21261932153731194,running
MPC,15.609999999999712,69.94516724887659,34.1407382340007,5.213886355336204,-1.4840754500032582,-1.5523541441560988,0.0764198181376353,5.1950599012396905,0.034538467836779566,0.031243001436538798,0.6443999999996564,3,optimal,86.58285851418862,0,0,0.8966114261196145,0.2987737264477697,363,-0.7688137164040778,1.3718501211678453,0.22293077345441883,running
MPC,15.70999999999971,69.98411413420995,33.62844241324769,5.101732226970326,-1.3857713382788999,-1.2763305690895455,0.05989994334671648,5.086253298427249,0.10439735789860145,0.07328373747072892,0.4853999999996361,2,optimal,86.98271772774599,0,0,0.8224892707693219,0.32583571877504447,377,-0.7078313253012047,1.5080586121732227,0.21730154451353453,running
MPC,15.809999999999707,70.0667837138865,33.132204782664196,4.996810294300098,-1.3146603250395292,-1.1940271123867825,0.03968534058025269,4.982329515731648,0.03795576642955282,0.054216325111631214,0.4360999999999393,2,optimal,87.58253458716723,0,0,0.8282363743508563,0.3259439556512411,369,-0.742678405931418,1.449095817148085,0.2241197071405647,running
MPC,15.909999999999705,70.1865427563733,32.64989311297375,4.957332389013163,-1.251870144935803,-0.44926440119048255,0.06385855530539847,4.95188385418105,0.09842136693940345,0.05866905528071786,0.5780000000008556,2,optimal,87.98238789881317,0,0,0.8657424871360981,0.3360375926069186,352,-0.8167284522706209,1.3621851659557689,0.2126462795560751,running
MPC,16.009999999999703,70.33747709501714,32.182638076295916,4.887658391479369,-1.188605284499651,-0.7929003971476262,0.050011734183773804,4.878042349298401,0.03810978159428476,0.038202835711598215,0.495499999999538,2,optimal,88.58214880370141,0,0,0.8665814607040484,0.3291931764863392,350,-0.8254402224281743,1.3177512942388727,0.21092842571338713,running
MPC,16.10999999999972,70.51631301857687,31.73258518506541,4.821256546666112,-1.1254400640365156,-0.7556628152163788,0.0540354212375775,4.812092109957731,0.07079217672098383,0.04677076356761578,0.5838999999996375,2,optimal,88.98202550057715,0,0,0.8455922609547547,0.3423073047570729,382,-0.6860518999073215,1.5079273150578312,0.21337555590733343,running
MPC,16.209999999999734,70.72044994760913,31.302287643657642,4.734009018339801,-1.0618110294504601,-0.9928897767998396,0.03795758081720921,4.721967568986129,0.06832403728860678,0.030023588844870108,0.5017000000000493,2,optimal,89.58187840700775,0,0,0.8774492413470512,0.3509342610280979,365,-0.7601019462465246,1.4512284161432913,0.22496523842325905,running
MPC,16.30999999999975,70.94788503356816,30.893336646093495,4.652767518534267,-0.9991133864580213,-0.9245402839048188,0.03232578591075492,4.641554989949319,0.02543627120882276,0.04061680409174606,0.7201999999999487,2,optimal,89.9817735949222,0,0,0.8683883600745534,0.3624704083029685,379,-0.6991195551436515,1.5290963259077117,0.2157016455530536,running
MPC,16.409999999999766,71.1949063351586,30.50562366451644,4.569557056571025,-0.9527941673309266,-0.9469473644811413,0.015592610761531246,4.558072782086152,0.06661562453583163,0.03535991572237496,0.5148000000003705,2,optimal,90.38167856249615,0,0,0.8535282596120095,0.363894700855199,378,-0.7034754402224281,1.5076656332601206,0.216496585417684,running
MPC,16.50999999999978,71.453126579343,30.13489713889173,4.49190416880948,-0.9312303652656337,-0.8837013480664062,0.013668091385129935,4.481186921764384,0.09148308756507822,0.017233295695961104,0.5161000000004634,2,optimal,90.98155469471409,0,0,0.824030882085509,0.3521909870117044,353,-0.8123725671918443,1.320402179520147,0.21352185245425553,running
MPC,16.609999999999797,71.72192552388702,29.774366110968074,4.501934110368728,-0.8984363227882797,0.26008459131602885,0.05687895457158864,4.517912627941083,0.05693248130736814,0.02180488493759558,0.5096999999993912,2,optimal,91.38148584812735,0,0,0.8671007925213353,0.3681026604706199,367,-0.7513901760889712,1.434201457141016,0.22593517874601313,running
MPC,16.709999999999813,72.00734905587962,29.423655545175798,4.53944262821308,-0.8443493627119814,0.9726265578708567,0.056391696297626887,4.5991967661558135,0.0531746256595181,0.009151610409628308,0.456299999999743,2,optimal,91.7814162073584,0,0,0.8096593386067906,0.36796675846588167,346,-0.8428637627432809,1.3097778088195569,0.20762130414308752,running
MPC,16.809999999999828,72.31158701052627,29.082950844140743,4.592326609946259,-0.8045268563036447,1.3713249169986146,0.012707504912605118,4.6765751199129415,0.08450583064267064,0.03931389059924584,0.49600000000005195,2,optimal,92.18134918202696,0,0,0.8477413611525303,0.3925227350728138,703,0.7121872103799816,1.5668483842142253,0.21811666573475305,running
MPC,16.909999999999844,72.62713036041104,28.74499554996709,4.650351685523661,-0.819740047912801,1.5046376869179099,-0.04587749578715384,4.74279037863805,0.07798169203933805,0.03547103750872216,0.5423999999996099,2,optimal,92.78124633465929,0,0,0.8677328970424634,0.37658897048465784,694,0.6729842446709915,1.5634803342310135,0.2111347683074644,running
MPC,17.00999999999986,72.93670969370886,28.39278436261292,4.723914292665464,-0.9087403835882115,1.9075385934800724,-0.10613248584360938,4.8411055448716676,0.030694449555889736,0.029584503807837947,0.9242000000009298,3,optimal,93.1811641816335,0,0,0.892438340499873,0.37680367839765017,731,0.8341519925857277,1.3864392195685271,0.20925385860619153,running
MPC,17.109999999999875,73.22034133068523,28.01088024674851,4.788397190840897,-1.0243985795061643,1.6720943107953863,-0.08703674361219475,4.891123723745003,0.09074246298348884,0.10735210040957455,0.6811999999998264,3,optimal,93.58105937714818,0,0,0.8556615516120517,0.341621519448943,363,-0.7688137164040778,1.382820266996983,0.22293077345441883,running
MPC,17.20999999999989,73.47301338766303,27.602564575195075,4.814742763971948,-1.0865216295256104,0.683162267726001,-0.030318855064065682,4.856713417613497,0.08250441292713843,0.08574135985412568,0.6836999999997317,3,optimal,94.1808886429953,0,0,0.8094253042277114,0.33055271626946114,340,-0.8689990732159407,1.2248170348449239,0.20296376061118726,running
MPC,17.309999999999906,73.7039438786445,27.18182970493513,4.7921135302817195,-1.1064067702860594,-0.2575240263977347,-0.022675751625470343,4.788990361332174,0.10229120974478072,0.037570559943353565,0.5443000000004972,2,optimal,94.58071585190743,0,0,0.7643911434403313,0.3494140057662908,324,-0.938693234476367,1.186117813518998,0.19212017337445042,running
MPC,17.409999999999922,73.91599157555966,26.76026911534686,4.682003896333111,-1.14269478100923,-1.253063920227721,-0.033330990857140134,4.666807138258948,0.10917060956441917,0.0285764306712899,0.6286000000006453,2,optimal,95.18040005217593,0,0,0.7963353446492223,0.3614224615876181,723,0.7993049119555145,1.4237608675020943,0.21621722807816315,running
MPC,17.509999999999938,74.10089823439466,26.339015567882992,4.560328464358399,-1.2243128049126752,-1.3846844124174758,-0.086660017373166,4.543535455091363,0.06369234568692189,0.015125340066150628,0.4916999999995397,2,optimal,95.58023612416267,0,0,0.8412704560797217,0.36058320552509504,717,0.7731696014828544,1.4302164994119444,0.22193355627601147,running
MPC,17.609999999999953,74.2465116677986,25.916737143219546,4.421524844869377,-1.3290853855085707,-1.579605719694681,-0.0820219016076144,4.402367892388931,0.06434657887209846,0.021348759158105857,0.48309999999940345,2,optimal,95.98007926371287,0,0,0.8913576527933597,0.3744502107027465,699,0.6947636700648747,1.526715737745216,0.21491658495418042,running
MPC,17.70999999999997,74.34897279915461,25.496890972408078,4.27279624848038,-1.4145631455201453,-1.692553424781571,-0.0536095572542768,4.25226950239122,0.08818480017110807,0.03774889421074068,0.5325999999996611,2,optimal,96.37993020519006,0,0,0.8680071740484072,0.40497262721478156,712,0.7513901760889712,1.534396699405282,0.22593517874601313,running
MPC,17.809999999999985,74.41503903315446,25.084926223219618,4.122479240368198,-1.4772759694587598,-1.7106297851272745,-0.03529237447465766,4.101733269967652,0.1040671327990482,0.0070778079452002984,0.47580000000024825,2,optimal,96.97975795739659,0,0,0.8987768922860121,0.39510602737587996,693,0.6686283595922151,1.5350965730750317,0.2104061992652272,running
MPC,17.91,74.45112494384745,24.68358222285065,3.9833595623767564,-1.5357398282178065,-1.583202512199209,-0.054996313719980414,3.9641589891482765,0.0970210465042504,0.022476157431515986,0.5103000000001856,2,optimal,97.37963193971217,0,0,0.9047389633667022,0.40953876241731496,723,0.7993049119555145,1.3933192012046929,0.21621722807816315,running
MPC,18.010000000000016,74.46171337894754,24.293661727061487,3.8593478698754935,-1.5915304846221294,-1.411271402756935,-0.06375045248048569,3.8422324221010626,0.09693367345869802,0.003248583636951796,0.4818999999987028,2,optimal,97.57955813283583,0,0,0.8922994860216985,0.40466337164210414,720,0.7862372567191844,1.3578619607625748,0.21901940157552577,running
MPC,18.11000000000003,74.44987329749858,23.915743631641565,3.741870264105462,-1.6453126316818183,-1.3369125293238922,-0.05923475418948561,3.7256566169431045,0.07551738238766467,0.02875084000484307,0.4721999999999227,2,optimal,97.97947970177685,0,0,0.8931531038183003,0.3935818710592596,699,0.6947636700648747,1.3817964731609118,0.21491658495418042,running
MPC,18.210000000000047,74.41544668981084,23.548377814639007,3.664400100364088,-1.7137115381090877,-0.8816219216908578,-0.08414465998042593,3.6537080719363764,0.05345809980179463,0.038474706075774634,0.4978000000006588,2,optimal,98.37939129394803,0,0,0.8430284526928509,0.3992413616750946,693,0.6686283595922151,1.382636102229183,0.2104061992652272,running
MPC,18.310000000000063,74.35206546560292,23.188739548382713,3.6474393627218005,-1.8079979754194413,-0.193015702966715,-0.10523090585889365,3.645098530067416,0.050844349203471625,0.018745834734374967,0.7231999999994798,2,optimal,98.77927490742907,0,0,0.8308850803677319,0.4063256587576453,716,0.768813716404078,1.2930853659431685,0.22293077345441878,running
MPC,18.41000000000008,74.25241162565335,22.8366889382031,3.6716860316291124,-1.9180520103858265,0.6287359638419958,-0.10502312435303578,3.710312959106,0.06468570591200436,0.01935467963091897,0.49619999999972464,2,optimal,99.17913889948366,0,0,0.8224052045589768,0.44421792841556557,717,0.7731696014828544,1.38155314201246,0.22193355627601147,running
MPC,18.510000000000094,74.11576543247806,22.492907803197397,3.7254963341312144,-2.013776676661169,1.3953451724696677,-0.07746100844192774,3.8112205488760793,0.08113330755755029,0.04547473443769556,0.5336999999991932,2,optimal,99.57899016131822,0,0,0.8142137813066236,0.44865809330315887,737,0.8602873030583873,1.2788995760376594,0.20447740104668097,running
MPC,18.61000000000011,73.94912792406295,22.15496169008673,3.805315869572776,-2.074857640859591,2.0697858638279136,-0.05028105008521459,3.932474920514006,0.09743930419479442,0.03895471046253274,0.5806999999995455,2,optimal,99.97883379870669,0,0,0.8499260523992118,0.4440641316564389,706,0.7252548656163116,1.4586318081472673,0.2206244765899192,running
MPC,18.710000000000125,73.75923317873348,21.818901262583815,3.9073469539339056,-2.120884044763219,2.6457495012146914,-0.049520757223793184,4.069890819694245,0.09374840762246932,0.05271927442431146,0.5307999999999424,2,optimal,100.17870617967792,0,0,0.8851385653205226,0.43660295231729634,709,0.7383225208526416,1.4520073213822349,0.2232291878884924,running
MPC,18.81000000000014,73.54980012128073,21.483392734298207,3.996096756224766,-2.15449057552948,2.3013549901406365,-0.0243290065909976,4.137482452947969,0.08776141726093453,0.02089353647417269,0.4967000000002386,2,optimal,100.578543725234,0,0,0.8895463513049833,0.41575213619698137,699,0.6947636700648747,1.4628563050553833,0.21491658495418042,running
MPC,18.910000000000156,73.32514040325177,21.146540124693125,4.0943956006372,-2.1840843141648545,2.5489694655568758,-0.0539672917965005,4.250993702780454,0.09331523978683522,0.01399002548780448,0.49519999999958486,2,optimal,100.97838068541506,0,0,0.8520214591849703,0.38094261065590007,709,0.7383225208526416,1.3491079912121062,0.2232291878884924,running
MPC,19.010000000000172,73.07920872592896,20.81166715656699,4.2073490992219895,-2.2494152081487817,2.9289766389566396,-0.09514902848086176,4.387293264532864,0.10329690108615659,0.044125297683411446,0.5557999999998842,2,optimal,101.57818560360998,0,0,0.8957701205942623,0.37409346264398113,714,0.7601019462465248,1.3350792826857634,0.22496523842325897,running
MPC,19.110000000000188,72.80183399271785,20.48543817175795,4.348216383575775,-2.345073083567811,3.652803943525283,-0.11637001191494908,4.572629493574518,0.08840537893390037,0.005517102961393849,0.7631000000003496,3,optimal,101.97803711664028,0,0,0.8073903592803886,0.3787242634172092,727,0.8167284522706209,1.303520349910679,0.2126462795560751,running
MPC,19.210000000000203,72.48520302612779,20.175983121879536,4.497600637834574,-2.446578773658885,3.8736559419054952,-0.08161566725858026,4.735581977766324,0.06184996716476632,0.04770407709774993,0.7114000000010279,3,optimal,102.37791294958016,0,0,0.7957257214716448,0.3938227476348703,726,0.8123725671918445,1.3912912685757342,0.2135218524542555,running
MPC,19.31000000000022,72.1337572939485,19.88223252423129,4.652106543291874,-2.497741050888434,4.006464548112853,-0.030374109844573255,4.8982470926458594,0.048919906722294286,0.05937293384951037,0.5277999999995231,2,optimal,102.77780948782959,0,0,0.88308367125239,0.38560960947073797,710,0.742678405931418,1.5017222422546948,0.2241197071405647,running
MPC,19.410000000000235,71.75823416597231,19.59369355272208,4.8072840350600305,-2.5116062510875428,4.023879330657753,-0.007660103263953938,5.0544944763576485,0.10193819209909867,0.04220225940642841,0.5112999999994372,2,optimal,103.17772183839965,0,0,0.889509255592624,0.36734562911037255,733,0.8428637627432809,1.3446202861959249,0.20762130414308752,running
MPC,19.51000000000025,71.3638601014705,19.30476129783946,4.958535895979161,-2.526730572740558,3.9220845107183155,-0.010936970096428382,5.199492486131862,0.024831338877538835,0.022442553277212784,0.6116999999994377,2,optimal,103.77760607965821,0,0,0.8548090803118142,0.34993179196691127,726,0.8123725671918445,1.3705169273067885,0.2135218524542555,running
MPC,19.610000000000266,70.95135609368128,19.013496247472123,5.127461758994138,-2.5433994412112053,4.380385846260854,-0.01903847014559031,5.396574480605246,0.09174791798603177,0.019615172769080758,0.5414999999997505,2,optimal,104.17753718899786,0,0,0.8560251498827605,0.3421216349724416,724,0.8036607970342913,1.3927531464191025,0.2153071491827237,running
MPC,19.71000000000028,70.52057416401755,18.71994037536786,5.285869948591813,-2.560762305425829,4.107653968794226,-0.017984361321066747,5.53822715587356,0.01666493784810954,0.012615014135282543,0.5497999999999337,2,optimal,104.77743709081689,0,0,0.8496841090330549,0.34439116342090914,724,0.8036607970342913,1.4409429180218443,0.2153071491827237,running
MPC,19.810000000000297,70.07167541625216,18.424943474152442,5.444608079479481,-2.5784446741479137,4.116209616407852,-0.013176905187783059,5.697490910232598,0.0525686329103003,0.010567089332608859,0.5347000000002211,2,optimal,105.3773372093485,0,0,0.8690126145242516,0.33095469531907296,723,0.7993049119555145,1.4358964276122,0.21621722807816315,running
MPC,19.910000000000313,69.60469391778449,18.12932610656056,5.597036131021018,-2.596399587646374,3.95258409593842,-0.018972561794885316,5.839866489073323,0.0991874602652021,0.010675682943816156,0.6316000000001765,3,optimal,105.97723466519932,0,0,0.8674303344676354,0.31611694787448624,716,0.768813716404078,1.45997090345408,0.22293077345441878,running
MPC,20.01000000000033,69.12284121977187,17.830590598729618,5.731133679240363,-2.5803314251739193,3.4772591464352645,0.04778950982479689,5.944762045664545,0.06916501032298046,0.017135697532674854,0.6622999999992274,3,optimal,106.37716644453651,0,0,0.8834703667748367,0.30370939324256585,730,0.8297961075069509,1.3575442588291937,0.21008581223244965,running
MPC,20.110000000000344,68.63906496183384,17.515752434953157,5.807430052632434,-2.51713844031979,1.9784273891679107,0.035586567246039084,5.928976418157155,0.0579344990217809,0.09675759199223499,0.8019000000007992,3,optimal,106.97706519687803,0,0,0.859904679711551,0.2626449714748221,738,0.8646431881371641,1.1804923194036598,0.2037158366078793,running
MPC,20.21000000000036,68.16341066099328,17.180445871170612,5.830238497816216,-2.495022042947347,0.5914416459094652,-0.08729519447733383,5.866574217223381,0.09262984570837289,0.12231526269566606,1.038499999999054,3,optimal,107.57696541247617,0,0,0.7549642971515972,0.23782491183110335,707,0.729610750695088,1.2510389493269958,0.22148173646210823,running
MPC,20.310000000000375,67.6865231964371,16.852123424624253,5.769818363493082,-2.5998067198364128,-0.6875900651070046,-0.06824173812659229,5.761479491305516,0.13100461115184464,0.0007261408447498674,0.9698000000000206,3,optimal,108.17686322833771,0,0,0.7580013240057331,0.2645408101372871,747,0.9038461538461537,1.1513509403176847,0.1972733218794039,running
MPC,20.41000000000039,67.2022444590224,16.557762636728413,5.616039685909832,-2.6792955642803697,-1.7500240957102564,0.013426977308719609,5.5948159539220566,0.12537913235937045,0.1207352333469518,0.6661000000001138,2,optimal,108.77672981466537,0,0,0.7533626187753267,0.29533541076047487,356,-0.7993049119555145,1.4042769169852127,0.21621722807816315,running
MPC,20.510000000000407,66.7248482189579,16.290091432299135,5.400371047872563,-2.631687599473878,-2.4543409995830605,0.10387435918944754,5.370605585951526,0.10166452729457788,0.14103058660446788,0.6621000000004429,3,optimal,109.37658929866608,0,0,0.8297059698165543,0.2947152048706268,366,-0.755746061167748,1.4305421253160875,0.22600293112750477,running
MPC,20.610000000000422,66.28097773389081,16.01316755878184,5.148429089354595,-2.4658878384727405,-2.86713675170074,0.11457665328259684,5.113657372702488,0.04943610026336637,0.009088652139848996,0.7364000000000814,3,optimal,109.77647392964624,0,0,0.8636654340540566,0.3300835727437448,369,-0.742678405931418,1.5372703136612267,0.2241197071405647,running
MPC,20.710000000000438,65.89164254818418,15.703319837753558,4.892383157069152,-2.3184875539990615,-2.913840580177595,0.02317051899412477,4.857045031336836,0.05399741594483959,0.12767852181008,0.5008000000010782,2,optimal,110.3763738985631,0,0,0.8901558160252484,0.3179260041491369,717,0.7731696014828544,1.3934062391116528,0.22193355627601147,running
MPC,20.810000000000453,65.55065549878681,15.37625425836115,4.640191682333079,-2.31760801588955,-2.86997628316779,-0.07602115641162534,4.6053855287523735,0.02904183203215887,0.06945432342939917,0.7236999999999938,3,optimal,110.77627006433967,0,0,0.8547795184651875,0.3620259617233822,722,0.7949490268767376,1.4575267893935866,0.21713917065507293,running
MPC,20.91000000000047,65.22756677717396,15.064444209968338,4.414042998692583,-2.4164884740251518,-2.5736054686110106,-0.06752012972825877,4.382831135471978,0.07004386061950897,0.09606260404994238,0.6946000000001007,3,optimal,111.176184476529,0,0,0.8575630942515303,0.3310285092435331,387,-0.6642724745134383,1.4191081553713567,0.20968660597172056,running
MPC,21.010000000000485,64.90382151739225,14.780934924792849,4.247176437629657,-2.4606652593949696,-1.898966145487483,0.06890878057392635,4.224146384143835,0.10867016262737815,0.2047931176718345,0.480299999999545,2,optimal,111.5761127275331,0,0,0.8392791180565299,0.29177809003921845,395,-0.6294253938832253,1.2453506422746974,0.20423919388388023,running
MPC,21.1100000000005,64.5946655416914,14.498407588059784,4.159926540477071,-2.334944777889744,-0.9929167343932163,0.21625459129823196,4.147884764190335,0.16481742737669075,0.16482081159185435,0.8194999999995289,3,optimal,112.17595242053106,0,0,0.7234214550167011,0.28457989726283495,384,-0.6773401297497683,1.153712449046221,0.21187243445594103,running
MPC,21.210000000000516,64.33035396164098,14.175384254999155,4.1978201611132,-2.096691224907799,0.982612588359938,0.24846364978058555,4.258187799313064,0.19632191419899317,0.02446225311892558,0.7580999999996507,3,optimal,112.57585500667984,0,0,0.700797968689606,0.33956988395878723,369,-0.742678405931418,1.2647149945260985,0.2241197071405647,running
MPC,21.31000000000053,64.13590265441225,13.799324058517934,4.276678989424516,-1.8801326634651492,2.0448739418722437,0.10835899804178313,4.402307555300425,0.16620559672365964,0.20347208047628085,0.6771000000016514,3,optimal,112.97576891591855,0,0,0.6992052858033121,0.40968053174981384,709,0.7383225208526416,1.4951651587686803,0.2232291878884924,running
MPC,21.410000000000547,63.99876403632461,13.388445716096353,4.381926401894478,-1.804814025630419,2.729151520736179,-0.0699497853512284,4.549594141498134,0.08798398561488031,0.25314557589835607,0.7001000000004254,3,optimal,113.37569353495915,0,0,0.8380229370279867,0.3521434886992124,723,0.7993049119555145,1.2662114575887704,0.21621722807816315,running
MPC,21.510000000000563,63.86681961081584,12.963639692898713,4.505885458943472,-1.917376142224601,3.2143597748860855,-0.16434764486921036,4.703362379383086,0.018562930473839882,0.12654912987586853,0.7419000000004061,3,optimal,113.77562540914595,0,0,0.879258477380627,0.3626612869071821,704,0.7165430954587584,1.4172932012844948,0.21894209497805303,running
MPC,21.61000000000058,63.688827007985985,12.542048071808438,4.641253247112603,-2.084172646387362,3.510197507667145,-0.11010806182919203,4.856905209710186,0.0577163841152867,0.044488796889001314,0.716800000000184,3,optimal,114.17555957224373,0,0,0.836065259569639,0.3970606529219329,355,-0.803660797034291,1.4570852518640856,0.21530714918272373,running
MPC,21.710000000000594,63.45784619816523,12.13087114657204,4.782676221222344,-2.166301380660281,3.66721343357291,0.010841412240022903,5.007974590469894,0.09067568694314437,0.12694540847479985,0.5573999999999302,2,optimal,114.77546089720907,0,0,0.8528507196014292,0.34876281294147926,337,-0.8820667284522707,1.2295368618657836,0.2007631459721537,running
MPC,21.81000000000061,63.201226032588195,11.71621222425719,4.9563544520046126,-2.120809242219819,4.50361863094239,0.09020565738911787,5.233038084316583,0.021063822066456184,0.08112206627911345,0.7508999999998878,3,optimal,115.1753951121861,0,0,0.8642854811709629,0.33918473609992195,356,-0.7993049119555145,1.34723095966401,0.21621722807816315,running
MPC,21.910000000000625,62.95042422484115,11.277778202925914,5.132985267990458,-2.027090711579026,4.580181581131232,0.07260324194048659,5.414372610117736,0.10819929517526304,0.013493618961594844,0.9228999999999488,3,optimal,115.77529642082342,0,0,0.8555713295370766,0.3503964524770314,361,-0.7775254865616312,1.458603660443305,0.22094939445953415,running
MPC,22.01000000000064,62.71903971504298,10.807727019393353,5.330703758079347,-1.9705515368967292,5.127002224950295,0.006770710513839152,5.645685490485487,0.047607139481357086,0.07072225842001512,0.4817000000008065,2,optimal,116.1752306279488,0,0,0.8576831476095604,0.32996488388645484,713,0.755746061167748,1.4586137245005377,0.22600293112750477,running
MPC,22.110000000000657,62.4952079306531,10.31265062583518,5.520618525694195,-1.9906351668686533,4.924645316047546,-0.03815147413565654,5.8231682896841015,0.03420157474923227,0.05143296826910637,0.680800000000481,3,optimal,116.77513194760414,0,0,0.8856728103531698,0.3143153559786938,716,0.768813716404078,1.4271887523877893,0.22293077345441878,running
MPC,22.210000000000672,62.25552716027533,9.803378533162025,5.7209245188553295,-2.0515733225245762,5.194098296756757,-0.03285369755929555,6.04002835536987,0.06832606159286665,0.00902855764996735,0.6176000000008841,2,optimal,117.37503326933184,0,0,0.8916553099593967,0.3201642345719929,370,-0.7383225208526414,1.5304731598206105,0.22322918788849236,running
MPC,22.310000000000688,61.98847133729675,9.284653234407164,5.931295533283431,-2.0811476764774888,5.455092533596768,0.00426411225240289,6.266433772215006,0.08473007394243594,0.038470689780458756,0.48309999999940345,2,optimal,117.9749345942236,0,0,0.8610358228496091,0.2950481261901453,350,-0.8254402224281743,1.3557514057140707,0.21092842571338713,running
MPC,22.410000000000704,61.704116703943164,8.750931743391135,6.146383837094325,-2.057477839537764,5.577415707066473,0.024416793496280724,6.4890371039900785,0.08054991648113423,0.014972265833423481,0.4454999999996545,2,optimal,118.5748359191763,0,0,0.8798542679831014,0.29177226052804167,351,-0.8210843373493977,1.3910526386828743,0.21178185999974475,running
MPC,22.51000000000072,61.41361272193437,8.196250110180916,6.359643723875685,-2.0343870011831884,5.530003357445836,0.0120673478134274,6.699384172838908,0.05622395420821903,0.0076018780803459585,0.5907000000000551,2,optimal,119.17473724152586,0,0,0.865785194175112,0.2858289632137454,372,-0.729610750695088,1.5310708783514873,0.22148173646210823,running
MPC,22.610000000000735,61.12006445301465,7.6196270676488265,6.564807951361158,-2.0347108139876493,5.320076287884513,-0.00029309364546899853,6.8916513526641365,0.017736902547405852,0.006560553208336817,0.5925000000006619,2,optimal,119.77463856303885,0,0,0.8670910142205319,0.28152933528206225,354,-0.8080166821130677,1.451474360927844,0.2144087504700342,running
MPC,22.71000000000075,60.81881129963737,7.024740220492176,6.756198063698456,-2.0384505137165787,4.962902211855174,0.0002409361898512995,7.061098172546675,0.06223400333254214,0.0021343495491459308,0.4710999999995025,2,optimal,120.37453988020616,0,0,0.8648710883607381,0.26509521133378366,361,-0.7775254865616312,1.4611764283594553,0.22094939445953415,running
MPC,22.810000000000766,60.51322918959333,6.41215827844108,6.921998423666589,-2.0175279057735214,4.299338994911496,0.002757381405404411,7.186131963189605,0.05615091590980085,0.022216329884894304,0.5002000000002838,2,optimal,121.17440830599347,0,0,0.8592489695607849,0.26315761824514483,355,-0.803660797034291,1.4493360108257554,0.21530714918272373,running
MPC,22.91000000000078,60.20656563854771,5.782380684221348,7.07520997597194,-2.0159848934415363,3.97290091181899,-0.009522842374647834,7.3192885148484885,0.045422572429576924,0.023187964584113985,0.4395000000005922,2,optimal,121.77430962765742,0,0,0.8634667535020515,0.252262325062926,716,0.768813716404078,1.4779583695185732,0.22293077345441878,running
MPC,23.010000000000797,59.89297825435079,5.140567456016963,7.201252741863449,-2.040795376420448,3.2683920501017614,-0.013189447667736975,7.402049180982116,0.04129986723249475,0.002291732868254126,0.5659999999991783,2,optimal,122.57417805552336,0,0,0.8895805604343594,0.2502077308445854,358,-0.790593141797961,1.463324877373079,0.21807316453493358,running
MPC,23.110000000000813,59.565775705496584,4.49215960105908,7.315529103045326,-2.065205577913872,2.9632795484898837,-0.0004527188889318736,7.497580696712437,0.08674438039003192,0.02713737572353292,0.505899999999393,2,optimal,123.17407937681007,0,0,0.8899953062843529,0.2399027180352323,359,-0.7862372567191844,1.4395916872856467,0.21901940157552577,running
MPC,23.21000000000083,59.22438815307925,3.8397471301617982,7.404104165479401,-2.066159472272737,2.2968238426787955,0.014425543485579317,7.545211487313205,0.022641534401705393,0.02859132514003404,0.4784000000013222,2,optimal,123.97394780805035,0,0,0.8852161938455325,0.2287198173589547,356,-0.7993049119555145,1.3827854310273513,0.21621722807816315,running
MPC,23.310000000000844,58.87831167708584,3.180359562117426,7.483348891763117,-2.039082822616587,2.054880592045455,0.017730204143666994,7.609592224683946,0.035559839857241884,0.0019177150880338445,0.5354999999989118,2,optimal,124.7738162405349,0,0,0.848014931167479,0.2322100519485949,364,-0.7644578313253012,1.4648646647949444,0.2239412608755995,running
MPC,23.41000000000086,58.536952140627875,2.5099453787483306,7.55726680163863,-2.0122289224430636,1.9167518840805167,0.004623757273474793,7.675024080171169,0.08215469763565188,0.024627893068568607,0.5229999999993851,2,optimal,125.57368467375046,0,0,0.8848073473838507,0.23596556587778414,366,-0.755746061167748,1.5110908789972939,0.22600293112750477,running
MPC,23.510000000000876,58.20298539842166,1.8278654647488417,7.626303964597341,-2.0102435702555184,1.7901901230098993,-0.010036285450933533,7.73628581393962,0.07980541722544673,0.026453204181295487,0.520800000000321,2,optimal,126.17358599859628,0,0,0.8612754780649678,0.23126151815425317,714,0.7601019462465248,1.4916420008981637,0.22496523842325897,running
MPC,23.61000000000089,57.868167192748025,1.1398426878839214,7.673272629617549,-2.0382161281697684,1.2179359146091842,-0.013663790632050334,7.7480975560582594,0.044479701754159794,0.0016530168088864094,0.43229999999994106,2,optimal,126.97345443184132,0,0,0.8921763491154293,0.23272653722181247,335,-0.8907784986098239,1.315374841416646,0.19934114321212795,running
MPC,23.710000000000907,57.525732349343194,0.45075188562672325,7.713260388723004,-2.0446646992307667,1.03691531233257,0.0006356925781904265,7.776964160850806,0.014624612620327741,0.008138092590434187,0.4469999999994201,2,optimal,127.77332286517542,0,0,0.8915113801552308,0.2296912082576057,740,0.8733549582947173,1.334191127326839,0.20222103997141733,running
MPC,23.810000000000922,57.1810412496825,-0.24151120354373576,7.750401399545687,-2.0182754021399,0.9630968000978877,0.0037800577429000456,7.809570068732793,0.014214020696708787,0.01831223228423573,0.48989999999982103,2,optimal,128.5731912984452,0,0,0.8875805668947808,0.22705919467218408,720,0.7862372567191844,1.4563830941935425,0.21901940157552577,running
MPC,23.910000000000938,56.840498797615176,-0.9398390594833649,7.78554889981925,-2.0119122270268175,0.9114034404318184,-0.012404870910753384,7.841541743588869,0.03900471586309914,0.024833602173295333,0.46479999999959887,2,optimal,129.37305973144166,0,0,0.8886142864790981,0.2198585845013829,731,0.8341519925857277,1.354006209746223,0.20925385860619153,running
MPC,24.010000000000954,56.49898635402953,-1.6414780705271395,7.818598072513399,-2.0384319973978844,0.856992089406993,-0.01851875140529875,7.871248108759949,0.06108642215389102,0.001430163248053784,0.5174999999999486,2,optimal,130.17292816401695,0,0,0.8919305332122477,0.22715926219755447,723,0.7993049119555145,1.449266079591976,0.21621722807816315,running
MPC,24.11000000000097,56.147714163415685,-2.341827526557175,7.849258934217677,-2.067408151808098,0.7950612312791225,-0.005712146105954316,7.898104195641312,0.07657433164064452,0.03005342306089931,0.46819999999936357,2,optimal,130.97279659622325,0,0,0.84879336414414,0.22462999258851804,711,0.7470342910101948,1.513625441614924,0.22502164647011186,running
MPC,24.210000000000985,55.78370242361105,-3.038930755600634,7.877017807794859,-2.071221050088292,0.7198103046829007,0.010565052228374332,7.9212399646859675,0.08649545574803258,0.033415707221322144,0.5340000000000344,2,optimal,131.77266502841496,0,0,0.8458378324874598,0.22175111702768158,372,-0.729610750695088,1.518970560176882,0.22148173646210823,running
MPC,24.310000000001,55.41577131347567,-3.7369401397658883,7.901885976632813,-2.0426552455354567,0.6448519655663227,0.01509391157980214,7.941503004351492,0.095940533426173,0.004294166362888152,0.5261999999994771,2,optimal,132.57253346139242,0,0,0.884588008465751,0.22576564349173645,708,0.7339666357738648,1.5428236829592963,0.22234991952811328,running
MPC,24.410000000001016,55.054607688735196,-4.441054879989879,7.923358882529884,-2.012449027040776,0.556810019441967,0.0017223818552130205,7.95756697857701,0.09554524079873263,0.026386842386267872,0.5280999999994762,2,optimal,133.17243478492057,0,0,0.8568464813371299,0.21479085633332717,714,0.7601019462465248,1.4550760179957503,0.22496523842325897,running
MPC,24.510000000001032,54.70459170821548,-5.152116302970322,7.92722392576318,-2.0076726979864565,0.10022373348958247,-0.0157369241328764,7.933381255878842,0.08833024599284604,0.03186047442081863,0.6008999999993492,2,optimal,133.97230321467092,0,0,0.8884550394907165,0.21540305852379324,708,0.7339666357738648,1.4896261514677873,0.22234991952811328,running
MPC,24.610000000001047,54.357694041553735,-5.864853139267602,7.926499825184349,-2.0362127219569413,-0.008240371686028945,-0.021917072398398386,7.926399888594577,0.08298136294629156,0.003967252074176031,0.6520999999999333,3,optimal,134.7721716440835,0,0,0.8523328943196833,0.21872130167905618,720,0.7862372567191844,1.4440092527357327,0.21901940157552577,running
MPC,24.710000000001063,54.003166859825846,-6.573675330379636,7.924972466695047,-2.067326032148073,-0.01738156551396653,-0.008440948567508546,7.924761668632953,0.0771409636514546,0.026591561679841114,0.5211000000002741,2,optimal,135.5720400740912,0,0,0.8583279448175425,0.22527024592846653,720,0.7862372567191844,1.4805726034027489,0.21901940157552577,running
MPC,24.81000000000108,53.63684184436027,-7.276426876302554,7.925086873792054,-2.0726721750811947,0.0029666696354121226,0.009168940438499902,7.925269133658588,0.06780865818831595,0.03147553732660713,0.5227000000003201,2,optimal,136.37190850503646,0,0,0.8828163344339928,0.2214551252313751,367,-0.7513901760889712,1.5084037002320665,0.22593517874601313,running
MPC,24.910000000001094,53.267091065101454,-7.97745633443506,7.926124141288665,-2.044157858881393,0.026897194898668646,0.014769575051287252,7.927776593281921,0.058767500301015345,0.0025912271527630537,0.5216000000007881,2,optimal,137.1717769369364,0,0,0.8930043309044478,0.2205111055997903,358,-0.790593141797961,1.4473553517832638,0.21807316453493358,running
MPC,25.01000000000111,52.90472452547348,-8.68248685198131,7.927970350753006,-2.013063859409682,0.04787372201327301,0.0007134599850637508,7.930911513489992,0.05148384219415181,0.02878051829758954,0.30579999999957863,1,optimal,137.97164536960105,0,0,0.8930240988099821,0.21489128128668716,735,0.8515755329008341,1.3281316354577548,0.20602954162158948,running
MPC,25.110000000001126,52.55401784756718,-9.393646801425074,7.930589735538434,-2.0077780109050023,0.06792279071544201,-0.01757781051820126,7.934762629824551,0.045808816696704856,0.03425162216783795,0.5193000000005554,2,optimal,138.77151380273716,0,0,0.8889862951515646,0.21498822914978027,707,0.729610750695088,1.4920144543810268,0.22148173646210823,running
MPC,25.21000000000114,52.20656001949464,-10.106735351006105,7.933865044650299,-2.0363046102235973,0.08493144518950997,-0.023825318794111924,7.939082880057385,0.04533509450725015,0.005818239242938006,0.7642999999983857,3,optimal,139.5713822360594,0,0,0.8600833184771509,0.2187720998643173,725,0.8080166821130677,1.4131728036534201,0.2144087504700342,running
MPC,25.310000000001157,51.85138473858465,-10.816394841275299,7.937586530716253,-2.0673465249896523,0.09650117867928334,-0.010491523058054545,7.943515162518228,0.04408878716300735,0.025225045118671297,0.4958999999997715,2,optimal,140.37125066940112,0,0,0.8512077156815311,0.22518827749269402,721,0.7905931417979613,1.4748196460638219,0.21807316453493353,running
MPC,25.410000000001173,51.48429160784018,-11.520410549367686,7.941674134721798,-2.0725676108225644,0.10599491641740383,0.0069079158766621705,7.948186022357993,0.03467027604046014,0.030539906573926245,0.520299999999807,2,optimal,141.17111910268318,0,0,0.884447625528392,0.22450406816555488,364,-0.7644578313253012,1.5101282963473406,0.2239412608755995,running
MPC,25.510000000001188,51.11367557080768,-12.223061975453055,7.946037172860417,-2.0440001633985716,0.1131371488533192,0.012392708858107525,7.95298784960713,0.023378215570178832,0.0021587048934414987,0.550699999999793,2,optimal,141.97098753570754,0,0,0.8741929759263443,0.22541406833621636,719,0.781881371640408,1.490259793917869,0.21997807798827246,running
MPC,25.610000000001204,50.747803772113556,-12.928694919814273,7.950545156049913,-2.0357604896290997,0.1168956926192896,-0.0014342412392782094,7.957726742122346,0.016173481874635083,0.0058024696076892646,0.4524999999997448,2,optimal,142.77085596822565,0,0,0.8956340679434676,0.21692471275004038,739,0.8689990732159409,1.3157641442062704,0.20296376061118723,running
MPC,25.71000000000122,50.38245105094405,-13.635109634580129,7.955136958148934,-2.062276937403496,0.11906918552545472,-0.004801009507598526,7.962452074602459,0.010353929090502995,0.021084584421551256,0.49860000000023774,2,optimal,143.57072440004853,0,0,0.8922558234142159,0.2216606419833972,372,-0.729610750695088,1.5351770442756314,0.22148173646210823,running
MPC,25.810000000001235,50.011247110228275,-14.338988277904503,7.95976481937465,-2.069699719306807,0.12000422818492273,0.012549094479266268,7.967137380967427,0.012649528621833899,0.02897035017102567,0.43959999999909627,2,optimal,144.37059283115113,0,0,0.8599999994323034,0.212026054779289,367,-0.7513901760889712,1.458472587983457,0.22593517874601313,running
MPC,25.91000000000125,49.63901957934072,-15.042850106601758,7.9643930820222835,-2.0429387561112113,0.1200146373837164,0.020607886610282226,7.971766283113022,0.02455124830567861,0.0027647134570316645,0.6205000000001348,2,optimal,145.17046126179304,0,0,0.828003875673625,0.21503976822080095,373,-0.7252548656163114,1.5015161436045987,0.22062447658991918,running
MPC,26.010000000001266,49.27482181218423,-15.751402232353522,7.968884095693382,-2.0126400555059725,0.11645565912247402,0.008647009013419119,7.976038647934531,0.029008536677004614,0.026886266845160378,0.48989999999982103,2,optimal,145.97032969262193,0,0,0.8890554083198864,0.22812729458617217,708,0.7339666357738648,1.5714371551206536,0.22234991952811328,running
MPC,26.110000000001282,48.92236181875022,-16.466361305684803,7.9731973626670865,-2.007637890435981,0.11184654182337887,-0.007878884229778333,7.98006874987572,0.02106369620260724,0.031148557141166044,0.49630000000000507,2,optimal,146.77019812437655,0,0,0.8740477126733999,0.21921750210533322,718,0.7775254865616312,1.465893978923801,0.22094939445953415,running
MPC,26.210000000001298,48.57310590027369,-17.183361603604855,7.977275891366062,-2.0363259419320707,0.10575958629248561,-0.012653230847753695,7.983773321296335,0.01115678816997419,0.0016282803009035618,0.4644000000002535,2,optimal,147.57006655428515,0,0,0.89389372063055,0.22657574064621733,359,-0.7862372567191844,1.495358888156483,0.21901940157552577,running
MPC,26.310000000001313,48.218629489714125,-17.89823112258082,7.981043794348344,-2.0446476313977815,0.09770480729882688,0.0019602142244115814,7.9870463720959455,0.009127852341132722,0.0076534097707958715,0.7531000000007282,2,optimal,148.3699349794161,0,0,0.8920122849015185,0.2242340042475585,342,-0.8602873030583875,1.3711527029862849,0.20447740104668094,running
MPC,26.41000000000133,47.86321182833683,-18.613033203657505,7.984463260626399,-2.018074391246736,0.08866955846085832,0.006591276357288045,7.98991075019443,0.009712111068274238,0.017688869818752284,0.6617000000002093,2,optimal,149.1698033953893,0,0,0.8904778751522746,0.21893903888298324,739,0.8689990732159409,1.3310454355215682,0.20296376061118723,running
MPC,26.510000000001344,47.51335766078866,-19.330933180587706,7.987524562181811,-2.0105541358059,0.07938205414570479,-0.00889217234826093,7.99240146604097,0.013407536429193626,0.02367274769661787,0.5164000000013047,2,optimal,149.9696717995417,0,0,0.8910464584829727,0.2199413058824898,708,0.7339666357738648,1.5263049761999767,0.22234991952811328,running
MPC,26.61000000000136,47.16423155367227,-20.049505036328068,7.99019910140875,-2.0373566463194717,0.06935299051228337,-0.014594274934983493,7.9944598612330395,0.019914174592285016,0.004971327772477441,0.5138000000011189,2,optimal,150.76954019168429,0,0,0.8901277512270843,0.22467064515750437,706,0.7252548656163116,1.5635499749190989,0.2206244765899192,running
MPC,26.710000000001376,46.80924110281684,-20.765471601619762,7.9924680472155325,-2.044931421223393,0.05883562126351837,0.0003027991769829964,7.996082663535102,0.02050248487284703,0.014692773996876074,0.505099999999814,2,optimal,151.56940857513678,0,0,0.8655487732466949,0.21559163628471154,348,-0.8341519925857275,1.3665204905371182,0.20925385860619156,running
MPC,26.81000000000139,46.45326420100526,-21.481180696026517,7.994382507662994,-2.0181104627427366,0.04964352584984456,0.006302917401916148,7.997432399800517,0.0188451670168833,0.009676325636829297,0.48970000000014835,2,optimal,152.36927695792247,0,0,0.8789569181582446,0.2202280504411502,723,0.7993049119555145,1.4434138177650067,0.21621722807816315,running
MPC,26.910000000001407,46.102947316881036,-22.199867365628155,7.9959253716794825,-2.010499326295995,0.04000772634754609,-0.0073186774923453025,7.998383280297749,0.020294256903450995,0.014530896165150686,0.5098000000005598,2,optimal,153.16914535398925,0,0,0.8551116312249727,0.21253773575050283,738,0.8646431881371641,1.3062867712114734,0.2037158366078793,running
MPC,27.010000000001423,45.753470559593104,-22.919114293849976,7.997124762112623,-2.0373185578525934,0.031101175294888705,-0.011065098620484982,7.999035489208971,0.020677201740863817,0.01539420414050019,0.49619999999972464,2,optimal,153.96901377569083,0,0,0.8769801666852698,0.22606706680102825,710,0.742678405931418,1.5557174748892786,0.2241197071405647,running
MPC,27.11000000000144,45.398210353361975,-23.635638861759734,7.998045394149514,-2.044948899257811,0.02387274199484958,0.005467742176195213,7.999512036312108,0.015398141180338304,0.0263896404111974,0.5332999999998478,2,optimal,154.76888216051344,0,0,0.8921010415575645,0.21151693174585848,362,-0.7731696014828544,1.4325606473507653,0.22193355627601147,running
MPC,27.210000000001454,45.042013246445784,-24.35178845090404,7.998751186227486,-2.0181288334622884,0.018301766074043706,0.010889164970948415,7.9998755707569185,0.014684490215571177,0.00021687380058166283,0.5051999999992063,2,optimal,155.56875055176704,0,0,0.8839218580701792,0.22075729259684998,709,0.7383225208526416,1.5290843730598906,0.2232291878884924,running
MPC,27.31000000000147,44.69152209912371,-25.070812422217784,7.999232780661563,-2.010484579819372,0.012488137725134095,-0.009801172163594411,8.0,0.014969401685288458,0.02101605897492753,0.6121999999999517,2,optimal,156.36861726808337,0,0,0.858716799439364,0.21659423798635447,718,0.7775254865616312,1.4556065333170172,0.22094939445953415,running
MPC,27.410000000001485,44.34192148860836,-25.790312644784926,7.999528652288894,-2.037304647256505,0.007672193384363763,-0.02807023131866415,7.999999999999999,0.017577056508572386,0.021985413246716767,0.5557999999998842,2,optimal,157.16847687541326,0,0,0.8650952541378022,0.2135516621079241,743,0.8864226135310473,1.2799823202801783,0.20004771979496722,running
MPC,27.5100000000015,43.983998948225214,-26.505725676933753,7.999710423533879,-2.0678606322602207,0.004713477111064114,-0.02799269540053266,8.0,0.042615062580205275,0.012974640716378438,0.49240000000061457,2,optimal,157.96833839022477,0,0,0.8583995758709868,0.21242552230964495,745,0.8951343836886005,1.2614117783608836,0.19864329610943066,running
MPC,27.610000000001516,43.6115209705255,-27.213677070915598,7.999822096240726,-2.09600223063937,0.002895764661212347,-0.021282634191610715,8.0,0.06549733832346122,0.009801565448804173,0.5411999999997974,2,optimal,158.76820601563955,0,0,0.8523956863447032,0.20131669776380562,715,0.7644578313253012,1.3863142363294478,0.2239412608755995,running
MPC,27.710000000001532,43.22209691586372,-27.912456879616098,7.999890703315818,-2.122247350739759,0.0017790375927283085,-0.011537508160476507,7.999999999999998,0.0707199425367259,0.035887914599346704,0.5713999999992225,2,optimal,159.56807444350812,0,0,0.8476051019569387,0.20818200721049834,744,0.8907784986098242,1.246568092942307,0.19934114321212792,running
MPC,27.810000000001548,42.81771925092882,-28.602711742702496,7.999914645174171,-2.1247730739689503,0.0006208319767479558,0.00010610007322842756,7.999952786513493,0.060597602313814704,0.034766333526138116,0.2813000000001509,1,optimal,160.36794283513746,0,0,0.8285657252539342,0.21611301317314927,744,0.8907784986098242,1.28647309830661,0.19934114321212792,running
MPC,27.910000000001563,42.406662499253144,-29.2890179518274,7.999924767497406,-2.1178981919092674,0.0002624801237551925,-0.00012519824519180943,7.9999408931865466,0.04742987704223669,0.02059298166460266,0.31499999999962114,1,optimal,161.16781111567713,0,0,0.8241588434113067,0.21034127642008313,733,0.8428637627432809,1.3271762298251863,0.20762130414308752,running
MPC,28.01000000000158,41.98962175441163,-29.971702909114562,7.999932779647782,-2.1411992632517807,0.00020776161494915924,-0.007058247140975604,7.999945543658901,0.035113238791133594,0.032932702706875094,0.27389999999982706,1,optimal,161.9676787288128,0,0,0.8693570799052405,0.2184825790014735,729,0.8254402224281745,1.396374973562071,0.21092842571338707,running
MPC,28.110000000001595,41.56462542508843,-30.649468243826565,7.9999587026061905,-2.1466803546161977,0.000858357007215463,0.00284900188494232,8.0,0.024576068662085285,0.02523023296632676,0.5043999999996274,2,optimal,162.767545613006,0,0,0.8511909724500767,0.21461150393942383,735,0.8515755329008341,1.3371062077583373,0.20602954162158948,running
MPC,28.21000000000161,41.1381400867533,-31.326301688993723,7.999974628595668,-2.119018508332992,0.0016255704892746302,0.003165511889846712,8.0,0.021355252848598832,0.01358182453092871,0.7996000000005665,2,optimal,163.56741279582985,0,0,0.8727539670884985,0.21727874250261317,704,0.7165430954587584,1.5297009130863652,0.21894209497805303,running
MPC,28.310000000001626,40.717109012389436,-32.00633323055611,7.997298402508047,-2.111087629223192,-0.03045584870744252,-0.016007267885894075,7.996929043724924,0.028405340107173913,0.029891663437362048,0.4553000000004914,2,optimal,164.3672804718481,0,0,0.8717688088382257,0.2089162169655704,726,0.8123725671918445,1.3630221534738454,0.2135218524542555,running
MPC,28.41000000000164,40.297362529019765,-32.68633778439547,7.9881099900262855,-2.1378805030966737,-0.10456549306520767,-0.02536038063907627,7.986841853201526,0.04288687555974092,0.008700961352813508,0.7046000000006103,3,optimal,165.16714857852728,0,0,0.862760458290594,0.20793483495945966,712,0.7513901760889712,1.4410960296808057,0.22593517874601313,running
MPC,28.510000000001657,39.87065457991457,-33.36003566770457,7.967919736425879,-2.169015798766787,-0.22976807223540927,-0.01406299178405223,7.965133182802744,0.05326051901934793,0.019609250096473296,0.4777999999996396,2,optimal,165.9670169392697,0,0,0.8268760849323014,0.21774856135704032,710,0.742678405931418,1.5054655299939348,0.2241197071405647,running
MPC,28.610000000001673,39.43416682061179,-34.02368875847451,7.930797278644901,-2.1756679274266126,-0.422459060187509,0.002009839100439603,7.925673830407128,0.05358882311857614,0.02621055668027683,0.4420999999998898,2,optimal,166.76688536939506,0,0,0.864314533111202,0.21723592918336646,725,0.8080166821130677,1.4103584087482708,0.2144087504700342,running
MPC,28.71000000000169,38.99691465472584,-34.68042528854524,7.86892489917774,-2.147664371531193,-0.7041168296420153,0.006262957037115347,7.860385595680699,0.053725110145516564,0.0009301998736006567,0.548500000000729,2,optimal,167.5667537791021,0,0,0.8834377905276767,0.21351786246862753,714,0.7601019462465248,1.4522595977948518,0.22496523842325897,running
MPC,28.810000000001704,38.56842991653599,-35.332976010364646,7.774750151181875,-2.137724840025917,-1.0717225612177708,-0.0053071352759796265,7.761752643055963,0.06508513614847056,0.003418165258417094,0.5951000000008477,3,optimal,168.3666221611246,0,0,0.8495773319236855,0.21714800941110676,718,0.7775254865616312,1.4386724767095986,0.22094939445953415,running
MPC,28.91000000000172,38.14837537814961,-35.9744251942688,7.61278958518031,-2.1635809903970555,-1.8431351960623317,-0.02149364875539578,7.590436631575642,0.09195473669742864,0.03069247243479678,0.7479999999997489,3,optimal,169.16649020898467,0,0,0.8829395186968994,0.22613224752268252,360,-0.7818813716404078,1.467522180055895,0.21997807798827249,running
MPC,29.010000000001735,37.732359018434515,-36.59342045611522,7.379302155994419,-2.1997900769975187,-2.6571214783632415,-0.007958633171835525,7.3470774373439856,0.056745549359686884,0.07161430188020823,0.6767000000005297,3,optimal,169.76639116290656,0,0,0.8919656896881303,0.2126674877321698,346,-0.8428637627432809,1.2847819390373791,0.20762130414308752,running
MPC,29.11000000000175,37.32003993952701,-37.180677278416375,7.071702004891499,-2.2180892075829766,-3.5005352155067455,0.011043856177488522,7.029248634443745,0.045664005364434566,0.07866503036727668,0.715200000000138,3,optimal,170.56625668764784,0,0,0.848718843041185,0.21519035962808283,367,-0.7513901760889712,1.386318081080125,0.22593517874601313,running
MPC,29.210000000001767,36.92001644631862,-37.7358497092097,6.726030063191481,-2.199826660458929,-3.933797823553859,0.008882414401477563,6.678322222536113,0.08961925211077906,0.036001233130960486,0.684299999999638,3,optimal,171.16615180279146,0,0,0.868263612145656,0.2346975963601059,348,-0.8341519925857275,1.3242580873970888,0.20925385860619156,running
MPC,29.310000000001782,36.5408959601017,-38.26077540647862,6.347245880533011,-2.192911648433431,-4.310620023165293,-0.016187477665742536,6.294968060874952,0.11638454126151,0.024853716329610975,0.5158000000005103,2,optimal,171.965989846185,0,0,0.8293479673797086,0.26242302175683907,348,-0.8341519925857275,1.3950353225949519,0.20925385860619156,running
MPC,29.410000000001798,36.17992593625113,-38.751750951413726,5.964895573367802,-2.23724711850178,-4.351203047503729,-0.06003730023683639,5.912125575782638,0.09411824723012636,0.036126836030132115,0.4690999999992229,2,optimal,172.56583153872865,0,0,0.8572504947175761,0.2723221222586021,704,0.7165430954587584,1.5223671028931425,0.21894209497805303,running
MPC,29.510000000001813,35.821676079039214,-39.19620143572539,5.5798150666318485,-2.3540937681003737,-4.382273122432136,-0.07225368516343901,5.5266682611245885,0.09906959358996506,0.035813081607274366,0.6447000000004977,3,optimal,172.96572723576043,0,0,0.9056621706067556,0.2883528358552279,715,0.7644578313253012,1.465360614307852,0.2239412608755995,running
MPC,29.61000000000183,35.45264936677213,-39.578690342731214,5.182904164463395,-2.4779424330072097,-4.516904772242284,-0.02080935493651614,5.12812458940762,0.031850703068129864,0.08065470870816727,0.4922000000000537,2,optimal,173.5655877749679,0,0,0.8831574111498806,0.31256075303972397,713,0.755746061167748,1.4952392043588416,0.22600293112750477,running
MPC,29.710000000001845,35.08151028260317,-39.90299158674943,4.800118816241595,-2.5029090198045307,-4.3561538790729974,0.03635091175524532,4.747288776556095,0.07768646858243097,0.015464554209744907,0.7915999999994483,3,optimal,174.16541464253194,0,0,0.8608177877460985,0.32447117179680846,739,0.8689990732159409,1.288656513656444,0.20296376061118723,running
MPC,29.81000000000186,34.724729403281856,-40.191809868531834,4.483477633686549,-2.479056272096902,-3.603423490656127,-0.002538255397158083,4.439776467175982,0.02746407474305411,0.07819480361828957,0.8106999999988318,3,optimal,174.56532867947405,0,0,0.8852852573532941,0.30775657274712404,702,0.7078313253012047,1.3396910169048926,0.21730154451353453,running
MPC,29.910000000001876,34.38172247436315,-40.45397464556007,4.232987039145673,-2.5250903005972214,-2.8506200149757777,-0.08876332118010807,4.198415632188971,0.0652063562398992,0.10923004709923534,0.49519999999958486,2,optimal,174.96525611476855,0,0,0.8089004928124686,0.30379216471970805,730,0.8297961075069509,1.1295021329071586,0.21008581223244965,running
MPC,30.01000000000189,34.03733419080334,-40.68033364242198,4.067173991529283,-2.649022449730803,-1.8869770066447806,-0.1475296569621253,4.044289338481195,0.110886613798619,0.05654444552916971,0.6387999999999394,3,optimal,175.36515760040055,0,0,0.7677480832838766,0.3284177487208314,719,0.781881371640408,1.2064404525312666,0.21997807798827246,running
MPC,30.110000000001907,33.67488737982438,-40.855723205577526,4.011332334475665,-2.8111482424720475,-0.6354863165949286,-0.14900693196863418,4.00362535986979,0.12924322561310117,0.043483632683904094,0.741099999999939,3,optimal,175.7650496030726,0,0,0.7700369370231406,0.3746073032847427,726,0.8123725671918445,1.2614157671706983,0.2135218524542555,running
MPC,30.210000000001923,33.29178542180488,-40.97777635483728,4.033436722959738,-2.933464649496607,0.5731848796136827,-0.08261919405211329,4.068650822437034,0.11360687027488342,0.11245289008503478,0.5510999999991384,2,optimal,176.16494207637038,0,0,0.768139946274269,0.4069481485261712,726,0.8123725671918445,1.3362537148837692,0.2135218524542555,running
MPC,30.31000000000194,32.89446992294302,-41.06271894798921,4.089406642554273,-2.9850832292533296,1.4513458107153623,-0.014774773530241111,4.178571304031275,0.0782023037046699,0.11839305239486908,0.6633000000002554,2,optimal,176.56483994440904,0,0,0.8006633961057411,0.421857636320506,731,0.8341519925857277,1.3523561204754515,0.20925385860619153,running
MPC,30.410000000001954,32.48737005057994,-41.13300732117891,4.166927486658053,-2.9828628156674717,2.010178916607254,0.000999602123999622,4.290424534214998,0.04535166864532497,0.07388653273067591,0.6295999999998969,2,optimal,176.96473991885492,0,0,0.8223105699984123,0.41798514827627664,726,0.8123725671918445,1.3891486461690339,0.2135218524542555,running
MPC,30.51000000000197,32.07130914199536,-41.19994441101233,4.254464789823309,-2.99591921988361,2.269913895724405,-0.03600442606388656,4.393918876230494,0.038179784070827484,0.04345942141754122,0.5166000000009774,2,optimal,177.36463441975525,0,0,0.8334281405437156,0.41458770680432533,723,0.7993049119555145,1.420678832177041,0.21621722807816315,running
MPC,30.610000000001985,31.64448923853668,-41.25257832115327,4.340783727968031,-3.0638671022517956,2.238320693853031,-0.07201541568970127,4.478296859208612,0.05992622550280963,0.06650480758292376,0.6598000000002102,3,optimal,177.76452346175157,0,0,0.8922663147748309,0.4114678620038718,721,0.7905931417979613,1.4494697471781754,0.21807316453493353,running
MPC,30.710000000002,31.20706509167619,-41.277292438987175,4.417575566097197,-3.150902926553154,1.9912751951992713,-0.06542643025762604,4.539911247487958,0.09921774566143454,0.10738454544009457,0.5031000000004227,2,optimal,178.1644083587047,0,0,0.8956358726362144,0.3873666109197131,355,-0.803660797034291,1.3823782890170995,0.21530714918272373,running
MPC,30.810000000002017,30.762505807636202,-41.26936255340413,4.47232868311675,-3.221471538812445,1.419793124335567,-0.03261546795833371,4.559554878530753,0.07779145700697244,0.10541302012365916,0.5182000000010234,2,optimal,178.76419892347852,0,0,0.8280729138770933,0.34673478944335445,359,-0.7862372567191844,1.3012048461186383,0.21901940157552577,running
MPC,30.910000000002032,30.31555535222652,-41.23502691880434,4.492206449031063,-3.260996222503893,0.5154467345158786,-0.004758156073821297,4.523873356568338,0.08865112490988049,0.08972585267299049,0.5148999999997628,2,optimal,179.16406284337597,0,0,0.8173532859460049,0.3470618731165001,356,-0.7993049119555145,1.2984014972244704,0.21621722807816315,running
MPC,31.010000000002048,29.872220903254124,-41.1873966241292,4.441897827664375,-3.261727973597318,-0.5725195521076423,0.01412304032470467,4.434954493820299,0.11733761715736216,0.028469046333210013,0.7836999999994987,3,optimal,179.5639154027917,0,0,0.7482675579244312,0.3694876022784048,341,-0.8646431881371641,1.2807888478321763,0.2037158366078793,running
MPC,31.110000000002064,29.43871296315124,-41.14009921762497,4.319465327654199,-3.242359392510315,-1.3932999586360968,0.0010571080790423293,4.302567831800766,0.130783156723179,0.060358878921229486,0.5999000000000976,2,optimal,179.9637597686856,0,0,0.8192773404101052,0.37925117582405404,677,0.5989341983317886,1.5912634175200635,0.19989419460491284,running
MPC,31.21000000000208,29.019445928680927,-41.09528219096372,4.164143743545876,-3.2561281775010853,-1.7675826001709511,-0.057083573500595286,4.142707067637104,0.09681005886121816,0.1596161624769672,0.587499999999963,2,optimal,180.56357712758154,0,0,0.8223321172358546,0.3464242623077669,714,0.7601019462465248,1.3094812527865338,0.22496523842325897,running
MPC,31.310000000002095,28.616122254720878,-41.0346161121158,4.0369253683508415,-3.3565951540915555,-1.4477639261001605,-0.1538661550312694,4.01936735093586,0.07918202128080304,0.1306719016105915,0.6948999999991656,3,optimal,180.96345562233344,0,0,0.8646060673134573,0.34022150060692574,705,0.7208989805375348,1.2840444072707848,0.2197779812188762,running
MPC,31.41000000000211,28.232753995025302,-40.9288279739344,3.9523465042521266,-3.5329333099103053,-0.9625199831779278,-0.16472561080178028,3.9406733700330485,0.097513881145427,0.021923081858981952,0.7137000000003724,3,optimal,181.3633629307432,0,0,0.8403253685532146,0.3813190225444402,720,0.7862372567191844,1.3065950485641245,0.21901940157552577,running
MPC,31.510000000002126,27.87614687646502,-40.76516073238316,3.9144367842285184,-3.690979986741991,-0.43141822094957516,-0.09163168850174475,3.9092046821571693,0.10727040088130284,0.07234993483716856,0.5793000000000603,2,optimal,181.76327603594635,0,0,0.8197830734275328,0.41773562214942905,727,0.8167284522706209,1.3429612097728845,0.2126462795560751,running
MPC,31.61000000000214,27.540584917652687,-40.56228206442784,3.9287524132264577,-3.7461327177741763,0.37121597323042865,-0.010328894591399034,3.9515583815515614,0.09948243040349339,0.09589949624525484,0.5705000000002514,2,optimal,181.96324314428213,0,0,0.8896740392387021,0.44237627703328286,707,0.729610750695088,1.5123153520309038,0.22148173646210823,running
MPC,31.710000000002157,27.213163870109888,-40.343517113904525,3.9455954765677577,-3.7446121373363175,0.43675441374755214,0.02554832348179653,3.972427854601213,0.08815080881107679,0.03596585118467699,0.44830000000040116,2,optimal,182.36314387465222,0,0,0.8746596842073785,0.44105867173100116,703,0.7121872103799816,1.52974034668129,0.21811666573475305,running
MPC,31.810000000002173,26.88540664934921,-40.12037505271286,3.981671800313692,-3.744166389314593,0.9354885930510536,-0.023951573714741114,4.039144335872863,0.08465677979263729,0.019942264795834497,0.5794000000003408,2,optimal,182.7630372320848,0,0,0.8433089000392687,0.39199054780697745,718,0.7775254865616312,1.3231621614473197,0.22094939445953415,running
MPC,31.91000000000219,26.558084736694237,-39.888391709289905,4.038211821874923,-3.7852495900896357,1.466129021179801,-0.08548164051391255,4.128284702431673,0.08981922041088837,0.03181717196494649,0.5081000000002334,2,optimal,183.16292626530307,0,0,0.811921497658236,0.3846256841150135,708,0.7339666357738648,1.3594896607069553,0.22234991952811328,running
MPC,32.0100000000022,26.240297514278257,-39.633064264709134,4.111299977343639,-3.8812768715371746,1.8952356733917628,-0.11522268275923844,4.227735389214099,0.10104466083672102,0.013179074377612121,0.6929999999991665,3,optimal,183.56281264455376,0,0,0.8564684349335459,0.3899720066167991,713,0.755746061167748,1.372071902049138,0.22600293112750477,running
MPC,32.11000000000218,25.941292587066485,-39.34448202127358,4.195815269806404,-3.9839135055042587,2.1915506855434757,-0.0931627995420787,4.3304550458979865,0.11081146242923369,0.03938161836128229,0.705399999999301,3,optimal,184.1626017662957,0,0,0.8519162941037455,0.4073633324645472,736,0.8559314179796109,1.3031011081970005,0.20524858980469113,running
MPC,32.21000000000216,25.662387288002986,-39.02345926575965,4.3032974248843185,-4.066719168323263,2.7871002250683765,-0.07238707146895561,4.474525292313242,0.08346053020047922,0.06671532094069565,0.5710999999992694,2,optimal,184.56246233957572,0,0,0.8989192496877585,0.3985923715983776,717,0.7731696014828544,1.4188855175304462,0.22193355627601147,running
MPC,32.31000000000214,25.40281306894655,-38.6731209985422,4.410181380453499,-4.132246287770063,2.771588422348938,-0.043891247987441706,4.580456267119212,0.04346087588491993,0.07289358479790042,0.5404000000002185,2,optimal,184.9623113778118,0,0,0.8654890153088759,0.42226066710840165,703,0.7121872103799816,1.5935521242960007,0.21811666573475305,running
MPC,32.41000000000212,25.157771501968462,-38.30054143823911,4.501893117392744,-4.16835342699998,2.3781603790833055,-0.018397466628145676,4.647997418361829,0.010309136817909695,0.04588193841121324,0.6387000000005472,2,optimal,185.36215170784115,0,0,0.8851068035991103,0.3982565536925683,340,-0.8689990732159407,1.3368696888117084,0.20296376061118726,running
MPC,32.5100000000021,24.920717368865283,-37.913407995820045,4.571680802280005,-4.184992538070336,1.8096517707082191,-0.013971272737839166,4.682858294463566,0.05930164425375769,0.00013253950841551898,0.4805999999994981,2,optimal,185.76200269407633,0,0,0.8833736005189387,0.37315072041764025,725,0.8080166821130677,1.3750974518102848,0.2144087504700342,running
MPC,32.61000000000208,24.690516800828565,-37.51480930785302,4.629997219661933,-4.216810231228792,1.5121924182905624,-0.035430840762140876,4.722900044109061,0.08133699653989321,0.03372552033312548,0.5405999999998912,2,optimal,186.3618622451458,0,0,0.8850409059981282,0.374248613320537,728,0.8210843373493977,1.3776678222481664,0.21178185999974475,running
MPC,32.71000000000206,24.47234863967916,-37.10039369281773,4.729507723179007,-4.270039816817574,2.580388777542237,-0.04724041101921552,4.8880360974161565,0.023079848805384516,0.0015508021976113895,0.5391000000001256,2,optimal,186.76178267490712,0,0,0.8818716801976914,0.3687561934303602,715,0.7644578313253012,1.4562272005993053,0.2239412608755995,running
MPC,32.81000000000204,24.267898999233616,-36.666978702116936,4.846041019871836,-4.308749350780076,3.021803732955484,-0.014498647343123507,5.031688096474555,0.06916139421940114,0.03332857136740763,0.5562000000010059,2,optimal,187.1617152244724,0,0,0.8562958173203289,0.3615536023125991,356,-0.7993049119555145,1.408417533470188,0.21621722807816315,running
MPC,32.91000000000202,24.06962970328651,-36.21748194338848,4.969742980079284,-4.307180214646889,3.2076930434233417,0.022442466476691066,5.16681032421417,0.04340964004645719,0.04486512531717324,0.5082999999990179,2,optimal,187.7616151215959,0,0,0.8855641888377601,0.34765276248238175,380,-0.6947636700648749,1.5091419672260749,0.21491658495418048,running
MPC,33.010000000002,23.863950030021506,-35.75588498693845,5.124962270946406,-4.2721756677601235,4.024963215494717,0.04406341780888252,5.372239301628755,0.06326326522463879,0.020326451315041183,0.5253999999998982,2,optimal,188.1615488225144,0,0,0.8897631935831172,0.3419794564274973,371,-0.7339666357738648,1.4843054267585727,0.22234991952811328,running
MPC,33.11000000000198,23.636745067117605,-35.287064150833395,5.2826512664705065,-4.216418989366603,4.089004678008462,0.03270324538645446,5.533862738747252,0.02593532286026105,0.02050053892214887,0.6124999999999048,2,optimal,188.7614496241546,0,0,0.8882572702525241,0.339944413435889,373,-0.7252548656163114,1.5243673932102153,0.22062447658991918,running
MPC,33.21000000000196,23.381894546808077,-34.81339531007137,5.461209799192959,-4.177168987287971,4.630168853405169,0.0052275516394616785,5.7456681518110235,0.08032142061489686,0.045770118048728214,0.5043000000002351,2,optimal,189.36135011975878,0,0,0.8820992905011659,0.3235503318607441,725,0.8080166821130677,1.3953548711531956,0.2144087504700342,running
MPC,33.31000000000194,23.105273209332722,-34.330114165795315,5.659915720030726,-4.180779034723523,5.152607112202892,-0.015177403708313445,5.9764705104132485,0.07749085156030071,0.03356948621252265,0.5366999999996125,2,optimal,189.76128329534984,0,0,0.888429320431002,0.31778870297151796,720,0.7862372567191844,1.4451806820052104,0.21901940157552577,running
MPC,33.41000000000192,22.81869111104989,-33.83045351529387,5.8455030351773205,-4.2036834214200915,4.812430932743661,-0.013271256126727127,6.1411588133050925,0.05454693692657369,0.0011497910258437827,0.5113000000003254,2,optimal,190.36118231159844,0,0,0.8917444356408134,0.3065848463574776,717,0.7731696014828544,1.4638490011177143,0.22193355627601147,running
MPC,33.5100000000019,22.52707063601428,-33.31209263944106,6.034582868047415,-4.2049188085617875,4.902994774956955,0.010831384664401273,6.335802512673016,0.049157347655664395,0.01355389574593957,0.5980999999994907,2,optimal,190.96108250784138,0,0,0.8910317235124818,0.30089742301908123,367,-0.7513901760889712,1.5112324184896708,0.22593517874601313,running
MPC,33.61000000000188,22.224485677162626,-32.778014243556,6.226832868602145,-4.183446765285161,4.985199816909686,0.024169500785781207,6.533102849738383,0.062494823579071296,0.004454600036184253,0.5218000000004608,2,optimal,191.56098056133723,0,0,0.8692074995331884,0.2878006624201923,356,-0.7993049119555145,1.4270931446283546,0.21621722807816315,running
MPC,33.71000000000186,21.905394621438155,-32.231366543903306,6.417317868649201,-4.163025223955692,4.939431909589524,0.024715698512277832,6.720776059561097,0.09587552455373066,0.0002743122511112972,0.4927000000005677,2,optimal,192.1608793427066,0,0,0.860583030376901,0.26762760012698134,350,-0.8254402224281743,1.3411858506192889,0.21092842571338713,running
MPC,33.81000000000184,21.567537031594526,-31.67417002784705,6.600674518933399,-4.1443391519053545,4.754587967690233,0.026976094554518402,6.892776665418224,0.05689543515561934,0.0062490720498216135,0.5097999999987834,2,optimal,192.96074079531087,0,0,0.8865838014761406,0.2593086086900592,367,-0.7513901760889712,1.4419355370278168,0.22593517874601313,running
MPC,33.91000000000182,21.208427198385674,-31.108227610445976,6.789827943117154,-4.110473150908851,4.904903057933963,0.037923909409874,7.091164824726795,0.036386200871072825,0.008318373443488625,0.7814000000001542,3,optimal,193.560635506735,0,0,0.863667949923001,0.24781690613636878,365,-0.7601019462465246,1.4105071860571667,0.22496523842325905,running
MPC,34.0100000000018,20.82145633438034,-30.53946895830874,6.955877461035769,-4.065426912165518,4.305799864433142,0.02579969033265175,7.220407929560468,0.10332682888362098,0.028908774298406215,0.7932000000003825,3,optimal,194.36049989396082,0,0,0.8430708174716182,0.250315530012169,353,-0.8123725671918443,1.3824690407188962,0.21352185245425553,running
MPC,34.11000000000178,20.40803512966326,-29.969821708252,7.109410663967067,-4.047808915228136,3.9812415757303197,0.012246468916877695,7.354001618608801,0.03624029741712316,0.029084093243317177,0.5570999999999771,2,optimal,194.96040020506837,0,0,0.8877298765800006,0.24852734652417377,373,-0.7252548656163114,1.514282500083727,0.22062447658991918,running
MPC,34.21000000000176,19.972800584663613,-29.39908891434413,7.235738859820206,-4.031292639770776,3.2757934825509287,0.010219142504936754,7.43699001222216,0.08206257034798987,0.02345625915372551,0.6927000000009897,2,optimal,195.7602671685644,0,0,0.8229448721720218,0.24976606713266847,346,-0.8428637627432809,1.3890365836606808,0.20762130414308752,running
MPC,34.31000000000174,19.51883858977528,-28.827761154061626,7.349831060927336,-4.012138670181093,2.9585041270685046,0.010571756178992697,7.531589272527056,0.06015363953408904,0.02649099797989507,0.7426000000005928,2,optimal,196.36016725110008,0,0,0.8658743408761498,0.2422880324733653,369,-0.742678405931418,1.5155824291792817,0.2241197071405647,running
MPC,34.41000000000172,19.047515210059856,-28.25761146603775,7.43815088444137,-3.9912476094179508,2.290205288640932,0.007587162663393154,7.578851589791429,0.023922996532537683,0.0269246637648366,0.552299999999839,2,optimal,197.16003232952647,0,0,0.8600957289581379,0.24111069026478898,363,-0.7688137164040778,1.4966192164571401,0.22293077345441883,running
MPC,34.5100000000017,18.55948081602388,-27.690700009073797,7.516654532680357,-3.969605084177932,2.035663831981772,0.004665680660047408,7.641717267639548,0.0617459354923096,0.029017911727570844,0.5239000000001326,2,optimal,197.95989677728159,0,0,0.8877618327121314,0.23697274756540393,732,0.8385078776645041,1.3868856052402687,0.20843240730709414,running
MPC,34.61000000000168,18.054808718782965,-27.128382168263734,7.5893265112669495,-3.947757817128406,1.8844438663146363,0.0002071947992087548,7.70509891931182,0.09656064948725138,0.037355529659680364,0.5915999999999144,2,optimal,198.559794287751,0,0,0.8664141587672705,0.22868649631418533,708,0.7339666357738648,1.4987158635314761,0.22234991952811328,running
MPC,34.71000000000166,17.536278649312425,-26.570531778721264,7.63922274202001,-3.9472421326837477,1.2938500894507443,-0.008980131480766936,7.718711520212024,0.05774970032272878,0.022083382220072334,0.9447000000006867,2,optimal,199.35965992071272,0,0,0.8858343669542577,0.2331794099495931,721,0.7905931417979613,1.462904542564193,0.21807316453493353,running
MPC,34.810000000001644,17.01314864682091,-26.0106681799778,7.682023406928729,-3.97554952511662,1.1098562613830307,-0.004375102354251847,7.750208368158313,0.02412692635828312,0.01917094667384367,0.7749999999999702,2,optimal,200.15952662851973,0,0,0.8748592432878981,0.21997391082210258,368,-0.7470342910101946,1.457965001857982,0.22502164647011183,running
MPC,34.910000000001624,16.49192364572558,-25.443421555324118,7.721879600912189,-3.982087436676133,1.033503721070208,0.01779164965099003,7.78537377903575,0.014703011416173774,0.035805865411817184,0.6495000000006357,2,optimal,200.95939422096248,0,0,0.8649351581223099,0.21487068934622763,346,-0.8428637627432809,1.3058387790169348,0.20762130414308752,running
MPC,35.010000000001604,15.968583486992685,-24.87288299820679,7.759321424947272,-3.955670405082696,0.9708971328263929,0.028791588856596145,7.818969314194828,0.047168800724085566,0.016633659838374726,0.6460999999990946,3,optimal,201.75926238587002,0,0,0.8546639553297938,0.2089182581592864,370,-0.7383225208526414,1.4163804805700697,0.22322918788849236,running
MPC,35.110000000001584,15.436064112459682,-24.305998526628414,7.793634167843458,-3.926939142274145,0.8897574986224259,0.019767362659359064,7.848297174809515,0.07477651583553745,0.007677715227490278,0.6758000000006703,3,optimal,202.55913079154612,0,0,0.8121480156508766,0.22342683687849282,363,-0.7688137164040778,1.4689606761451146,0.22293077345441883,running
MPC,35.210000000001564,14.890168082353728,-23.74751879719964,7.823532859741173,-3.9008713213464254,0.775297544573447,0.005921137046174624,7.871163922300803,0.09160536205724665,0.03227092329983172,0.595700000000754,2,optimal,203.35899921483502,0,0,0.8492083043799885,0.22506959750538022,366,-0.755746061167748,1.5025742298822173,0.22600293112750477,running
MPC,35.310000000001544,14.331776602253345,-23.19774126377597,7.847041241390394,-3.89878090784657,0.6095915711593366,-0.010156399383013735,7.884492016857107,0.099654062346702,0.03572935793795695,0.48340000000024475,2,optimal,204.15886763220743,0,0,0.8689572473594089,0.22701484549782594,354,-0.8080166821130677,1.4415469121720133,0.2144087504700342,running
MPC,35.410000000001524,13.769598782861024,-22.649185905781568,7.861163188398707,-3.927901616578986,0.3661936407651945,-0.016688960189544057,7.883660605466913,0.09990278464756473,0.00949060173188876,0.47339999999884697,2,optimal,204.75876878962603,0,0,0.8975904665039981,0.22246458890089776,356,-0.7993049119555145,1.433320481476973,0.21621722807816315,running
MPC,35.510000000001504,13.214841128037902,-22.09551687580405,7.825983276837455,-3.9596532948472274,-0.40035259689248076,-0.007338174866967682,7.821127928709458,0.08155622501510844,0.016229693301276438,0.5190999999999946,2,optimal,205.5586367541383,0,0,0.8959657084131042,0.21400398521987513,362,-0.7731696014828544,1.4259711621276039,0.22193355627601147,running
MPC,35.610000000001484,12.674109267590998,-21.536662533808517,7.751055372841126,-3.96757272781008,-0.8526906297763773,0.003192889797816179,7.7407142138598175,0.05920825756054332,0.016793017584602943,0.5215000000013958,2,optimal,206.3585045288262,0,0,0.8869301950207659,0.2218854578199413,350,-0.8254402224281743,1.3886618896802527,0.21092842571338713,running
MPC,35.710000000001465,12.14392702845613,-20.981886647510034,7.634378920965698,-3.9406493787498906,-1.3277952795077048,0.0027878762221983768,7.618275844890356,0.026712795703820555,0.0185039157818756,0.6265999999985894,2,optimal,207.15837218402478,0,0,0.9049942321441594,0.2250088710719,713,0.755746061167748,1.4952574129230936,0.22600293112750477,running
MPC,35.810000000001445,11.621949301292293,-20.442005250404453,7.445894218918234,-3.929850261276541,-2.1449837873476336,-0.01669256799193612,7.419880542230935,0.024591025791919286,0.03870247364609103,0.49650000000056593,2,optimal,207.95823983166616,0,0,0.8859801134865801,0.22224542532604152,711,0.7470342910101948,1.469906884791516,0.22502164647011186,running
MPC,35.910000000001425,11.11711214982973,-19.917832623808287,7.191706300235441,-3.9740356338399985,-2.892696110567788,-0.03369643051887558,7.156624607861455,0.09979846201169541,0.00492751889344456,0.6951999999991187,3,optimal,208.75810766756004,0,0,0.85885038141369,0.22678408693783275,718,0.7775254865616312,1.4243402996536731,0.22094939445953415,running
MPC,36.010000000001405,10.647276288039567,-19.4005397719322,6.885022519284653,-4.0550638009080195,-3.490106787638698,-0.011714910363808863,6.842695621471571,0.031701926011917236,0.06861409771937588,0.710999999999018,3,optimal,209.35800885990128,0,0,0.8558475750951491,0.24256985147307308,337,-0.8820667284522707,1.3094864792474805,0.2007631459721537,running
MPC,36.110000000001385,10.220803580957961,-18.890785882232553,6.52490897610756,-4.073959884589307,-4.098145384364732,0.038191067923829806,6.47520798084818,0.06846894779479096,0.08130581772652024,0.7362000000021851,3,optimal,209.95791009648119,0,0,0.8654401583346456,0.23951892851178316,347,-0.8385078776645043,1.3109719049452229,0.2084324073070941,running
MPC,36.210000000001365,9.825284303935073,-18.405598601446513,6.124534580982877,-4.0067558974577295,-4.556319834356089,0.06274211795016567,6.069276992671951,0.09276418056450518,0.009521781011270214,0.713400000003972,3,optimal,210.5578112091367,0,0,0.8906869865916431,0.26425508432907197,372,-0.729610750695088,1.5067890034105516,0.22148173646210823,running
MPC,36.310000000001345,9.44171209511652,-17.964963338826962,5.699064652148385,-3.9062276454356497,-4.841910719757615,0.03630052087486194,5.640343509007115,0.07698243746668598,0.09433179590250118,0.6737999999995026,3,optimal,211.15771246025088,0,0,0.9009905402613765,0.2649138231082812,707,0.729610750695088,1.430928801110041,0.22148173646210823,running
MPC,36.410000000001325,9.059778906693433,-17.582056366373706,5.261575275760805,-3.8225967525635447,-4.97869381066202,-0.02480227334163891,5.201195271082183,0.03935780718190435,0.17976899362315635,0.841699999998724,3,optimal,211.75761372675936,0,0,0.8509863426578923,0.2502060178821528,715,0.7644578313253012,1.2531246652929904,0.2239412608755995,running
MPC,36.510000000001305,8.69113993601934,-17.248908962384295,4.819188457429627,-3.8422758754099555,-5.035580809052687,-0.09438126998238697,4.758017194855537,0.1337740707526638,0.15837830988591106,0.721099999999808,3,optimal,212.35751505163432,0,0,0.7582891165025432,0.2640098576225634,711,0.7470342910101948,1.2442199830593252,0.22502164647011186,running
MPC,36.610000000001286,8.361194169306644,-16.938894947547887,4.379924674894588,-3.968378783326385,-4.998886815065685,-0.0978051615763141,4.319299775923058,0.1494536067894712,0.01690589384399921,0.7889000000016466,3,optimal,212.75744695687598,0,0,0.7394428791291863,0.3337792097409229,754,0.9343373493975906,1.1487778540313471,0.19273682890371127,running
MPC,36.710000000001266,8.089722507572674,-16.632123381542687,3.95416432002679,-4.094081274831703,-4.845215810972432,0.000507565384677491,3.895403093797345,0.13978212602228945,0.15602221337176525,0.8056999999990211,3,optimal,213.15735450323334,0,0,0.7881258063542482,0.36395417893383697,379,-0.6991195551436515,1.4358340658377124,0.2157016455530536,running
MPC,36.810000000001246,7.8610946289501165,-16.342997614151,3.5493862379545504,-4.0561203797597525,-4.6064344431516915,0.18055100875320063,3.4935208757116207,0.09890905922010872,0.2570982025135886,0.6705000000000183,3,optimal,213.55711350649673,0,0,0.8338830413538769,0.33288939940702045,454,-0.3724281742354032,1.4033136819276055,0.17725118319452943,running
MPC,36.910000000001226,7.631849006191345,-16.106980357280392,3.167791180419694,-3.816222681754312,-4.342608195004258,0.32109922320713935,3.1151254184541246,0.08956951340535069,0.1418960643104059,0.7026000000003307,3,optimal,213.75563504132933,0,0,0.8881937986110731,0.3516216394913546,364,-0.7644578313253012,1.124724497474076,0.2239412608755995,running
MPC,37.010000000001206,7.376006448737996,-15.962322180257464,2.8448419670886853,-3.473688137513462,-3.6752098138831686,0.3606553139664147,2.8002701990313774,0.04399820104507752,0.11678304750795565,0.6841000000026298,3,optimal,214.15398835406162,0,0,0.8406904493026761,0.40678782608368413,423,-0.5074606116774791,1.31513452297899,0.18890562980628614,running
MPC,37.110000000001186,7.1105798697023195,-15.917399844213945,2.6325916058168164,-3.16841467107519,-2.415440504408625,0.33731996591480395,2.603297916647823,0.057592148761882775,0.0523651197782935,0.5350999999986783,2,optimal,214.3539554623974,0,0,0.8836688273784004,0.49701473105200167,379,-0.6991195551436515,1.2979352673182356,0.2157016455530536,running
MPC,37.210000000001166,6.860332724581993,-15.945976697081996,2.467242303111772,-2.956078322760816,-1.8816995209629424,0.15775432254367863,2.4444216537205223,0.09235740077099648,0.14799562512323217,0.49009999999860554,2,optimal,214.55336953877972,0,0,0.8907472505028804,0.6001072559328122,368,-0.7470342910101946,1.384159651085372,0.22502164647011183,running
MPC,37.310000000001146,6.625883830103423,-16.002510853870866,2.3837406559405516,-2.889352588870915,-0.9502610952160294,0.020643628656653753,2.3722161935901687,0.07137356372395814,0.051189146937896,0.5745000000008105,2,optimal,214.9530594137303,0,0,0.8903600639401092,0.6533683907641918,377,-0.7078313253012047,1.4420705372452356,0.21730154451353453,running
MPC,37.410000000001126,6.3952355426267795,-16.066653248601657,2.4032664730125766,-2.8579416049111304,0.5063204130642404,0.0796796901950727,2.4343726972469755,0.037848821862773954,0.01570047839376354,0.44849999999918566,2,optimal,215.15302652206609,0,0,0.8561552040145195,0.6606242151970929,365,-0.7601019462465246,1.366295069513302,0.22496523842325905,running
MPC,37.51000000000111,6.166671024935778,-16.14573131213533,2.4326610119397305,-2.7923505382725144,0.7622244455394734,0.11633096880645953,2.479488917566524,0.028024779639690463,0.015245326646958546,0.5047999999998609,2,optimal,215.352813749999,0,0,0.8408214630982271,0.6542409603967616,361,-0.7775254865616312,1.3414625088838568,0.22094939445953415,running
MPC,37.61000000000109,5.94295873213739,-16.245126829490555,2.4629086969776943,-2.70112978369276,0.7843472222527833,0.12860784063418615,2.511095734165009,0.07169591444624124,0.02629257431468135,0.5147000000000901,2,optimal,215.55278085833478,0,0,0.8619647029232894,0.6400684491491507,365,-0.7601019462465246,1.3534759641606322,0.22496523842325905,running
MPC,37.71000000000107,5.726936952410959,-16.36415021841492,2.4700795050571296,-2.6236168772717288,0.18594492078827776,0.07833309405141181,2.481503189056522,0.0972494263968864,0.05780467992891447,0.43750000000031264,2,optimal,215.95246849303518,0,0,0.8881119226191513,0.6542847328129776,369,-0.742678405931418,1.411205550430132,0.2241197071405647,running
MPC,37.81000000000105,5.518029388056053,-16.498581405280177,2.497970720541062,-2.5466859264316732,0.723242038609541,0.12887503444844728,2.5424037089180835,0.047302789487008154,0.06123342854380809,0.4782999999992654,2,optimal,216.15243560137102,0,0,0.8913806153074141,0.6457590987423396,368,-0.7470342910101946,1.395340607951607,0.22502164647011183,running
MPC,37.91000000000103,5.320469400232334,-16.655560265002475,2.5469269589315426,-2.4444789134665252,1.2694753183698204,0.13056140319709295,2.624918252378044,0.037437907028018975,0.010425557110122163,0.5421999999999372,2,optimal,216.35225889556654,0,0,0.861461922139763,0.6850837212599844,370,-0.7383225208526414,1.488918420809195,0.22322918788849236,running
MPC,38.01000000000101,5.13315308471568,-16.833223652276892,2.6120870062411874,-2.3649210264673695,1.689653341901527,0.07571516801257498,2.715892293121695,0.0851977137599628,0.020642303558665365,0.5514000000008679,2,optimal,216.5522260039023,0,0,0.8538365463788425,0.6665676320691032,726,0.8123725671918445,1.3811620504018403,0.2135218524542555,running
MPC,38.11000000000099,4.949125390832589,-17.024295772003217,2.68760397243606,-2.3305131671567496,1.9582167228191074,0.006483677187318852,2.807908678523098,0.06719158971374366,0.013214295073200155,0.5735999999991748,2,optimal,216.952119825917,0,0,0.8545358559347349,0.6216347425473856,709,0.7383225208526416,1.424162831419173,0.2232291878884924,running
MPC,38.21000000000097,4.757913041810201,-17.221573397453344,2.798670334871566,-2.3524895868705156,2.880041654515833,-0.07635120506253158,2.9756081378876433,0.044614758430755075,0.006880023139061109,0.7361999999986324,3,optimal,217.1520866573025,0,0,0.852541254991653,0.6032648281477222,709,0.7383225208526416,1.4223677626392865,0.2232291878884924,running
MPC,38.31000000000095,4.54742567581561,-17.415039687793183,2.911468890066161,-2.425111262337362,2.924958830071335,-0.10316711202349421,3.0911662178786994,0.09867010731481166,0.04290336939919115,0.5813000000003399,2,optimal,217.55195934679185,0,0,0.8539039610834139,0.6062258345016471,699,0.6947636700648747,1.518273398772482,0.21491658495418042,running
MPC,38.41000000000093,4.311354627138298,-17.596523977996064,3.0365574060183955,-2.528214385670458,3.2436475683913573,-0.12922568633239817,3.235833646905297,0.0020936701353897733,0.11249556775967484,0.6555000000005862,3,optimal,217.75192645512763,0,0,0.8998666506789583,0.607373842211718,327,-0.9256255792400372,1.2573637465873535,0.19399319420125347,running
MPC,38.51000000000091,4.049100153800856,-17.760727422814448,3.144665920589145,-2.619825214781739,2.803342239216572,-0.0727120447000895,3.3168916299400526,0.09998092827694322,0.11605985187650036,0.48110000000178843,2,optimal,218.15169820746695,0,0,0.8560034827136032,0.5438395178873613,352,-0.8167284522706209,1.343210400674376,0.2126462795560751,running
MPC,38.61000000000089,3.7682191819639432,-17.912473486759257,3.2338584279979847,-2.673080358528299,2.312834696079403,-0.04464745669378699,3.3759493901970856,0.09010356056670513,0.1257525177626695,0.4443000000016184,2,optimal,218.35148420432174,0,0,0.8465252998298952,0.4927149756612643,339,-0.8733549582947173,1.1973519727843465,0.20222103997141733,running
MPC,38.71000000000087,3.4749331976887445,-18.055952390964972,3.2917232317631733,-2.7025765618228466,1.5004817076898351,-0.020037008638459232,3.383906598766968,0.12068574041321703,0.06586160177217115,0.5345999999999407,2,optimal,218.7512332083927,0,0,0.7542518635152629,0.4880787632950132,329,-0.9169138090824838,1.155364897212472,0.19528096432440423,running
MPC,38.81000000000085,3.172597423815647,-18.191931652230217,3.33587129465802,-2.7477417419136927,1.1447953936294337,-0.09773749835408392,3.4062027711261167,0.16228841374701541,0.022668178086797663,0.588000000000477,2,optimal,219.15098599734563,0,0,0.7485070714974852,0.5137498627709631,341,-0.8646431881371641,1.301104823502135,0.2037158366078793,running
MPC,38.91000000000083,2.8582159106271994,-18.304681708526402,3.345414659687122,-2.848521850235196,0.24746726376335842,-0.10834292889317045,3.3606180210343557,0.15828938426235312,0.07618330331458223,0.5220999999995257,2,optimal,219.3509531056814,0,0,0.7719050779778096,0.4933771667187281,314,-0.9822520852641334,1.1000450163968207,0.18635413421614158,running
MPC,39.01000000000081,2.5388023203579513,-18.388411918762046,3.28103438609032,-2.930930833968004,-0.7326570357703117,-0.03879854305882813,3.272148956110091,0.17130238709273718,0.04833042526308606,0.6398000000018556,3,optimal,219.7506780001957,0,0,0.7610525849905416,0.5349549920505702,682,0.6207136237256718,1.6587714100562847,0.20295929427763665,running
MPC,39.11000000000079,2.225974939852746,-18.45204256800127,3.147381101939436,-2.9653872023964323,-1.5209941417803714,-0.018797655274288054,3.128934971912283,0.1825417547079542,0.08331006710187605,0.6798000000003412,3,optimal,220.1501551435316,0,0,0.7596846708681502,0.5014789459421736,647,0.4682576459684893,1.653271371641642,0.18501584098092955,running
MPC,39.21000000000077,1.9273814873627901,-18.50102426122028,2.964459908474529,-3.0046092489239196,-2.0816702368009685,-0.07326207289922929,2.9392140782593392,0.1460882650265848,0.14416905531860502,0.6072000000010291,3,optimal,220.34929120237854,0,0,0.7432100110594427,0.45969491011800206,654,0.4987488415199257,1.4585861945267844,0.18800209308649293,running
MPC,39.31000000000075,1.6417122538864062,-18.524902372601204,2.8196337609024105,-3.108759687664578,-1.6481429800492904,-0.2107905635974421,2.7996456104696,0.081686819690552,0.24762207860194652,0.5974999999995845,2,optimal,220.74853106261403,0,0,0.7719542247221018,0.4636644781269662,701,0.7034754402224284,1.2646996591168016,0.21649658541768402,running
MPC,39.41000000000073,1.3661047403332744,-18.501234719189764,2.7476542217067106,-3.3101994706479103,-0.8191378022639261,-0.32523113829236094,2.737719980676018,0.05116895569657991,0.1353027839420422,0.736299999999801,3,optimal,220.94849817094982,0,0,0.871294443904366,0.4921956456857104,701,0.7034754402224284,1.2748397067595691,0.21649658541768402,running
MPC,39.51000000000071,1.1090770602770483,-18.416379986699603,2.6932168913359784,-3.538252353082584,-0.6195048712351351,-0.24697489089851918,2.685703734583197,0.08601245686880969,0.06142489144592167,0.6288000000012062,3,optimal,221.34805522048265,0,0,0.8900961221115872,0.560936010994321,722,0.7949490268767376,1.2965148894331955,0.21713917065507293,running
MPC,39.61000000000069,0.872955278130562,-18.285788540961924,2.707622834037824,-3.7023680470870968,0.37355788146906826,-0.16596844413285053,2.730572679482885,0.02140964491148649,0.03497281881878056,0.4767999999977235,2,optimal,221.54781810483328,0,0,0.8589039994160412,0.6182281289877156,709,0.7383225208526416,1.4546774917273662,0.2232291878884924,running
MPC,39.71000000000067,0.6530969508488522,-18.12461935839461,2.743226167651594,-3.804732196345514,0.923223571914689,-0.061342770328688775,2.799945191229293,0.07239195947763233,0.07655087298307484,0.5895999999996349,2,optimal,221.74778521316907,0,0,0.8506655926043066,0.6561015169608986,713,0.755746061167748,1.5188508339137217,0.22600293112750477,running
MPC,39.81000000000065,0.43764572542607805,-17.951917691673152,2.7766426231172483,-3.8229737398599313,0.866516032189686,0.022044110456641564,2.8298777708705627,0.07692365308052657,0.006378094307002868,0.681900000000013,3,optimal,222.1476428625916,0,0,0.8540142601389642,0.6315222791802422,703,0.7121872103799816,1.5294361504771952,0.21811666573475305,running
MPC,39.91000000000063,0.21950238621324655,-17.773521723232943,2.8534352562553362,-3.8367429719460664,1.991295810431086,-0.03310184716789906,2.975772204160357,0.04581183189533071,0.03612762885090781,0.4782999999992654,2,optimal,222.34760997092738,0,0,0.8568623403805191,0.6211566806944939,676,0.5945783132530122,1.6280437003851176,0.19930351586123127,running
MPC,40.01000000000061,0.0010748887387615653,-17.582376992717755,2.9446245858574414,-3.8742182777412824,2.3646139293878345,-0.05745931886697122,3.0898966491941198,0.0883950304702974,0.055621453211622374,0.49009999999860554,2,optimal,222.74752231946619,0,0,0.8624056038475745,0.575651512864887,725,0.8080166821130677,1.3493253962899228,0.2144087504700342,running
MPC,40.11000000000059,-0.21696753793568302,-17.374160958557148,3.075506546330912,-3.927079179346518,3.3938763251310395,-0.06960099424274034,3.2840122183705454,0.02713047640123791,0.018525136971181855,0.6994999999978546,2,optimal,222.94747889483702,0,0,0.9027701665177543,0.5893303402766876,721,0.7905931417979613,1.4387643945392465,0.21807316453493353,running
MPC,40.21000000000057,-0.43286530674161244,-17.145082996618605,3.209883909087535,-3.9782330547797984,3.484514966336329,-0.03439994626374563,3.4239580429645446,0.06924367511700326,0.008733343292507634,0.5836999999999648,2,optimal,223.34740902350615,0,0,0.8859037598904866,0.5502803088813059,365,-0.7601019462465246,1.451552088457048,0.22496523842325905,running
MPC,40.31000000000055,-0.6501325081253739,-16.897180065206094,3.3701927293287905,-4.00659507895498,4.156938876513601,-0.004592263401941587,3.625577796738895,0.06794474276496816,0.0280734327934411,0.8067999999994413,2,optimal,223.54737613184193,0,0,0.8544566737479333,0.5302427269261075,332,-0.903846153846154,1.2501287821862945,0.19727332187940388,running
MPC,40.41000000000053,-0.8745336939995277,-16.63476836269741,3.523097984562256,-4.005265786133501,3.9649583781270326,0.0213120982478672,3.766688567141494,0.03162293130654789,0.008961863441345752,0.52539999999901,2,optimal,223.9473053793169,0,0,0.909573496348587,0.5029909173986247,350,-0.8254402224281743,1.3606538631183671,0.21092842571338713,running
MPC,40.51000000000051,-1.1114383195044182,-16.361856463790232,3.6913252861382526,-3.990685397892407,4.3622715765721205,0.0032773080834928377,3.959325142219468,0.040022767610068455,0.024457797840276463,0.5588999999996958,2,optimal,224.34723315462668,0,0,0.866070264501704,0.48958193260274757,712,0.7513901760889712,1.4863494749952015,0.22593517874601313,running
MPC,40.61000000000049,-1.3604761632467381,-16.07607208309544,3.8754114627374667,-4.00457219183639,4.773505181950607,-0.0346933535765975,4.168675804333313,0.05247386183700329,0.030461558114255993,0.5911999999987927,2,optimal,224.74715938674666,0,0,0.8899478452982477,0.45857033056320134,711,0.7470342910101948,1.4669914745377748,0.22502164647011186,running
MPC,40.71000000000047,-1.6133331857584352,-15.76867040490689,4.07014116044307,-4.050044486582715,5.049500392966163,-0.05172569780513812,4.380361502034083,0.05217356389657689,0.005918963401374988,0.5758000000000152,2,optimal,225.14708408965183,0,0,0.8882695274320559,0.4410348589022628,733,0.8428637627432809,1.3447936325295309,0.20762130414308752,running
MPC,40.81000000000045,-1.8656626611587153,-15.435763037451116,4.269127441644367,-4.096592281074104,5.159877085825295,-0.039356036829004314,4.5861288690255995,0.03459779340731122,0.018679225999923332,0.5210000000008819,2,optimal,225.5470073779278,0,0,0.8665703259694657,0.4408431296003188,714,0.7601019462465248,1.5254079493418016,0.22496523842325897,running
MPC,40.91000000000043,-2.116027820817157,-15.076937733193226,4.466182937581164,-4.130157157058873,5.1098102441123965,-0.022924724694713784,4.780108466055607,0.01707506209142499,0.029302526868917766,0.4923000000012223,2,optimal,225.94692947656017,0,0,0.8688331475705434,0.40417952288205844,352,-0.8167284522706209,1.393935843323555,0.2126462795560751,running
MPC,41.01000000000041,-2.3680187532088515,-14.695881961024794,4.6556118911895785,-4.145388091034315,4.912047761358675,-0.015540825522113184,4.957387713717031,0.06611803281523296,0.02063710198281221,0.5749000000001558,2,optimal,226.3468507182113,0,0,0.8677939481778256,0.38435995303704457,332,-0.903846153846154,1.259162873465829,0.19727332187940388,running
MPC,41.11000000000039,-2.62289347348023,-14.294966318453943,4.831849169621876,-4.1611739775535295,4.569976830367993,-0.024518809977756257,5.1126095742263775,0.06631883075365906,0.0005034780930825988,0.5805000000016491,2,optimal,226.94672556113446,0,0,0.8752128603112392,0.3817716130093069,334,-0.8951343836886005,1.3102418547912937,0.19864329610943066,running
MPC,41.21000000000037,-2.879013830999313,-13.873783328718336,5.0128498754049895,-4.19211422274903,4.693496399099513,-0.05055317510360066,5.301198809531827,0.037545294275480146,0.005340290406071091,0.6438000000006383,3,optimal,227.34664803926495,0,0,0.8859210528824784,0.36867411856990173,338,-0.8777108433734939,1.3396343885642947,0.20148754432673713,running
MPC,41.31000000000035,-3.1282598488260636,-13.428892815924735,5.174033930734631,-4.245382531797047,4.179634438489088,-0.04662680127763982,5.4308133192538985,0.060602720766552584,0.020753917558644197,0.6423000000008727,3,optimal,227.94653929232615,0,0,0.8878403466472633,0.35594021928246583,354,-0.8080166821130677,1.4472241616237906,0.2144087504700342,running
MPC,41.41000000000033,-3.3633863632949654,-12.959814584188159,5.310279439041788,-4.300252538137663,3.5329575090131056,-0.0345981704339279,5.527329681635942,0.07223649718633571,0.050603832516290304,0.5537000000011005,2,optimal,228.3464653455366,0,0,0.8587608700323376,0.3274120083816098,339,-0.8733549582947173,1.290233391759794,0.20222103997141733,running
MPC,41.51000000000031,-3.5805589718709285,-12.469882805589902,5.40133522797539,-4.3415931687452165,2.3611511105880756,-0.00793083678794766,5.546394550100596,0.03714107944331334,0.05461296576797814,0.533300000000736,2,optimal,228.94635719291028,0,0,0.8917649280964705,0.30964577141571237,363,-0.7688137164040778,1.4047523479757142,0.22293077345441883,running
MPC,41.61000000000029,-3.7860088228656483,-11.966788541484528,5.46242696946745,-4.340721456664565,1.5841588432880807,0.0029398354341986527,5.559751112304198,0.06989387710002484,0.015431741600212767,0.6275000000002251,2,optimal,229.54625536934543,0,0,0.8246546539143395,0.31829638250483666,350,-0.8254402224281743,1.3769647902787234,0.21092842571338713,running
MPC,41.71000000000027,-3.9892628520228994,-11.457306821370013,5.504782945977794,-4.337460596420488,1.0983251273608514,-0.023897913780940954,5.572259482203536,0.10898379943338092,0.026624535499504276,0.5275000000004582,2,optimal,230.146151137258,0,0,0.854735160302795,0.3185168772866236,714,0.7601019462465248,1.4859672204748342,0.22496523842325897,running
MPC,41.81000000000025,-4.185998478538334,-10.941218330541387,5.53930343049146,-4.385687680154657,0.895144408741725,-0.0709700611678082,5.5942973868519665,0.06091579181637202,0.003876211585050804,0.6575000000008657,3,optimal,230.54607716069785,0,0,0.891291894767896,0.31389607309292344,710,0.742678405931418,1.497016255864597,0.2241197071405647,running
MPC,41.91000000000023,-4.35778948251204,-10.414381109850188,5.54460800416382,-4.471763244715221,0.13755193562509352,-0.06369473228446923,5.553058624053969,0.024580343196243033,0.04766891895497771,0.6705999999994106,3,optimal,231.14595993069884,0,0,0.8898505440157185,0.30846693523848817,367,-0.7513901760889712,1.474545700283009,0.22593517874601313,running
MPC,42.01000000000021,-4.494129228031347,-9.882972317795167,5.458039431087349,-4.544714342923966,-0.9851631656349777,-0.03523428114673452,5.446091687600322,0.05444133007086063,0.0900218236566186,0.762100000001098,3,optimal,231.74585278617397,0,0,0.8905456797757162,0.2791368333825698,353,-0.8123725671918443,1.2779989491539538,0.21352185245425553,running
MPC,42.11000000000019,-4.591825446177797,-9.357908774999265,5.282216779952565,-4.605525827544483,-2.0008877751660687,-0.005444382941088685,5.2579506535707425,0.1151460827695279,0.1321445680237261,0.7745000000003444,3,optimal,232.14577974407277,0,0,0.8349521334850403,0.27568158456759245,360,-0.7818813716404078,1.2876833617230892,0.21997807798827249,running
MPC,42.21000000000017,-4.662405339746993,-8.85127977064555,5.03019835575312,-4.602457090125632,-2.8680069424657084,0.03274546998319774,4.995416085705994,0.10912546502037608,0.08444481530120918,0.6869000000016001,3,optimal,232.74563440696318,0,0,0.8085019600543255,0.3064589732753386,336,-0.8864226135310473,1.2234225412185542,0.20004771979496722,running
MPC,42.31000000000015,-4.728616016760025,-8.372610238492118,4.731379425815456,-4.554463632423366,-3.400603619849471,0.004142438369706493,4.690137993768173,0.1546547972916287,0.01687079555647042,0.8558999999994654,3,optimal,233.14548921082795,0,0,0.8063096554288222,0.35137775227390017,681,0.6163577386468955,1.6445920561137426,0.2023310757067991,running
MPC,42.41000000000013,-4.793595910171583,-7.9256002846264675,4.407902585266059,-4.575253464880598,-3.6812142896677407,-0.06449205392843513,4.363257996848682,0.10190780775115978,0.11624462092264842,0.4887999999994008,2,optimal,233.745253183277,0,0,0.8194782083746637,0.3389665798814732,714,0.7601019462465248,1.3873297306113712,0.22496523842325897,running
MPC,42.51000000000011,-4.832412612474278,-7.508500724374766,4.079984654867122,-4.707118583625299,-3.731754549020021,-0.1396966747834451,4.034727130364057,0.04944022022965791,0.09224371257733299,0.6894000000006173,3,optimal,234.1449833943711,0,0,0.8992226070656852,0.33783188980142786,713,0.755746061167748,1.3097323330451554,0.22600293112750477,running
MPC,42.61000000000009,-4.819300979383898,-7.122672397257394,3.7538359259903933,-4.876087076393207,-3.711620774021506,-0.12552773145394278,3.7088225774649715,0.030149959326152668,0.06343994249520613,0.8704999999995522,3,optimal,234.54460898437785,0,0,0.8930813317244857,0.3529276665669295,702,0.7078313253012047,1.311329688755817,0.21730154451353453,running
MPC,42.71000000000007,-4.753343512711449,-6.7740101705854725,3.4492130685203506,-5.018052249876659,-3.4666531736045525,-0.10948823019289829,3.4071706086299383,0.08349651681560333,0.08155607768533635,0.793399999999167,3,optimal,234.9441126481609,0,0,0.8519708170908198,0.37902507597166557,686,0.6381371640407787,1.3483520845132317,0.2055510376980303,running
MPC,42.81000000000005,-4.641893227198438,-6.462145686926639,3.24708802340924,-5.155732951845748,-2.300212908902619,-0.1574115272992217,3.2191917776300887,0.07641033529012839,0.018844347969855235,0.4472999999993732,2,optimal,235.14379431935555,0,0,0.8420095114001939,0.4405471976878794,716,0.768813716404078,1.31507966926464,0.22293077345441878,running
MPC,42.91000000000003,-4.49057781308521,-6.183259772593259,3.1394361400969952,-5.292428900266339,-1.2250943544694477,-0.13141611181308524,3.1245785879622954,0.07558915374678635,0.025509257098514482,0.5097000000002794,2,optimal,235.5436711631619,0,0,0.8507474227884975,0.5070927940528942,716,0.768813716404078,1.4063834222422886,0.22293077345441878,running
MPC,43.01000000000001,-4.307230578906765,-5.927030487568638,3.1619612381581033,-5.380497322378864,0.5840942231786508,-0.052344639540056456,3.1978455624148605,0.08699548911955235,0.09581432745345353,0.599899999997433,2,optimal,235.74363827149767,0,0,0.855146975889699,0.5588022204995735,363,-0.7688137164040778,1.4838264676819355,0.22293077345441883,running
MPC,43.10999999999999,-4.108306326283379,-5.678095777931911,3.2075646835666065,-5.400185718484762,1.1825346530295726,0.03189120485167657,3.2802147034610605,0.02095550672182216,0.09253773316249436,0.4858999999992619,2,optimal,236.14356886686932,0,0,0.8518027381339898,0.5221244508401275,367,-0.7513901760889712,1.4323420146524437,0.22593517874601313,running
MPC,43.20999999999997,-3.906630918511626,-5.422538371296143,3.296695244554901,-5.364088360769195,2.311228374708972,0.0646990905422419,3.4386875210375036,0.08446111261114522,0.04301743998017127,0.4996000000012657,2,optimal,236.54350242554275,0,0,0.870880032125898,0.5215101009034544,366,-0.755746061167748,1.4433835210822767,0.22600293112750477,running
MPC,43.30999999999995,-3.7103731298207236,-5.148999686866251,3.426632170164827,-5.309930590445831,3.3693707978742298,0.03774421301482925,3.633632324342324,0.05264268598359954,0.016732103488183547,0.6697999999989435,2,optimal,236.7434695338786,0,0,0.8765329455114793,0.529110601271068,717,0.7731696014828544,1.4703418452480788,0.22193355627601147,running
MPC,43.40999999999993,-3.5163584731606345,-4.8581397609899275,3.5557098158231497,-5.289807955392183,3.347088965650336,-0.013769750162498642,3.7613410667298606,0.004725571691823286,0.0434905003923971,0.5047999999980846,2,optimal,237.14340328597643,0,0,0.8528875257863436,0.4895856947746003,708,0.7339666357738648,1.4680293816056122,0.22234991952811328,running
MPC,43.50999999999991,-3.3134081514327605,-4.556444130187714,3.7046397002569824,-5.3169373743850885,3.8618737605702456,-0.04371265809713631,3.9418971918801744,0.0378809182836243,0.01888971212991475,0.5051999999992063,2,optimal,237.54333740165643,0,0,0.8710437187031428,0.4700673804558995,708,0.7339666357738648,1.4634206188344168,0.22234991952811328,running
MPC,43.60999999999989,-3.0930765067772734,-4.247349787093031,3.8737110465028204,-5.34882058654869,4.3841583454741535,-0.027299146117087437,4.143055534804398,0.05758969694219997,0.012192437678875123,0.5134000000008854,2,optimal,237.94327160706473,0,0,0.8638035359266677,0.4721032679705288,727,0.8167284522706209,1.41000952805275,0.2126462795560751,running
MPC,43.70999999999987,-2.857963584094313,-3.9270536158571088,4.0580482632803685,-5.347798506514378,4.780014859180552,0.000572582469884707,4.351712532420875,0.05922688089136914,0.010509179705618266,0.6186000000010239,2,optimal,238.3432058148589,0,0,0.887550517305597,0.4515682766588137,727,0.8167284522706209,1.4101960926381765,0.2126462795560751,running
MPC,43.80999999999985,-2.6135221310946903,-3.590106206693953,4.251972365983244,-5.331566566370729,5.028610655392616,0.002614939088392637,4.56090932881963,0.04317071949238961,0.006282558688443629,0.5502000000010554,2,optimal,238.74314002438345,0,0,0.8859071574636334,0.43057252459641204,727,0.8167284522706209,1.4088536172398494,0.2126462795560751,running
MPC,43.90999999999983,-2.360136325699309,-3.235415019043316,4.450192358357476,-5.33217893956568,5.140006589547701,-0.01037948579780222,4.765973024938014,0.01571573866363009,0.006128705432862702,0.4907000000020645,2,optimal,239.14307423582244,0,0,0.8643841341804857,0.40389632187336616,703,0.7121872103799816,1.518042439558132,0.21811666573475305,running
MPC,44.00999999999981,-2.0928429849704875,-2.866334033694125,4.648096501909073,-5.349149431953325,5.131816371143452,-0.011616642742385087,4.963373995471821,0.052410557740975465,0.010483893319507942,0.49500000000080036,2,optimal,239.54300844906388,0,0,0.8694937313550192,0.3993765102757447,357,-0.7949490268767376,1.4618215624944348,0.21713917065507293,running
MPC,44.10999999999979,-1.8109914123735888,-2.4836585012610843,4.8417837678522,-5.348751902493433,5.022469284428116,0.0015448285578700469,5.150343430351885,0.07501265287761116,0.009738510824292668,0.552599999998904,2,optimal,240.1429097713535,0,0,0.8545144231272189,0.3797226716655493,371,-0.7339666357738648,1.532894384703586,0.22234991952811328,running
MPC,44.20999999999977,-1.5191792995524038,-2.082832457700391,5.056994999224874,-5.330747335580046,5.5806033193249975,0.0038244665461602966,5.3998440997846995,0.02346167615292745,0.00837515728489624,0.5693000000004389,2,optimal,240.54284398785074,0,0,0.8701487401472349,0.3561497170745015,715,0.7644578313253012,1.4685402204450142,0.2239412608755995,running
MPC,44.309999999999754,-1.2183805969292494,-1.662365155332949,5.265960280438106,-5.3309215491530875,5.418640721138142,-0.009256177308285322,5.598859071338688,0.06253717531175153,0.008187118090583034,0.6357000000001278,2,optimal,241.14274531285673,0,0,0.8846698710604817,0.35273700556516735,728,0.8210843373493977,1.4273058126348004,0.21178185999974475,running
MPC,44.409999999999734,-0.9029710940239706,-1.2258425045508252,5.487343910689815,-5.3500325067595345,5.740658672629954,-0.009560634186738614,5.840026147701102,0.078312946102146,0.010986885247930012,0.5097999999996716,2,optimal,241.54267952945435,0,0,0.8601509625792144,0.3279630175649265,751,0.9212696941612606,1.2391634333554626,0.19463310273330892,running
MPC,44.509999999999714,-0.5712140426054664,-0.7748719953190907,5.693265013043278,-5.350175713546619,5.339702672500586,0.003410958268053083,6.021314177939874,0.03815376962121469,0.011222044980571333,0.5412000000006856,2,optimal,242.14258085434844,0,0,0.8593435104239924,0.3130177518321766,360,-0.7818813716404078,1.4387939870428545,0.21997807798827249,running
MPC,44.609999999999694,-0.2289992005711442,-0.30585595172814306,5.90191504647774,-5.329795866363732,5.410466088293017,0.005433890543424719,6.234311621872579,0.018943298605111757,0.00907198306545709,0.6016000000013122,2,optimal,242.74248217932532,0,0,0.883378216057798,0.31221292464341466,375,-0.7165430954587582,1.5593287072587625,0.21894209497805295,running
MPC,44.709999999999674,0.1213223860166315,0.18322769891027182,6.113261486781782,-5.329285446936862,5.480386124671519,-0.0072850187326031135,6.449953658944891,0.021617202151819285,0.009502671834151322,0.5323999999991003,2,optimal,243.34238350431818,0,0,0.8608975596235312,0.29227540750727543,717,0.7731696014828544,1.4565060803788044,0.22193355627601147,running
MPC,44.809999999999654,0.4854577935978168,0.6882579613071684,6.3223537448905445,-5.350811855947365,5.42193333593414,-0.00821426311244994,6.655454820375196,0.04351472653969128,0.012094655270166399,0.487200000000243,2,optimal,243.94228482929446,0,0,0.8608184797309695,0.2846840144110172,357,-0.7949490268767376,1.435941563400297,0.21713917065507293,running
MPC,44.909999999999634,0.8661771423193797,1.2065561312130006,6.523585137867475,-5.351775239772584,5.218094671159686,0.005068191740649787,6.844163212006513,0.0856716201852184,0.013123840959700317,0.6119999999985026,2,optimal,244.54218615427794,0,0,0.8740780390442793,0.27594812315451245,359,-0.7862372567191844,1.451631762985369,0.21901940157552577,running
MPC,45.009999999999614,1.257103029078682,1.741458405884971,6.711939437353553,-5.328985437924153,4.8841811006644855,0.006797849439021221,7.012003247933924,0.0519017717657413,0.00958992849950846,0.5890999999991209,2,optimal,245.34205458756946,0,0,0.8890876337296668,0.26892087219432725,701,0.7034754402224284,1.5543448757486513,0.21649658541768402,running
MPC,45.109999999999594,1.6539175455364534,2.294752620669211,6.891294760106701,-5.327322919037606,4.650830270849533,-0.005534690636432489,7.177022464438506,0.02954086438209804,0.011203964013338563,0.5342999999999876,2,optimal,245.94195591253117,0,0,0.8867290033457398,0.25003952934787643,731,0.8341519925857277,1.3367125087308391,0.20925385860619153,running
MPC,45.209999999999575,2.061289642677024,2.860746469252062,7.043608644876692,-5.351387115356834,3.9496236581388664,-0.007445360730078464,7.286257125920588,0.0736886135165061,0.01291537772186313,0.6892999999994487,2,optimal,246.74182434584066,0,0,0.8567928884244311,0.2508713311276923,368,-0.7470342910101946,1.493475393478783,0.22502164647011183,running
MPC,45.309999999999555,2.4823477715278357,3.43476116094949,7.182986158755852,-5.354107604760754,3.6141729761603636,0.005718094003397698,7.4050259424927285,0.03860880621735302,0.015669255486562506,0.5694999999992234,2,optimal,247.34172567083655,0,0,0.8732215399350995,0.24526852383548264,364,-0.7644578313253012,1.4708322167664105,0.2239412608755995,running
MPC,45.409999999999535,2.9102545614779043,4.019237696868029,7.295511963541199,-5.328997591391849,2.917886188790092,0.008947693363168674,7.4747747776348605,0.03702737042136153,0.009406901346070917,0.6285000000012531,2,optimal,248.1415941041655,0,0,0.868033221962244,0.24454783935910276,709,0.7383225208526416,1.5223961072653527,0.2232291878884924,running
MPC,45.509999999999515,3.3391237584497158,4.616166600670291,7.396781370050905,-5.325114230162802,2.6259985713083007,-0.0045724014645316825,7.558111820672029,0.09817910634421437,0.013271160724088737,0.5546000000009599,2,optimal,248.74149542916675,0,0,0.8720549454951726,0.24230292493907193,715,0.7644578313253012,1.499809629411477,0.2239412608755995,running
MPC,45.609999999999495,3.7732652094808232,5.220098707106065,7.472818199372406,-5.350921296307213,1.971697199054238,-0.008038884328830485,7.593951089956329,0.0421211063718605,0.012557091603881076,0.5100999999996247,2,optimal,249.54136386250724,0,0,0.8683341992086842,0.235506555278194,360,-0.7818813716404078,1.4560756378034476,0.21997807798827249,running
MPC,45.709999999999475,4.216920796859987,5.825948641025132,7.5402545828231435,-5.3558799983241885,1.7486806005806235,0.006937816106849609,7.647686259430468,0.007480837347888766,0.017532105325032354,0.5092999999991576,2,optimal,250.34123229584992,0,0,0.8724008108391692,0.22976169993461543,342,-0.8602873030583875,1.3243173903904717,0.20447740104668094,running
MPC,45.809999999999455,4.664572733746967,6.436938449335698,7.603331603088745,-5.329785449668883,1.6356387462780078,0.011010471148225792,7.703818457450945,0.049933230132418516,0.008551222444128648,0.598199999998883,2,optimal,251.14110072919271,0,0,0.8832626596219222,0.237929467906229,728,0.8210843373493977,1.4342969147159668,0.21178185999974475,running
MPC,45.909999999999435,5.110555648645822,7.056686390634332,7.662675891354639,-5.324295826581941,1.538845951334881,-0.002985645219959029,7.757216198222233,0.08587555317761997,0.014034410257025343,0.7004000000012667,2,optimal,251.94096916253557,0,0,0.8770324735129916,0.23084514378144097,357,-0.7949490268767376,1.4463373798617571,0.21713917065507293,running
MPC,46.009999999999415,5.55960161812234,7.6812657253962735,7.717880150473752,-5.350611606883349,1.4314916081099907,-0.006662865428836958,7.8058250521656385,0.08378757195845705,0.012283008794613082,0.5690000000004858,2,optimal,252.54087048754286,0,0,0.8610014180106462,0.22897336542902094,360,-0.7818813716404078,1.4649867906454388,0.21997807798827249,running
MPC,46.109999999999395,6.0164950494095155,8.30555310313261,7.751809500424837,-5.356716103832174,0.8798158058567298,0.008441286890974878,7.805861731059425,0.05807072499366808,0.018385422486261405,0.5771999999986122,2,optimal,253.34073892088594,0,0,0.8502765600095001,0.22633924525707708,361,-0.7775254865616312,1.4658514352018976,0.22094939445953415,running
MPC,46.209999999999376,6.475638186800319,8.931978499867775,7.779464550605482,-5.330190186974264,0.7171180790604589,0.013438666519098684,7.823521308330883,0.036867413052741195,0.008147457298210092,0.6623999999995078,2,optimal,254.1406073542284,0,0,0.8938906140444167,0.221355379783098,367,-0.7513901760889712,1.4798163737040289,0.22593517874601313,running
MPC,46.309999999999356,6.931089219999808,9.564363662641124,7.8050072263719725,-5.3235986902594,0.6623424821173814,-0.0011723689419131744,7.84569879881722,0.018414974629799328,0.014750763031052827,0.6813999999994991,2,optimal,254.94047578756985,0,0,0.8720057826771759,0.2266836127644254,709,0.7383225208526416,1.5274944449012557,0.2232291878884924,running
MPC,46.409999999999336,7.387432508918292,10.199181881686366,7.829468866990417,-5.35017208714242,0.6343103562054866,-0.005715998179848418,7.868438261992521,0.011131736053353316,0.011805990566609026,0.5608999999999753,2,optimal,255.74034422091032,0,0,0.8529515519549068,0.22396910484736934,351,-0.8210843373493977,1.4029728424356152,0.21178185999974475,running
MPC,46.509999999999316,7.850389516422729,10.832156316991352,7.852889705109311,-5.356944941425496,0.6073214957882173,0.009309057945372415,7.890201016569239,0.02477439829633229,0.01855743586788705,0.5545999999991835,2,optimal,256.5402126542505,0,0,0.8590110226933174,0.21426379708582516,344,-0.8515755329008341,1.3112115488831737,0.20602954162158948,running
MPC,46.609999999999296,8.315283424640613,11.466532087711961,7.875062238849097,-5.330307417056308,0.5749519418520882,0.014424097784959485,7.910384899294519,0.03876782991647687,0.008106895540374026,0.6054999999989263,2,optimal,257.3400810875921,0,0,0.8358703225111205,0.22358526530519593,335,-0.8907784986098239,1.303394255896899,0.19934114321212795,running
MPC,46.709999999999276,8.775051865588965,12.107256386355525,7.89569050449258,-5.312102917356365,0.5349078065660795,8.394669707352369e-05,7.928553019505705,0.0477418788408307,0.026343006164281313,0.5940999999989316,2,optimal,258.1399495209326,0,0,0.8558695008794535,0.22001991938722554,717,0.7731696014828544,1.462006907691874,0.22193355627601147,running
MPC,46.809999999999256,9.230327511664248,12.753589548658258,7.914485630818338,-5.323330738095904,0.4873730041488064,-0.011380418090889669,7.944427804907461,0.05449863330063677,0.015151366026504576,0.643299999998348,2,optimal,258.9398179542671,0,0,0.8728280527646299,0.21971223407269833,716,0.768813716404078,1.4697794299766511,0.22293077345441878,running
MPC,46.909999999999236,9.689071892494667,13.399639782597362,7.931351040997741,-5.352508139426623,0.43733388554415725,-0.007338493765677966,7.958219019372754,0.06159756355479029,0.01398497850599334,0.6042999999991139,2,optimal,259.7396863875945,0,0,0.8912324119634445,0.2202057426156254,364,-0.7644578313253012,1.4818315814106184,0.2239412608755995,running
MPC,47.009999999999216,10.156442844770583,14.041422261374267,7.946068778844771,-5.358686795620244,0.3816429847002927,0.007893822651701564,7.96951533946777,0.06759619558480331,0.020117759918971245,0.5792000000006681,2,optimal,260.53955482091453,0,0,0.8618283682518223,0.2168003149434383,361,-0.7775254865616312,1.4463677072649384,0.22094939445953415,running
MPC,47.1099999999992,10.626358972481194,14.683034580179106,7.958749775594386,-5.3310407727208045,0.32882862154486553,0.012193252971913785,7.978951640999258,0.07251356434670941,0.007579321324820754,0.5803000000010883,2,optimal,261.3394232542277,0,0,0.8601524498053355,0.22135519674596588,722,0.7949490268767376,1.4489365803376675,0.21713917065507293,running
MPC,47.20999999999918,11.092043388306429,15.329182768417615,7.969851215437592,-5.323365800896762,0.2878694185388557,-0.0024370660555155504,7.987536717448272,0.07576857472173175,0.01530990520043396,0.5623999999997409,2,optimal,262.1392916875369,0,0,0.8624936698403963,0.2236088651246735,357,-0.7949490268767376,1.4634636132021,0.21713917065507293,running
MPC,47.30999999999916,11.557632117961614,15.976708533392483,7.980058133348883,-5.350074173324439,0.26467373292985485,-0.0072185486863742005,7.996318588730577,0.07795339009559785,0.01138795492536282,0.6670999999993654,2,optimal,262.9391601208609,0,0,0.8650624533254774,0.22383023058377094,345,-0.8472196478220575,1.3878818161113722,0.20682039817249398,running
MPC,47.40999999999914,12.028895626280507,16.621138736220995,7.986653392065057,-5.35749626236344,0.17102045487375991,0.007178779735304862,7.997160178836259,0.07976937961096038,0.0190264825664741,0.568200000001795,2,optimal,263.7390285540203,0,0,0.8591906907490672,0.2147033653575092,365,-0.7601019462465246,1.4667392977402445,0.22496523842325905,running
MPC,47.50999999999912,12.501110398701426,17.26526745831079,7.986931407794973,-5.330649071406279,0.007209175354362529,0.012506974015275823,7.987374309600494,0.08166281521512195,0.007339741965037838,0.5479999999984386,2,optimal,264.53889698675886,0,0,0.8883104067944136,0.21912168366388035,332,-0.903846153846154,1.2798406134652998,0.19727332187940388,running
MPC,47.6099999999991,12.967284183011593,17.912040259411423,7.965403733098503,-5.322646181600453,-0.24498812212140483,-0.0002768047275464809,7.962432595582833,0.08414488988023404,0.014596814039892436,0.4996999999988816,2,optimal,265.33876541715455,0,0,0.8664681735124321,0.21861014520746544,357,-0.7949490268767376,1.4399168759306733,0.21713917065507293,running
MPC,47.70999999999908,13.4301568045172,18.55615113793896,7.914632909627302,-5.349404076656212,-0.5777794804195396,-0.004306241215584232,7.907625785056549,0.09063711486669034,0.013171440317734096,0.44780000000166353,2,optimal,266.13863384142303,0,0,0.8604682828416843,0.21236593877732507,351,-0.8210843373493977,1.3644721331089236,0.21178185999974475,running
MPC,47.80999999999906,13.893779481210032,19.19056760731733,7.828646342442143,-5.358668559131381,-0.9785398525096163,0.008627961710543414,7.81677892437634,0.09749353251190938,0.02337378184185468,0.6845000000001988,2,optimal,266.73853515865085,0,0,0.8902504906935437,0.21319734218219477,339,-0.8733549582947173,1.285954574831193,0.20222103997141733,running
MPC,47.90999999999904,14.349941841072406,19.81245544192487,7.653297585982835,-5.332502490032159,-1.995494783667211,0.01652865581765602,7.6290968640754215,0.07201074117972116,0.0013155347269275808,0.45880000000053656,2,optimal,267.5384035685666,0,0,0.8651132979358943,0.21210240669577196,354,-0.8080166821130677,1.3616864799068666,0.2144087504700342,running
MPC,48.00999999999902,14.785681446426729,20.421474799435604,7.404600202559632,-5.29562451042861,-2.8302130072296996,0.005404064395235535,7.370276285259865,0.03080440480573021,0.03645235460087548,0.48549999999991655,2,optimal,268.3382719674691,0,0,0.8706744175649859,0.22810643286444254,715,0.7644578313253012,1.4839616517377698,0.2239412608755995,running
MPC,48.109999999999,15.19272904318881,21.015922152111674,7.10267561189434,-5.2770392873328085,-3.435946498276228,-0.017735543598951548,7.061005552732009,0.06473454939137684,0.05303214078347107,0.6392999999995652,3,optimal,269.1381403569779,0,0,0.8679205965353163,0.22399502711058206,713,0.755746061167748,1.4330611478361872,0.22600293112750477,running
MPC,48.20999999999898,15.57611131838168,21.587059640824403,6.76466093324108,-5.3148487773424025,-3.8466570375254348,-0.03505749479997215,6.718009908141797,0.024780221970253626,0.01370138202164295,0.8516000000007296,3,optimal,269.73804164013603,0,0,0.8900682823571777,0.2483995534982608,720,0.7862372567191844,1.4655216718450192,0.21901940157552577,running
MPC,48.30999999999896,15.9507364410209,22.120072535742295,6.38810207629366,-5.391685265383236,-4.285295487434158,-0.022600669327985715,6.336131384497664,0.07624172448042553,0.06223670335673415,0.7792000000019783,3,optimal,270.3379429642409,0,0,0.877702143229906,0.24424666227076627,360,-0.7818813716404078,1.39239381047948,0.21997807798827249,running
MPC,48.40999999999894,16.321787244277882,22.606860140369623,5.98500627187485,-5.426648984911045,-4.587289874636449,0.020384993149784463,5.929373088830015,0.08863702237076125,0.09275565074235548,0.6469999999971776,3,optimal,270.9378441278019,0,0,0.8690202006911988,0.2512459019226802,366,-0.755746061167748,1.3940465449860329,0.22600293112750477,running
MPC,48.50999999999892,16.679582729311527,23.0517473744829,5.568474458572199,-5.401667807613035,-4.740193643002972,0.04628981920526663,5.510986907574553,0.07150856575655269,0.060388257142837354,0.6924000000019248,3,optimal,271.5377453169601,0,0,0.8691190657833163,0.2641668295255126,382,-0.6860518999073215,1.4367102748533536,0.21337555590733343,running
MPC,48.6099999999989,17.0056283883528,23.468722757206848,5.153181811813199,-5.3242073740598945,-4.726091744455858,0.04423507040863875,5.095865284126614,0.06173925460964329,0.009919634683061673,0.649699999998532,3,optimal,272.13764623138854,0,0,0.8569560848490694,0.2995738356330437,360,-0.7818813716404078,1.403692880829764,0.21997807798827249,running
MPC,48.70999999999888,17.286945965004676,23.868276602703673,4.751595111310537,-5.250136151090522,-4.570116048864918,0.010060590697975252,4.696170206926707,0.09651166217013503,0.06891858982621635,0.5983000000000516,2,optimal,272.53757682966244,0,0,0.826180314585041,0.31625851895819435,706,0.7252548656163116,1.4402066816040395,0.2206244765899192,running
MPC,48.80999999999886,17.528295834998154,24.247590055748386,4.36561710756735,-5.245740790586107,-4.392486771119773,-0.046522866524353154,4.31234643419856,0.08068212791062589,0.162763942874653,0.6862000000005253,3,optimal,273.1372712569286,0,0,0.8631311466906539,0.29512381331356957,685,0.6337812789620019,1.334863167570951,0.20489107222660924,running
MPC,48.90999999999884,17.75526841624305,24.592730132258453,4.012492632151687,-5.351063963125032,-4.0186087595135085,-0.14463301195355868,3.9637562316159993,0.07129796227461713,0.19328118412851136,0.6321999999983063,3,optimal,273.5367744697232,0,0,0.8553968678887108,0.3010952415904331,667,0.5553753475440222,1.3112089050738898,0.19430327888470372,running
MPC,49.00999999999882,18.001724045890562,24.88384514861936,3.720951111503194,-5.556513733685266,-3.317785625765094,-0.2171695615205664,3.680714069575178,0.13860099885127722,0.14217142156647355,0.7015000000016869,3,optimal,273.93618883382646,0,0,0.8005618902076901,0.31607902545613864,700,0.6991195551436515,1.1864430206342818,0.2157016455530536,running
MPC,49.1099999999988,18.288539017690976,25.102254193384738,3.561165014410256,-5.813392321212209,-1.81838941826482,-0.263327695303139,3.539112169676712,0.14136709474472517,0.037023864833267695,0.6701000000006729,3,optimal,274.13615594216225,0,0,0.7839349399837184,0.37109698910191985,726,0.8123725671918445,1.1632290322879812,0.2135218524542555,running
MPC,49.20999999999878,18.611688503056605,25.23639327440092,3.478859758094287,-6.0490117343333045,-0.9366459903296976,-0.16396014254601604,3.467500415377286,0.11996648877945826,0.14780826153720472,0.48989999999982103,2,optimal,274.53564213358476,0,0,0.779419941738069,0.46917125495962037,716,0.768813716404078,1.4237921567963006,0.22293077345441878,running
MPC,49.30999999999876,18.953477625198783,25.30508002643999,3.497750310147603,-6.177490847820804,0.48984747134346307,-0.0011465522675425939,3.527844505228633,0.10186723287625439,0.21136791170660008,0.5548000000015207,2,optimal,274.93542446370196,0,0,0.8070910916654104,0.4478051735724001,375,-0.7165430954587582,1.3936877088984467,0.21894209497805295,running
MPC,49.40999999999874,19.30352580082591,25.353059774574987,3.5636875404951973,-6.144020819411841,1.709806333981157,0.13326658900747043,3.668730943545719,0.06995970177567797,0.1654579456449179,0.6792999999998273,3,optimal,275.1353763567897,0,0,0.8673730958037149,0.4377275625656816,367,-0.7513901760889712,1.3447440822520904,0.22593517874601313,running
MPC,49.50999999999872,19.655837023566995,25.427029293721063,3.6338547433767543,-6.009885378826116,1.8194929828290118,0.13599464283472507,3.7456368387780987,0.038594712838479574,0.01242230677978462,0.7198999999999955,3,optimal,275.53530384774064,0,0,0.8293509059669554,0.49984861116644913,333,-0.8994902687673771,1.3059416564535873,0.19795406078248537,running
MPC,49.6099999999987,20.00676138123633,25.5383887320076,3.723777712069662,-5.9254090067203755,2.3317761548522924,-0.0023990285344072837,3.8670323588619837,0.01340499545503312,0.09773517589211167,0.5304999999999893,2,optimal,275.9352213499043,0,0,0.8905338108811525,0.428732764656575,712,0.7513901760889712,1.3643943337887792,0.22593517874601313,running
MPC,49.70999999999868,20.36498233168619,25.65974707094438,3.8324412870874784,-5.975412663787007,2.8177354107697745,-0.13661652065071914,4.005551253146639,0.03169923882291289,0.08455692322431307,0.695299999998511,3,optimal,276.33512571091575,0,0,0.871744216020703,0.4037309740779447,707,0.729610750695088,1.3421703805501835,0.22148173646210823,running
MPC,49.80999999999866,20.74286357829782,25.755160054971018,3.9562995630122204,-6.113626748297774,3.211746437873201,-0.15933607816380196,4.153615930874799,0.05180405452131662,0.005492695558559468,0.6301000000021872,3,optimal,276.735017170503,0,0,0.8468649878519241,0.4305073815603233,713,0.755746061167748,1.4267301012360274,0.22600293112750477,running
MPC,49.90999999999864,21.140481421224464,25.80940180195727,4.064463739176029,-6.227553268490212,2.8047855898679694,-0.07633524844095524,4.236778121999017,0.04745906519347219,0.06676672162641673,0.4800999999989841,2,optimal,277.13491330421346,0,0,0.8944479953835732,0.44907733940767575,708,0.7339666357738648,1.5415795758470523,0.22234991952811328,running
MPC,50.00999999999862,21.55162873066196,25.831116207542618,4.163136779228217,-6.277619461715785,2.558672664669534,-0.0036193595103702716,4.3203310056429824,0.02861737125941724,0.06993410069284867,0.5103000000001856,2,optimal,277.5348285312362,0,0,0.8714434867327926,0.42576817834722824,344,-0.8515755329008341,1.3460933525970549,0.20602954162158948,running
MPC,50.1099999999986,21.973382372030436,25.838837560224853,4.265231845655286,-6.2753833695495995,2.6474086085358257,0.02083572170175673,4.4278776400818,0.009662196260902485,0.028126245934071648,0.6159999999990617,2,optimal,277.93475765910836,0,0,0.8893076244525673,0.4212808799245529,360,-0.7818813716404078,1.4644909571117093,0.21997807798827249,running
MPC,50.20999999999858,22.406015544941873,25.8466868631395,4.379718003656523,-6.257017877218584,2.968719751675522,0.00026321980789615566,4.562103820822839,0.0286044982445419,0.021727512499860602,0.5456000000005901,2,optimal,278.3346894867614,0,0,0.894899750043704,0.4105279887100473,708,0.7339666357738648,1.5225060595894369,0.22234991952811328,running
MPC,50.30999999999856,22.85075877474377,25.855994777275793,4.506990670378365,-6.271067647138969,3.300284384960081,-0.03569524753852255,4.709746442152531,0.07235677270903101,0.030748349894778926,0.4595999999992273,2,optimal,278.73461954802025,0,0,0.8952169586402149,0.39918814474426545,719,0.781881371640408,1.4605751452873756,0.21997807798827246,running
MPC,50.40999999999854,23.30880202788751,25.853406978076624,4.6436028385985875,-6.323005602936034,3.5424653005668647,-0.04472489871008898,4.861237200435052,0.07187086900145166,0.0013292248457617006,0.4580999999994617,2,optimal,279.3345166905082,0,0,0.9010032877554497,0.37902628222694396,717,0.7731696014828544,1.4445419228911995,0.22193355627601147,running
MPC,50.50999999999852,23.781952563448222,25.832413020586408,4.815412587755095,-6.360345659607641,4.455167373559976,-0.00839564986139445,5.0891195759545855,0.015413679936734889,0.0341118772622222,0.47510000000094976,2,optimal,279.73445085638275,0,0,0.9042763546205618,0.3688508434137963,363,-0.7688137164040778,1.453979473650214,0.22293077345441883,running
MPC,50.6099999999985,24.271980237645614,25.799551903785563,4.99296901614188,-6.358271885648889,4.604183468040904,0.025887905850311938,5.275830934559185,0.094707731274234,0.034825255966376645,0.5963999999973879,2,optimal,280.1343844942567,0,0,0.9029693149835454,0.34551358562884005,356,-0.7993049119555145,1.3762205396099836,0.21621722807816315,running
MPC,50.70999999999848,24.779612186133125,25.768049427936596,5.165577203408169,-6.323647789610831,4.4758715270435445,0.03677321179903968,5.440556168846235,0.012193729694166116,0.012840814428570546,0.49970000000065795,2,optimal,280.7342838757895,0,0,0.8930898088538091,0.34096180134800347,339,-0.8733549582947173,1.2956096547053122,0.20222103997141733,running
MPC,50.80999999999846,25.306168992859323,25.750435618864113,5.356533242496297,-6.283518371491702,4.951646337337388,0.020473465190502135,5.660741837141908,0.07216782535605426,0.018378198570637494,0.45819999999885397,2,optimal,281.334183516708,0,0,0.8916381213271218,0.3533531604527522,728,0.8210843373493977,1.455574006239721,0.21178185999974475,running
MPC,50.90999999999844,25.853085453559032,25.743853321914187,5.565872173409424,-6.285449582093504,5.428329763583577,-0.009952712128793745,5.899366218854654,0.07822018728682953,0.014215088833230638,0.5527000000000726,2,optimal,281.7341176862919,0,0,0.9015113997111678,0.341701898502606,693,0.6686283595922151,1.6466221246582196,0.2104061992652272,running
MPC,51.00999999999842,26.420136155227045,25.736873802555067,5.7604570312973955,-6.307392255502954,5.045744577984347,-0.01310512981990162,6.070446631207859,0.04560908075654691,0.005150924721792016,0.5363000000002671,2,optimal,282.33401895123757,0,0,0.9041639398774801,0.31335687103343096,721,0.7905931417979613,1.4449177210594712,0.21807316453493353,running
MPC,51.1099999999984,27.0065155954426,25.722244222977363,5.955300222439708,-6.327160024292873,5.052443370642492,-0.00969853882419018,6.265701368361645,0.03322482782617098,0.015594714384472574,0.4396999999993767,2,optimal,282.9339185684475,0,0,0.9009772117384485,0.29720657733256217,363,-0.7688137164040778,1.4534396272099706,0.22293077345441883,running
MPC,51.20999999999838,27.611926221106287,25.69718636081875,6.147997022023374,-6.3452764734572,4.9967856813093015,-0.00792645022433484,6.454978790570638,0.040123906147986825,0.016872345522606302,0.4938000000009879,2,optimal,283.5338177595965,0,0,0.8936291086732311,0.29514269351728123,723,0.7993049119555145,1.4416691957710035,0.21621722807816315,running
MPC,51.30999999999836,28.2355402042926,25.660706924388347,6.331098059593763,-6.3632420501234535,4.747959720874057,-0.005037125446187237,6.62279299411078,0.064113911611808,0.012835013037608256,0.47569999999907964,2,optimal,284.1337131549702,0,0,0.8577545013693028,0.28440699183468776,340,-0.8689990732159407,1.3318016044448593,0.20296376061118726,running
MPC,51.40999999999834,28.875958034440252,25.614761436749557,6.496921085973855,-6.361980828550862,4.299926753519661,0.0024034464162848517,6.7610907349457285,0.09575874735650883,0.011942585087376223,0.524500000000927,2,optimal,284.93357981242724,0,0,0.8953061705839884,0.27878749015861737,358,-0.790593141797961,1.459638025207072,0.21807316453493358,running
MPC,51.50999999999832,29.53226308888447,25.566174869940028,6.652638598535425,-6.358241205594792,4.037882511686048,-0.004588721647122691,6.90070933714246,0.03730508942058471,0.024098303393903286,0.7082999999994399,3,optimal,285.5334810004818,0,0,0.8965608380855623,0.2673342376294879,730,0.8297961075069509,1.382504701551017,0.21008581223244965,running
MPC,51.6099999999983,30.20162315669179,25.517137346190992,6.761783892918411,-6.342716218018857,2.830226788060361,0.06017782780780872,6.935661277341461,0.04034374513970307,0.04110888562532544,0.672299999999737,3,optimal,286.13338232510887,0,0,0.8525712154066847,0.2468445624909758,718,0.7775254865616312,1.391242863819383,0.22094939445953415,running
MPC,51.70999999999828,30.879516928904078,25.481656133332237,6.811104343677549,-6.290195982949786,1.2789196430944543,0.00013734377654701165,6.889675857227856,0.10199035017232043,0.08354697201878025,0.6911000000009437,3,optimal,286.93324998393905,0,0,0.8645028278341387,0.23722876798359238,721,0.7905931417979613,1.3464280931694332,0.21807316453493353,running
MPC,51.80999999999826,31.560339035497876,25.459480403094968,6.812490107637271,-6.315300060598439,0.03593399333343748,-0.08103244384948674,6.814697743010893,0.08798318889349123,0.042020436030430375,0.6810000000019301,3,optimal,287.53314602853646,0,0,0.8270535391039993,0.2295160461920473,721,0.7905931417979613,1.317705944533987,0.21807316453493353,running
MPC,51.90999999999824,32.23374838326368,25.423287919457657,6.709293728434449,-6.40433750811355,-1.1743900587077394,-0.002113020038309536,6.695051101766497,0.11630669836746371,0.07502251664300541,0.6671000000011418,3,optimal,288.133039435349,0,0,0.8230275364903171,0.25654465119491565,360,-0.7818813716404078,1.4601326412708948,0.21997807798827249,running
MPC,52.00999999999822,32.88989499661113,25.367149242858062,6.522378566153665,-6.394199832792403,-2.12712219265822,0.074910322680896,6.496581509168627,0.082872814443296,0.12633527184414017,0.6879000000008517,3,optimal,288.93286794000704,0,0,0.8200529087851203,0.23661550494836017,389,-0.6555607043558851,1.4667132090011339,0.2082738731989199,running
MPC,52.1099999999982,33.52650152932794,25.325542248473397,6.308386016507007,-6.2470092945835365,-2.4352668657941154,0.12182093680457691,6.278851879574254,0.037595834352078056,0.040616209707472706,0.6995999999972469,3,optimal,289.53269168239666,0,0,0.894003418616149,0.24160146340219316,368,-0.7470342910101946,1.381209327812857,0.22502164647011183,running
MPC,52.20999999999818,34.142175776392,25.344998625480066,6.090359661753659,-6.054150680040111,-2.48117216453284,0.08170522852971211,6.060268800053723,0.06612769849537009,0.09859647921039016,0.6476000000006366,3,optimal,290.1325653068755,0,0,0.8230460715880376,0.275414838009772,714,0.7601019462465248,1.4841900455986659,0.22496523842325897,running
MPC,52.30999999999816,34.731735869895445,25.442692813386273,5.923111990122392,-5.94837869538288,-1.90330324012382,-0.0046771200665624854,5.900029337741278,0.05900961042632287,0.17081430445423162,0.5152999999999963,2,optimal,290.7324470029126,0,0,0.8527634033539866,0.261486157171722,713,0.755746061167748,1.3849934105456698,0.22600293112750477,running
MPC,52.40999999999814,35.29426244015456,25.58659275224943,5.747613188872283,-5.982433053619367,-1.9972023155790743,-0.06735335414077372,5.7233917585644845,0.046362923318285516,0.11783766801746864,0.7358000000010634,3,optimal,291.33234683687687,0,0,0.8592031404152459,0.27721150151250157,719,0.781881371640408,1.3850913675555268,0.21997807798827246,running
MPC,52.50999999999812,35.83721419968789,25.726911583517154,5.536986441697629,-6.081982578641187,-2.3969635358398027,-0.05065265369454033,5.507916835288302,0.08885704532937977,0.013816618305344086,0.626800000002703,3,optimal,291.9322435270323,0,0,0.8833560598591712,0.3021844548008741,372,-0.729610750695088,1.516180715111234,0.22148173646210823,running
MPC,52.6099999999981,36.36377885280007,25.83833106434131,5.304014372796896,-6.1393259556981965,-2.651256602093205,0.025016888136763536,5.271860781488309,0.05493323714953738,0.10930673365740784,0.4718999999990814,2,optimal,292.3321768349184,0,0,0.8443730143535619,0.27950839805800604,356,-0.7993049119555145,1.2952357956346645,0.21621722807816315,running
MPC,52.70999999999808,36.86901994683308,25.93142859926024,5.052571667137794,-6.099499236607388,-2.861455180324289,0.07649716045691471,5.017868854764467,0.055624670481737006,0.14733797237152046,0.6394000000007338,3,optimal,292.9320278815381,0,0,0.841087219705066,0.2609659398299104,371,-0.7339666357738648,1.2501262640387363,0.22234991952811328,running
MPC,52.80999999999806,37.34768598809328,26.04113918846974,4.84109155301501,-5.957344332634664,-2.406674977927739,0.1288953293794006,4.81190416934502,0.11769690277960655,0.06203415054456052,0.640899999998723,3,optimal,293.33191716975944,0,0,0.7618091978265147,0.2687923540313282,355,-0.803660797034291,1.1579265855032166,0.21530714918272373,running
MPC,52.90999999999804,37.79432629102584,26.206006620571706,4.727734644311146,-5.761232371732985,-1.2900183872344384,0.1349623245024587,4.712089714291566,0.16829068977056844,0.05989614667164567,0.6702000000018415,3,optimal,293.9317783263419,0,0,0.7849902785870247,0.32124651421549943,339,-0.8733549582947173,1.2010512501174422,0.20222103997141733,running
MPC,53.00999999999802,38.20706341547128,26.438474701687028,4.751845954261689,-5.630961955772342,0.6252259953397626,0.05339403749173213,4.790257243845122,0.1278381765509984,0.15126397109943301,0.5946000000012219,2,optimal,294.331680388741,0,0,0.8019327943385844,0.3701027450885514,344,-0.8515755329008341,1.3587608964353632,0.20602954162158948,running
MPC,53.109999999998,38.59762090272404,26.714538773457893,4.810338423366054,-5.61249100250588,1.516757583502142,-0.03339650132922983,4.903521712611903,0.09571779046055726,0.1377384098055785,0.5932000000008486,3,optimal,294.73159110732183,0,0,0.7995075506622467,0.3676965876011912,720,0.7862372567191844,1.4534657952182375,0.21901940157552577,running
MPC,53.20999999999798,38.98924018006571,27.001021651195288,4.887950593695377,-5.671293009373496,2.0125470803603873,-0.05177835112506164,5.011593131402092,0.0778014478897772,0.039121125171682536,0.7014999999999105,3,optimal,295.331459373152,0,0,0.8640690792592277,0.35653523206272675,338,-0.8777108433734939,1.2972599583059723,0.20148754432673713,running
MPC,53.30999999999796,39.396327958315155,27.283032718463158,5.007264171547379,-5.703431577726982,3.0938986982905297,0.007454988393472402,5.19734046352443,0.04204657676196485,0.0165773301697012,0.5257000000007395,2,optimal,295.7313812119919,0,0,0.8302420241717332,0.33306874011687876,380,-0.6947636700648749,1.4655724498851694,0.21491658495418048,running
MPC,53.40999999999794,39.81555091102229,27.569526023619122,5.13769519196392,-5.6699205085009705,3.382183080487305,0.04624427573001717,5.34548247959611,0.07431661390880259,0.013672448955923677,0.6256000000011142,3,optimal,296.3312729596936,0,0,0.8503493526222861,0.3377775063373674,365,-0.7601019462465246,1.450791456312426,0.22496523842325905,running
MPC,53.50999999999792,40.238526016438236,27.876037496903898,5.297342808585342,-5.612699662858748,4.13979332564219,0.04338648880765335,5.551674524528139,0.07038683925986289,0.026649417698561884,0.6540000000008206,2,optimal,296.73120020703516,0,0,0.8115927440258933,0.32969980257307563,333,-0.8994902687673771,1.2515735903412744,0.19795406078248537,running
MPC,53.6099999999979,40.660891599539625,28.2097158942035,5.455977947240079,-5.57230205673255,4.113538943537781,0.013450695900599175,5.70869670293912,0.03474751004694912,0.04666915555567108,0.5382000000011544,2,optimal,297.3310939344205,0,0,0.8871023999121898,0.32936682862923683,732,0.8385078776645041,1.3749381684872901,0.20843240730709414,running
MPC,53.70999999999788,41.087122004049604,28.56531861685628,5.631830751667471,-5.575328506861192,4.560007104837062,-0.009840892843254116,5.911978657723785,0.054760084340634396,0.02919216274983505,0.4779999999993123,2,optimal,297.9309937110461,0,0,0.8602370909148821,0.32260266861206677,728,0.8210843373493977,1.4111721683266876,0.21178185999974475,running
MPC,53.80999999999786,41.52705669312979,28.933356963190153,5.824395645097865,-5.598189975756479,4.993365246826897,-0.005839661656602542,6.131167276350161,0.07827239319442397,0.0030219915987563795,0.5015000000003766,2,optimal,298.530894113943,0,0,0.8835327010867993,0.2988678530070997,350,-0.8254402224281743,1.3525129123980835,0.21092842571338713,running
MPC,53.909999999997844,41.98528285566626,29.310440830427645,6.027983080940443,-5.599375982345302,5.279188790424007,0.011975021204433674,6.352314524140265,0.08493655327324058,0.011509101497826357,0.4563999999991353,2,optimal,299.1307953210196,0,0,0.8847412775540541,0.28445022380292034,352,-0.8167284522706209,1.3468735607697275,0.2126462795560751,running
MPC,54.009999999997824,42.458167110705055,29.70206625119721,6.235359029860126,-5.5780827275197815,5.377428034345176,0.01646331954431924,6.56572588437496,0.0720760204961515,0.003502092726987094,0.5568000000000239,2,optimal,299.73069654346745,0,0,0.8854888116244651,0.2850314125143461,346,-0.8428637627432809,1.3507636068773936,0.20762130414308752,running
MPC,54.109999999997804,42.94163747134302,30.11302807360167,6.43913215575456,-5.5579525170387845,5.28400388540368,0.0063740501442668225,6.763759418400494,0.039343280285366496,0.018620011151170957,0.5453000000006369,2,optimal,300.3305976005931,0,0,0.8555187241879308,0.2785257811591354,712,0.7513901760889712,1.4950183413362057,0.22593517874601313,running
MPC,54.209999999997784,43.4348711238833,30.54303833903172,6.632614543930172,-5.55901795262815,5.0171566362816575,-0.0040432092952333186,6.940847819382726,0.022691663005150242,0.013477055377661529,0.4996999999988816,2,optimal,300.9304988079614,0,0,0.9041602076636823,0.2748999747798862,342,-0.8602873030583875,1.3589827730741642,0.20447740104668094,running
MPC,54.309999999997764,43.9427878775785,30.98432406082336,6.810008125944213,-5.582813696744433,4.59996072835174,-0.0032810620401086403,7.092610616765346,0.09262267960342413,0.013201549229940213,0.5387000000016684,2,optimal,301.5303999818956,0,0,0.8598215923595857,0.26374351858391326,366,-0.755746061167748,1.4990802479237508,0.22600293112750477,running
MPC,54.409999999997744,44.46690458160393,31.431383451725942,6.955988863352754,-5.585013985992644,3.7853999651574837,0.010363299695448695,7.188548122459961,0.02500841812952852,0.017634527940895595,0.5072000000012622,2,optimal,302.33026836905526,0,0,0.8729035526796558,0.2552598034494179,369,-0.742678405931418,1.504671320332492,0.2241197071405647,running
MPC,54.509999999997724,45.00077539231905,31.887974303613305,7.083643721629766,-5.5605562776864215,3.3101949247018623,0.010666191008516658,7.28700835582294,0.08650699148951532,0.006419430780589153,0.47980000000080736,2,optimal,302.9301696923245,0,0,0.8709075674616658,0.25232220445202175,699,0.6947636700648747,1.563231971549863,0.21491658495418042,running
MPC,54.609999999997704,45.53874404979707,32.35650875085532,7.176846672374948,-5.557052096351253,2.416828773210093,-0.00215288652893232,7.325326598950776,0.021991839007809887,0.011083638726199219,0.6740999999994557,2,optimal,303.7300381149098,0,0,0.8635834762597643,0.25151574796900994,362,-0.7731696014828544,1.4970600549187945,0.22193355627601147,running
MPC,54.709999999997684,46.08304950238148,32.829988263742095,7.246104079456172,-5.582380557183586,1.7959012333145636,-0.00295932356985476,7.356436795706404,0.08376743869189443,0.011162315504066989,0.5360999999997063,2,optimal,304.5299064741067,0,0,0.8596702235833211,0.2406302103300268,366,-0.755746061167748,1.4828199242944025,0.22600293112750477,running
MPC,54.809999999997665,46.63753533799218,33.30003324929579,7.2888395736622185,-5.609035675911583,1.1081663317388626,-0.0005693781453659245,7.356920712630059,0.05245913327541771,0.03432032306687205,0.7558999999996985,3,optimal,305.12980764993296,0,0,0.8730033075393561,0.23047087922311352,369,-0.742678405931418,1.4543535027660017,0.2241197071405647,running
MPC,54.909999999997645,47.19957897256439,33.761332098969376,7.262111024675326,-5.613153394165226,-0.30417484078774054,0.002931259374284368,7.258422089583444,0.04734661864878197,0.03351897142580729,0.7261999999972346,3,optimal,305.9296759930076,0,0,0.8279536700398317,0.22827869542364343,325,-0.9343373493975904,1.1816703779330884,0.1927368289037113,running
MPC,55.009999999997625,47.75395559690479,34.216294111952735,7.1256075645665975,-5.567991411914879,-1.553429565739199,0.049667624525875344,7.106768068101406,0.1033305506433815,0.012370818476022727,0.8587999999996043,3,optimal,306.52957731718374,0,0,0.8209046588757856,0.2327105161333197,363,-0.7688137164040778,1.4375727302721393,0.22293077345441883,running
MPC,55.109999999997605,48.27957247298816,34.67363639993276,6.887271182702971,-5.492465098671679,-2.7123032770258195,0.00910180444950255,6.854377236864016,0.04379845969284622,0.08472240097816197,0.7062999999991604,3,optimal,307.3294456312595,0,0,0.8003382380824354,0.2413419907686376,713,0.755746061167748,1.477537980530846,0.22600293112750477,running
MPC,55.209999999997585,48.767228841297616,35.1313759525401,6.587139388795898,-5.481125102516369,-3.415544206002014,-0.05732402382948303,6.54571676210277,0.05631643524785919,0.0904541905284475,0.893300000001318,3,optimal,307.9293467050341,0,0,0.8617665998417234,0.23537648903595235,727,0.8167284522706209,1.322467960290236,0.2126462795560751,running
MPC,55.309999999997565,49.229309641261224,35.567341688739965,6.233697034793807,-5.577811065307948,-4.02222626484326,-0.08000156940006288,6.184916762311572,0.09096402134076129,0.01462760007824837,0.7243000000016764,3,optimal,308.5292466889628,0,0,0.855913010725992,0.26245889692242924,345,-0.8472196478220575,1.3514413185278562,0.20682039817249398,running
MPC,55.409999999997545,49.68621920672543,35.951887421739094,5.841042155275086,-5.7198531572839055,-4.468470604996374,-0.039732908134623095,5.78684997429417,0.08713702279686318,0.1644621033109228,0.7649000000018447,3,optimal,309.12914700582735,0,0,0.899564280243969,0.23950454295622936,362,-0.7731696014828544,1.2904736578334781,0.22193355627601147,running
MPC,55.509999999997525,50.14309019901998,36.26939582635821,5.424889255693509,-5.810606366909754,-4.735881548813466,0.04076453478896561,5.36745400039374,0.07686811314064623,0.2373877056494642,0.7014999999999105,3,optimal,309.72903788673466,0,0,0.8406458201836267,0.2264984664513196,380,-0.6947636700648749,1.2312419128130783,0.21491658495418048,running
MPC,55.609999999997505,50.580178114579624,36.54033733650662,4.998577073025726,-5.740622753667344,-4.85149569295499,0.09634251975476275,4.93973968639801,0.1396093949298009,0.10877846782331524,0.7257999999996656,3,optimal,310.32890557273254,0,0,0.7354238312676109,0.2688430776222769,371,-0.7339666357738648,1.3052785405114515,0.22234991952811328,running
MPC,55.709999999997486,50.97209605618825,36.80201057674207,4.567606555702612,-5.609918623289596,-4.904508230329017,0.01693930252389672,4.5081262499928245,0.15406312414865195,0.08251663406650334,0.8155999999992503,3,optimal,310.7287723900981,0,0,0.7504828573308702,0.348189262541405,713,0.755746061167748,1.4926335800531227,0.22600293112750477,running
MPC,55.809999999997466,51.3173445343845,37.05639345214351,4.14617862620649,-5.623282718434984,-4.795912169450388,-0.13868215651043891,4.0880153387575735,0.13362673952665569,0.15199082848686896,0.754699999999886,3,optimal,311.1285943099457,0,0,0.7867353396788948,0.33511622892425,667,0.5553753475440222,1.4949252665570525,0.19430327888470372,running
MPC,55.909999999997446,51.64341465647164,37.26576230708131,3.742269613683002,-5.831596179600601,-4.596544303146159,-0.2366657202872162,3.686524195891874,0.09087345530588657,0.06361142037267076,0.734900000001204,3,optimal,311.5283097620388,0,0,0.8567214660307103,0.3593998150811548,723,0.7993049119555145,1.2551476288367553,0.21621722807816315,running
MPC,56.009999999997426,51.967528174615616,37.39100691585959,3.3504154997080384,-6.098250143501003,-4.4593577746702655,-0.1877672565033855,3.2963338362159753,0.04052809396085799,0.031412845135872836,0.5053999999997671,2,optimal,311.9278461612282,0,0,0.8951341746678746,0.40898026593952835,703,0.7121872103799816,1.3766156286247155,0.21811666573475305,running
MPC,56.109999999997406,52.27461793788431,37.435005836988225,2.9837503644493366,-6.276550672216514,-4.1727034712742235,-0.09676458608683815,2.9331451525806163,0.0653279343577739,0.018550462292164838,0.9295000000015818,3,optimal,312.3272517221743,0,0,0.9009850647633997,0.43206827202713816,709,0.7383225208526416,1.2938782456886064,0.2232291878884924,running
MPC,56.209999999997386,52.552469133535055,37.42682398212863,2.6793945309244074,-6.3871167418498676,-3.4636144016146764,-0.1222955138159592,2.637388924287869,0.024705137446384626,0.03321910477564405,0.7762000000006708,3,optimal,312.526956414513,0,0,0.8930938640492481,0.4720009584028473,680,0.6120018535681186,1.3544305437789754,0.20171054956370096,running
MPC,56.309999999997366,52.8035003339506,37.38263450864351,2.4868840681025315,-6.51330353360189,-2.1907975403952307,-0.2078737540887587,2.4603147768848843,0.07961784034915087,0.02623215063403528,0.5233000000011145,2,optimal,312.7267140934609,0,0,0.8561055334169925,0.5121181359214028,692,0.6642724745134383,1.2900831982017795,0.20968660597172056,running
MPC,56.409999999997346,53.02862820932434,37.30507421456218,2.330110735146512,-6.65141906409475,-1.7841037167803269,-0.18945773452974252,2.3084736964244987,0.08293596081789566,0.09101488329754126,0.4823000000016009,2,optimal,313.1264737664109,0,0,0.8609696176726088,0.564042514780752,678,0.6032900834105654,1.3555852520861493,0.20049220035001988,running
MPC,56.509999999997326,53.23344666770244,37.19865595451963,2.301047176811321,-6.7944803457509915,-0.33074759253362584,-0.25114875542898374,2.2970359758931496,0.053697016727480146,0.03655093513418084,0.6671999999987577,3,optimal,313.3264408747467,0,0,0.8915379064072493,0.6401886256176215,720,0.7862372567191844,1.2729324876237291,0.21901940157552577,running
MPC,56.60999999999731,53.41899175996317,37.06119651860066,2.3195833751340933,-6.943675962726703,0.48065878917166993,-0.2222122623503365,2.349113055728488,0.024001196011981713,0.032291190899682576,0.5359000000009218,2,optimal,313.5262644719424,0,0,0.8601517745152392,0.6684775677214471,695,0.6773401297497683,1.4105019767496285,0.21187243445594103,running
MPC,56.70999999999729,53.58830529742964,36.9014996234727,2.335291259791038,-7.051229353282221,0.40731830163791577,-0.12167301976294555,2.360315205297885,0.02691743973982529,0.05433108953563082,0.5057999999991125,2,optimal,313.7262315802782,0,0,0.9061971944659499,0.6854842605181383,689,0.6512048192771083,1.472223630758377,0.2075805028346246,running
MPC,56.80999999999727,53.746819386961256,36.727999731430835,2.3636965859508337,-7.127247695279982,0.73657334908962,-0.09823823916592128,2.4089485947,0.06737825416825337,0.044557002458994965,0.599499999999864,2,optimal,313.925896422308,0,0,0.9039290293285237,0.673120332679631,686,0.6381371640407787,1.468137600183814,0.2055510376980303,running
MPC,56.90999999999725,53.89433590391304,36.542354951324405,2.378132036389455,-7.192923073078876,0.3743230412274365,-0.06617514097602469,2.4011288900735774,0.1017746821914417,0.0158754934854084,0.5494999999999806,2,optimal,314.1258635306438,0,0,0.8962316488165096,0.6472445048424035,696,0.6816960148285451,1.4005865085626792,0.21261932153731197,running
MPC,57.00999999999723,54.03154918510302,36.346344388669955,2.4060369328404376,-7.258613288048071,0.7235967972791886,-0.10082328656216032,2.450491716117374,0.07205856537421394,0.09569757027474068,0.5880999999998693,2,optimal,314.52527701655794,0,0,0.8277487125574988,0.6456573133777461,704,0.7165430954587584,1.376801538145274,0.21894209497805303,running
MPC,57.10999999999721,54.15279791121332,36.13461740024209,2.471275520611058,-7.359364967353608,1.6916899603178814,-0.17185365578448342,2.5752059288722258,0.0334928394757713,0.05944831838723097,0.5186000000012569,2,optimal,314.7248967293736,0,0,0.8598984881825125,0.6584548171077752,712,0.7513901760889712,1.383623054207916,0.22593517874601313,running
MPC,57.20999999999719,54.25228057017977,35.90346928341957,2.5569496618898757,-7.471824657080797,2.2216005835353485,-0.1335276477364273,2.693435578964593,0.04606435390206711,0.0016542301498931877,0.5197000000016772,2,optimal,314.9248638377094,0,0,0.8564378403362786,0.7269464605023794,718,0.7775254865616312,1.5012173600467393,0.22094939445953415,running
MPC,57.30999999999717,54.335530252560375,35.65616868215653,2.654455108100181,-7.542367995821648,2.528396001002526,-0.040649494056241305,2.809789261990128,0.10535853094861415,0.022780527548233565,0.5086999999992514,2,optimal,315.3247310625186,0,0,0.8538001365528765,0.6513578148911696,371,-0.7339666357738648,1.4590144451984906,0.22234991952811328,running
MPC,57.40999999999715,54.41591934978576,35.39519567763349,2.7957457805679575,-7.554799386934686,3.663782743745115,0.031957320960720875,3.0208333824746925,0.051263577533943845,0.03202379972268776,0.4800999999989841,2,optimal,315.5246972082232,0,0,0.8237773250875501,0.6168978309879375,372,-0.729610750695088,1.442150360676291,0.22148173646210823,running
MPC,57.50999999999713,54.50611934092858,35.12211720281847,2.9443832362504896,-7.5242308471428,3.854290843778372,0.05618138825327859,3.1811748649457945,0.07703327865210804,0.0008034001293228954,0.4620000000006286,2,optimal,315.724664316559,0,0,0.8606810967909326,0.6071270434806687,354,-0.8080166821130677,1.387180643193338,0.2144087504700342,running
MPC,57.60999999999711,54.60850322635194,34.837800749844796,3.0879718394962223,-7.500366092999916,3.723369969027214,0.031436165866241574,3.316720233153211,0.0553554886660958,0.02602115906535385,0.48969999999926017,2,optimal,316.1245984871791,0,0,0.8545228866430365,0.5889899674208702,370,-0.7383225208526414,1.5058501331236074,0.22322918788849236,running
MPC,57.70999999999709,54.719004574626155,34.53975341102357,3.2560249397515073,-7.499114420771041,4.357754393791322,-0.001397636526009764,3.5237472788753545,0.08758436704471549,0.027845251130174553,0.5363999999996594,2,optimal,316.32456556275804,0,0,0.8470331785693732,0.5716387838337144,361,-0.7775254865616312,1.478925242226427,0.22094939445953415,running
MPC,57.80999999999707,54.83268576815115,34.22540230608214,3.4166549149793743,-7.512618991342665,4.165266688091439,-0.008684491824266493,3.672551608560651,0.0301175442891925,0.015489425664611645,0.5740000000002965,2,optimal,316.72449974911524,0,0,0.8932156659200051,0.5442825232555712,713,0.755746061167748,1.5157374917638853,0.22600293112750477,running
MPC,57.90999999999705,54.948074755502766,33.893764177047316,3.5921214758848756,-7.526712914296831,4.549991494282777,-0.0035655300269326656,3.871654064407652,0.04011612780593347,0.0025210180743364674,0.5418999999999841,2,optimal,317.12443393744906,0,0,0.8502227506866598,0.5038761881319495,343,-0.8559314179796107,1.3337649357281907,0.20524858980469116,running
MPC,58.00999999999703,55.06646304426242,33.54376184766616,3.7823087369305846,-7.528366474784572,4.931711293668964,0.005680358124681872,4.085292605251772,0.06728975263803082,0.0019756101584311736,0.4959999999982756,2,optimal,317.5243681283687,0,0,0.8854600458698261,0.4817861298200287,356,-0.7993049119555145,1.4228244061951185,0.21621722807816315,running
MPC,58.10999999999701,55.193643516791006,33.17619983921351,3.9807048448571885,-7.513471347212022,5.144573409921748,0.005614383360355844,4.29676607792276,0.07678485694431199,0.017962427553781524,0.5684999999999718,2,optimal,317.92430232239093,0,0,0.8468471727969995,0.47250706965491096,719,0.781881371640408,1.4881328300350334,0.21997807798827246,running
MPC,58.20999999999699,55.33047759774526,32.791009737943014,4.178882639803525,-7.511259124781014,5.1389123757156385,-0.009155418029501644,4.494596082428752,0.06665359131787396,0.021249709401634398,0.4812000000011807,2,optimal,318.32423652002194,0,0,0.8699680419828223,0.4411351283068086,712,0.7513901760889712,1.5091366128645167,0.22593517874601313,running
MPC,58.30999999999697,55.47133400778097,32.38675307072219,4.367891736366131,-7.527302298313208,4.901160524625997,-0.012086482816357984,4.668998692266125,0.03797302599414054,0.006265404272621566,0.5220999999995257,2,optimal,318.7241707216716,0,0,0.8958722935143366,0.41824741024944123,709,0.7383225208526416,1.5159047215689943,0.2232291878884924,running
MPC,58.40999999999695,55.61440829731899,31.964301620550017,4.538860888326618,-7.530075717781987,4.433370000474961,0.0059666090589178605,4.811228736413627,0.008389780639739932,0.0045353652135506906,0.47359999999940783,2,optimal,319.12410492770886,0,0,0.8835530245095193,0.40501533901778836,728,0.8210843373493977,1.417271021633741,0.21178185999974475,running
MPC,58.50999999999693,55.7647124185609,31.527769336422615,4.683287515604551,-7.512722279501943,3.7451006178690194,0.013024946703334636,4.91337095011352,0.07020022844906693,0.022916853013701832,0.7954999999988388,3,optimal,319.5240391384855,0,0,0.8756538429142231,0.38496160908114196,722,0.7949490268767376,1.4408013508346997,0.21713917065507293,running
MPC,58.60999999999691,55.92495527460614,31.081451833650096,4.792316461741847,-7.494564027846346,2.8272097828513205,0.0253705251854267,4.966008493889683,0.05853039560374666,0.04106318112158913,0.716399999998174,3,optimal,320.1239404570158,0,0,0.8702402667658486,0.3565739031208896,714,0.7601019462465248,1.435279224466796,0.22496523842325897,running
MPC,58.70999999999689,56.09774843520585,30.630976626399,4.852829938022659,-7.457478049191185,1.5691639532130606,0.04421836095144377,4.949232857063153,0.04814848211087217,0.07579974979779092,0.7988000000000994,3,optimal,320.5238745787469,0,0,0.8722295288576855,0.3333314311217393,702,0.7078313253012047,1.4309866327474268,0.21730154451353453,running
MPC,58.80999999999687,56.28718885186156,30.184007464823182,4.856443504928544,-7.418055266504697,0.09370274655723916,0.015646964675331825,4.862200212678383,0.1183338768422417,0.10769104104104787,0.7730999999981947,3,optimal,321.12377553564886,0,0,0.8034398420307585,0.3052106835993614,700,0.6991195551436515,1.3493762519067798,0.2157016455530536,running
MPC,58.90999999999685,56.48685060938153,29.749328498329554,4.746399472356256,-7.39522098337146,-1.2523173668623373,0.0037386020749004506,4.73121176824231,0.12589733867010097,0.12106285163519281,0.7294000000008793,3,optimal,321.5237088268725,0,0,0.7857639134779925,0.2846491912487111,700,0.6991195551436515,1.2737899407545672,0.2157016455530536,running
MPC,59.00999999999683,56.690048174877724,29.3355931027079,4.539722733827299,-7.3717753692485335,-2.3520118532211747,0.002650572646265305,4.511198287034138,0.18163170623205552,0.11723217055378399,0.669600000000159,3,optimal,321.9236344485023,0,0,0.7085759096964104,0.2864544994161537,732,0.8385078776645041,1.1174428798925917,0.20843240730709414,running
MPC,59.10999999999681,56.892096137678834,28.948891878288503,4.273107327655795,-7.347699680373249,-3.034122756291204,0.00976539572734386,4.2363104581981785,0.22830016753619164,0.029321952843814003,0.721600000000322,3,optimal,322.5232579571445,0,0,0.7071773161239439,0.34951515464172744,745,0.8951343836886005,1.1909888159110742,0.19864329610943066,running
MPC,59.20999999999679,57.09363091433547,28.595153232963984,3.969158669233621,-7.288908862936906,-3.4589806887216197,0.08008754649927184,3.927209258783633,0.2190663249119097,0.03482649904845303,0.743599999998068,3,optimal,322.9227762143118,0,0,0.6702553292293587,0.42502033262883243,403,-0.594578313253012,1.7037807529250266,0.19930351586123124,running
MPC,59.30999999999677,57.30690251460078,28.286110486201185,3.6493609647756076,-7.1547580724243005,-3.639345176780926,0.13981125432822772,3.6052241515555288,0.19971503207405417,0.05706765088102905,0.5122000000010729,2,optimal,323.3220567626219,0,0,0.7458157326726786,0.4181621025413247,428,-0.4856811862835959,1.6545026217698002,0.1866892764154746,running
MPC,59.40999999999675,57.54264651054982,28.036564557952403,3.329962385126641,-6.968450758553219,-3.63480307742096,0.16812301448958872,3.2858806570335117,0.18673833831711187,0.08147175757592251,0.5148999999988746,2,optimal,323.72069396054496,0,0,0.7583542504503868,0.4271178461462108,439,-0.43776645041705287,1.5940120831943156,0.18228978800218867,running
MPC,59.50999999999673,57.79589482426427,27.855758594384984,3.0084207196132904,-6.7799040898589835,-3.659191711533236,0.1833893963537965,2.9640432139733175,0.1623016426776675,0.049398326827833294,0.5505999999986244,2,optimal,323.92066106888075,0,0,0.7961663694061555,0.41771571046086914,417,-0.533595922150139,1.389366375683057,0.19175741883582492,running
MPC,59.60999999999671,58.050294005722094,27.741012053572423,2.686323664754331,-6.611720904424577,-3.665512124431766,0.16220897663216044,2.6418695071701137,0.09464874986543226,0.28235021850510655,0.7770999999987538,3,optimal,324.31741857988004,0,0,0.8935422873704532,0.4198633532316279,434,-0.4595458758109361,1.316292567308957,0.18421116966966533,running
MPC,59.70999999999669,58.29471417165806,27.684773252127577,2.426201470001722,-6.428914884109182,-2.9602290499582544,0.3727994386517431,2.3903007597585053,0.04862810046167927,0.2939329527357897,0.5270999999993364,2,optimal,324.51449250711136,0,0,0.8923239242986076,0.43140100444205115,427,-0.4900370713623725,1.2096213824129538,0.18712129233245636,running
MPC,59.80999999999667,58.527268660207255,27.698292735337066,2.2941155534892848,-6.155371791714829,-1.5031572662315267,0.4188790204786391,2.275885743378569,0.08144667500465343,0.1838829095029375,0.7432999999998913,3,optimal,324.71445961544714,0,0,0.8453437484760585,0.5071937904897649,369,-0.742678405931418,1.1306197237357873,0.2241197071405647,running
MPC,59.90999999999665,58.736619408865835,27.776138252745508,2.214244673567926,-5.880333513598387,-0.9089424268997766,0.4066704223911157,2.2032213107993073,0.10957830168452652,0.03854022476455832,0.5283000000009253,2,optimal,324.91368801773586,0,0,0.843428452222893,0.5798947428445475,382,-0.6860518999073215,1.2427345618959518,0.21337555590733343,running
MPC,60.00999999999663,58.91782907463384,27.902926976806643,2.2161934892914807,-5.651847539004722,0.05053438626903802,0.2743096005908895,2.21929811219483,0.10213869922446989,0.01115780991544657,0.4939999999997724,2,optimal,325.31342402681656,0,0,0.8568507720870403,0.7465363954011934,376,-0.7121872103799816,1.4693399486175773,0.21811666573475305,running
MPC,60.10999999999661,59.07942219700157,28.059322581321695,2.278783545404471,-5.505461082664585,1.623011367357674,0.14273499990537572,2.378494626027248,0.07172509869329947,0.09960366763083517,0.6268000000009266,2,optimal,325.51339113515235,0,0,0.8647820149284458,0.782220369224858,741,0.8777108433734941,1.309077668192079,0.2014875443267371,running
MPC,60.20999999999659,59.234080414500355,28.233003969574035,2.3657236282114984,-5.439518147173043,2.2544274831787243,0.002914100762075274,2.5042262937223434,0.04789000135776722,0.11158135018742854,0.5655000000004407,2,optimal,325.7133098086954,0,0,0.8583832812583562,0.7168634403850733,741,0.8777108433734941,1.245202210177394,0.2014875443267371,running
MPC,60.30999999999657,59.39482310080595,28.413573768166884,2.4617722042923122,-5.446249807994903,2.4906181665065596,-0.06254654216988947,2.6147854448621546,0.05192640868853526,0.0745809795447041,0.6198000000008363,2,optimal,325.91327691703117,0,0,0.8537052870464598,0.7093428480058181,742,0.8820667284522705,1.2672969470777613,0.20076314597215372,running
MPC,60.40999999999655,59.56787545514618,28.595924067719565,2.558571335125727,-5.479230224857745,2.5100806653593906,-0.03295239103109158,2.7127802708282513,0.07877797275386375,0.01235636132087059,0.4974000000004253,2,optimal,326.11323838796824,0,0,0.8085912201574383,0.6809735370030906,378,-0.7034754402224281,1.494918248767552,0.216496585417684,running
MPC,60.50999999999653,59.75020120884694,28.782550634045585,2.6521985522903955,-5.480355063774368,2.427830348610046,0.048860737636408615,2.8013543699867314,0.09588677858828984,0.05749491200251455,0.5214000000002272,2,optimal,326.5131624443425,0,0,0.8513009627560657,0.6395339315092998,373,-0.7252548656163114,1.4451123893505304,0.22062447658991918,running
MPC,60.60999999999651,59.930361600884915,28.983924386067148,2.745811728223699,-5.418082627452906,2.4274662479919624,0.13700763162316879,2.8949451770895918,0.046271230488270976,0.04688362350139297,0.5617000000004424,2,optimal,326.7130356328024,0,0,0.8458844198758321,0.6061669793847806,386,-0.6686283595922151,1.4719050239128566,0.2104061992652272,running
MPC,60.70999999999649,60.0961285157213,29.20717860923011,2.8119495028147745,-5.320242525439745,1.715006610303648,0.11263584889819375,2.9173123892540636,0.0813777486101225,0.0049906803304287095,0.5611999999999284,2,optimal,326.9130027411382,0,0,0.8722166960581138,0.5737714186781508,371,-0.7339666357738648,1.3921718621260184,0.22234991952811328,running
MPC,60.80999999999647,60.24742102451694,29.4482036235842,2.875480739798425,-5.24633584123414,1.6474169574255884,0.07483550914362117,2.9766911985573334,0.05167148317056279,0.034194515136160675,0.4886000000006163,2,optimal,327.31278011753085,0,0,0.8613303064392197,0.5954726886188647,386,-0.6686283595922151,1.5242928691648847,0.2104061992652272,running
MPC,60.90999999999645,60.386613109898924,29.70530164971061,2.96546356659964,-5.182666633421946,2.3333283245777197,0.08007975979757749,3.1088135722561967,0.06245141253964103,0.008927799691270444,0.478900000000948,2,optimal,327.51263457241447,0,0,0.8895664234007675,0.5795563050880096,368,-0.7470342910101946,1.4477468751110476,0.22502164647011183,running
MPC,61.00999999999643,60.51476816822899,29.978469499940502,3.062047569994579,-5.129717246352059,2.504502234858427,0.05390944791407187,3.2159137900854824,0.04909432880564988,0.01828680800895377,0.5550000000003052,2,optimal,327.9125117812936,0,0,0.8636457775523609,0.5559296512289614,364,-0.7644578313253012,1.4138231952751106,0.2239412608755995,running
MPC,61.10999999999641,60.63581430403717,30.267402719899486,3.193160050356125,-5.0899967653014215,3.399853894444505,0.041305534363629264,3.4020329594390293,0.07485895152826787,0.0010600722617271074,0.5700999999991296,2,optimal,328.11247888962936,0,0,0.8703314491937432,0.5782700738840044,365,-0.7601019462465246,1.5083010907490766,0.22496523842325905,running
MPC,61.20999999999639,60.752061944720914,30.572414183133912,3.3246874318521584,-5.064401174341325,3.410612620341599,0.013107571815280506,3.534221312390285,0.01970969498886063,0.0007512762120001071,0.5475999999990933,2,optimal,328.51239602888853,0,0,0.8724274564670526,0.5543363151041573,720,0.7862372567191844,1.4696075261681256,0.21901940157552577,running
MPC,61.30999999999637,60.86948166322327,30.89238256096538,3.479577256943752,-5.0630040084465,4.016419898360269,-0.0036067902910594187,3.7263294216881855,0.06308680681520511,0.004260105913771461,0.5057999999991125,2,optimal,328.9123291102418,0,0,0.8756654791979276,0.522529911124408,366,-0.755746061167748,1.490303120160604,0.22600293112750477,running
MPC,61.40999999999635,60.99336922206822,31.22783827497947,3.658159407561116,-5.064662640016476,4.630781284744809,0.0018724666560540136,3.9426553854182327,0.09881847133818342,0.007901043305598598,0.5406999999983952,2,optimal,329.1122958314669,0,0,0.8901722774985416,0.5086839199654821,355,-0.803660797034291,1.4438250533559887,0.21530714918272373,running
MPC,61.50999999999633,61.12014673467536,31.580458108031156,3.8230318754426156,-5.050180877740001,4.275277993886504,0.005080194987415013,4.085687206949766,0.07375378304186962,0.00011979999178812761,0.46820000000025175,2,optimal,329.5122287656875,0,0,0.8705917442812507,0.4788874120566544,369,-0.742678405931418,1.5146347602325654,0.2241197071405647,running
MPC,61.60999999999631,61.247915506822785,31.950641252750795,3.995474922704505,-5.034976711002452,4.471589311608836,0.005546144261420199,4.270190806603499,0.06567445123056724,0.005461426637515032,0.5562000000001177,2,optimal,329.91216032911177,0,0,0.8879207944458972,0.46747618138413954,384,-0.6773401297497683,1.6045161490326616,0.21187243445594103,running
MPC,61.70999999999629,61.37596237617105,32.33946678471802,4.177371376754917,-5.019632850963509,4.716723884588449,0.006142644196132577,4.46714731116335,0.07520503667071454,0.007616973049341169,0.5202000000004148,2,optimal,330.31209025916604,0,0,0.8654246327347659,0.44608412282171067,364,-0.7644578313253012,1.5103429893812075,0.2239412608755995,running
MPC,61.80999999999627,61.503819918423424,32.74778070537753,4.364970788490868,-5.004023736744518,4.864606243640516,0.007734322042341066,4.663832001118968,0.09897729661820157,2.956314469493293e-05,0.6487000000028331,2,optimal,330.9119866142453,0,0,0.8720954310271892,0.41209749188957895,351,-0.8210843373493977,1.3848494370630215,0.21178185999974475,running
MPC,61.90999999999625,61.63136877380968,33.177478662184136,4.5822880720266905,-4.9883547894934885,5.635214975126521,0.02020306050159762,4.92849228600352,0.051269235621431875,2.7013912840878618e-05,0.47209999999964225,2,optimal,331.3119163330049,0,0,0.8982324919562593,0.40037686429947844,361,-0.7775254865616312,1.4664031336177774,0.22094939445953415,running
MPC,62.00999999999623,61.758318637221926,33.62994210261702,4.799148541388634,-4.9724154130035165,5.623369409824005,0.023159524915384214,5.144625013009091,0.023915841923612628,0.00017160292936413413,0.47040000000109217,2,optimal,331.71184670032005,0,0,0.855906111717977,0.3780677471164892,353,-0.8123725671918443,1.4050391300623788,0.21352185245425553,running
MPC,62.10999999999621,61.88372847385387,34.10461088398187,5.00369648750411,-4.956025941166037,5.304095607707583,0.02615403194809317,5.3295581021593925,0.08815169083713877,0.007016287727968695,0.4569000000014256,2,optimal,332.3117427941103,0,0,0.8761684596750802,0.36087891205695405,368,-0.7470342910101946,1.4957375703137716,0.22502164647011183,running
MPC,62.20999999999619,62.00432077741976,34.60191359838468,5.2141367224412205,-4.921665637469704,5.456887478032895,0.04019723118737849,5.549385235307399,0.02413986091504776,0.011294800845933928,0.9559999999986246,3,optimal,332.7116759095731,0,0,0.873627159398453,0.34259968812662983,365,-0.7601019462465246,1.46740573372745,0.22496523842325905,running
MPC,62.30999999999617,62.11323030079954,35.12224424548484,5.403214247175699,-4.886304112326881,4.902934923111863,0.030661339979372315,5.704430214752406,0.044455325221779654,0.02217643501974642,0.5372000000001265,2,optimal,333.31157574625644,0,0,0.8937112438403719,0.3349793002636077,714,0.7601019462465248,1.4908613390992067,0.22496523842325897,running
MPC,62.40999999999615,62.21212953731676,35.66318312301647,5.580890519241522,-4.870000476209178,4.607291112696686,0.020803300254940163,5.8639433584453675,0.09432838682293648,0.013598471443740934,0.4823999999992168,2,optimal,333.91147453342336,0,0,0.8514923962517305,0.3219246513892925,351,-0.8210843373493977,1.3970767056546625,0.21178185999974475,running
MPC,62.50999999999613,62.298605972247344,36.223227693379606,5.740796372838224,-4.8192118923095,4.146489621705531,0.06669948004009173,5.9955394814120755,0.07404506845135782,0.04784194712237344,0.7644999999989466,3,optimal,334.3114051740775,0,0,0.8755197094931892,0.30595503509441946,700,0.6991195551436515,1.5226388548341818,0.2157016455530536,running
MPC,62.60999999999611,62.35917785527855,36.800095267020886,5.8518957013656685,-4.762594579566564,2.880896492253251,-0.042201316002572715,6.028886022063549,0.06311480312231921,0.0802036039005003,0.849099999999936,3,optimal,334.9112971565865,0,0,0.8306063294217985,0.2810495163484592,728,0.8210843373493977,1.3112305299443239,0.21178185999974475,running
MPC,62.70999999999609,62.41553744840207,37.38530714895551,5.902895771983026,-4.849571432516467,1.3224735603142734,-0.11785020617882101,5.9841430573970955,0.062042174136491164,0.031040270639469902,0.8623000000014258,3,optimal,335.5111930957882,0,0,0.837365938546043,0.30475043400310514,734,0.8472196478220577,1.3875336466907386,0.20682039817249392,running
MPC,62.80999999999607,62.50246486934845,37.96850606310239,5.89407626731581,-4.938942147037891,-0.10036726757193679,0.1326981122366064,5.8928590452258325,0.03434446351054899,0.14374970578136193,0.7219999999996674,3,optimal,336.11108311762644,0,0,0.8865656660337828,0.25426208096913955,380,-0.6947636700648749,1.3679021079619935,0.21491658495418048,running
MPC,62.90999999999605,62.58602087387256,38.54444168800677,5.782897440157019,-4.773094292985183,-1.2652314970998457,0.15698997622747957,5.767553117605825,0.03193070413544045,0.0011738976028476955,0.7588999999992296,3,optimal,336.71097885254744,0,0,0.8878223499389963,0.2954051154284619,360,-0.7818813716404078,1.4554723305495925,0.21997807798827249,running
MPC,63.00999999999603,62.61011740301736,39.10843094675041,5.58134819239277,-4.560959594931574,-2.293660249931364,0.06600067504335108,5.553531415163882,0.035706934566133754,0.188607378163117,0.75099999999928,3,optimal,337.3108698208009,0,0,0.8256649976212396,0.2730592807973437,713,0.755746061167748,1.3751898071343118,0.22600293112750477,running
MPC,63.10999999999601,62.557020630818045,39.6456181262316,5.310208974896764,-4.4403637801954785,-3.085604398263595,-0.0575475771088509,5.272787752566411,0.0973146621493862,0.28000950666146096,0.7970000000003807,3,optimal,337.9107649068776,0,0,0.8811174750389694,0.24193842373234623,707,0.729610750695088,1.2280729081518098,0.22148173646210823,running
MPC,63.20999999999599,62.466798625065046,40.14758375128625,4.993180021356164,-4.5087419435445195,-3.6078363818254537,-0.14634808227854162,4.949425336714218,0.13150888323969823,0.17984781679075912,0.6744999999988011,3,optimal,338.3106848954913,0,0,0.8050206623381438,0.24345950085044435,713,0.755746061167748,1.1668663105219559,0.22600293112750477,running
MPC,63.30999999999597,62.403163359144514,40.61911756865324,4.641096325202741,-4.699036542306974,-4.006764537571551,-0.11926413081796741,4.5925035675990085,0.1953902424709296,0.07852193689773834,0.7113999999983633,3,optimal,338.9105284844872,0,0,0.7356282813403502,0.3474433463653011,731,0.8341519925857277,1.374734715112128,0.20925385860619153,running
MPC,63.409999999995954,62.39491061884049,41.05873727199747,4.275558660831624,-4.820466182678837,-4.1598726858136255,0.05310503089012365,4.2251090566213785,0.13811506190223471,0.25978786483876704,0.4956000000007066,2,optimal,339.31042928604245,0,0,0.7580852465008604,0.32115627298039967,412,-0.5553753475440222,1.460799608021821,0.19430327888470372,running
MPC,63.509999999995934,62.40862444285536,41.461840886263076,3.9101727698054365,-4.743167545460539,-4.158145482700119,0.2195040156927951,3.8597441125616125,0.06518733646316462,0.2672939959961589,0.805899999999582,3,optimal,339.7103214187444,0,0,0.8452902382963334,0.31162589417244435,382,-0.6860518999073215,1.2443046940668818,0.21337555590733343,running
MPC,63.609999999995914,62.37829089557574,41.827477667657476,3.5564929049614555,-4.470136825721192,-4.024929173353286,0.28302477665342207,3.507679852470108,0.09621426887261195,0.14141464783396263,0.7270000000012544,3,optimal,340.11021388346006,0,0,0.8253798817402396,0.33975168863793126,403,-0.594578313253012,1.2998025966957387,0.19930351586123124,running
MPC,63.709999999995894,62.26676007791111,42.14394708874299,3.269996035571302,-4.17762907217936,-3.26037674831022,0.24987271977743644,3.2304552301304335,0.06431234748173134,0.05497762042446919,0.6217999999993395,3,optimal,340.31001746280367,0,0,0.8446277187550065,0.4089897220124654,371,-0.7339666357738648,1.3024013527066454,0.22234991952811328,running
MPC,63.809999999995874,62.092750829311576,42.39843192094834,2.9963037597859246,-3.976854097149783,-3.1146585792096606,0.09664344006735369,2.958530177650336,0.07451910123487797,0.0921430906412728,0.6976999999999123,3,optimal,340.70976176582064,0,0,0.8568686716177958,0.519017162500817,332,-0.903846153846154,1.247138794341344,0.19727332187940388,running
MPC,63.909999999995854,61.89146979120012,42.613576833193164,2.9218924388902634,-3.9135136304475915,-0.846811837684957,0.013597908022864588,2.911622576017429,0.04041809166552029,0.0940970093056932,0.7353999999999417,3,optimal,340.90972887415643,0,0,0.904317961257049,0.5795158581755909,730,0.8297961075069509,1.382205056912021,0.21008581223244965,running
MPC,64.00999999999584,61.683665357533506,42.81975165262687,2.931947348114856,-3.9219557820264033,0.2607320233074007,-0.04043290691407168,2.9479656412210034,0.07717223636921629,0.03843236749248957,0.49729999999925667,2,optimal,341.3096273282867,0,0,0.8605417349395846,0.5884003314133621,716,0.768813716404078,1.4586121984489335,0.22293077345441878,running
MPC,64.10999999999589,61.476384520768775,43.03241011397272,3.001827659105876,-3.946128502415493,1.8120536413671124,-0.017700313736021364,3.1131527122515674,0.020099137708355936,0.001229050572071344,0.4889999999999617,2,optimal,341.50958210710195,0,0,0.8727769144523931,0.5684411741294038,356,-0.7993049119555145,1.3782069632837322,0.21621722807816315,running
MPC,64.20999999999594,61.26534297546102,43.252445662191825,3.088887608624799,-3.947476618334093,2.257535725095368,0.01682547759592436,3.227581231615413,0.07526950557186651,0.02478645936763213,0.4855999999993088,2,optimal,341.9095055477005,0,0,0.8885022412195716,0.5522143349645523,360,-0.7818813716404078,1.3962301404403283,0.21997807798827249,running
MPC,64.309999999996,61.04336576936445,43.47686402319383,3.2143872495376047,-3.919551441365355,3.2543083750090407,0.04713274149992097,3.4143184461257032,0.041727373709837395,0.008326070679329334,0.6637000000004889,2,optimal,342.1094726560363,0,0,0.8486810451886461,0.5477021059412823,367,-0.7513901760889712,1.4621949393460913,0.22593517874601313,running
MPC,64.40999999999605,60.804610242642774,43.702202718776945,3.3418210370639247,-3.878569505322738,3.3044623792521963,0.03548177704913481,3.5448334874628245,0.032660856135258945,0.013273969297195709,0.46339999999922554,2,optimal,342.50939821733454,0,0,0.8513256243275495,0.5345392059787174,368,-0.7470342910101946,1.4856890861735959,0.22502164647011183,running
MPC,64.5099999999961,60.548162787014085,43.92902708008782,3.4934935987485374,-3.8519853834214235,3.9329936257924962,0.011635738358516069,3.7351203996431743,0.08907460733010379,0.02397753101545863,0.4987999999972459,2,optimal,342.9093261054216,0,0,0.9062679248711415,0.5203996175919843,713,0.755746061167748,1.4916376585400482,0.22600293112750477,running
MPC,64.60999999999615,60.276187629612664,44.16313204579713,3.6694851435784503,-3.850531671040224,4.563604756994389,-0.006670892411388738,3.9498540744479764,0.06998265670299754,0.01899346263642654,0.5489000000000743,2,optimal,343.109289091224,0,0,0.8709563847919788,0.4944021414476893,718,0.7775254865616312,1.4518346808244322,0.22094939445953415,running
MPC,64.7099999999962,59.99294411401125,44.41000285475314,3.8321042917794808,-3.865422056001625,4.216847570863855,-0.008581537942725384,4.091169900664836,0.04611534817934644,0.006614217532042499,0.5332999999989596,2,optimal,343.5092210265541,0,0,0.8665979922827608,0.4797209559811204,347,-0.8385078776645043,1.385341113705182,0.2084324073070941,running
MPC,64.80999999999625,59.699189165213376,44.670202836796186,4.00270556861288,-3.867592502122286,4.423830697427256,0.009098477221991946,4.2744873615222065,0.03816742463166218,0.016003226959818484,0.5222000000006943,2,optimal,343.9091542887765,0,0,0.889438303292604,0.4516328757024752,362,-0.7731696014828544,1.460599641589896,0.22193355627601147,running
MPC,64.9099999999963,59.39052877892341,44.94009097073476,4.18314972243866,-3.851968848838002,4.679064551464675,0.016324720598710492,4.470612023759347,0.048266699665039395,0.004108508331233107,0.5129000000003714,2,optimal,344.3090883031628,0,0,0.8698575978056111,0.44176889860640384,379,-0.6991195551436515,1.5691522108728992,0.2157016455530536,running
MPC,65.00999999999635,59.06445961110345,45.217964750934726,4.370145105596688,-3.8359119219833895,4.848943288387539,0.005449659041093664,4.668044051277414,0.0767107215521827,0.011537604136997448,0.622100000001069,2,optimal,344.7090225192934,0,0,0.8687648965597627,0.42600483620594204,734,0.8472196478220577,1.3866559131939484,0.20682039817249392,running
MPC,65.1099999999964,58.72098591137445,45.504404978813504,4.559470315672665,-3.8336419198273255,4.909357606677702,-0.009127495755207733,4.861080866264458,0.07606856440296933,0.015478958188193115,0.4629999999998802,2,optimal,345.3089238156202,0,0,0.9002304538463837,0.393990749642593,703,0.7121872103799816,1.5214037934752322,0.21811666573475305,running
MPC,65.20999999999646,58.36321678878821,45.80561001255659,4.776742373523625,-3.850748023439403,5.634042236113558,-0.014341949642700538,5.1228745392840205,0.010316156323193148,0.0005964673509133434,0.5090000000009809,2,optimal,345.70885801353893,0,0,0.8560469742642496,0.385015878614256,718,0.7775254865616312,1.471986867885409,0.22094939445953415,running
MPC,65.3099999999965,57.99286418206002,46.12545484761992,4.992994415297815,-3.8678742660757646,5.607592384646808,-0.0033593797648954348,5.337501611988306,0.081221609025829,0.01686655270806181,0.5818000000008539,2,optimal,346.1087922196996,0,0,0.8736501822965728,0.35902979068374463,348,-0.8341519925857275,1.3613964348793515,0.20925385860619156,running
MPC,65.40999999999656,57.61047776896632,46.46346844642932,5.197911679349849,-3.8703450551804788,5.31367232398534,0.010102929979635088,5.524361647696349,0.008863360268888508,0.018364972188728235,0.4597000000003959,2,optimal,346.70869353863725,0,0,0.8991263739947997,0.3297213573780244,362,-0.7731696014828544,1.4001892256420843,0.22193355627601147,running
MPC,65.50999999999661,57.21109915753083,46.81420825381246,5.41527602404149,-3.8514310445994497,5.636435309403244,0.013987546937847262,5.761555210290173,0.07728907104710472,0.0010990977226845722,0.5131999999985482,2,optimal,347.3085948630338,0,0,0.868422713428431,0.3438522494884566,376,-0.7121872103799816,1.5709957694939416,0.21811666573475305,running
MPC,65.60999999999666,56.7903157378737,47.17454122316514,5.6460338589037065,-3.8331217696084696,5.983739468328962,0.0018047453709045499,6.013649970874386,0.07741519082227206,0.01956699499689396,0.5467000000010103,2,optimal,347.7085290796371,0,0,0.8635528939666682,0.3155437838568716,739,0.8689990732159409,1.3061221457724035,0.20296376061118723,running
MPC,65.70999999999671,56.34818688429045,47.543803456436564,5.85799452000204,-3.8305898772830056,5.496313372434343,-0.01151566890066372,6.195665196147141,0.053301526281700894,0.022032443575018323,0.614699999999857,2,optimal,348.3084304045448,0,0,0.8547275786051384,0.30476231093019895,721,0.7905931417979613,1.4284534088351608,0.21807316453493353,running
MPC,65.80999999999676,55.890618932990286,47.92745184899239,6.067688929538441,-3.8514467066449054,5.437547615144264,-0.015461174874745848,6.401749281516467,0.05146744732665791,0.0009322648834855229,0.5441999999984404,2,optimal,348.9083317285828,0,0,0.8649055703604123,0.29229398183415545,715,0.7644578313253012,1.4597756455773456,0.2239412608755995,running
MPC,65.90999999999681,55.4220307437878,48.33031141657092,6.274972261219746,-3.8714422981045757,5.375026393572918,-0.003296411653740837,6.605191568895733,0.06930013277303797,0.01929623238253564,0.5229000000017692,2,optimal,349.5082330530893,0,0,0.8589820097232039,0.284449893772986,367,-0.7513901760889712,1.4871593923400845,0.22593517874601313,running
MPC,66.00999999999686,54.943563169794714,48.75283100246908,6.475432433514466,-3.8742345124733855,5.198096287842832,0.009751242945880775,6.794781890004029,0.09316021968236773,0.02236609746113194,0.47120000000155926,2,optimal,350.3081014855186,0,0,0.8849879365166333,0.27536960112841113,378,-0.7034754402224281,1.5342186803875548,0.216496585417684,running
MPC,66.10999999999692,54.44947555125597,49.18866729028115,6.684728353590598,-3.8514775121311624,5.427214457387999,0.011481122342341917,7.018153879253266,0.03474502889462211,0.00020581670761243842,0.655200000000633,2,optimal,350.9080028097956,0,0,0.8609902112064338,0.27191373044286704,379,-0.6991195551436515,1.5634025792948167,0.2157016455530536,running
MPC,66.20999999999697,53.93526775773186,49.63133728829834,6.870587404745317,-3.8297684228160898,4.8194772697737545,0.0002718344260001813,7.1666760805679735,0.04482538528909501,0.021745913622519986,0.5585999999997426,2,optimal,351.5079041345213,0,0,0.8707368413146052,0.2612418032345015,708,0.7339666357738648,1.5190410286722371,0.22234991952811328,running
MPC,66.30999999999702,53.401933727339554,50.07759433701314,7.025211841089822,-3.826169026613273,4.009538151002282,-0.011196047502796203,7.271541219845545,0.06021908418790946,0.02515094342236246,0.5800999999987511,2,optimal,352.3077725674645,0,0,0.8716517521586276,0.25407669737624905,717,0.7731696014828544,1.471300707825702,0.22193355627601147,running
MPC,66.40999999999707,52.85693263824502,50.532828026491465,7.165861655364055,-3.850991234511075,3.647164766424454,-0.014300830983004024,7.389928317732267,0.05151349692363551,0.0002054391389569865,0.5620999999997878,2,optimal,352.907673892266,0,0,0.8649189734389462,0.25336332974840203,709,0.7383225208526416,1.539663752233529,0.2232291878884924,running
MPC,66.50999999999712,52.30783376983833,51.00271602195941,7.2793363780635305,-3.8757568914442544,2.942492406725693,-0.0030180751592102095,7.460110896036625,0.030423597347785457,0.024696531220826046,0.5068999999995327,2,optimal,353.7075423255435,0,0,0.8654374698866494,0.24746202804708553,350,-0.8254402224281743,1.4136254792716496,0.21092842571338713,running
MPC,66.60999999999717,51.758000218761985,51.4881404906837,7.381611546535693,-3.8810072712326154,2.652078801927933,0.011255904208494347,7.544544258256324,0.0937248095406343,0.03005044407347013,0.5206999999991524,2,optimal,354.5074107588746,0,0,0.8738381262513353,0.2340714732585214,365,-0.7601019462465246,1.459882762299069,0.22496523842325905,running
MPC,66.70999999999722,51.202126482460194,51.98156585223871,7.476404093181421,-3.8547769932620137,2.458048295548164,0.01602279978783542,7.627416376090509,0.05039460403581892,0.003873797915398214,0.5570000000005848,2,optimal,355.1073120838549,0,0,0.8641961652014318,0.24006808413837785,345,-0.8472196478220575,1.3800665544436275,0.20682039817249398,running
MPC,66.80999999999727,50.6345163020428,52.474046006366784,7.547608177203326,-3.827634410986327,1.8463801591936773,0.00472973027067569,7.661042109100789,0.012905737459682947,0.0232249387819512,0.4915000000007552,2,optimal,355.9071805171854,0,0,0.8743996468663477,0.23277055051908474,718,0.7775254865616312,1.4611675525977665,0.22094939445953415,running
MPC,66.90999999999732,50.0538904710587,52.96153649715331,7.610229136855279,-3.820763474108021,1.6238127214088236,-0.010569619633405298,7.709989449344208,0.04082431277328237,0.030085274364563652,0.6196999999996677,2,optimal,356.70704895052745,0,0,0.8764030321997711,0.22824174737570121,707,0.729610750695088,1.5056253118418719,0.22148173646210823,running
MPC,67.00999999999738,49.46666726867769,53.45050726717142,7.668125192732948,-3.8476695907063365,1.501292100537496,-0.016464573736931082,7.760358346909028,0.07666349160054238,0.0032020353998216677,0.5709000000013731,2,optimal,357.50691738386087,0,0,0.8870500645304827,0.23189530039190503,371,-0.7339666357738648,1.5327375265621317,0.22234991952811328,running
MPC,67.10999999999743,48.88045980889387,53.94930146255017,7.721712460954796,-3.876273483506276,1.3895617110919098,-0.0035785714369730728,7.807081363842139,0.09396422088833804,0.025362115792603834,0.5084999999986906,2,optimal,358.1068187088524,0,0,0.8894467881807304,0.22773307358261827,372,-0.729610750695088,1.5232223529673834,0.22148173646210823,running
MPC,67.20999999999748,48.299415164942225,54.460492795957435,7.75391804414071,-3.8844114886509717,0.835117123217817,0.012574423159864142,7.805224173276578,0.0674063105266213,0.033418388827480605,0.5150000000000432,2,optimal,358.90668714213155,0,0,0.9028058230998537,0.22118255308914803,374,-0.7208989805375348,1.502780135661133,0.2197779812188762,running
MPC,67.30999999999753,47.71874223702782,54.976472982645014,7.779982874196943,-3.8572988878694514,0.6758823700867406,0.02011344657120779,7.821506281149384,0.04597392833727214,0.006190645429520192,0.5150000000000432,2,optimal,359.7065555753687,0,0,0.8605187131289272,0.2247980475511379,366,-0.755746061167748,1.4945365069928649,0.22600293112750477,running
MPC,67.40999999999758,47.13098035442023,55.488168106178584,7.804096516981338,-3.827345399255609,0.6252864876303276,0.007144679887646027,7.842511522959976,0.029593741925628712,0.023911553051346957,0.4779999999993123,2,optimal,360.50642400859556,0,0,0.8853921998265467,0.21921582315012117,710,0.742678405931418,1.4804897330278375,0.2241197071405647,running
MPC,67.50999999999763,46.53286717924035,55.991413248989296,7.827386970641461,-3.818318558386132,0.6039405200892928,-0.009774929318841417,7.864490568990267,0.011163932091674732,0.033120345432604115,0.46949999999945646,2,optimal,361.3062924418522,0,0,0.8741317786775659,0.21435433818556063,724,0.8036607970342913,1.3763865135869122,0.2153071491827237,running
MPC,67.60999999999768,45.930190666259776,56.49277422862609,7.849873452575692,-3.8455697282851666,0.5830928754122964,-0.017468459488001457,7.885696258182691,0.010997671868984246,0.0060845539839617935,0.530100000000644,2,optimal,362.10616087493116,0,0,0.859132144837533,0.21840687151075144,738,0.8646431881371641,1.3130660442302995,0.2037158366078793,running
MPC,67.70999999999773,45.33077771152621,57.00141464635716,7.871313357165464,-3.8759478167576495,0.5559542685414226,-0.004692177822385661,7.905468879429835,0.02564077458445462,0.024053898686639208,0.6305999999991485,2,optimal,362.9060293077794,0,0,0.8701209381454644,0.22023569878291607,348,-0.8341519925857275,1.370687210911612,0.20925385860619156,running
MPC,67.80999999999779,44.73843993678212,57.521430646598944,7.89146217544317,-3.885276289337457,0.5224753440787251,0.01193308745117418,7.923560891573336,0.03607695947150884,0.033169727548422845,0.5763999999981451,2,optimal,363.70589774067105,0,0,0.8643990796157517,0.21375845517919673,354,-0.8080166821130677,1.3769457844068709,0.2144087504700342,running
MPC,67.90999999999784,44.14766002410222,58.04614111260175,7.9101138045074775,-3.857927019825889,0.48365200274725634,0.019318615262661636,7.939827375717895,0.04752269690428355,0.00565088145684145,0.4749000000003889,2,optimal,364.50576617370035,0,0,0.8575884020276539,0.2234716293950794,349,-0.8297961075069509,1.4005066143991478,0.21008581223244965,running
MPC,68.00999999999789,43.55052228988211,58.56628567033961,7.926938298490369,-3.8272104898435044,0.43627289509022793,0.006346901929325429,7.9537410940165,0.05647347109752593,0.025191850826078888,0.5491000000006352,2,optimal,365.3056346068716,0,0,0.8677907915104022,0.22262037345169644,719,0.781881371640408,1.4695308591880627,0.21997807798827246,running
MPC,68.10999999999794,42.943479833303684,59.07730366093497,7.941950964956963,-3.8175652430351064,0.3892907251216705,-0.01055445569317146,7.9658673710025365,0.060824801120692135,0.034920294252715145,0.4783000000010418,2,optimal,366.10550304014777,0,0,0.8663204106689415,0.2184182294405489,712,0.7513901760889712,1.4911304971380628,0.22593517874601313,running
MPC,68.20999999999799,42.332318239325105,59.58557054258584,7.954866362990577,-3.8449729648745907,0.3349068386304442,-0.018344725749957387,7.975441648820007,0.06559771405324921,0.007552527268008813,0.4789999999985639,2,optimal,366.90537147347845,0,0,0.8870950345944737,0.22093070495513753,715,0.7644578313253012,1.4903523930075042,0.2239412608755995,running
MPC,68.30999999999804,41.72511069093204,60.100377854343115,7.965826586968032,-3.876027694322637,0.2842075755945091,-0.005820390085880641,7.983287120550028,0.07015863163355204,0.023505322456724098,0.7080000000012632,2,optimal,367.70523990682113,0,0,0.8907287416069273,0.21924899269896383,372,-0.729610750695088,1.5215903881800745,0.22148173646210823,running
MPC,68.40999999999809,41.1259536524496,60.6260510623258,7.974976029705012,-3.886015786392351,0.2372525364140634,0.010782486510572863,7.989551840609439,0.07214650055427596,0.03354126124297663,0.524500000000927,2,optimal,368.5051083401611,0,0,0.908143780186252,0.21662904547881187,366,-0.755746061167748,1.4818471170008864,0.22600293112750477,running
MPC,68.50999999999814,40.52945806199757,61.15596857963029,7.982144217698602,-3.8586053761669183,0.1858769798184994,0.0184195833731521,7.993563727686862,0.07454612796178207,0.0062214510578648685,0.6477000000000288,2,optimal,369.30497677346375,0,0,0.8869592182917792,0.21294558433214564,363,-0.7688137164040778,1.4435140361107501,0.22293077345441883,running
MPC,68.6099999999982,39.92756962285409,61.680697308652704,7.987677129838192,-3.8272775532620464,0.14347293891118834,0.0057612371273965245,7.996491511589721,0.07661762172651944,0.02497243795888293,0.5262999999988693,2,optimal,370.1048452066625,0,0,0.8586726029338099,0.21876809006116488,738,0.8646431881371641,1.3368702937052208,0.2037158366078793,running
MPC,68.70999999999825,39.31649301189105,62.19545255782768,7.991940211698827,-3.8170006558518326,0.11054520077912285,-0.011045263581328305,7.998731649916104,0.0765506655900349,0.0350721628837487,0.528700000002047,2,optimal,370.9047136396874,0,0,0.8717160081680699,0.22145752064800547,740,0.8733549582947173,1.338332354028744,0.20222103997141733,running
MPC,68.8099999999983,38.70186965713673,62.706546599881804,7.99504840066272,-3.844383297791475,0.08059788301173058,-0.018873141680814765,8.0,0.07750541371699375,0.007469045911353778,0.5556000000002115,2,optimal,371.70458207248726,0,0,0.8686043991204546,0.22369364666081187,364,-0.7644578313253012,1.5142609239355445,0.2239412608755995,running
MPC,68.90999999999835,38.09180589907687,63.223442847135374,7.996957942928428,-3.875880687823294,0.049515993372797454,-0.006240318216479536,7.999999999999999,0.07864445090334178,0.024291756734199144,0.6164999999995757,2,optimal,372.50445050505937,0,0,0.8633406401209308,0.21783677724151498,361,-0.7775254865616312,1.462114581683715,0.22094939445953415,running
MPC,69.0099999999984,37.4904901925999,63.750722555652864,7.998131086423526,-3.8863429931760978,0.03042057071571708,0.01075621098831864,8.0,0.07772793550099868,0.035060931415043406,0.5731999999998294,2,optimal,373.30431893746135,0,0,0.8737333337473951,0.21346553404629534,341,-0.8646431881371641,1.311456612064082,0.2037158366078793,running
MPC,69.10999999999845,36.89251683762118,64.28193883491548,7.998851817084903,-3.858992059047032,0.0186891357647388,0.018936925016846455,8.0,0.07790809287101727,0.008059864443658693,0.5413000000018542,2,optimal,374.10418736985156,0,0,0.8897823683766629,0.22255932114499818,363,-0.7688137164040778,1.5023229503587123,0.22293077345441883,running
MPC,69.2099999999985,36.289668967044186,64.80769132662175,7.999294604082759,-3.827422533032749,0.011481829150971545,0.006742030182758171,8.0,0.07874034115955465,0.023116617536959705,0.5878999999993084,2,optimal,374.90405580249916,0,0,0.9098883603561514,0.22006652662554693,706,0.7252548656163116,1.5378951436893267,0.2206244765899192,running
MPC,69.30999999999855,35.677957547910395,65.32316152725477,7.999566634032332,-3.8168912447254146,0.007053959172427808,-0.010380023022430199,8.0,0.07783162719590131,0.03321149003152124,0.2808999999999173,1,optimal,375.70392423526255,0,0,0.9020005497917787,0.21525675249362028,698,0.6904077849860983,1.541704394981552,0.21414126651260781,running
MPC,69.4099999999986,35.06289532076462,65.83467219403595,7.999733757940268,-3.84422940454272,0.004333659676673644,-0.017195447909936108,7.999999999999999,0.07770869730725721,0.005393824866648522,0.5865000000007115,2,optimal,376.5037926670873,0,0,0.8667734727386879,0.22123903978720644,363,-0.7688137164040778,1.4949615240828475,0.22293077345441883,running
MPC,69.50999999999866,34.452525245330776,66.35178083211453,7.999836431931304,-3.8758167414470592,0.0026624205973205623,-0.004185346421785693,8.0,0.07797277791414312,0.02671874135999941,0.3006999999985993,1,optimal,377.3036610977661,0,0,0.8884882140569337,0.21042643461965013,360,-0.7818813716404078,1.414468843881235,0.21997807798827249,running
MPC,69.6099999999987,33.85100850324619,66.8791769140059,7.999899510568975,-3.8863653979477495,0.0016356806869529258,0.01356591265293177,7.999999999999999,0.07740087447373828,0.037847859334891876,0.4993999999989285,2,optimal,378.1035295272374,0,0,0.8637655410844944,0.21071666232593358,363,-0.7688137164040778,1.43450317229302,0.22293077345441883,running
MPC,69.70999999999876,33.2529187751732,67.41047301869466,7.999938263465308,-3.859030887795405,0.0015316765165456526,0.022426949486189292,8.0,0.07921678657251206,0.011151576617650871,0.5242000000009739,2,optimal,378.90339795565546,0,0,0.8586100312941634,0.2174497909589422,336,-0.8864226135310473,1.299786882844466,0.20004771979496722,running
MPC,69.80999999999881,32.65000935365746,67.93628583006728,7.999962071636022,-3.8274396513910567,0.0009744791253600938,0.01093744425165853,8.0,0.08152729460098296,0.019744100987468816,0.6225999999980303,2,optimal,379.70326638341766,0,0,0.8611718125365277,0.22081355653760318,712,0.7513901760889712,1.5167846002784284,0.22593517874601313,running
MPC,69.90999999999886,32.03826367502898,68.45179737941444,7.9999766983877345,-3.816887013943826,0.0011799667331334495,-0.004777467010217941,8.0,0.08025517783321015,0.029543285510161166,0.4960000000018283,2,optimal,380.5031348111736,0,0,0.8863459294251295,0.21781848996708808,708,0.7339666357738648,1.5162262482698248,0.22234991952811328,running
MPC,70.00999999999891,31.4231796103687,68.96333138328293,7.999972623829927,-3.844220624508554,-4.6369070506689885e-05,-0.011530813767545885,7.999972061480684,0.07830579124401639,0.0013988816231216283,0.7417999999983493,3,optimal,381.303003239901,0,0,0.8916203235267539,0.21853914243223874,370,-0.7383225208526414,1.5162754123257032,0.22322918788849236,running
MPC,70.10999999999896,30.811419142268466,69.47883408707601,7.999983181217606,-3.857673645855272,0.0006314297089287191,0.0023801861443675434,8.0,0.0777812420933407,0.012925245721676415,0.4811000000000121,2,optimal,382.1028716709182,0,0,0.8632288870413038,0.21579589369760857,353,-0.8123725671918443,1.400875262375239,0.21352185245425553,running
MPC,70.20999999999901,30.20079150613904,69.99568110253615,7.999989667238314,-3.832591551750884,0.0008395173553210175,0.009837057446716632,8.0,0.0776234469908789,0.011219882678253246,0.5109999999977077,2,optimal,382.9027401027609,0,0,0.8604887193349037,0.22446307048758105,332,-0.903846153846154,1.30808050960727,0.19727332187940388,running
MPC,70.30999999999906,29.586491070506156,70.50757963343132,7.994418234275514,-3.819998700344375,-0.06340373116588402,-0.003484913730553954,7.993649294121726,0.07736727913334006,0.022828244177160784,0.4876000000013647,2,optimal,383.7026085303414,0,0,0.8715142964811535,0.21796436943098965,704,0.7165430954587584,1.5338421252321743,0.21894209497805303,running
MPC,70.40999999999912,28.972299394513875,71.01688731875927,7.970968581787749,-3.845313925821949,-0.26686051365870705,-0.011353222444895325,7.967732182909644,0.0793002674970295,0.003295329615996323,0.9443000000004531,2,optimal,384.50247695678064,0,0,0.9060962673399978,0.21881229174083294,363,-0.7688137164040778,1.480199071005406,0.22293077345441883,running
MPC,70.50999999999917,28.365231731212702,71.52829274045654,7.920723279058141,-3.8588221953552497,-0.5717989766524616,0.0003369334710447861,7.913788684122503,0.08540729610147897,0.01659074672331773,0.5237000000004599,2,optimal,385.3023453891364,0,0,0.8875192383552846,0.21700601671476355,343,-0.8559314179796107,1.3391251419370367,0.20524858980469116,running
MPC,70.60999999999922,27.765118234125108,72.03668868868138,7.8367840650241405,-3.833982052344745,-0.9552406708332943,0.007293000401127731,7.8251992119748115,0.09872998747804533,0.009616926056449593,0.5214000000002272,2,optimal,386.102213803924,0,0,0.8669534426501081,0.22413072824967198,342,-0.8602873030583875,1.3623483634726532,0.20447740104668094,running
MPC,70.70999999999927,27.17087907640651,72.5324849385486,7.689285413646132,-3.8187784223725165,-1.6785564686400674,-0.00724831434580324,7.668928418160133,0.07560078855713394,0.026576818735910113,0.673699999998334,3,optimal,386.70211506531354,0,0,0.8682121515595789,0.2155025099557576,719,0.781881371640408,1.4183653280492126,0.21997807798827246,running
MPC,70.80999999999932,26.591142214100092,73.01303608848262,7.4489221485637955,-3.8420743366492114,-2.7353695078432514,-0.012824648564684134,7.415748462861807,0.03318525753963731,0.006645908293302583,0.7397000000004539,3,optimal,387.5019833795065,0,0,0.8661329089018306,0.22392631280636907,714,0.7601019462465248,1.4728911051474456,0.22496523842325897,running
MPC,70.90999999999937,26.03756254619621,73.48131258614012,7.149821738983137,-3.878537038225682,-3.403806899819321,-0.000425979650959868,7.108541458581863,0.05146070674310197,0.02796595162790716,0.7453999999995631,3,optimal,388.30185177540795,0,0,0.8875241584614907,0.23739482015409485,356,-0.7993049119555145,1.4491098986027993,0.21621722807816315,running
MPC,71.00999999999942,25.518052554612815,73.93966912161214,6.81514700671227,-3.902943534260005,-3.8086479536951665,0.02641832493357874,6.76895694361362,0.04776477366137485,0.05490329958728957,0.6646000000003482,3,optimal,388.9017530844491,0,0,0.8712938326377424,0.23913254957868835,342,-0.8602873030583875,1.3196133787914093,0.20447740104668094,running
MPC,71.10999999999947,25.02955263464635,74.37908651783928,6.445814450040623,-3.8632674145827006,-4.20305912148159,0.05332802467044919,6.394841094564112,0.09706877916136454,0.023662458178711265,0.9082000000013579,3,optimal,389.70162132205166,0,0,0.8951024355494898,0.2506434517767354,366,-0.755746061167748,1.4691422892916388,0.22600293112750477,running
MPC,71.20999999999952,24.55848677804672,74.78163074196345,6.06996377745382,-3.769490710094971,-4.277236244665523,0.04608077891463575,6.01809082557407,0.07875212550832157,0.05988080333496093,0.7783999999997349,3,optimal,390.30152217907437,0,0,0.8696198724461042,0.26711304921834966,737,0.8602873030583873,1.327443961882282,0.20447740104668097,running
MPC,71.30999999999958,24.09566357526448,75.13381053110831,5.687384674096118,-3.6986037820160345,-4.353806782014672,-0.008699611842210407,5.634583099252353,0.09596939464453506,0.11714261136526982,0.48259999999977765,2,optimal,390.9014209132785,0,0,0.8828336183911452,0.2607914589517056,731,0.8341519925857277,1.2727193070728935,0.20925385860619153,running
MPC,71.40999999999963,23.650272782531584,75.44572907770203,5.310144782367311,-3.7361545196712904,-4.293045763975599,-0.06564720830806084,5.258080097698558,0.05880732490349819,0.06134154525755253,0.7233999999982643,3,optimal,391.30134492929267,0,0,0.8541942728878551,0.3106793338934715,376,-0.7121872103799816,1.5555840245873473,0.21811666573475305,running
MPC,71.50999999999968,23.24187542223361,75.74484036327361,4.93644979821278,-3.8416042064905636,-4.2527041914666714,-0.05531539572418108,4.884874363220644,0.05132501394725618,0.14286606271390223,0.6070999999998605,3,optimal,391.90114400799746,0,0,0.8659465528838041,0.27616379396992,366,-0.755746061167748,1.2932410490320938,0.22600293112750477,running
MPC,71.60999999999973,22.87533381487982,76.04167512020172,4.604710011191729,-3.8634215334643924,-3.7752478426557956,0.11116192764747716,4.5589250139472,0.058951624487435336,0.27885454680981425,0.48870000000000857,2,optimal,392.30077011907616,0,0,0.8110663647170685,0.24282063558322017,358,-0.790593141797961,1.0612475534860737,0.21807316453493358,running
MPC,71.70999999999978,22.520246181667005,76.30865200741847,4.363843255692185,-3.6804764100092693,-2.741099303260393,0.29728590937869914,4.33060008086569,0.17378265053370268,0.18726463108561253,0.7540999999982034,3,optimal,392.7004556722709,0,0,0.7151597655426958,0.24838964721649856,344,-0.8515755329008341,0.9595386093410739,0.20602954162158948,running
MPC,71.80999999999983,22.132810202942487,76.48930869954869,4.250917885451994,-3.321575340126877,-1.285107415690653,0.3015952406526896,4.23533251412312,0.226526422790542,0.12027376802367895,0.7220000000014437,3,optimal,393.1003108210179,0,0,0.6361955378481141,0.3365662239402317,342,-0.8602873030583875,1.162406999794519,0.20447740104668094,running
MPC,71.90999999999988,21.714482317475547,76.54739415693716,4.229622758558193,-3.033040890646607,-0.24234169373178652,0.07822333572478805,4.226683716078815,0.1741473067072506,0.37072394162201316,0.7009000000000043,3,optimal,393.5002163973024,0,0,0.7254287440271023,0.3754428925342607,680,0.6120018535681186,1.5080169767147744,0.20171054956370096,running
MPC,72.00999999999993,21.291881436020407,76.52112503674579,4.242727907649244,-2.9759543637593584,0.339827238807619,-0.1511395974945787,4.263605482438955,0.07690045093398613,0.37920712062958906,0.7242000000022841,3,optimal,393.90010514014347,0,0,0.8390483930373633,0.3100652897597633,715,0.7644578313253012,1.1704970716969414,0.2239412608755995,running
MPC,72.10999999999999,20.86773108146835,76.49273272048777,4.260979289265623,-3.1505574358149815,0.4732732589325353,-0.20347621741463526,4.290055233542498,0.10242201464236145,0.1493759888345001,0.6875999999991222,3,optimal,394.2999754936711,0,0,0.8374584983009098,0.367635722682281,720,0.7862372567191844,1.3210233940418334,0.21901940157552577,running
MPC,72.21000000000004,20.44315130102414,76.52204725220206,4.259282829534955,-3.3470540649805565,-0.019305962651824354,-0.06475866723199958,4.25904869300044,0.12317278674432866,0.12586390437829165,0.6372999999992857,3,optimal,394.8997786227136,0,0,0.8163793596849775,0.3927094504247629,411,-0.559731232622799,1.612805299265958,0.1948317437819965,running
MPC,72.31000000000009,20.02609755623523,76.60177458384149,4.240873984408349,-3.39948427499687,-0.2094953803222709,0.1687206709631137,4.2383332915027285,0.07234024653197553,0.23269248746649662,0.7116000000007006,3,optimal,395.2996749383889,0,0,0.8883050275625108,0.3247211167810254,389,-0.6555607043558851,1.3046492952372686,0.2082738731989199,running
MPC,72.41000000000014,19.61165813282725,76.66826229185322,4.179828460151516,-3.197408214528428,-0.6947070950515054,0.2785757364475339,4.171403274903199,0.06154743748283695,0.08976848773280688,0.8131000000002331,3,optimal,395.69957857106107,0,0,0.866630043169837,0.3462561555128383,383,-0.6816960148285449,1.3528617991515712,0.21261932153731194,running
MPC,72.51000000000019,19.201730519815957,76.65488265187419,4.075255837776499,-2.9065733159330507,-1.1900519095621436,0.19400485044022042,4.060823269195302,0.06276729342316109,0.13635692678060263,0.8499999999997954,3,optimal,396.0994968176277,0,0,0.8232776439562906,0.4200597618307704,720,0.7862372567191844,1.4594995630085825,0.21901940157552577,running
MPC,72.61000000000024,18.817187900320295,76.55145016738803,3.945092784540996,-2.7020692615941115,-1.4812747977367002,0.004389484298857125,3.927128358002829,0.05047183292229949,0.2702851589609634,0.527200000000505,2,optimal,396.4994239157265,0,0,0.8536202800728048,0.35512620733900757,699,0.6947636700648747,1.3266860547270451,0.21491658495418042,running
MPC,72.71000000000029,18.459940011715965,76.40462643720188,3.820951104170581,-2.706104486286994,-1.4127506839338964,-0.14635832379189512,3.8038177161476066,0.10720291450351374,0.19063223552629394,0.7269999999994781,3,optimal,396.8993231344374,0,0,0.7736376932389866,0.3629990736402492,744,0.8907784986098242,1.0998334937953578,0.19934114321212792,running
MPC,72.81000000000034,18.109751827680764,76.27258693542538,3.7039505252355274,-2.8386050672154255,-1.3314838933866355,-0.12487135040021122,3.6878027148319177,0.14504590747791382,0.029230921503510032,0.7202999999993409,3,optimal,397.29918316475766,0,0,0.799201836646746,0.45830538324883585,370,-0.7383225208526414,1.5183865322713006,0.22322918788849236,running
MPC,72.9100000000004,17.760577761972765,76.17139281158737,3.6010713967403998,-2.903298484954739,-1.17077969873084,0.05568146495141017,3.586872555362443,0.12706322408327947,0.14254422179602866,0.6004999999991156,2,optimal,397.4990154055758,0,0,0.796807450629698,0.40561707213393666,390,-0.6512048192771085,1.402508994607394,0.20758050283462462,running
MPC,73.01000000000045,17.423416816112912,76.07318604926263,3.4669676050969875,-2.827725455076361,-1.5261209836781717,0.15409686255086788,3.4484592983725824,0.052661540503596546,0.17622146479001088,0.6813999999977227,3,optimal,397.89872504496435,0,0,0.8643247137573826,0.39386745932403344,378,-0.7034754402224281,1.2981244223758353,0.216496585417684,running
MPC,73.1100000000005,17.110381304389044,75.94252479712402,3.36038000355178,-2.6452947421258624,-1.212982670546737,0.2427574881339507,3.3456693380423137,0.030718460296488635,0.11826904904834956,0.5983000000000516,3,optimal,398.2983269152172,0,0,0.8684603287551573,0.3855372158691483,383,-0.6816960148285449,1.2505310887958618,0.21261932153731194,running
MPC,73.21000000000055,16.835834355800017,75.75635406809612,3.3051029707315918,-2.4172151705658513,-0.6290608093071072,0.23835597339844317,3.297473922621069,0.10486443092294162,0.019860230806437507,0.7378000000013429,3,optimal,398.6978929040403,0,0,0.8555271260449,0.4468608760434651,373,-0.7252548656163114,1.3443341129116377,0.22062447658991918,running
MPC,73.3100000000006,16.60706277137089,75.51801117160502,3.311356765930145,-2.225467307340103,0.16216602647001657,0.16829788398554443,3.3213195733785934,0.04218321453622828,0.10645957506652781,0.4754000000009029,2,optimal,398.8978600123761,0,0,0.8515860403845119,0.501513779644302,381,-0.6904077849860983,1.4920933521347606,0.21414126651260781,running
MPC,73.41000000000065,16.417515203365497,75.24580363648151,3.3248269203925913,-2.111272867927119,0.3492921267421054,0.05135789397350035,3.3462859786043557,0.040007380679830076,0.09693360193583489,0.4708999999998298,2,optimal,399.2974358897879,0,0,0.8588863337586718,0.5189143670847144,370,-0.7383225208526414,1.494089342005808,0.22322918788849236,running
MPC,73.5100000000007,16.2483791105713,74.95749190082137,3.3586740602721217,-2.0661253198145673,0.8776840314354949,0.04126277204935837,3.4125953235361406,0.0983905817716273,0.08257867346954884,0.4503000000006807,2,optimal,399.49705004452863,0,0,0.8606360623471132,0.4946352152788932,389,-0.6555607043558851,1.5119399192595666,0.2082738731989199,running
MPC,73.61000000000075,16.092883288887524,74.65812469966488,3.3865444320228733,-2.022647763109191,0.7227015435534395,0.037048213362551034,3.430944214627466,0.04728049782671327,0.0031989973068542454,0.4822000000004323,2,optimal,399.8966284809349,0,0,0.8925172459068768,0.47731959800116996,373,-0.7252548656163114,1.420318532798813,0.22062447658991918,running
MPC,73.7100000000008,15.951342185001854,74.34858594442042,3.419183460982561,-1.9655251542723775,0.8463567267851594,0.08791166899439115,3.4711801047013893,0.02669990305255893,0.06273155935123675,0.5421000000005449,2,optimal,400.2962236229818,0,0,0.8565272000175372,0.4469583715643262,385,-0.6729842446709917,1.3947517059409726,0.21113476830746442,running
MPC,73.81000000000085,15.833036829449808,74.02548995997185,3.462024689761836,-1.862787830445935,1.110908115736663,0.1321617407561438,3.5302742725562273,0.07633182583947937,0.06644871340173619,0.49390000000038015,2,optimal,400.6959440773681,0,0,0.867458067361244,0.4661691006359895,346,-0.8428637627432809,1.2680987448804708,0.20762130414308752,running
MPC,73.9100000000009,15.751758102388582,73.68553736852348,3.5278790469107513,-1.7296018758038132,1.707657364131036,0.13119024360889,3.6327904261749397,0.07410677472168016,0.024086675307460226,0.4707000000010453,2,optimal,400.8959111857039,0,0,0.8705224073418762,0.4687845493195037,375,-0.7165430954587582,1.442772543127123,0.21894209497805295,running
MPC,74.01000000000096,15.709968133664955,73.33174201856059,3.594453271511199,-1.6259684909689849,1.7263241161581968,0.05261634616078016,3.700511458526571,0.029164322369223682,0.064479476850686,0.486699999999729,2,optimal,401.2957469660125,0,0,0.845569113365545,0.5130004206154767,724,0.8036607970342913,1.471448190742413,0.2153071491827237,running
MPC,74.11000000000101,15.688880508576128,72.96781219018136,3.6889837415816356,-1.608861549385887,2.4512524355149514,-0.016532372816154987,3.839578515062694,0.010192060115122015,0.04558198251092849,0.4647000000002066,2,optimal,401.6956477115246,0,0,0.895344042944613,0.47212253906396556,710,0.742678405931418,1.4742480544218315,0.2241197071405647,running
MPC,74.21000000000106,15.66981961258815,72.59273847288995,3.812306428896756,-1.6249779848683437,3.19785818699715,-0.0302499716266241,4.00876956028135,0.03534135790412747,0.014167427502098207,0.6532000000003535,2,optimal,402.0955762471437,0,0,0.8985470800607198,0.469479287504394,732,0.8385078776645041,1.3663352747244395,0.20843240730709414,running
MPC,74.31000000000111,15.646206430227657,72.20436716971724,3.9578646309621903,-1.6408994371706953,3.77444327798446,-0.014999049009871014,4.189750756695202,0.045831935940364825,0.008258241112127696,0.6107000000010743,2,optimal,402.4955098834621,0,0,0.8709570518834806,0.46437513023828053,340,-0.8689990732159407,1.3458799844083265,0.20296376061118726,running
MPC,74.41000000000116,15.617765650796901,71.80096701314872,4.117396625599927,-1.6430788610821105,4.1367951530012,0.0009085135451164343,4.371544146262311,0.04009214163846488,0.014249657515373215,0.50290000000075,2,optimal,402.89544396318314,0,0,0.895560498604346,0.43972678167177703,718,0.7775254865616312,1.4612333872079049,0.22094939445953415,running
MPC,74.51000000000121,15.590616288507782,71.38120624058368,4.282203017316974,-1.6269659554246765,4.273564584877489,0.0028668315027668544,4.5447530840876755,0.019854520607491776,0.0005854404964091842,0.5190999999999946,2,optimal,403.2953781770498,0,0,0.8938127039936201,0.4234663816442084,730,0.8297961075069509,1.3870473615292676,0.21008581223244965,running
MPC,74.61000000000126,15.566202839390577,70.94495706782645,4.4435205442148655,-1.62419916350615,4.18309546546273,-0.016246015289098265,4.700512563863247,0.02247070010885532,0.0046327224944846535,0.571100000001934,2,optimal,403.6953123363191,0,0,0.8749130586142635,0.41723014176449863,338,-0.8777108433734939,1.3430119670318088,0.20148754432673713,running
MPC,74.71000000000132,15.53736044604952,70.4934739558883,4.592724677365443,-1.6499669433096926,3.868985254190834,-0.03196692598753361,4.830419069633949,0.0728244341934317,0.01729496407909137,0.5123999999998574,2,optimal,404.0952462189172,0,0,0.8985491832478495,0.38806541296507524,730,0.8297961075069509,1.3740852276520932,0.21008581223244965,running
MPC,74.81000000000137,15.497802147931852,70.02891248635929,4.721952021651374,-1.676303510143593,3.3509707735504057,-0.030439859480613184,4.927821754720484,0.0614829520690295,0.03312938664301868,0.5252999999996177,2,optimal,404.6951466116901,0,0,0.892223742628776,0.3699142016784326,354,-0.8080166821130677,1.3882455186283382,0.2144087504700342,running
MPC,74.91000000000142,15.445135503330102,69.55317848832559,4.8417284481165686,-1.7117174755035451,3.1059007415420266,-0.04190102681214344,5.032542095805576,0.02321819065551702,0.058391982287577804,0.6444999999999368,3,optimal,405.0950789435893,0,0,0.897609951404369,0.3551181767254483,356,-0.7993049119555145,1.385326403750004,0.21621722807816315,running
MPC,75.01000000000147,15.372119592036354,69.07048009536166,4.916893429695852,-1.7670123685197785,1.9490894737365267,-0.0333769905332825,5.036637395490221,0.10496433869377274,0.0918836793284532,0.6801999999979103,3,optimal,405.69496997584844,0,0,0.8410743336810487,0.32646857395938256,328,-0.9212696941612604,1.1506386513748605,0.19463310273330894,running
MPC,75.11000000000152,15.276824914729145,68.58667232420667,4.943628145791474,-1.806154715261595,0.6932530632013738,-0.015948154987927975,4.9862187360159895,0.085133490376427,0.10616274021880212,0.7523000000002611,3,optimal,406.09488575270456,0,0,0.8241241667421239,0.30728381996705084,336,-0.8864226135310473,1.1552088776184624,0.20004771979496722,running
MPC,75.21000000000157,15.168114354369422,68.10838219182578,4.885213053125283,-1.8116156484605863,-0.6647723944929812,0.0026162860270508154,4.877150906342176,0.1519677012459659,0.07559566502025472,0.6577999999990425,3,optimal,406.49478333471745,0,0,0.7472967909313967,0.3111924579984134,354,-0.8080166821130677,1.27735462733392,0.2144087504700342,running
MPC,75.31000000000162,15.05823536247279,67.6430903262623,4.727719714774875,-1.8075983066458923,-1.7922974846616908,-0.006598944141216136,4.705983304659114,0.13554192649530566,0.006431494816579786,0.4764000000001545,2,optimal,407.09462284770336,0,0,0.7622736732195499,0.34066804401344714,336,-0.8864226135310473,1.2521575313905753,0.20004771979496722,running
MPC,75.41000000000167,14.945586000780265,67.1989996156493,4.507288756871744,-1.8479018767046664,-2.5085369040329835,-0.05849211664716596,4.476866024371577,0.12973292174690304,0.0343943804917628,0.4539000000001181,2,optimal,407.49446458481185,0,0,0.7910997431010929,0.36903759261586705,695,0.6773401297497683,1.571421689727849,0.21187243445594103,running
MPC,75.51000000000172,14.819726564179858,66.78494252223015,4.237308455406543,-1.9303441442606726,-3.0724157624221924,-0.07512710042693675,4.200047180629524,0.1272300652817094,0.0339453702691519,0.4860999999998228,2,optimal,407.8942763678775,0,0,0.7957813283173095,0.3526949707340705,705,0.7208989805375348,1.4139792880294673,0.2197779812188762,running
MPC,75.61000000000178,14.67010951182865,66.40930122324383,3.9469872962741506,-2.03855822793808,-3.3038977312128845,-0.06691072551652871,3.9069186822852546,0.11366711789270792,0.06966817825391658,0.4970999999986958,2,optimal,408.49391234717024,0,0,0.8306441890017485,0.3685319522316236,707,0.729610750695088,1.3855390958859404,0.22148173646210823,running
MPC,75.71000000000183,14.492162095260849,66.0752572007789,3.705975346047002,-2.1587048233365254,-2.742751640735728,-0.10706353320414284,3.672712132200578,0.08786850857930999,0.006501340851873039,0.49279999999995994,2,optimal,408.693879455506,0,0,0.8712870310038325,0.3972159117942282,697,0.6860518999073215,1.426470446465457,0.21337555590733343,running
MPC,75.81000000000188,14.289830490638222,65.78426839869948,3.463845937815037,-2.2562325242123666,-2.755468478109468,-0.049375889980988415,3.4304284982360556,0.03998827007637814,0.017217162839486377,0.821000000001959,3,optimal,409.0937298359093,0,0,0.8604613560933794,0.4262814197367952,705,0.7208989805375348,1.406535037955866,0.2197779812188762,running
MPC,75.91000000000193,14.07468292143909,65.52734031766974,3.295281579923141,-2.3227801024685637,-1.9182873245157537,-0.07029155352193761,3.2720172053634613,0.028244964029730698,0.04398401817766828,0.48210000000104003,2,optimal,409.4936277538829,0,0,0.8670378704663487,0.4388460215415845,717,0.7731696014828544,1.309866459957953,0.22193355627601147,running
MPC,76.01000000000198,13.843043812191382,65.29694970176439,3.2546660687708755,-2.413159385288815,-0.46221052419686026,-0.1272062638455736,3.249060527503455,0.1017548507795992,0.0058720415927511205,0.5803999999987042,3,optimal,409.69357547954286,0,0,0.8546999880870707,0.46968488726842683,703,0.7121872103799816,1.3896572561948761,0.21811666573475305,running
MPC,76.11000000000203,13.590938452815834,65.09196380469287,3.2485752966204196,-2.5146843541567128,-0.0693138879348806,-0.1040053970131397,3.2477346799773876,0.030804279109289658,0.04141328520638776,0.48070000000244306,2,optimal,410.0935003981942,0,0,0.8857710304204081,0.5012364834921947,702,0.7078313253012047,1.4567639848614573,0.21730154451353453,running
MPC,76.21000000000208,13.318821495019709,64.9130395351579,3.2661938922864886,-2.615351733692487,0.45686460148378855,-0.09818388402920897,3.2942617567687984,0.052726097318640544,0.060105262977293794,0.5356000000009686,2,optimal,410.49341206023234,0,0,0.8773965262300651,0.5097081438627127,727,0.8167284522706209,1.346240050408114,0.2126462795560751,running
MPC,76.31000000000213,13.029550813960833,64.7594712960059,3.284294014188052,-2.7005016044962877,0.4693509707638904,-0.06552659090695144,3.3131289893628777,0.07830432864626424,0.09705506865336,0.5880999999998693,2,optimal,410.6932614084757,0,0,0.87466213204358,0.5196506627951581,701,0.7034754402224284,1.5108398559928577,0.21649658541768402,running
MPC,76.41000000000219,12.73107430935172,64.62536468498867,3.2663036508043106,-2.7428136934629532,-0.20473299619244373,0.007814457255680828,3.2638207145688076,0.03994088711145623,0.03430983994404002,0.6824999999999193,3,optimal,411.0930003358493,0,0,0.8471265423178707,0.5003615508681348,711,0.7470342910101948,1.4307479459809562,0.22502164647011186,running
MPC,76.51000000000224,12.430457545286458,64.49751520630436,3.2673295753992195,-2.7533075787429317,0.026603064176569845,-0.041928711474910674,3.2689639572219678,0.07349084307308189,0.05911174928377605,0.6091000000001401,2,optimal,411.4927258004292,0,0,0.8748939257064541,0.49131927801879716,701,0.7034754402224284,1.4403133088178794,0.21649658541768402,running
MPC,76.61000000000229,12.123135945175724,64.38350418927652,3.288545260873031,-2.8262172338462688,0.5501400834043021,-0.14841915579547652,3.3223435837396496,0.06627922899747318,0.03800819840338843,0.7214999999991534,3,optimal,411.69269290876497,0,0,0.8605755608895467,0.45549336410032615,711,0.7470342910101948,1.3169591273112566,0.22502164647011186,running
MPC,76.71000000000234,11.803108903488654,64.3035717960777,3.3118957539285163,-2.970537807535985,0.6054973907363814,-0.16618054739136803,3.349094999946669,0.008325419337258392,0.0016466556655143627,0.6742000000006243,3,optimal,412.0924007850091,0,0,0.8624822981106259,0.4683429794054724,715,0.7644578313253012,1.3355687498658528,0.2239412608755995,running
MPC,76.81000000000239,11.472318799361158,64.2686793794404,3.3431222910028575,-3.1145842125263843,0.8097296564709989,-0.14634119135953988,3.3928687195756164,0.07169588069636884,0.032149160302456625,0.4956000000007066,2,optimal,412.49206693060535,0,0,0.8868968478546301,0.4921821143573443,701,0.7034754402224284,1.4595749512574867,0.21649658541768402,running
MPC,76.91000000000244,11.136363729563094,64.2763900996496,3.37863911027078,-3.233147472284188,0.9209801841392294,-0.11343918594088878,3.4352203094167804,0.07602950602551849,0.09158844604304361,0.5225000000006474,2,optimal,412.6916969543918,0,0,0.8931766998470132,0.5077296025471223,712,0.7513901760889712,1.4662957851082408,0.22593517874601313,running
MPC,77.01000000000249,10.80024258261959,64.31578213775956,3.3898499626949814,-3.2975189348515204,0.29070657628748453,-0.02994348097728927,3.407709767899528,0.04856449858398281,0.03133904509178054,0.5907000000000551,2,optimal,413.09127468919735,0,0,0.8217336004572169,0.49082522070726453,709,0.7383225208526416,1.4497213284172774,0.2232291878884924,running
MPC,77.11000000000254,10.464906471703554,64.3736714178222,3.415626334621243,-3.352618878813237,0.6684024147548213,-0.09691718097328854,3.4566902041704637,0.060734791044149486,0.03294798529466236,0.4944000000008941,2,optimal,413.49090625148244,0,0,0.8967814930503133,0.47143010632679605,705,0.7208989805375348,1.420273888254392,0.2197779812188762,running
MPC,77.2100000000026,10.133631404928328,64.462724303416,3.446163009082986,-3.4684663595983847,0.7918409544679001,-0.1411077479914048,3.4948104300680334,0.10247034100033373,0.02071580838929643,0.493200000002858,2,optimal,413.8906245151961,0,0,0.8201777811506947,0.48214537921925554,722,0.7949490268767376,1.3704479725992855,0.21713917065507293,running
MPC,77.31000000000265,9.811765603852592,64.5906991654734,3.4820459001394104,-3.589825342905509,0.9304727251418337,-0.1267221803981204,3.5392102815971693,0.06812601285467929,0.05502633281602698,0.44109999999975,2,optimal,414.09059162353196,0,0,0.8632062846191483,0.5096644830380753,700,0.6991195551436515,1.560056133651973,0.2157016455530536,running
MPC,77.4100000000027,9.501417934763094,64.7505614004053,3.500087140051372,-3.6668227148595003,0.46782411259516665,-0.05418833232891002,3.528828311398927,0.054555539746624436,0.04775939817423325,0.48010000000253683,2,optimal,414.490368535969,0,0,0.8545075926645339,0.502196707040817,344,-0.8515755329008341,1.358052302415928,0.20602954162158948,running
MPC,77.51000000000275,9.200181082476492,64.929994513501,3.51232790769331,-3.7129404401086514,0.31741312057917614,-0.05304214578118948,3.5318284521092895,0.07328560408330669,0.010409722882710692,0.4928999999993522,2,optimal,414.8901687487503,0,0,0.8108104740224299,0.49497138386690176,724,0.8036607970342913,1.41775415613308,0.2153071491827237,running
MPC,77.6100000000028,8.908831696876675,65.12593109400662,3.511315601547934,-3.7722209817647645,-0.011520193660683695,-0.06749364305124417,3.5111758883272413,0.10368265477629926,0.0180972401786077,0.5651999999987112,2,optimal,415.28997624703504,0,0,0.8606843313720082,0.4841958922957528,706,0.7252548656163116,1.4932761006935227,0.2206244765899192,running
MPC,77.71000000000285,8.633424719477935,65.3402781820654,3.4801628982538872,-3.8497992905698286,-0.3545223711628008,-0.07385343948391938,3.4758633644316537,0.09149003944919394,0.016333414536721325,0.5345999999981643,2,optimal,415.4898425072599,0,0,0.8169551220219227,0.4911823713010164,710,0.742678405931418,1.494634320298924,0.2241197071405647,running
MPC,77.8100000000029,8.377580109484926,65.57031899836322,3.4212039175172704,-3.914970320800988,-0.6709619211788165,-0.04912590141517624,3.4130667061360054,0.05525691715465268,0.011574611431174109,0.48810000000010234,2,optimal,415.8897263257287,0,0,0.8501785212544948,0.47847378645694577,690,0.6555607043558851,1.5282619310037733,0.2082738731989199,running
MPC,77.91000000000295,8.139745377716594,65.81199576088584,3.3762428810619816,-3.97501592886545,-0.511663244875192,-0.06933975128041191,3.370037593029751,0.05348741252213743,0.04647087291655039,0.5105000000007465,2,optimal,416.28964483144415,0,0,0.8620246808012463,0.4722715154158722,719,0.781881371640408,1.3664876361301923,0.21997807798827246,running
MPC,78.010000000003,7.923201684153063,66.06956023796486,3.361041720596525,-4.065915135854157,-0.1729914544420891,-0.09975528847653398,3.3589437356177725,0.10103721579150121,0.044165369388988296,0.5501000000016631,2,optimal,416.68951516051675,0,0,0.8563341339097706,0.4725369101587379,705,0.7208989805375348,1.418262178798174,0.2197779812188762,running
MPC,78.11000000000305,7.732465435567658,66.3472537104741,3.3782031293139734,-4.16942200656656,0.44500936982719597,-0.11664617034233413,3.4055426575792445,0.047976631656176806,0.01737735094503101,0.5087000000010278,2,optimal,416.88939167354715,0,0,0.8686632125451466,0.4995970488311395,709,0.7383225208526416,1.4651384374590388,0.2232291878884924,running
MPC,78.2100000000031,7.566777446505417,66.64214653738682,3.387396383541548,-4.2444031964310485,0.23838860421257263,-0.05870920229949377,3.4020419897352308,0.03155679289296312,0.007249048866983188,0.4787999999997794,2,optimal,417.28921781965096,0,0,0.85913928425286,0.48464992215448394,712,0.7513901760889712,1.4223371595703593,0.22593517874601313,running
MPC,78.31000000000316,7.419346716258723,66.9483182383869,3.4085782316920286,-4.302339556777611,0.5492626539240182,-0.0697627869921462,3.44232264893395,0.08014180170630583,0.019265692959354652,0.703599999997806,2,optimal,417.68902884963006,0,0,0.8514293901340553,0.49528223001904736,723,0.7993049119555145,1.3859303523466944,0.21621722807816315,running
MPC,78.41000000000321,7.294739698913752,67.26746681181865,3.443200668471154,-4.39196541929162,0.8977881144043472,-0.1001777624553713,3.4983570431324633,0.07038836201807973,0.027208929651266978,0.5610999999987598,2,optimal,417.88899595796585,0,0,0.8832821925652626,0.4957544908303958,699,0.6947636700648747,1.5130432334763455,0.21491658495418042,running
MPC,78.51000000000326,7.197984558144789,67.59967698793785,3.4763143494179336,-4.480403181273104,0.8586648411795386,-0.0699778767156576,3.529067152589108,0.029514302855187476,0.029172141636847115,0.4998000000000502,2,optimal,418.2887900101579,0,0,0.865406197521432,0.48412161121762753,698,0.6904077849860983,1.4993199403984345,0.21414126651260781,running
MPC,78.61000000000331,7.126952166668152,67.94213475990922,3.517073616878971,-4.555591247976726,1.0569211552553117,-0.06457691934588645,3.582006464943465,0.04421079729985667,0.014568342944760282,0.4889999999999617,2,optimal,418.68856249275154,0,0,0.8676569346798491,0.4736765063911668,713,0.755746061167748,1.4243679176946995,0.22600293112750477,running
MPC,78.71000000000336,7.0814256653803485,68.29350988451607,3.56683782270686,-4.630842944902294,1.2904265751157775,-0.0742946730400784,3.6461162743905486,0.08187171049901602,0.004692303190284797,0.4679999999996909,2,optimal,419.0883073835964,0,0,0.8231723502753894,0.4728488672654996,681,0.6163577386468955,1.5593574691092271,0.2023310757067991,running
MPC,78.81000000000341,7.061994931871862,68.65278157589097,3.6260285836988864,-4.70662338755702,1.534864863504606,-0.08950715963496664,3.720324309057321,0.09418172567925064,0.023182042488944177,0.5215999999990117,2,optimal,419.2880520977209,0,0,0.8966992185213487,0.4604115818677007,726,0.8123725671918445,1.3430002521468385,0.2135218524542555,running
MPC,78.91000000000346,7.067909653246402,69.01741568527497,3.6655491174916364,-4.770491914424032,1.0247997776816737,-0.04740489093511594,3.728508561467054,0.06089624303378182,0.015748201988304622,0.5006000000005173,2,optimal,419.68773271777405,0,0,0.9008919290701178,0.4481481057036944,691,0.6599165894346619,1.4927946386914892,0.20897586948035746,running
MPC,79.01000000000352,7.095746267729487,69.38559645397764,3.7163521031469924,-4.830728951075912,1.3173629859909861,-0.08389764789253108,3.7972854160907348,0.026239819205146307,0.05507966874736692,0.5417999999988155,2,optimal,420.08744840357645,0,0,0.8732470127221175,0.4151592118056531,713,0.755746061167748,1.3334983731216221,0.22600293112750477,running
MPC,79.11000000000357,7.152486700371015,69.75651917710194,3.785440813683942,-4.924702854790201,1.7915267938908364,-0.12155382195682472,3.895504782536076,0.024581329782062004,0.045077368287559594,0.5597999999995551,2,optimal,420.4872444930778,0,0,0.8740543311375042,0.41624818566595523,712,0.7513901760889712,1.356335894728409,0.22593517874601313,running
MPC,79.21000000000362,7.246981370487743,70.12782520563462,3.873686008598844,-5.034255064351021,2.2882701080029086,-0.11438706969658724,4.014267824484233,0.044888054721115664,0.0008488327066578094,0.559499999999602,2,optimal,420.88710313426304,0,0,0.8595586338751213,0.4223691722924962,705,0.7208989805375348,1.4208569606535493,0.2197779812188762,running
MPC,79.31000000000367,7.38113620129501,70.49761343120738,3.987248323327937,-5.12731684966598,2.9447637397230992,-0.07117623828771716,4.168162382571154,0.04821144097792053,0.044792092070761846,0.47709999999945296,2,optimal,421.2870023571612,0,0,0.8254103531178132,0.4475939883608254,709,0.7383225208526416,1.505573807135383,0.2232291878884924,running
MPC,79.41000000000372,7.548441895954009,70.86752194386932,4.122627725538298,-5.181019457935305,3.510498669259091,-0.015176012987795593,4.338298190253846,0.0326568284807404,0.06726731665482522,0.5624999999991331,2,optimal,421.68692381460295,0,0,0.8902889991230493,0.4218722039156807,348,-0.8341519925857275,1.3393050485103433,0.20925385860619156,running
MPC,79.51000000000377,7.7346302124678346,71.2444987422929,4.274284441566491,-5.182284470338048,3.9325827349563305,0.023711256078679507,4.515885999033931,0.004773866931560209,0.04752523999821534,0.60740000000159,2,optimal,422.0868533515718,0,0,0.8761483619036367,0.417539972432964,360,-0.7818813716404078,1.4414377831125018,0.21997807798827249,running
MPC,79.61000000000382,7.9280596774103,71.63545868574481,4.436610541065349,-5.164382144610358,4.20924857823863,0.02541760021982136,4.695209299390354,0.03440966722117711,0.015575162284785726,0.5644999999994127,2,optimal,422.48678615910126,0,0,0.8582494961468288,0.4101493228487981,344,-0.8515755329008341,1.360966092836249,0.20602954162158948,running
MPC,79.71000000000387,8.123981052769322,72.04359523215649,4.604537423188396,-5.147165739229141,4.354481454348367,0.012319759908732075,4.872058686500186,0.08689273268814479,0.008939216879738865,0.5152999999999963,2,optimal,422.8867202250743,0,0,0.8886801770727318,0.39564720858913593,357,-0.7949490268767376,1.4464357042769795,0.21713917065507293,running
MPC,79.81000000000392,8.322410094185766,72.46920016284562,4.773702193021005,-5.144566682604573,4.386580895520036,-0.0003162132766110295,5.043195512740399,0.0449675535378503,0.010369828694995142,0.5292000000007846,2,optimal,423.4866214763411,0,0,0.8586326454332228,0.37498442662314985,345,-0.8472196478220575,1.3499691989983975,0.20682039817249398,running
MPC,79.91000000000398,8.53034033711117,72.9106427548631,4.96986191158222,-5.1624711128802865,5.0865820038218486,-0.0008569569481867285,5.28236039340319,0.0444306887713228,0.010798769944325493,0.5268999999987756,2,optimal,423.88655557909647,0,0,0.8940333542962531,0.35695944160599036,379,-0.6991195551436515,1.5199725634030825,0.2157016455530536,running
MPC,80.01000000000403,8.750721582657247,73.36779285725889,5.1645180245239075,-5.165950508968566,5.047592279829413,0.014802519668590421,5.474621139565161,0.05070644124054016,0.0187704047622832,0.5638999999995065,2,optimal,424.48645678282355,0,0,0.8870507366845268,0.3429077261126777,356,-0.7993049119555145,1.4043970947969269,0.21621722807816315,running
MPC,80.11000000000408,8.978246416762289,73.84412242406225,5.376175084709853,-5.1472814838634955,5.4884407523642205,0.021539954934363763,5.71336209976033,0.08172620735181776,0.002617853920537705,0.6559999999993238,2,optimal,424.88639088518596,0,0,0.8693203038992625,0.3395013604617126,349,-0.8297961075069509,1.39365036297683,0.21008581223244965,running
MPC,80.21000000000413,9.208395578368082,74.3419138394405,5.576310826400896,-5.1286638342530075,5.189683536834318,0.012475067352439353,5.895143438393285,0.03520908386164478,0.012904900243544404,0.5582000000003973,2,optimal,425.4862920343959,0,0,0.8839053657459156,0.32515920943626064,716,0.768813716404078,1.479362365555332,0.22293077345441878,running
MPC,80.31000000000418,9.440598233446304,74.86112796513457,5.782625289313326,-5.125975539950282,5.3499028336495105,-0.000121976310212322,6.111301109765846,0.01810622171946908,0.01320178407430106,0.5261000000000848,2,optimal,426.08619330382214,0,0,0.893614011610677,0.3171262110706892,377,-0.7078313253012047,1.5608810554981416,0.21730154451353453,running
MPC,80.41000000000423,9.682345196614364,75.39898674683553,5.994254687561647,-5.146670496535312,5.487723455688128,-0.003358258590272796,6.331397634882139,0.020897199461768955,0.009068513876453466,0.5127999999992028,2,optimal,426.686094574699,0,0,0.8859600358681482,0.2945062022439873,334,-0.8951343836886005,1.2637351666949739,0.19864329610943066,running
MPC,80.51000000000428,9.937872207342032,75.95376812062534,6.204892618257692,-5.151301101403575,5.462013890820401,0.008206908744126235,6.540456076643688,0.02007734878737102,0.014484213705115323,0.4779999999993123,2,optimal,427.28599589290104,0,0,0.8522347998138706,0.2738660334926458,357,-0.7949490268767376,1.366802311228361,0.21713917065507293,running
MPC,80.61000000000433,10.20106789725504,76.52768450948192,6.406757302893159,-5.12985838916079,5.234516442036531,0.00893913353887507,6.728344262461345,0.036862707797359,0.007043223815865751,0.5560999999989491,2,optimal,427.88589721625056,0,0,0.8838262239326842,0.28448611261074663,350,-0.8254402224281743,1.408150182815836,0.21092842571338713,running
MPC,80.71000000000438,10.466856045172532,77.12163853818862,6.592601652124472,-5.124447165683112,4.819096036870435,-0.007848571150525752,6.888666906580203,0.08196498582809009,0.013484368884810749,0.5198000000028458,2,optimal,428.485798534165,0,0,0.8575813125178443,0.27924731371266753,722,0.7949490268767376,1.4700625722670708,0.21713917065507293,running
MPC,80.81000000000444,10.740221420849746,77.73103895692182,6.75271586811676,-5.147127834325883,4.151892629109065,-0.015555462851882593,7.007790915035378,0.05534925273283714,0.0064552591693551875,0.518100000000743,2,optimal,429.2856669275438,0,0,0.8813954629241127,0.25957993348432085,363,-0.7688137164040778,1.45290875458839,0.22293077345441883,running
MPC,80.91000000000449,11.027225333390968,78.35057321650905,6.891958828374636,-5.170061132472934,3.6106838906661882,-0.0136384623507119,7.113784257183379,0.03633734512552159,0.02634783463770951,0.6702000000000652,3,optimal,429.88556820728064,0,0,0.8703207431239006,0.25057449506403867,347,-0.8385078776645043,1.3396972535358593,0.2084324073070941,running
MPC,81.01000000000454,11.330274670327102,78.97562846929846,6.993069531094121,-5.191486805760469,2.6218832521735,-0.012446662603691112,7.154147153591986,0.08144086237639543,0.04136628792997765,0.8332000000006445,3,optimal,430.6854365611273,0,0,0.8610038492042398,0.23271262121832503,342,-0.8602873030583875,1.2505372476078735,0.20447740104668094,running
MPC,81.11000000000459,11.64912331208592,79.60182534790997,7.056114551531865,-5.213301922779088,1.6348089645588304,-0.0002168247148393267,7.156550427550004,0.059272794992757685,0.05010554299350556,0.7250000000009749,3,optimal,431.285335623619,0,0,0.8287945729155599,0.23281132815190494,354,-0.8080166821130677,1.3392940657270622,0.2144087504700342,running
MPC,81.21000000000464,11.980700792263043,80.22534412697831,7.067101273051076,-5.219322842204631,0.28489467853299566,0.0034431296507397994,7.084604019385164,0.09405685262729709,0.023642066993357247,0.7797000000024923,3,optimal,432.0851921917228,0,0,0.8195941787557708,0.23541638852548646,363,-0.7688137164040778,1.4168410784600574,0.22293077345441883,running
MPC,81.31000000000469,12.314690431485735,80.84333874037458,7.0031155454884075,-5.2116581563109365,-0.7281670435460904,-0.01120316902054048,6.994284568696467,0.07785933730943793,0.020495153073492034,0.4962000000006128,2,optimal,432.68508076748947,0,0,0.8534025690696607,0.24512207800547295,329,-0.9169138090824838,1.2489932200603573,0.19528096432440423,running
MPC,81.41000000000474,12.647804661144031,81.44826844503976,6.856272129853482,-5.235441631465017,-1.671099788970387,-0.02884675091860263,6.836005566591369,0.07387807593260805,0.06106943015776789,0.4857000000004774,2,optimal,433.48490429065384,0,0,0.8568863960888418,0.23808273081225506,703,0.7121872103799816,1.480169133154101,0.21811666573475305,running
MPC,81.5100000000048,12.985208673848142,82.03211840354798,6.686198931174669,-5.2901612002210285,-1.935458155837719,-0.05966694700381917,6.66272631426971,0.024568219067136614,0.06457765713794039,0.46769999999973777,2,optimal,434.0847347934793,0,0,0.8612505006226053,0.23052458116223684,694,0.6729842446709915,1.4470611583298512,0.2111347683074644,running
MPC,81.61000000000485,13.342344416417573,82.5843438304937,6.522597831428633,-5.397045835141011,-1.8618047127194417,-0.08565172755431828,6.500018459902725,0.10576384885140641,0.008849751712087794,0.6495999999991398,3,optimal,434.684609340387,0,0,0.8020565901047456,0.22842904672840866,703,0.7121872103799816,1.3741992112355954,0.21811666573475305,running
MPC,81.7100000000049,13.738217658045093,83.09390271513523,6.4207071600874706,-5.5186407507582445,-1.1595309101198175,-0.06295641806475029,6.406644740416651,0.15845218128527566,0.07652107215558868,0.6280000000007391,3,optimal,435.4844589676017,0,0,0.7894477821774277,0.2656209900365835,731,0.8341519925857277,1.373183997242016,0.20925385860619153,running
MPC,81.81000000000495,14.175441975348491,83.56391268416117,6.42055405264965,-5.555891127605945,-0.001742385287932781,0.005317600257518199,6.420532921558677,0.12721353198629792,0.10741911046488628,0.8186000000005578,3,optimal,436.08435920390303,0,0,0.7943724586619147,0.2655018886571237,736,0.8559314179796109,1.3227121743364008,0.20524858980469113,running
MPC,81.910000000005,14.633917115384563,84.01412491205045,6.430253270260313,-5.5265040385056965,0.25150864872470713,0.018546142817900863,6.445704917522121,0.07927684524934056,0.06706567101503946,0.522699999999432,2,optimal,436.6842602485868,0,0,0.8429549312278872,0.25747147749759275,715,0.7644578313253012,1.4170858375317825,0.2239412608755995,running
MPC,82.01000000000505,15.094536509053285,84.45898506797457,6.390125745727089,-5.512387579138569,-0.45665716429593983,-0.003427987029881198,6.384587553830719,0.053130995976136804,0.02818234919495577,0.6231999999997129,3,optimal,437.2841605948753,0,0,0.7923564008504774,0.259891720197857,724,0.8036607970342913,1.3752257685076077,0.2153071491827237,running
MPC,82.1100000000051,15.550302297003538,84.89502759754336,6.265510902934763,-5.534003870398339,-1.418135342278876,-0.023418390949827825,6.248312211499202,0.06244805809622485,0.01603634322755987,0.4363000000005002,2,optimal,437.88405366528815,0,0,0.8141605059678796,0.2674586013303312,729,0.8254402224281745,1.3700933557347927,0.21092842571338707,running
MPC,82.21000000000515,16.00168602609446,85.31489052537295,6.113390594719659,-5.562424700457706,-1.7311516070177133,-0.020131659595303927,6.092395742232992,0.074966248773474,0.027260005820169297,0.5076000000006076,2,optimal,438.48395376404403,0,0,0.8625656742629824,0.27694769045817835,733,0.8428637627432809,1.3621102649140555,0.20762130414308752,running
MPC,82.3100000000052,16.446932237586033,85.71352873017682,5.9063974930767085,-5.575247478670984,-2.355612112250481,0.0002867171787765481,5.877829383494611,0.06762421871592561,0.05036512408199201,0.4695000000012328,2,optimal,439.08385146985904,0,0,0.9103057282439735,0.2681432301093029,355,-0.803660797034291,1.3530810790329382,0.21530714918272373,running
MPC,82.41000000000525,16.876779377320748,86.09346201288069,5.65042859404979,-5.554657114461163,-2.912963930301894,0.022962510584781513,5.615101100046519,0.037106975300113205,0.05533016544749714,0.5070000000007013,2,optimal,439.6837432812614,0,0,0.8547725602608343,0.2940756214142312,362,-0.7731696014828544,1.4650536123027114,0.22193355627601147,running
MPC,82.5100000000053,17.28260203688742,86.45908967763116,5.366568074844846,-5.526561656691017,-3.23037469327011,0.022999474680930727,5.327391124722778,0.03576329121214189,0.008650307877025476,0.4453999999984859,2,optimal,440.28362481237235,0,0,0.8525124881133734,0.3029401434321812,698,0.6904077849860983,1.5338707647476753,0.21414126651260781,running
MPC,82.61000000000536,17.660984924305424,86.81202573161082,5.07634745173941,-5.514114979798737,-3.3027536163562314,-0.010548393317606028,5.036292713209223,0.10021280374642352,0.09687175039628393,0.45439999999707936,2,optimal,440.88343774615817,0,0,0.8628278281661861,0.28692649793207625,694,0.6729842446709915,1.415212757902191,0.2111347683074644,running
MPC,82.71000000000541,18.020638691552648,87.14392005841778,4.801256821299046,-5.571169860361272,-3.130572062008666,-0.09104489744951202,4.763290245538543,0.029313744482330917,0.13355774896401407,0.4746000000004358,2,optimal,441.28317175180695,0,0,0.8376417440669245,0.27816052702764976,693,0.6686283595922151,1.318395029363104,0.2104061992652272,running
MPC,82.81000000000546,18.38244095696149,87.43461713140022,4.563331049760696,-5.72171141624408,-2.707630470792385,-0.15412936185862475,4.530493774219807,0.1047374090299423,0.06222493560924036,0.6623000000018919,3,optimal,441.68291886378046,0,0,0.8203840247325809,0.2988482244274873,704,0.7165430954587584,1.3009325284859354,0.21894209497805303,running
MPC,82.91000000000551,18.767885456574128,87.66261529925643,4.442737601573742,-5.911057716074157,-1.3723712768807255,-0.14357290639003653,4.426093922072623,0.15187792207400463,0.08784126550612648,0.6742000000006243,3,optimal,442.08279992165313,0,0,0.7770109592257277,0.34981638072859544,718,0.7775254865616312,1.3585751178918273,0.22094939445953415,running
MPC,83.01000000000556,19.18092247324445,87.82334167260535,4.431840208938312,-6.041209765143243,-0.12401393998263721,-0.020438527159006417,4.430336207575478,0.11658516948514494,0.19435483012357668,0.47880000000155576,2,optimal,442.6826928918994,0,0,0.7760601948141767,0.36954992818447574,364,-0.7644578313253012,1.4089327347661973,0.2239412608755995,running
MPC,83.11000000000561,19.60922964223562,87.94930061331716,4.492592136636201,-6.0213304503105345,1.5753471935632666,0.09641947158665196,4.589374928294639,0.042082321206535746,0.15516807335719296,0.6732999999989886,3,optimal,443.0826231287506,0,0,0.8628966907518382,0.3591669451887576,362,-0.7731696014828544,1.361164658275895,0.22193355627601147,running
MPC,83.21000000000566,20.041376626629923,88.08845949630047,4.581527771864923,-5.9148517714933035,2.306173790271366,0.09343729504042406,4.723209515663338,0.025166517564085403,0.025685831016457605,0.6463000000014318,3,optimal,443.4825541392611,0,0,0.8737723245548641,0.38918311660874777,709,0.7383225208526416,1.5163737510186472,0.2232291878884924,running
MPC,83.31000000000572,20.472500468638106,88.25887304195041,4.683271718231697,-5.8497289069054705,2.6383037780794116,0.0032511869639753168,4.845358149672864,0.08558206408572754,0.0655140888825212,0.6093999999983168,2,optimal,443.8824874933742,0,0,0.872574640291554,0.35657964352466553,692,0.6642724745134383,1.4959895186107215,0.20968660597172056,running
MPC,83.41000000000577,20.907010553602394,88.44875642085074,4.791876361941377,-5.86740049742406,2.8162072737310795,-0.07736342017989363,4.9648924456048045,0.04500826388539339,0.09123053618996035,0.5979000000024826,3,optimal,444.4823784574387,0,0,0.8501026643119207,0.3341721648301538,711,0.7470342910101948,1.3732873754434987,0.22502164647011186,running
MPC,83.51000000000582,21.35871947564941,88.62738775233618,4.915198818399101,-5.976607995276487,3.1978522006759746,-0.11291343813588431,5.111661582008974,0.06279048754616962,0.013335015926928762,0.6791000000010428,3,optimal,444.88230052867,0,0,0.8512253672295895,0.3335111845312737,721,0.7905931417979613,1.3422460268589742,0.21807316453493353,running
MPC,83.61000000000587,21.8356175779686,88.77025369144256,5.035442664496549,-6.088089542844585,3.1180213150577707,-0.06476647695332258,5.227000949904878,0.08604577979755298,0.05359216700405067,0.6398000000018556,3,optimal,445.4821887795954,0,0,0.824761499237315,0.34405113183982616,736,0.8559314179796109,1.3137773939498887,0.20524858980469113,running
MPC,83.71000000000592,22.336371143909794,88.87442390632535,5.184172361113798,-6.149946964833522,3.8566827266888115,-0.01035285839846587,5.42111093716543,0.06289508656911935,0.09049959029874177,0.584800000000385,2,optimal,445.882110903331,0,0,0.84931491038819,0.34672567225297085,382,-0.6860518999073215,1.5642844525870887,0.21337555590733343,running
MPC,83.81000000000597,22.856357855515434,88.95719111591868,5.334699775232043,-6.1485236019808545,3.9032990124155393,0.02844197288948977,5.5745022623553515,0.03229548604484827,0.058687048558095256,0.49240000000061457,2,optimal,446.48199435356196,0,0,0.8900699191982415,0.33908868508800183,334,-0.8951343836886005,1.2980548681602695,0.19864329610943066,running
MPC,83.91000000000602,23.392996074068975,89.03827861401786,5.506182139832488,-6.12487362123859,4.446678024149165,0.020244829038990542,5.779367577646959,0.08577104761672247,0.012019783902510461,0.44959999999960587,2,optimal,447.081890357962,0,0,0.8705820466811115,0.3299634826538519,725,0.8080166821130677,1.4306287891581932,0.2144087504700342,running
MPC,84.01000000000607,23.947034818339084,89.12629103444215,5.698173317912403,-6.119508229702195,4.978488338364404,-0.0013545205810922205,6.004030973668928,0.07560248570048708,0.004039834245439522,0.639200000000173,2,optimal,447.481821373409,0,0,0.8722249183469055,0.31385020346718573,722,0.7949490268767376,1.4273756298367326,0.21713917065507293,running
MPC,84.11000000000612,24.51957322173905,89.21582031287001,5.877430687629462,-6.139691313847205,4.648290268476742,-0.007955344825685962,6.163002344760077,0.05522567318392026,0.006637790011729372,0.5009000000004704,2,optimal,448.0817206150611,0,0,0.8660187925276743,0.31134279163436057,371,-0.7339666357738648,1.5396495397075942,0.22234991952811328,running
MPC,84.21000000000618,25.11086283077536,89.30270639461754,6.060694759212472,-6.144520608737625,4.7521873262188405,0.002886649998686211,6.352649420251346,0.053115879423812296,0.00820769886224948,0.48630000000038365,2,optimal,448.6816218609457,0,0,0.8660780215132629,0.29983033974790413,366,-0.755746061167748,1.50848504964268,0.22600293112750477,running
MPC,84.31000000000623,25.720325342640056,89.39333983715939,6.247663411363928,-6.123325424484269,4.8482501315153135,0.0049876039517674905,6.5455197723640035,0.06920436940730657,0.014959722259232144,0.49210000000066145,2,optimal,449.2815231229684,0,0,0.8966151165134177,0.29586358975398813,344,-0.8515755329008341,1.3873470517454436,0.20602954162158948,running
MPC,84.41000000000628,26.34733177640084,89.49249510276978,6.43344562486416,-6.1180264805577345,4.817484806522945,-0.010443865815359133,6.7294118920162225,0.09615855916094197,0.02279475374245621,0.5198999999986853,2,optimal,450.08139151895426,0,0,0.9002394208941051,0.27854685199943613,721,0.7905931417979613,1.4422184633973023,0.21807316453493353,running
MPC,84.51000000000633,26.993687052605317,89.59398752393086,6.635878750874876,-6.140069580202326,5.249256592006011,-0.015213256142544148,6.958371284064762,0.0436545850390002,0.002579532478851121,0.6223999999992458,2,optimal,450.681292835673,0,0,0.8754925809417742,0.26727724917185836,708,0.7339666357738648,1.4991288997213392,0.22234991952811328,running
MPC,84.61000000000638,27.660552085494647,89.6905425633073,6.825452614736167,-6.161628369092812,4.91580540278403,-0.004810402974132302,7.127459291153279,0.0355844724805978,0.017220620718736868,0.53129999999868,2,optimal,451.28119415404393,0,0,0.852113332442908,0.2656327833581457,718,0.7775254865616312,1.4771453775096883,0.22094939445953415,running
MPC,84.71000000000643,28.34597412054485,89.78007726008371,6.986590970140294,-6.165133149225754,4.178449402027936,0.004820752710167893,7.243297554938961,0.07723674825640517,0.018521981179840274,0.5104000000013542,2,optimal,452.08106256199625,0,0,0.8951953303598589,0.25597250656670545,371,-0.7339666357738648,1.5196333581020214,0.22234991952811328,running
MPC,84.81000000000648,29.046709543532238,89.87111518689086,7.1341126593577835,-6.140475849295109,3.825358106398945,0.006386665913867679,7.369126780780189,0.030556929242400804,0.007685932389709826,0.505099999999814,2,optimal,452.68096385020294,0,0,0.8991227969341052,0.24737622376474777,743,0.8864226135310473,1.292668456755868,0.20004771979496722,running
MPC,84.91000000000653,29.759730957362745,89.97040118874051,7.2543117447799395,-6.1326431144862745,3.1168606341234457,-0.007315886614577935,7.445798722770128,0.050577048921275056,0.01749242489635705,0.6611999999996954,2,optimal,453.48083224289,0,0,0.8912883536326256,0.24241097318256669,705,0.7208989805375348,1.5189155195034227,0.2197779812188762,running
MPC,85.01000000000658,30.483952876609155,90.0717956550354,7.362736335441016,-6.157138757953867,2.811538350858062,-0.013130368579602238,7.535465579865746,0.08255141750468796,0.0055975549879763165,0.4703999999993158,2,optimal,454.0807335479508,0,0,0.8586869915116829,0.2346098736856136,712,0.7513901760889712,1.469606777942631,0.22593517874601313,running
MPC,85.11000000000664,31.21867636256261,90.16601363872275,7.445591319139749,-6.183250118593097,2.148497520796583,-0.0015482235756414519,7.577586087520674,0.024887734923350616,0.02996885562868723,0.47950000000085424,2,optimal,454.88060194482944,0,0,0.8860862396157486,0.2382337044254933,380,-0.6947636700648749,1.562388104290295,0.21491658495418048,running
MPC,85.21000000000669,31.962550079655795,90.24942811168712,7.519307052620566,-6.189611315874478,1.9115092847415767,0.013800721409085403,7.636742247613906,0.029208351166489864,0.034722558044474106,0.4356000000012017,2,optimal,455.68047034867493,0,0,0.8965400361080819,0.22358245460331727,368,-0.7470342910101946,1.446426635200273,0.22502164647011183,running
MPC,85.31000000000674,32.713778253163305,90.33096192341522,7.5880033157370805,-6.162974574029441,1.7813503111711761,0.019497093799906592,7.697442083737684,0.07539070071041575,0.006611230624268494,0.5442000000002167,2,optimal,456.4803387611464,0,0,0.8911342345028498,0.22790939177573835,357,-0.7949490268767376,1.4172940250352872,0.21713917065507293,running
MPC,85.41000000000679,33.470641682419746,90.42145843054824,7.652121699109784,-6.13500614818803,1.6626421437078032,0.006502722953145805,7.754267530107861,0.09162256481731454,0.022369989658456824,0.5726999999993154,2,optimal,457.080240074339,0,0,0.8538863731598527,0.23390971897660987,705,0.7208989805375348,1.5531111180120212,0.2197779812188762,running
MPC,85.47000000000682,33.926570649510765,90.48250182192363,7.679866296442814,-6.123431281796455,1.0946344121538367,-0.008447231889590259,7.761585140325168,0.05438329689586315,0.03489466956913745,0.5020000000008906,2,optimal,457.680141396691,1,0,0.8863097060661453,0.23076395574586175,707,0.729610750695088,1.5377942104006468,0.22148173646210823,lap_complete
