controller,time_s,x_m,y_m,speed_mps,yaw_rad,accel_command_mps2,steer_command_rad,speed_command_mps,cross_track_error_m,heading_error_rad,controller_update_ms,controller_iterations,controller_status,progress_m,lap_count,collision,minimum_clearance_m,minimum_ttc_s,critical_beam_index,critical_beam_angle_rad,critical_scan_range_m,critical_side_distance_m,termination_reason
Pure Pursuit,0.10999999999999999,34.18747461204769,90.53410018011814,0.28888366911729985,0.12387724709363175,8.0,-0.0004467182563725781,0.8,0.014290754716879912,0.0006784020779924127,0.1257999999992876,0,not_applicable,0.0,0,0,0.8701199969788166,nan,941,1.7488878591288235,1.027610940992995,0.1574909440141784,running
Pure Pursuit,0.21000000000000005,34.23269644112909,90.53954689813028,0.5973968804074414,0.12175937118689158,8.0,-0.00013096563855883648,1.0888836691172998,0.059839313133191366,0.002796277984732587,0.07590000000057273,0,not_applicable,0.0,0,0,0.8964541680320024,5.986511758281525,718,0.7775254865616312,1.4534130371420546,0.22094939445953415,running
Pure Pursuit,0.3100000000000001,34.30849836875978,90.5490778496776,0.905910091697583,0.12364178223490514,8.0,0.000970984364207548,1.3973968804074415,0.06372967911666752,0.0006298230231838176,0.07880000000071163,0,not_applicable,0.19996710727035555,0,0,0.8934538535826139,2.9002916587098775,731,0.8341519925857277,1.3732419711431718,0.20925385860619153,running
Pure Pursuit,0.4100000000000002,34.41487829224126,90.56272248964086,1.2144233029877245,0.1250633036723296,8.0,3.1957168776988084e-06,1.7059100916975831,0.04352173330525374,0.0007916984142406491,0.11499999999919908,0,not_applicable,0.19996710727035555,0,0,0.898557572165168,1.964964245282732,746,0.8994902687673774,1.3051807351397984,0.19795406078248534,running
Pure Pursuit,0.5100000000000002,34.551989479038326,90.57923659661462,1.5229365142778661,0.12087687356088733,8.0,-0.000920823676238132,2.0144233029877245,0.01834913724020926,0.00310251809890838,0.10989999999999611,0,not_applicable,0.39993421560614545,0,0,0.8948390869073555,1.436173666271987,347,-0.8385078776645043,1.374506114055289,0.2084324073070941,running
Pure Pursuit,0.6100000000000003,34.7197092778086,90.59960752129875,1.8314497255680078,0.12301076355081014,8.0,0.0014476092823463233,2.322936514277866,0.04936892098272503,0.0007063011552124188,0.13419999999975118,0,not_applicable,0.5999013216677272,0,0,0.8638097227103992,1.1446905255371447,717,0.7731696014828544,1.4696079628758862,0.22193355627601147,running
Pure Pursuit,0.7100000000000004,34.91777303901837,90.62592870727974,2.1399629368581494,0.13156733560754946,8.0,0.00037928862916211756,2.631449725568008,0.04953551459263966,0.008124787278059209,0.07180000000062137,0,not_applicable,0.7998684300035375,0,0,0.8983591660789397,0.9373017218031833,728,0.8210843373493977,1.3815354579030814,0.21178185999974475,running
Pure Pursuit,0.8100000000000005,35.14640595371681,90.65640717834401,2.4484761481482904,0.12971057099784894,8.0,-0.004991270460852435,2.9399629368581497,0.019069395721416593,0.006514651786691417,0.09090000000000487,0,not_applicable,0.99983553530441,0,0,0.89623999887706,0.8225215938388528,345,-0.8472196478220575,1.3721722927922293,0.20682039817249398,running
Pure Pursuit,0.9100000000000006,35.40598483558927,90.688105921428,2.7569893594384314,0.1191680193545605,8.0,-0.005191344611903906,3.24847614814829,0.042760341236391164,0.0037708345580469427,0.0821000000001959,0,not_applicable,1.199802643640203,0,0,0.8754437870593587,0.7192214526685858,713,0.755746061167748,1.5075859254906532,0.22600293112750477,running
Pure Pursuit,1.0100000000000007,35.696302240709144,90.72259379389945,3.0655025707285724,0.12073723866872327,8.0,0.0005532936194832732,3.5569893594384316,0.06490215294446117,0.0017312153069761749,0.12749999999961403,0,not_applicable,1.5997368568850163,0,0,0.899320096563609,0.637751639370792,361,-0.7775254865616312,1.473986578422823,0.22094939445953415,running
Pure Pursuit,1.1100000000000008,36.01686234013888,90.76389161669776,3.3740157820187133,0.13306196271565723,8.0,0.00010803869729655707,3.865502570728572,0.058423533196305145,0.010808589011316094,0.09679999999967492,0,not_applicable,1.7997039616929331,0,0,0.8712207476285746,0.5644650847220732,709,0.7383225208526416,1.5030078422344078,0.2232291878884924,running
Pure Pursuit,1.2100000000000009,36.36777808863603,90.81098608559967,3.6825289933088543,0.1317450873565506,8.0,-0.006795890349324169,4.174015782018714,0.01431633580210919,0.00991315506534507,0.11160000000032255,0,not_applicable,2.199638174953892,0,0,0.9024826166324693,0.5296550804818109,722,0.7949490268767376,1.4686583121931227,0.21713917065507293,running
Pure Pursuit,1.310000000000001,36.74969078897401,90.85894094569964,3.9910422045989953,0.11773775142694703,8.0,-0.007455733517155239,4.482528993308854,0.008728339408525824,0.003705973412049257,0.07300000000043383,0,not_applicable,2.5995723884942183,0,0,0.8876175244766562,0.47461930954890447,733,0.8428637627432809,1.370480481519177,0.20762130414308752,running
Pure Pursuit,1.410000000000001,37.16280955269626,90.90574844157311,4.299555415889138,0.10326274462485391,8.0,-0.0020546066206300257,4.7910422045989955,0.014085697157304887,0.017826088880860347,0.07170000000122911,0,not_applicable,2.9995066024186654,0,0,0.873461161901376,0.44233080627194926,360,-0.7818813716404078,1.4726590311735637,0.21997807798827249,running
Pure Pursuit,1.5100000000000011,37.606976847182516,90.95245338967325,4.60806862717928,0.10457409394968681,8.0,0.0065764199981884945,5.099555415889138,0.05990060717956935,0.016193171840798826,0.07440000000080715,0,not_applicable,3.3994408167841232,0,0,0.8943843068730649,0.40139601882976395,362,-0.7731696014828544,1.4571071267363263,0.22193355627601147,running
Pure Pursuit,1.6100000000000012,38.081497077831806,91.00540330435562,4.916581838469423,0.12109033979410116,8.0,0.00861113384973588,5.40806862717928,0.06297710123973023,0.0007459001124172637,0.07270000000048071,0,not_applicable,3.9993421399422733,0,0,0.8940949713548418,0.38501242692170595,376,-0.7121872103799816,1.5610421295053913,0.21811666573475305,running
Pure Pursuit,1.7100000000000013,38.58593293735901,91.06808041941322,5.225095049759565,0.1371324769924473,8.0,0.0022894622399491594,5.7165818384694225,0.046065720134439256,0.01702567156529078,0.11899999999975819,0,not_applicable,4.3992763552039955,0,0,0.8762804862338441,0.35578322341234697,723,0.7993049119555145,1.4357945354895718,0.21621722807816315,running
Pure Pursuit,1.8100000000000014,39.12031687409155,91.13976116805192,5.533608261049707,0.13552627250215837,8.0,-0.00664696254418604,6.025095049759565,0.015145492431286461,0.015721272502261296,0.07529999999889014,0,not_applicable,4.9991776784540765,0,0,0.8557331637444145,0.3348809581965634,700,0.6991195551436515,1.555002863384296,0.2157016455530536,running
Pure Pursuit,1.9100000000000015,39.68561597945192,91.21296502812281,5.84212147233985,0.11647617615460665,8.0,-0.009707690040733139,6.333608261049707,0.04549602939586299,0.0029301673929627015,0.0733999999997792,0,not_applicable,5.599079002386013,0,0,0.889057720294509,0.32022611582772526,340,-0.8689990732159407,1.3469552718658058,0.20296376061118726,running
Pure Pursuit,2.010000000000001,40.282427316785906,91.28266588023966,6.150634683629992,0.09913219083704766,8.0,-0.0018565930054203446,6.642121472339849,0.04429713952764589,0.019702307603465474,0.07199999999940587,0,not_applicable,6.1989803237639105,0,0,0.8888110289085277,0.2940459931522037,350,-0.8254402224281743,1.3760335394775345,0.21092842571338713,running
Pure Pursuit,2.109999999999999,40.91064213357025,91.34915659522143,6.459147894920134,0.10132460484644107,8.0,0.007671823768536626,6.950634683629992,0.012481317564433086,0.01671210327832906,0.08170000000085054,0,not_applicable,6.79888164689648,0,0,0.8947813607816459,0.27713926042830567,353,-0.8123725671918443,1.3858962162425386,0.21352185245425553,running
Pure Pursuit,2.209999999999997,41.569313729470345,91.42095430243539,6.7676611062102765,0.12295124899768978,8.0,0.009783526388149095,7.259147894920134,0.05120217730189392,0.005898350568343869,0.07190000000001362,0,not_applicable,7.398782969909469,0,0,0.8876704898780606,0.2706400055435061,359,-0.7862372567191844,1.4540778334049964,0.21901940157552577,running
Pure Pursuit,2.3099999999999947,42.25797381122649,91.50211648256817,7.076174317500419,0.12274860158424267,8.0,-0.00047821896577573763,7.567661106210276,0.05651710964077319,0.0073202824343741035,0.20459999999999923,0,not_applicable,8.19865139138826,0,0,0.8904181814363782,0.258687748022656,354,-0.8080166821130677,1.4240337551528472,0.2144087504700342,running
Pure Pursuit,2.4099999999999926,42.9774667871376,91.58521598340084,7.384687528790561,0.0997847075423845,8.0,-0.0012722962711240393,7.876174317500419,0.06886348706698407,0.014201835291187237,0.06910000000104333,0,not_applicable,8.798552685638608,0,0,0.8675039734105913,0.24008222775317137,346,-0.8428637627432809,1.3379222264106807,0.20762130414308752,running
Pure Pursuit,2.5099999999999905,43.724507166491236,91.66494008983437,7.621977561840183,0.09896066910712092,6.153124712094389,0.008887466849394584,8.0,0.02350074325708669,0.012786740325861246,0.07299999999865747,0,not_applicable,9.598421063970765,0,0,0.8574746526755287,0.2333231022399772,354,-0.8080166821130677,1.4048998647615438,0.2144087504700342,running
Pure Pursuit,2.6099999999999883,44.49010334086686,91.74781139247364,7.7677587072607,0.12474255787589622,3.780224381598174,0.009365296032464056,8.0,0.017657903778161795,0.015588486484681585,0.07300000000043383,0,not_applicable,10.398289415979205,0,0,0.850535395231523,0.233196734970536,706,0.7252548656163116,1.5507220840786897,0.2206244765899192,running
Pure Pursuit,2.709999999999986,45.26635737069484,91.83916578302278,7.8573205910321695,0.12889157833611192,2.322412927392996,-0.0031245783956149816,8.0,0.029103555146019762,0.02268566290786822,0.1785999999999177,0,not_applicable,11.198157744542465,0,0,0.8919577537345956,0.22327218089462336,705,0.7208989805375348,1.522624432661413,0.2197779812188762,running
Pure Pursuit,2.809999999999984,46.04961719411265,91.93165869148945,7.912343694339226,0.10185490983972983,1.426794089678305,-0.010315733541601197,8.0,0.0395077452547922,0.001051237619552392,0.08710000000000662,0,not_applicable,11.99802605955846,0,0,0.8963366511972222,0.22355486397037555,721,0.7905931417979613,1.453666869692776,0.21807316453493353,running
Pure Pursuit,2.909999999999982,46.83827803288837,92.01497849891035,7.946147604775769,0.07297985054806871,0.8765630566077398,-0.0018513449604401265,8.0,0.04661319932713478,0.026866980742249247,0.09619999999976869,0,not_applicable,12.797894414314838,0,0,0.8984934155304128,0.2196513967862122,350,-0.8254402224281743,1.3896693798527493,0.21092842571338713,running
Pure Pursuit,3.00999999999998,47.63087540401843,92.08553713596386,7.966915324008635,0.06906409233233618,0.5385239522423113,0.010983960406737566,8.0,0.050468971321942724,0.028800387180152764,0.079200000000057,0,not_applicable,13.597762827212945,0,0,0.9027488134124669,0.21657728424970143,361,-0.7775254865616312,1.4473908361836088,0.22094939445953415,running
Pure Pursuit,3.1099999999999777,48.42539606361264,92.15300212201083,7.979674148551872,0.0978511236486585,0.33084675991364776,0.015804479491390543,8.0,0.05437623326832665,0.0008441541980395151,0.0809999999997757,0,not_applicable,14.397631259310819,0,0,0.9011898103703614,0.2207971915127723,357,-0.7949490268767376,1.4490548720479415,0.21713917065507293,running
Pure Pursuit,3.2099999999999755,49.22011807302211,92.22935028120004,7.987512640679957,0.1287367105109924,0.20325851448127707,0.004839878031387175,8.0,0.05606372035748345,0.03143709306996012,0.07700000000099294,0,not_applicable,15.19749969193217,0,0,0.8965757196092721,0.21674624096705414,719,0.781881371640408,1.4472581944845098,0.21997807798827246,running
Pure Pursuit,3.3099999999999734,49.991734124029875,92.31702202294065,7.652844745277511,0.14523508733033602,-3.8085701491213264,-0.010433929099155902,7.606655625767824,0.07786081310945556,0.04652118604304878,0.09239999999977044,0,not_applicable,15.997368110054976,0,0,0.898537170771673,0.20805412786225932,711,0.7470342910101948,1.4443219177200817,0.22502164647011186,running
Pure Pursuit,3.4099999999999713,50.723545551330076,92.40765069831802,7.231826949563709,0.12708672779479907,-4.791244786346258,-0.02256135541528428,7.173720266642885,0.06159829585777382,0.026586438475938667,0.17850000000052546,0,not_applicable,16.597269372883524,0,0,0.8995881915328493,0.21887040007003675,712,0.7513901760889712,1.4499118794128352,0.22593517874601313,running
Pure Pursuit,3.509999999999969,51.41842739893747,92.49093106429987,6.879642612937927,0.09387063966154557,-4.00790984103236,-0.01745463842730977,6.831035965460473,0.0493579485499985,0.009987436625597645,0.09670000000028267,0,not_applicable,17.397137661427863,0,0,0.896352747705492,0.23732756431781435,718,0.7775254865616312,1.4440818571178722,0.22094939445953415,running
Pure Pursuit,3.609999999999967,52.07233297402225,92.55613780012291,6.411166949508565,0.04836318329961492,-5.342422273783338,-0.005000852033537798,6.345400385559593,0.029396306239593165,0.05877875468117244,0.09030000000009863,0,not_applicable,17.997038874852358,0,0,0.8715160523799126,0.24384910996659814,355,-0.803660797034291,1.379685306678574,0.21530714918272373,running
Pure Pursuit,3.709999999999965,52.685419390970694,92.59875432284248,6.0105343116985885,0.022760575990283083,-4.5592586743104135,0.021854748900245392,5.9552410820775235,0.03096863577756421,0.08822278502185954,0.07740000000033831,0,not_applicable,18.596939895196314,0,0,0.86652483438379,0.24359696746745868,363,-0.7688137164040778,1.345410094139533,0.22293077345441883,running
Pure Pursuit,3.8099999999999627,53.25815026049766,92.62910417699257,5.59500946873646,0.05315271542562722,-4.728734171590698,0.042375037929693965,5.537660894539519,0.03501845278482473,0.061338239246425896,0.07860000000015077,0,not_applicable,19.196841032275582,0,0,0.8958637760707834,0.277214205986758,379,-0.6991195551436515,1.4910304767819988,0.2157016455530536,running
Pure Pursuit,3.9099999999999606,53.786785546379754,92.6661814922509,5.1479110281709275,0.11698339608990355,-5.0909961048316354,0.027911883457222775,5.085909858253297,0.08755023972395991,0.014313913991758742,0.07440000000080715,0,not_applicable,19.79673908414321,0,0,0.8174400990591756,0.3126663665928706,347,-0.8385078776645043,1.3780151298793204,0.2084324073070941,running
Pure Pursuit,4.009999999999959,54.26713375120057,92.71483883677803,4.659236648075366,0.13952962747927405,-5.579987554431511,-0.012921127389005629,4.589912272727776,0.05500046963930666,0.06597113603889859,0.07869999999954302,0,not_applicable,20.196660051928838,0,0,0.8532049371831583,0.32617166228585737,720,0.7862372567191844,1.405327627710191,0.21901940157552577,running
Pure Pursuit,4.109999999999957,54.70502588998066,92.76513421220274,4.279461638130362,0.10978180094545004,-4.321895784235483,-0.062040783444825894,4.227047069651817,0.06377539407901518,0.08331359648934411,0.09230000000037819,0,not_applicable,20.5965718312285,0,0,0.8956846637086386,0.3229801598378457,704,0.7165430954587584,1.3537135909850775,0.21894209497805303,running
Pure Pursuit,4.209999999999955,55.10542507740105,92.79767277764591,3.8844786042935033,0.02572773591153571,-4.494965345485142,-0.09279579689544835,3.829965103581848,0.06303793804121018,0.06553976021553254,0.07309999999982608,0,not_applicable,20.996488426593828,0,0,0.8927017621886547,0.3494174197819192,697,0.6860518999073215,1.3703828522540233,0.21337555590733343,running
Pure Pursuit,4.3099999999999525,55.478370610555366,92.79806741989864,3.652428337597031,-0.07179903415380046,-2.6407663566684914,-0.09487258119119704,3.620401968626654,0.058396125196638705,0.042624921304888375,0.1344999999997043,0,not_applicable,21.396409412621228,0,0,0.826912266711112,0.37835017788750663,708,0.7339666357738648,1.3136313692190944,0.22234991952811328,running
Pure Pursuit,4.40999999999995,55.836832686558964,92.76467467420223,3.575388214120187,-0.15656598273322003,-0.8767279998749,-0.07883164097633118,3.564755537609541,0.07016691618470368,0.017150038996272876,0.08120000000033656,0,not_applicable,21.796314672203064,0,0,0.8042688913934088,0.4188435109294226,726,0.8123725671918445,1.2656819358396414,0.2135218524542555,running
Pure Pursuit,4.509999999999948,56.194918281950734,92.69973385638488,3.695466612197381,-0.23094352829228032,3.113731112519944,-0.0683466641946736,3.8867613253721816,0.0902813849989923,0.013704133149180286,0.07969999999879462,0,not_applicable,22.19622448501269,0,0,0.8231293081251553,0.4475315838394965,706,0.7252548656163116,1.4180272933526217,0.2206244765899192,running
Pure Pursuit,4.609999999999946,56.562873167223955,92.60613291008492,3.883889169381348,-0.28772385882525625,4.885951078620487,-0.0412016350234819,4.18406172005943,0.09920752200216525,0.04181304621388282,0.11880000000097368,0,not_applicable,22.596144887886023,0,0,0.8060664862360445,0.4574618500005134,729,0.8254402224281745,1.3575059508813645,0.21092842571338707,running
Pure Pursuit,4.709999999999944,56.94603910169958,92.48991375395502,4.106679327633842,-0.3182350780101502,5.777131094537662,-0.017507624284979047,4.461602278835114,0.0895133220836544,0.05488401698343459,0.10229999999999961,0,not_applicable,22.996073681708133,0,0,0.8531744392274232,0.4498468488240989,722,0.7949490268767376,1.4407089876226147,0.21713917065507293,running
Pure Pursuit,4.809999999999942,57.34826973833158,92.35740672891032,4.344306668722472,-0.33224622858675384,6.161871385537587,-0.005008336771842191,4.7228664661876,0.05963758365200471,0.051442730294123606,0.109600000000043,0,not_applicable,23.396002369513383,0,0,0.8964847569375204,0.43886837480008456,717,0.7731696014828544,1.5118347871789166,0.22193355627601147,running
Pure Pursuit,4.90999999999994,57.770924123848324,92.21047534408966,4.585760596570678,-0.3470082647394242,6.26109791119787,-0.0018924485836502565,4.970416459842259,0.009289398968810201,0.04448946281658772,0.07659999999987122,0,not_applicable,23.795927183571475,0,0,0.871211777809444,0.40200358469384373,355,-0.803660797034291,1.4274600298909468,0.21530714918272373,running
Pure Pursuit,5.009999999999938,58.21393190386491,92.04907575276567,4.8250303885628565,-0.36262158869224,6.204461481350485,-0.0010731740486133435,5.206206744705726,0.06543949375995808,0.03418694639208342,0.09619999999976869,0,not_applicable,24.195847134030384,0,0,0.8726249109134397,0.38239682242285084,330,-0.9125579240037072,1.2686444710069655,0.19593688336746246,running
Pure Pursuit,5.1099999999999355,58.67657502595774,91.87266942520988,5.059013768877415,-0.3786941087628873,6.067380501109465,-0.00849494137827738,5.431768438673803,0.042207696230721764,0.004667531017657378,0.07989999999935549,0,not_applicable,24.795704175435052,0,0,0.891075880557651,0.3653038771546979,703,0.7121872103799816,1.5522909257584003,0.21811666573475305,running
Pure Pursuit,5.209999999999933,59.15992407234238,91.67992923259885,5.326852857569752,-0.3946318330295438,6.945286720715398,-0.018225097859397073,5.753542440948955,0.08192158286901345,0.013326786902713827,0.07519999999949789,0,not_applicable,25.195611455266288,0,0,0.8572537148458024,0.3298441126066751,710,0.742678405931418,1.4533736928951038,0.2241197071405647,running
Pure Pursuit,5.309999999999931,59.661974286548464,91.46880269246408,5.548458166113761,-0.42582254572272876,5.746406972130602,-0.03796610230943297,5.901493554782812,0.029367094496333502,0.03725725720372042,0.07659999999987122,0,not_applicable,25.79548443014842,0,0,0.8885372545936766,0.30306958515047405,701,0.7034754402224284,1.4476412214176106,0.21649658541768402,running
Pure Pursuit,5.409999999999929,60.161779969485856,91.23732667199847,5.488161466994263,-0.49005260679367196,-0.6861853542328067,-0.05748984458659405,5.47983963069048,0.053765434511482565,0.03185523258851575,0.07740000000033831,0,not_applicable,26.395327990090216,0,0,0.832831424612235,0.28073033310814693,738,0.8646431881371641,1.2144739191774592,0.2037158366078793,running
Pure Pursuit,5.509999999999927,60.62232586509674,90.98878189667954,5.105767521718276,-0.6025449533933351,-4.351699655658727,-0.0713905340746355,5.05299150142839,0.11985811423599682,0.038591902333253714,0.07570000000001187,0,not_applicable,26.795236689156983,0,0,0.7961968746521022,0.29292890395864146,716,0.768813716404078,1.3784002886006028,0.22293077345441878,running
Pure Pursuit,5.609999999999925,61.03200667865062,90.71275275171143,4.8587465560838865,-0.7165449880189503,-2.8111351248405025,-0.04992216834751714,4.824654009234226,0.07847961188235678,0.0863794516897971,0.08039999999986946,0,not_applicable,27.39511849416779,0,0,0.8206746362308911,0.32636070280535656,740,0.8733549582947173,1.2724306479124528,0.20222103997141733,running
Pure Pursuit,5.709999999999923,61.38770030354437,90.41814311623583,4.498433043515097,-0.7939616216886443,-4.100421065618942,-0.024230713743332983,4.448704449521992,0.0724172403807089,0.11888609940067818,0.07869999999954302,0,not_applicable,27.795041419348124,0,0,0.8253464808856001,0.351565168455082,715,0.7644578313253012,1.4568233011362126,0.2239412608755995,running
Pure Pursuit,5.809999999999921,61.698292874275616,90.11781017026705,4.230864218522235,-0.8299313977883467,-3.0449728034947743,-0.018308425680778485,4.193935763165619,0.07762213272311522,0.10736532261416976,0.11120000000097718,0,not_applicable,28.194964158685085,0,0,0.8519652153795413,0.3765018262586054,701,0.7034754402224284,1.5080856816463768,0.21649658541768402,running
Pure Pursuit,5.909999999999918,61.968096670553166,89.82580406539279,3.846434768194785,-0.8749540062192331,-4.374864004208114,-0.03750401642324321,3.793377818101424,0.06682492071292165,0.08717532611285739,0.07199999999940587,0,not_applicable,28.59484879464604,0,0,0.8526914491507966,0.39744747571118316,694,0.6729842446709915,1.526045130873973,0.2111347683074644,running
Pure Pursuit,6.009999999999916,62.19275434675626,89.55038835403303,3.406058285868537,-0.9398169228178619,-5.011936433763853,-0.054652374823901215,3.3452411248183997,0.024128328287902397,0.04996992238136899,0.08479999999977395,0,not_applicable,28.994613143842663,0,0,0.870452239909578,0.4242201076555529,706,0.7252548656163116,1.4417013396423282,0.2206244765899192,running
Pure Pursuit,6.109999999999914,62.37079930946437,89.29963256935832,2.8995676621491624,-0.9999767876364232,-5.789531605498359,-0.054023441536053006,2.827105125318701,0.07013011724085998,0.008907982790250735,0.10660000000051184,0,not_applicable,29.394331101290465,0,0,0.8491358564413556,0.48764570677636376,713,0.755746061167748,1.4347758066198266,0.22600293112750477,running
Pure Pursuit,6.209999999999912,62.524272173730324,89.05165983254409,2.931030653623453,-1.040282763618156,0.8158611125330717,-0.04743894457382466,2.9811537734024696,0.023721855758817873,0.021510330640293063,0.109600000000043,0,not_applicable,29.594298209626245,0,0,0.8915818032880968,0.5618368669127886,725,0.8080166821130677,1.3399975779550908,0.2144087504700342,running
Pure Pursuit,6.30999999999991,62.66971346731183,88.79134981328266,3.025507345860936,-1.0787146465622908,2.4498579323044467,-0.04192328450994592,3.1760164468538976,0.07851961637789862,0.03771005090690638,0.07130000000010739,0,not_applicable,29.994164697415247,0,0,0.8655570335567571,0.5748252789724843,718,0.7775254865616312,1.4216466127878569,0.22094939445953415,running
Pure Pursuit,6.409999999999908,62.811739282401206,88.5122996894881,3.221446261789337,-1.1171563003687919,5.0808564108881615,-0.03733082863502682,3.533592986949752,0.035696959822147226,0.01184105952983927,0.07130000000010739,0,not_applicable,30.194117896537332,0,0,0.8599994709073918,0.5500786363466984,713,0.755746061167748,1.4371899723138815,0.22600293112750477,running
Pure Pursuit,6.509999999999906,62.95267900748388,88.21159775189723,3.4057879064967964,-1.1451179297721235,4.780129679026168,-0.027558847223945172,3.699459229691954,0.035670839554463235,0.006987145854655097,0.07869999999954302,0,not_applicable,30.59404151494734,0,0,0.8626632664929311,0.5278635771656168,705,0.7208989805375348,1.4972031863184896,0.2197779812188762,running
Pure Pursuit,6.6099999999999035,63.096941612995174,87.88923250635149,3.6390587477831593,-1.1587896077158935,6.048903781095656,-0.023982581260834766,4.010678284606362,0.08208623660720478,0.013478218592787083,0.1029999999992981,0,not_applicable,30.993966905141367,0,0,0.8757463839199382,0.4947589285629163,707,0.729610750695088,1.4775706799752715,0.22148173646210823,running
Pure Pursuit,6.709999999999901,63.24637391200765,87.54239839764733,3.8937250625776363,-1.1726358404393713,6.603705915335363,-0.02532700549537012,4.299429339316696,0.09904699817735924,0.009074714766669878,0.07589999999879637,0,not_applicable,31.193934013477183,0,0,0.861792511051075,0.45161342317426073,715,0.7644578313253012,1.4101123875807708,0.2239412608755995,running
Pure Pursuit,6.809999999999899,63.39993881619952,87.17231572915293,4.10314431164355,-1.1874073359501314,5.430412479003115,-0.026816748166487946,4.436766310477948,0.10095442214346124,0.010811646153167764,0.09009999999953777,0,not_applicable,31.59386129021104,0,0,0.8577939883105592,0.4236566943017726,716,0.768813716404078,1.408559575247508,0.22293077345441878,running
Pure Pursuit,6.909999999999897,63.55647036576422,86.77963602792431,4.333089303506734,-1.202534223365345,5.962661784280767,-0.028029187122014063,4.699410490071627,0.08787655547719293,0.015851506299549456,0.07950000000001012,0,not_applicable,32.193754004818125,0,0,0.8505455672617617,0.3981952719185615,712,0.7513901760889712,1.4198575969877985,0.22593517874601313,running
Pure Pursuit,7.009999999999895,63.71662407034069,86.3605889171016,4.616470606405599,-1.2175264409986684,7.348309052019415,-0.029030219817560342,5.067920208708675,0.05347241463759816,0.011431294033400707,0.09599999999920783,0,not_applicable,32.593686061560675,0,0,0.817729418696118,0.3808222093163936,736,0.8559314179796109,1.286938577614377,0.20524858980469113,running
Pure Pursuit,7.109999999999893,63.88015228121056,85.91370403973039,4.8798280620572605,-1.2329636752250634,6.829074309015217,-0.030086809617176406,5.299378037307121,0.06514756558538638,0.0041751217011762876,0.07700000000099294,0,not_applicable,32.99361911852916,0,0,0.8423698164490765,0.35694183019853354,717,0.7731696014828544,1.401273205234833,0.22193355627601147,running
Pure Pursuit,7.209999999999891,64.04554444606222,85.44043740155828,5.1271452332373055,-1.2489471166456092,6.413136608207175,-0.023815885213243116,5.521141722877978,0.07651177746082762,0.0038255097330388566,0.0830999999994475,0,not_applicable,33.593519946632256,0,0,0.8498058208328656,0.33750881871060434,713,0.755746061167748,1.4246128588735378,0.22600293112750477,running
Pure Pursuit,7.309999999999889,64.21209547411192,84.93990591954449,5.401285854026119,-1.2648750680997385,7.108690604007801,-0.02272103975777503,5.838014293638086,0.0877628948800144,0.01587104449037735,0.07550000000122736,0,not_applicable,33.99345395837086,0,0,0.8701877148709326,0.33105064970792214,731,0.8341519925857277,1.3495403652085773,0.20925385860619153,running
Pure Pursuit,7.4099999999998865,64.37887017316348,84.41220696749947,5.647613791596794,-1.2812474611367197,6.387484971306865,-0.01483200838241584,6.040034351156805,0.050694192877489684,0.026421068071394327,0.07679999999865572,0,not_applicable,34.593355053488054,0,0,0.8231713037232106,0.3259829737269008,707,0.729610750695088,1.5339875413754465,0.22148173646210823,running
Pure Pursuit,7.509999999999884,64.54482266930341,83.85751224699507,5.91115163606042,-1.2976481563324935,6.833751938506918,-0.006294938014388672,6.330988985447486,0.0315481182669462,0.03660256094868419,0.08009999999991635,0,not_applicable,35.193256292589254,0,0,0.8575946990845371,0.31004165594559085,738,0.8646431881371641,1.3399572228354697,0.2037158366078793,running
Pure Pursuit,7.609999999999882,64.71181004185533,83.27533660469494,6.180327768035347,-1.2956671518413636,6.979957347026655,0.003038964483933058,6.609147370763085,0.017452565278826764,0.028152254311719638,0.08100000000155205,0,not_applicable,35.79315745815361,0,0,0.8462270233193188,0.29869195768110346,713,0.755746061167748,1.5109459080400862,0.22600293112750477,running
Pure Pursuit,7.70999999999988,64.88817221933847,82.66790134695621,6.448631976332798,-1.2742677850562087,6.957347652645591,0.004495858159004842,6.876062533299906,0.04142896210068316,0.00011168420742624363,0.07320000000099469,0,not_applicable,36.39305821633785,0,0,0.8898200489302313,0.2845252235545979,730,0.8297961075069509,1.3970918115354205,0.21008581223244965,running
Pure Pursuit,7.809999999999878,65.07752798950119,82.03657159295099,6.712551386423769,-1.274053485700802,6.843646247428081,-0.0055652235596274045,7.1329966010756065,0.09962227236520367,0.00943955828744425,0.07700000000099294,0,not_applicable,37.192925781699486,0,0,0.8664721977554533,0.26881789263392836,710,0.742678405931418,1.5011252771929047,0.2241197071405647,running
Pure Pursuit,7.909999999999876,65.27321061426959,81.37817865783943,7.001502747974483,-1.2964024232670897,7.492745230387374,-0.009633910413974042,7.461825909462506,0.014324715811765266,0.005528122989727713,0.07010000000029493,0,not_applicable,37.79282657688697,0,0,0.8959645907871315,0.26162377226089917,719,0.781881371640408,1.466132300404777,0.21997807798827246,running
Pure Pursuit,8.009999999999874,65.46842127957169,80.69068135439903,7.270578048688817,-1.3161566882029867,6.977342709937506,-0.0040831113362909234,7.699237018968233,0.09819175625177202,0.015100559707030392,0.07689999999982433,0,not_applicable,38.59269380938491,0,0,0.8489204617418586,0.24909928495102118,731,0.8341519925857277,1.3809302130906969,0.20925385860619153,running
Pure Pursuit,8.109999999999872,65.66249874907645,79.97425594491051,7.551873434419486,-1.313453579763361,7.29421951311183,0.0010682569112025978,8.0,0.04481993174821861,0.004521665924761553,0.10019999999855145,0,not_applicable,39.192593835704244,0,0,0.891119859578743,0.23638060615068693,717,0.7731696014828544,1.4519535238700527,0.22193355627601147,running
Pure Pursuit,8.20999999999987,65.86090739774818,79.23593043905804,7.724689641684068,-1.3079490916330283,4.481265655805142,-0.0048885978867154335,8.0,0.01439355739191468,0.011998288993229522,0.09949999999925296,0,not_applicable,39.99246101213553,0,0,0.8722175048906542,0.22945387479684365,726,0.8123725671918445,1.4053082531335954,0.2135218524542555,running
Pure Pursuit,8.309999999999867,66.05914153109379,78.48340255000824,7.830860745115928,-1.3309838028081027,2.7531035831593176,-0.014311672722888344,8.0,0.024691604382599593,0.00044898000252935333,0.10029999999972006,0,not_applicable,40.79232840941677,0,0,0.8960853553058179,0.22070842593075682,740,0.8733549582947173,1.2972104084297458,0.20222103997141733,running
Pure Pursuit,8.409999999999865,66.24937026044394,77.72015235605845,7.896087863465311,-1.3570855358416394,1.6913925488407244,-0.014433091875118086,8.0,0.03955005301165971,0.013957519328256396,0.07800000000024454,0,not_applicable,41.59219626739484,0,0,0.8569171001430005,0.21927041039918874,726,0.8123725671918445,1.3944891105232124,0.2135218524542555,running
Pure Pursuit,8.509999999999863,66.42598318495959,76.94834357725111,7.93616069713323,-1.3821414751494017,1.0391213653468867,-0.010006193659685006,8.0,0.0471094297314408,0.027128045758315622,0.07519999999949789,0,not_applicable,42.392064526346516,0,0,0.8652129340849203,0.21840101420009897,717,0.7731696014828544,1.4561689655813626,0.22193355627601147,running
Pure Pursuit,8.60999999999986,66.58620725674831,76.16972988008386,7.96077978255067,-1.4067323959108393,0.6383930286676964,-0.003655856571798277,8.0,0.04769011460254868,0.03996086284714284,0.10729999999981032,0,not_applicable,43.191932264593596,0,0,0.8900504759477501,0.21557050678082007,367,-0.7513901760889712,1.4760877315396659,0.22593517874601313,running
Pure Pursuit,8.709999999999859,66.73148426128205,75.38619503997715,7.975904726591658,-1.408674198911638,0.3922021744932991,0.005844328072242377,8.0,0.04554693572985263,0.030113574919532482,0.08179999999846643,0,not_applicable,43.99179953056219,0,0,0.8873494768560289,0.21970518927602384,722,0.7949490268767376,1.4420181153791423,0.21713917065507293,running
Pure Pursuit,8.809999999999857,66.87321826387782,74.60078961071443,7.985196864311811,-1.3791741533193094,0.24095273408342166,0.00589486562691097,8.0,0.045967693017688105,0.011227566697187719,0.0762999999999181,0,not_applicable,44.791666476857664,0,0,0.8818090870062574,0.21649958102466343,718,0.7775254865616312,1.451542005662447,0.22094939445953415,running
Pure Pursuit,8.909999999999854,67.02091686362472,73.81573610478064,7.990905567972219,-1.3708537550576223,0.1480313568818925,-0.013162258005909696,8.0,0.04906206417398468,0.0314982926199181,0.0801999999993086,0,not_applicable,45.59153324401462,0,0,0.8574074902730564,0.203341661087237,727,0.8167284522706209,1.3242626535458653,0.2126462795560751,running
Pure Pursuit,9.009999999999852,67.16972709009119,73.03043211047357,7.994412758509408,-1.3975324885904465,0.09094432027780819,-0.027558960828550364,8.0,0.058782603607839226,0.016890142883180026,0.07779999999968368,0,not_applicable,46.391399987803986,0,0,0.830956744462581,0.20649375701665781,704,0.7165430954587584,1.463229566665047,0.21894209497805303,running
Pure Pursuit,9.10999999999985,67.30954515644702,72.24320434197314,7.996567430777553,-1.4280069126146258,0.055872414905921985,-0.027975893315706934,8.0,0.07278001004582396,0.001388918071667522,0.08790000000047371,0,not_applicable,47.191266875028234,0,0,0.8219688110808487,0.21258899695501443,740,0.8733549582947173,1.2937551199063064,0.20222103997141733,running
Pure Pursuit,9.209999999999848,67.43333220664148,71.4531322361206,7.997891171969793,-1.4560805531830694,0.03432569222447057,-0.026610708861385415,8.0,0.0836430698534926,0.017207112894858767,0.07740000000033831,0,not_applicable,47.99113408464965,0,0,0.8353933037892805,0.20971482237405603,715,0.7644578313253012,1.4343280377416006,0.2239412608755995,running
Pure Pursuit,9.309999999999846,67.53812951819835,70.66021517722986,7.998704423604365,-1.4822819039865165,0.02108828030206844,-0.023544048927727646,8.0,0.08710943436431003,0.03186860135323499,0.07570000000001187,0,not_applicable,48.791001867134575,0,0,0.8026430384158991,0.21193883694708662,717,0.7731696014828544,1.4350916942704746,0.22193355627601147,running
Pure Pursuit,9.409999999999844,67.62303191850258,69.86485776239951,7.999204051647227,-1.5076882451361302,0.012955763956350452,-0.016917326872071425,8.0,0.08160158114377224,0.04693703752719225,0.07090000000076202,0,not_applicable,49.59086998687407,0,0,0.8234195535581386,0.2121578047809312,713,0.755746061167748,1.4610027306015627,0.22600293112750477,running
Pure Pursuit,9.509999999999842,67.68784409633083,69.0675720751574,7.999511002375145,-1.53286394948323,0.007959483527733013,-0.005369492497665155,8.0,0.06794283040461235,0.06298331965484039,0.0725999999993121,0,not_applicable,50.390737914337315,0,0,0.8906409672716988,0.2192436846676357,347,-0.8385078776645043,1.3809593182750033,0.2084324073070941,running
Pure Pursuit,9.60999999999984,67.7354215208962,68.26903400007255,7.999699580159591,-1.5351026524575533,0.004889976248554362,0.011882075818063097,8.0,0.05456994410242907,0.05730019948158249,0.08120000000033656,0,not_applicable,51.1906057929845,0,0,0.8949300657293457,0.2109646745026491,355,-0.803660797034291,1.3866396053572823,0.21530714918272373,running
Pure Pursuit,9.709999999999837,67.77821287717082,67.47020357030023,7.999815434521715,-1.5052926583555906,0.0030041984040884984,0.022060059563546588,8.0,0.055668349041963945,0.020775022101369167,0.07139999999949964,0,not_applicable,51.990473751402696,0,0,0.8975461983494948,0.21047969851261475,366,-0.755746061167748,1.4513866797172184,0.22600293112750477,running
Pure Pursuit,9.809999999999835,67.8293983599557,66.6718670276054,7.999886610632214,-1.4736472689400852,0.0018456547828460401,0.015521528086656553,8.0,0.06196506467203859,0.01638066629810364,0.14280000000077564,0,not_applicable,52.79034184592547,0,0,0.8273835973070285,0.21722621555563465,361,-0.7775254865616312,1.4593737623346048,0.22094939445953415,running
Pure Pursuit,9.909999999999833,67.8968649244197,65.87474386884743,7.999930338279692,-1.4452369850192028,0.001133893677858211,0.003037707124753288,8.0,0.0595794952416587,0.04909758715599244,0.09170000000047196,0,not_applicable,53.590210080251474,0,0,0.8739528124981999,0.22097673268532944,751,0.9212696941612606,1.2638085622416109,0.19463310273330892,running
Pure Pursuit,10.009999999999831,67.98073625013478,65.07916500079891,7.999957202730987,-1.4418742231457922,0.0006966172030775653,-0.0156430100146333,8.0,0.053330418579713296,0.05556442678237605,0.06970000000094956,0,not_applicable,54.390078424334966,0,0,0.8958547571287605,0.20541500085110279,706,0.7252548656163116,1.4503600653554656,0.2206244765899192,running
Pure Pursuit,10.109999999999829,68.06939145158054,64.28409639117571,7.999973707134608,-1.4714326085202567,0.00042797269013128414,-0.028705028719087772,8.0,0.06049298067954843,0.02794797237135649,0.1142000000022847,0,not_applicable,55.18994683213567,0,0,0.8982471351431454,0.20998475899964972,709,0.7383225208526416,1.4656580503222614,0.2232291878884924,running
Pure Pursuit,10.209999999999827,68.1497949626992,63.48815875711403,7.999983846755027,-1.5030742011308897,0.0002629286539157505,-0.026911701960987054,8.0,0.07478004907834145,0.0022754501802944027,0.07510000000010564,0,not_applicable,55.98981525957224,0,0,0.894371046212428,0.21629229228088626,715,0.7644578313253012,1.4728222157639566,0.2239412608755995,running
Pure Pursuit,10.309999999999825,68.21400093519965,62.69075854783519,7.999990076116876,-1.5315152387962352,0.0001615324497272752,-0.020929145463280403,8.0,0.08104368081395051,0.029516445115912227,0.0858000000008019,0,not_applicable,56.78968369020575,0,0,0.850315681197353,0.21325699830460956,742,0.8820667284522705,1.2850565706717225,0.20076314597215372,running
Pure Pursuit,10.409999999999823,68.25891222737732,61.892041871804004,7.999993903178189,-1.5578015784436998,9.923883124152155e-05,-0.010156665869257326,8.0,0.07405900268785139,0.05483350547058086,0.08890000000150167,0,not_applicable,57.58955211763055,0,0,0.8213770681546896,0.21892750002906733,720,0.7862372567191844,1.45641922207214,0.21901940157552577,running
Pure Pursuit,10.50999999999982,68.28657350109347,61.09252795862523,7.999996254365784,-1.5603133296364533,6.096821810963604e-05,0.007330161297528784,8.0,0.059564468681985935,0.05659419709051994,0.07550000000122736,0,not_applicable,58.389420545526995,0,0,0.8977028481700543,0.21005287763486255,352,-0.8167284522706209,1.3630790184574,0.2126462795560751,running
Pure Pursuit,10.609999999999818,68.30933842577178,60.292852693952995,7.999997698837834,-1.5305192424870369,3.745634216123506e-05,0.01937809831890021,8.0,0.055201564888042925,0.026267481448841945,0.07790000000085229,0,not_applicable,59.18928897542676,0,0,0.9011519594078078,0.21773506993179859,384,-0.6773401297497683,1.5692191155195372,0.21187243445594103,running
Pure Pursuit,10.709999999999816,68.34044338707066,59.49346740078513,7.999998586261495,-1.4988452443376732,2.3011621657076375e-05,0.01637324560844127,8.0,0.06188938201270938,0.005720715946793575,0.0801999999993086,0,not_applicable,59.98915740735499,0,0,0.890697886053331,0.21837379008151486,347,-0.8385078776645043,1.3764229472489944,0.2084324073070941,running
Pure Pursuit,10.809999999999814,68.38783122462954,58.69489011725613,7.999999131457752,-1.4704146043701887,1.4137385049295403e-05,0.008841369394273487,8.0,0.06452108099948518,0.03424756955042563,0.08659999999949264,0,not_applicable,60.78902584047026,0,0,0.8909361532700906,0.2180351173911602,348,-0.8341519925857275,1.3810721675811712,0.20925385860619156,running
Pure Pursuit,10.909999999999812,68.4516526283756,57.89744690391686,7.9999994664036995,-1.4670432675374931,8.685422479004501e-06,-0.003773818176066105,8.0,0.059459256555334725,0.037497976248123344,0.08319999999883976,0,not_applicable,61.58889427372466,0,0,0.8340694460458213,0.2216434740378414,364,-0.7644578313253012,1.5037242355098286,0.2239412608755995,running
Pure Pursuit,11.00999999999981,68.52026988954913,57.1003955475691,7.999999672180586,-1.496599878565892,5.335963004782229e-06,-0.009566974996642169,8.0,0.05538360438650568,0.006379386576293555,0.11290000000130362,0,not_applicable,62.388762705325426,0,0,0.8939261989304534,0.21931006227472202,734,0.8472196478220577,1.3684082001396496,0.20682039817249392,running
Pure Pursuit,11.109999999999808,68.58215768619355,56.31833546760637,7.766048957281821,-1.509439514486455,-2.6623937382985474,0.004219665079557646,7.733760298350731,0.07033067055457778,0.019175097889326143,0.08229999999898041,0,not_applicable,63.18863084117638,0,0,0.8992361301164005,0.218882741437929,359,-0.7862372567191844,1.456167726070323,0.21901940157552577,running
Pure Pursuit,11.209999999999805,68.63923796160041,55.570540989628476,7.3638656914077885,-1.4855881942677425,-4.5769050510268094,0.02079158198711045,7.3083584521791405,0.08045377509537308,0.015038187618643839,0.07299999999688112,0,not_applicable,63.78853128088257,0,0,0.9023525318897158,0.21866511828051144,372,-0.729610750695088,1.4873508016029828,0.22148173646210823,running
Pure Pursuit,11.309999999999803,68.70099898814632,54.85962943540358,7.019783577324678,-1.4477700027107068,-3.915705350128178,0.03123622761933569,6.972295156394971,0.03733999453321366,0.018014761774549193,0.07850000000075852,0,not_applicable,64.58839093095378,0,0,0.8934646762248134,0.22088689061794825,346,-0.8428637627432809,1.2898308173895825,0.20762130414308752,running
Pure Pursuit,11.409999999999801,68.77845685886005,54.192403673961614,6.56124768266272,-1.3775290826877138,-5.22551663092349,0.04913649786669879,6.497231914232329,0.0908083582453822,0.011229835175888159,0.07560000000239597,0,not_applicable,65.18826450056481,0,0,0.8437483581165278,0.2271736851802679,379,-0.6991195551436515,1.4363072536657306,0.2157016455530536,running
Pure Pursuit,11.509999999999799,68.89031952505408,53.56781435474205,6.237624998044708,-1.265948874245136,-3.6828740167398255,0.049080196850956485,6.192960280988737,0.12837919874400905,0.07279374070390343,0.10040000000088867,0,not_applicable,65.78814171522261,0,0,0.80082519291933,0.24837125961904968,345,-0.8472196478220575,1.2857455035906347,0.20682039817249398,running
Pure Pursuit,11.609999999999797,69.05150714105716,52.967289314098814,6.210224043432974,-1.1999101215141483,-0.31182691625135206,0.029070161617960423,6.206442306419572,0.13080874850787932,0.07130577256074933,0.07319999999921833,0,not_applicable,66.58795622282943,0,0,0.7933729828059206,0.26575934273242685,348,-0.8341519925857275,1.3229115575899526,0.20925385860619156,running
Pure Pursuit,11.709999999999795,69.25372738761983,52.372003346705604,6.353481714621364,-1.1879505816504923,3.714788630005561,0.02121662348097373,6.58170290643353,0.1094422341521194,0.03748667788880633,0.11749999999821625,0,not_applicable,67.18781318036197,0,0,0.8181175706731324,0.2648137540402379,374,-0.7208989805375348,1.4551868072526672,0.2197779812188762,running
Pure Pursuit,11.809999999999793,69.48478179519329,51.769113220397486,6.544831834614215,-1.1638173660690658,4.961865177641176,0.036210544627714926,6.849668232385482,0.08807298075684669,0.018869358434149497,0.12510000000176547,0,not_applicable,67.78769677060727,0,0,0.8233505414080862,0.25068512738561266,362,-0.7731696014828544,1.3618466232956297,0.22193355627601147,running
Pure Pursuit,11.90999999999979,69.7435833894597,51.16512981282605,6.5942107665803675,-1.1011212227487308,1.2804361086427374,0.046555900348451536,6.672875445478489,0.09124153716801613,0.04288193388145345,0.10639999999995098,0,not_applicable,68.38757146828902,0,0,0.7911938891704055,0.2451236463502843,370,-0.7383225208526414,1.4097621143307637,0.22322918788849236,running
Pure Pursuit,12.009999999999788,70.03336112956703,50.570096202998926,6.6401942711926,-1.0487330596319853,1.192389899153783,0.029447901789616267,6.713449756495746,0.12023904548588395,0.05938237498622012,0.09839999999883275,0,not_applicable,68.98746364022308,0,0,0.817406966661822,0.2571964838567159,359,-0.7862372567191844,1.4172713221691908,0.21901940157552577,running
Pure Pursuit,12.109999999999786,70.34545149487724,49.993459493031644,6.514845664949572,-1.018368453926864,-1.426485678875995,0.02348921986762999,6.497545703305001,0.09716184610241402,0.04420110078902084,0.07970000000057098,0,not_applicable,69.78732098187012,0,0,0.823173378846909,0.24359873228392473,352,-0.8167284522706209,1.3200315695366143,0.2126462795560751,running
Pure Pursuit,12.209999999999784,70.66156793972763,49.45909939213504,6.05003826451571,-0.9717534647395942,-5.299278348235079,0.027234580934260903,5.984917830126064,0.08211135667856218,0.05294967728252775,0.08319999999883976,0,not_applicable,70.3872191577115,0,0,0.8238642184597686,0.26215765663540075,371,-0.7339666357738648,1.4905178742921947,0.22234991952811328,running
Pure Pursuit,12.309999999999782,70.98442759925072,48.96371889467486,5.843910452136686,-0.9324012468536218,-2.345764992445387,0.021745596918120183,5.815461765271171,0.08094699301711884,0.051359403250104574,0.0990000000022917,0,not_applicable,70.98710731794928,0,0,0.8288556977598311,0.28172155056271064,370,-0.7383225208526414,1.4838204296384772,0.22322918788849236,running
Pure Pursuit,12.40999999999978,71.32097881766305,48.4913083334872,5.778612305033357,-0.9062945431788416,-0.7431025720337292,0.0077820598681365635,5.769600194933313,0.09084659989983672,0.05008959600029561,0.10449999999906368,0,not_applicable,71.58700450403163,0,0,0.8489443425344625,0.2997572773599172,712,0.7513901760889712,1.5060133866107253,0.22593517874601313,running
Pure Pursuit,12.509999999999778,71.65419611806881,48.05099731821333,5.3910133712080475,-0.894648914139504,-4.410933195199869,-0.02370971758782149,5.33751898551337,0.08287771935731782,0.07395642549309311,0.08790000000047371,0,not_applicable,71.98693748703411,0,0,0.8722443861165046,0.2777598372211194,694,0.6729842446709915,1.466240532958573,0.2111347683074644,running
Pure Pursuit,12.609999999999776,71.96819952713194,47.63900187373865,5.072799337187305,-0.9440122680722915,-3.6213227729701813,-0.07570973556291469,5.028881093911029,0.01291394210207768,0.0933378306335726,0.07540000000005875,0,not_applicable,72.58673468053688,0,0,0.8924705580881722,0.2724331074995264,709,0.7383225208526416,1.3094706781655374,0.2232291878884924,running
Pure Pursuit,12.709999999999773,72.23462191206255,47.24490252580091,4.59426621367725,-1.0924768870060568,-5.460712131805643,-0.11996725758876753,4.52672812400674,0.08865849077361912,0.02014639709528865,0.07909999999711204,0,not_applicable,72.98651546351253,0,0,0.8593107783994255,0.29399402289519366,734,0.8472196478220577,1.1942126409508271,0.20682039817249392,running
Pure Pursuit,12.809999999999771,72.42830816193349,46.856979397776826,4.2113376597538315,-1.2771624060261664,-4.357783581138426,-0.1082364452728878,4.158487855563408,0.12720269177518284,0.08013141139386537,0.0762999999999181,0,not_applicable,73.38627656671109,0,0,0.7943181872002463,0.3305920941216749,721,0.7905931417979613,1.286453068560256,0.21807316453493353,running
Pure Pursuit,12.90999999999977,72.55272779064805,46.45408571369012,4.227966008221722,-1.3940277829798504,0.43118668139633165,-0.07523882293820255,4.254456327893465,0.12740306542187957,0.06501136200531299,0.08319999999883976,0,not_applicable,73.98599756143369,0,0,0.7637346680489853,0.3635652730062109,714,0.7601019462465248,1.3346513072735875,0.22496523842325897,running
Pure Pursuit,13.009999999999767,72.62656540141592,46.051122872809046,4.0321951048485385,-1.4765568517344214,-2.227901836108339,-0.06324097450720323,4.005175824610888,0.11538105447937114,0.056135804659788846,0.07899999999949614,0,not_applicable,74.38574248519959,0,0,0.7782432471902566,0.3841682302939547,684,0.629425393883225,1.5172276858450724,0.2042391938838802,running
Pure Pursuit,13.109999999999765,72.66323338364107,45.66643296516963,3.780226422089914,-1.5410057555414192,-2.8674408775120996,-0.062215353359995514,3.7454510170973285,0.10599020600285518,0.07469160537226305,0.08189999999785869,0,not_applicable,74.58551160506438,0,0,0.8259497573190032,0.387351822983111,721,0.7905931417979613,1.3167354906650222,0.21807316453493353,running
Pure Pursuit,13.209999999999763,72.66999164027077,45.288238618185794,3.7863598522536903,-1.6079067362985466,0.1590448626333396,-0.0657284893967579,3.796130908353248,0.08005821699878309,0.047251587363967396,0.07689999999982433,0,not_applicable,74.98526414098325,0,0,0.8776698582497898,0.40115419410203323,712,0.7513901760889712,1.3340693993557808,0.22593517874601313,running
Pure Pursuit,13.30999999999976,72.64691837726342,44.912940388251826,3.7482041454393564,-1.6905601231271483,-0.4342175870109921,-0.06452624775786651,3.742938093552591,0.05601290427933073,0.043960668316676,0.08349999999879287,0,not_applicable,75.3850718873675,0,0,0.8293612261060026,0.41667495889032546,714,0.7601019462465248,1.368414672906354,0.22496523842325897,running
Pure Pursuit,13.409999999999759,72.59578274063546,44.54098197989957,3.7611656831405065,-1.7547301096418846,0.3361032779620121,-0.05135860967094996,3.7818144732355576,0.03757470201519201,0.033693614653238946,0.07570000000001187,0,not_applicable,75.78492827844019,0,0,0.8553886523227253,0.4373984691882518,729,0.8254402224281745,1.3228643336678798,0.21092842571338707,running
Pure Pursuit,13.509999999999756,72.52260946852168,44.1692841504734,3.812250729733874,-1.8022626298868618,1.3246770569011312,-0.042028115927837846,3.8936333888306196,0.03540139423361245,0.018124395849364205,0.11139999999798533,0,not_applicable,76.18481987600575,0,0,0.8641954548066143,0.4483291806588481,716,0.768813716404078,1.4348923656363068,0.22293077345441878,running
Pure Pursuit,13.609999999999754,72.42919872703408,43.79432138769038,3.909171697943623,-1.848823791465276,2.513240008217341,-0.04040910424610262,4.063574730555608,0.04194463571353598,0.012660582601891512,0.07599999999996498,0,not_applicable,76.58473531756894,0,0,0.8643309324185544,0.44698421903356256,712,0.7513901760889712,1.471128730097168,0.22593517874601313,running
Pure Pursuit,13.709999999999752,72.31642648620465,43.41120722437534,4.065946023103912,-1.8814820516636497,4.065286527074536,-0.029671305555485354,4.315700350651077,0.04203337607028545,0.006761316762322167,0.08869999999916445,0,not_applicable,76.98466590617045,0,0,0.8676016508375375,0.44037052774878416,711,0.7470342910101948,1.4880868380492978,0.22502164647011186,running
Pure Pursuit,13.80999999999975,72.18882826630637,43.01378480244499,4.266225302961483,-1.8961430207037246,5.193405598938021,-0.019792736251425972,4.585286582997714,0.0328890297844395,0.0013133979655410855,0.1527000000010048,0,not_applicable,77.3845988472307,0,0,0.8476698997327474,0.4290312126348523,726,0.8123725671918445,1.4132941346536791,0.2135218524542555,running
Pure Pursuit,13.909999999999748,72.04768102634631,42.598553860724344,4.487450858147431,-1.9109928479767888,5.736559656834848,-0.013605732604050732,4.839881268644968,0.038986852262840266,0.006571367592318467,0.07199999999940587,0,not_applicable,77.78453262511647,0,0,0.8718755079398541,0.41489128612856174,726,0.8123725671918445,1.4309025945553668,0.2135218524542555,running
Pure Pursuit,14.009999999999746,71.89496266555724,42.16345602474285,4.716632357711118,-1.909674080725677,5.942863804251237,0.0017614099496230404,5.081737238572555,0.08947725713995197,0.013127962399617665,0.07229999999935899,0,not_applicable,78.18446631447942,0,0,0.8743945537125124,0.3982822461186502,339,-0.8733549582947173,1.3501119131121466,0.20222103997141733,running
Pure Pursuit,14.109999999999744,71.73725189738441,41.70579526450664,4.9464599255533415,-1.892075531971891,5.959616883338779,0.007242779380970729,5.312594046044996,0.03492141349312494,0.017606748837293296,0.09119999999995798,0,not_applicable,78.78436105770913,0,0,0.8912595168393468,0.36790623269346595,351,-0.8210843373493977,1.3942491738899128,0.21178185999974475,running
Pure Pursuit,14.209999999999742,71.5776214677267,41.22235860662185,5.214376660849371,-1.8753324562635199,6.947300160681094,0.0030574712489419968,5.641189941621451,0.07947047039847138,0.0067141018675291875,0.09040000000126724,0,not_applicable,79.18429514243567,0,0,0.8577755438056458,0.35199972827156284,717,0.7731696014828544,1.4680774735182618,0.22193355627601147,running
Pure Pursuit,14.30999999999974,71.41520653944225,40.712948309663744,5.459503642098374,-1.8766632052380532,6.356343191241098,-0.006671494437912281,5.850010979973481,0.01418130745433519,0.00023545109530953567,0.11650000000074101,0,not_applicable,79.78419557776932,0,0,0.8729989196486929,0.33961716239697887,718,0.7775254865616312,1.4829783332195339,0.22094939445953415,running
Pure Pursuit,14.409999999999737,71.242681165761,40.179842457189345,5.725773000900637,-1.8960562049728529,6.904582340283598,-0.010749812487468086,6.149961876126734,0.02631375687107339,0.0013229801891552206,0.07759999999734646,0,not_applicable,80.38408805823155,0,0,0.8700314092283665,0.32503871520539235,708,0.7339666357738648,1.5399947101898432,0.22234991952811328,running
Pure Pursuit,14.509999999999735,71.05472248073274,39.6233664374903,5.999644743523907,-1.9139105083948238,7.101718373174197,-0.005819981824459901,6.435944838218057,0.039435686306017,0.00843883283628788,0.07690000000337704,0,not_applicable,80.98398867496391,0,0,0.8629201988630817,0.3062273442448353,348,-0.8341519925857275,1.3871907279449607,0.20925385860619156,running
Pure Pursuit,14.609999999999733,70.85151818200264,39.043169203025684,6.2734920914546715,-1.9121051692916409,7.101085798837277,0.00676198832818639,6.709753323407635,0.024222405618998098,0.015933357208285592,0.08790000000047371,0,not_applicable,81.58388770784441,0,0,0.874098631940947,0.28315701516113784,344,-0.8515755329008341,1.325224044201881,0.20602954162158948,running
Pure Pursuit,14.70999999999973,70.64120710921667,38.43668842645933,6.543181000032763,-1.890477208248398,6.993254063910079,0.019870368274213204,6.972817497845679,0.019542973125459134,0.019690589820143156,0.0819999999990273,0,not_applicable,82.18378305378869,0,0,0.8678121967422004,0.26020539114557495,372,-0.729610750695088,1.4383254384749309,0.22148173646210823,running
Pure Pursuit,14.809999999999729,70.43312364100213,37.81056770994436,6.644681132980337,-1.8684577770118544,2.6319814966269117,0.029547195034679476,6.806379149695454,0.08376304547742472,0.02800939286771431,0.07679999999865572,0,not_applicable,82.78367072963289,0,0,0.8563011496559172,0.24217823399415178,366,-0.755746061167748,1.3792232014562527,0.22600293112750477,running
Pure Pursuit,14.909999999999727,70.24075231281826,37.18678482318598,6.468512488402712,-1.8218893578544562,-2.0048252317201687,0.04660807602354595,6.44419860980832,0.09840203102491195,0.025765656328164077,0.10819999999966967,0,not_applicable,83.58353097658507,0,0,0.8440307610155885,0.23900621733700664,330,-0.9125579240037072,1.1674284674708926,0.19593688336746246,running
Pure Pursuit,15.009999999999724,70.0869081049437,36.59073188604113,5.993818411462763,-1.71501609403808,-5.415559551524414,0.05948018459398582,5.92695653325027,0.10929988051754833,0.04229287492460365,0.13669999999876836,0,not_applicable,84.18342904847383,0,0,0.832426670271391,0.24717567417431346,363,-0.7688137164040778,1.3720882140836432,0.22293077345441883,running
Pure Pursuit,15.109999999999722,69.99084170733147,36.02806222185424,5.566245626358172,-1.5865702788054608,-4.865841535136708,0.03885317154093485,5.507234257949092,0.13102402288376128,0.12447342713384746,0.09229999999860183,0,not_applicable,84.78332340559058,0,0,0.7789286200100074,0.2919593973393513,727,0.8167284522706209,1.4106798306321904,0.2126462795560751,running
Pure Pursuit,15.20999999999972,69.95676040759969,35.489554248138674,5.311993854699026,-1.509739587873055,-2.8934227668829315,-0.0009253518458876019,5.276903349669879,0.07179967393819757,0.16542850974612477,0.07500000000248974,0,not_applicable,85.18324462445972,0,0,0.82633556924199,0.29990964898039735,724,0.8036607970342913,1.3739772565121247,0.2153071491827237,running
Pure Pursuit,15.309999999999718,69.96019859566903,34.968207593504545,5.1640357509342545,-1.518759973885561,-1.6837851047572894,-0.022315655462965857,5.1436153442232975,0.04288752134811482,0.09483861097339652,0.07899999999949614,0,not_applicable,85.78309350094653,0,0,0.8940802396182921,0.3219554672076344,740,0.8733549582947173,1.3006281053179647,0.20222103997141733,running
Pure Pursuit,15.409999999999716,69.97456110582812,34.468040316883716,4.921989542686226,-1.540766089024234,-2.754521649986472,-0.006029585660821363,4.888583585935607,0.060194339635724424,0.02605423341058044,0.0762999999999181,0,not_applicable,86.18298345625092,0,0,0.8959924033363897,0.32625737524517756,349,-0.8297961075069509,1.3473731681470584,0.21008581223244965,running
Pure Pursuit,15.509999999999714,69.99027759680487,33.981116230156566,4.846247115040187,-1.5279096106661572,-0.8619600293831375,0.03316599398784096,4.835793539747912,0.052737360541697684,0.04089395664853779,0.07810000000318951,0,not_applicable,86.7828256225244,0,0,0.8879846648008917,0.3253526046046314,359,-0.7862372567191844,1.3504170118724428,0.21901940157552577,running
Pure Pursuit,15.609999999999712,70.02188157302896,33.49532414190631,4.887987240814023,-1.4515270897503492,1.0823556138627044,0.06429813292861701,4.954482676426458,0.03855920585801519,0.022823352097938177,0.07790000000085229,0,not_applicable,87.18268483608178,0,0,0.8939918192149493,0.32508969664502163,369,-0.742678405931418,1.3847015924230799,0.2241197071405647,running
Pure Pursuit,15.70999999999971,70.0871888640612,33.00861214463256,4.932571164987333,-1.354293548625628,1.1560976332097805,0.06838860024468012,5.003597004135001,0.08988191117701026,0.013925632934597587,0.10819999999966967,0,not_applicable,87.78242079047739,0,0,0.8911247957273045,0.3128695105971859,359,-0.7862372567191844,1.2994915813281758,0.21901940157552577,running
Pure Pursuit,15.809999999999707,70.19531080846939,32.524242903010254,4.991860475026528,-1.2587276332072224,1.5374203209323412,0.06596365770435705,5.0863131970805675,0.06334184065867247,0.024069792163895265,0.07709999999860884,0,not_applicable,88.18228080895953,0,0,0.8252745953723997,0.3186798425478008,367,-0.7513901760889712,1.3745943114491739,0.22593517874601313,running
Pure Pursuit,15.909999999999705,70.3449948291688,32.052505650703914,4.929454502451924,-1.1745901328813277,-0.7101891981264252,0.05545560083943255,4.920841555213886,0.1182396791623769,0.024068225864840365,0.08139999999912106,0,not_applicable,88.7821159120372,0,0,0.8199407790239457,0.3198727484159564,364,-0.7644578313253012,1.3764152167939794,0.2239412608755995,running
Pure Pursuit,16.009999999999703,70.52396321069044,31.61313958486855,4.651632156906551,-1.0957568941935156,-3.161659383941151,0.05186510422578078,4.613288564057809,0.07565251790580597,0.04897074856546846,0.10450000000261639,0,not_applicable,89.18199260891294,0,0,0.8144680632590746,0.32860728450963234,365,-0.7601019462465246,1.3989804535460175,0.22496523842325905,running
Pure Pursuit,16.10999999999972,70.72913636651354,31.206280409823382,4.509949848336371,-1.0269203976589003,-1.6123656272140874,0.04570573456450732,4.490395594185142,0.06987464786519863,0.06491422063642993,0.08980000000136101,0,not_applicable,89.58187840700775,0,0,0.8082876611061166,0.3499698981483354,355,-0.803660797034291,1.3452150685112945,0.21530714918272373,running
Pure Pursuit,16.209999999999734,70.95737533072861,30.826251657294943,4.395120771223312,-0.9643350157216288,-1.3067718814738427,0.03583015799111926,4.379272660188986,0.08411509023887483,0.07539517482813896,0.11850000000279692,0,not_applicable,89.9817735949222,0,0,0.8175447065586001,0.3774086855800526,368,-0.7470342910101946,1.4738604321645878,0.22502164647011183,running
Pure Pursuit,16.30999999999975,71.20277060520213,30.47021251952207,4.288648117215147,-0.9193501176185104,-1.211674550573738,0.027204778968124253,4.273953316165938,0.10287829117812518,0.06880396543479117,0.07510000000010564,0,not_applicable,90.38167856249615,0,0,0.8512779892754467,0.3881169178299953,341,-0.8646431881371641,1.3106427660207824,0.2037158366078793,running
Pure Pursuit,16.409999999999766,71.45614515558007,30.132843529465006,4.184067115029591,-0.898285683722315,-1.1901472730455076,0.02170599183500117,4.169633389910596,0.0878321835766149,0.015711385847357207,0.07929999999944926,0,not_applicable,90.98155469471409,0,0,0.8432510405966823,0.3859982835099274,371,-0.7339666357738648,1.4515310481385162,0.22234991952811328,running
Pure Pursuit,16.50999999999978,71.71804079003348,29.80308642930889,4.234185193204585,-0.8816126478369235,1.2996027746211425,0.02422297878472054,4.314027392491705,0.0685365477897535,0.00498120998623941,0.0990000000022917,0,not_applicable,91.38148584812735,0,0,0.8638092599095755,0.4100228362255543,364,-0.7644578313253012,1.4621621531142412,0.2239412608755995,running
Pure Pursuit,16.609999999999797,71.99244075818471,29.471121977519502,4.368977390154795,-0.8657239949168025,3.4952719564011314,0.02535644465801098,4.583712388844698,0.04593282384166692,0.012223021795192857,0.11680000000069413,0,not_applicable,91.7814162073584,0,0,0.8567996778395314,0.4004918813659692,349,-0.8297961075069509,1.3547660850489904,0.21008581223244965,running
Pure Pursuit,16.709999999999813,72.28270551137341,29.131623170082367,4.550001727255378,-0.8498772934533501,4.694109178497081,0.022415008297635514,4.838388308004503,0.040604353270271856,0.006036546550459487,0.1068000000010727,0,not_applicable,92.18134918202696,0,0,0.8617653225745625,0.3947231333832332,365,-0.7601019462465246,1.4748502298962394,0.22496523842325905,running
Pure Pursuit,16.809999999999828,72.5910769583793,28.782194983177916,4.754512493943939,-0.8338944322844315,5.303131514746813,0.0053879494606528435,5.080314878730059,0.08868159302613113,0.013767629572386753,0.08079999999921483,0,not_applicable,92.58128332387362,0,0,0.8536074119555044,0.39537532398854236,350,-0.8254402224281743,1.4310423463079587,0.21092842571338713,running
Pure Pursuit,16.909999999999844,72.91715297874931,28.420411140475792,4.96920732827567,-0.8350806890583613,5.567212721527746,-0.016387125136438783,5.311233766096714,0.042983570547115345,0.04407519072201227,0.07680000000220844,0,not_applicable,93.1811641816335,0,0,0.8665732424309336,0.3477875778541978,711,0.7470342910101948,1.4382507899996992,0.22502164647011186,running
Pure Pursuit,17.00999999999986,73.25593702536878,28.03802151085664,5.22785485561861,-0.8672856338979094,6.706942014219166,-0.04647545453910174,5.639901529697586,0.07836297142369647,0.04976084519868085,0.08039999999809311,0,not_applicable,93.58105937714818,0,0,0.8870245166318974,0.3132305016581436,706,0.7252548656163116,1.3854061903348356,0.2206244765899192,running
Pure Pursuit,17.109999999999875,73.58985634160811,27.631594498579634,5.2888257395527525,-0.9446955869111122,1.5810249079233962,-0.07862991787671031,5.38595734641095,0.04039497908584887,0.05608468276037204,0.20449999999883062,0,not_applicable,94.1808886429953,0,0,0.8556572920442905,0.27758420696717795,710,0.742678405931418,1.2931384063447529,0.2241197071405647,running
Pure Pursuit,17.20999999999989,73.88084771681645,27.215384790186885,4.974935577794635,-1.0905882377871816,-3.5721164670941885,-0.10420824745504753,4.931614092843334,0.1279551795871863,0.011983884204647133,0.21770000000032041,0,not_applicable,94.78057094803334,0,0,0.7893569946215477,0.2846298202439369,718,0.7775254865616312,1.293744890630112,0.22094939445953415,running
Pure Pursuit,17.309999999999906,74.09975278764142,26.794366370975297,4.634747129105169,-1.2650728518789187,-3.8713948620514227,-0.0853291099828235,4.587796091589492,0.103771396496506,0.09380164019839876,0.07340000000155555,0,not_applicable,95.18040005217593,0,0,0.7821392346586515,0.318350301594799,734,0.8472196478220577,1.2553875618084145,0.20682039817249392,running
Pure Pursuit,17.409999999999922,74.24755856852872,26.36785769151835,4.457255682354943,-1.3704346824966251,-2.019878916094946,-0.04590698074314431,4.432759237495675,0.08590317156337697,0.13099653751779927,0.0704999999996403,0,not_applicable,95.58023612416267,0,0,0.7968773931517035,0.35845297397325737,723,0.7993049119555145,1.3745112871553526,0.21621722807816315,running
Pure Pursuit,17.509999999999938,74.34486700445387,25.943174671183375,4.3075048294608544,-1.4223939756279906,-1.7041868550075279,-0.02381218623102409,4.28683699685419,0.07142202161681833,0.1146573492775258,0.07390000000029318,0,not_applicable,95.98007926371287,0,0,0.8109028975289561,0.37654701551750264,725,0.8080166821130677,1.3740483829091914,0.2144087504700342,running
Pure Pursuit,17.609999999999953,74.41376920775775,25.52780535769957,4.161488049472881,-1.4452963000550254,-1.661692553043581,-0.02500676829272327,4.141335574156496,0.07025578793684599,0.06848204874562125,0.10229999999822326,0,not_applicable,96.37993020519006,0,0,0.8238183559905142,0.40312086063335223,711,0.7470342910101948,1.499063868266707,0.22502164647011186,running
Pure Pursuit,17.70999999999997,74.46424038837701,25.124711513362552,4.0123673501888195,-1.480091625255269,-1.6970156137218284,-0.042286294249647347,3.9917864881006984,0.07059957230726377,0.03279621614654449,0.0745000000001994,0,not_applicable,96.7797908490608,0,0,0.8968630889290029,0.39673459796908084,685,0.6337812789620019,1.5352620602332354,0.20489107222660924,running
Pure Pursuit,17.809999999999985,74.49429672599123,24.734875074357806,3.8583531859916875,-1.5355761338845142,-1.7527039682061485,-0.05910363851430622,3.8370969533682047,0.06113261604631102,0.015805018538201487,0.07150000000066825,0,not_applicable,97.17966483137634,0,0,0.8738334179240428,0.3943292214519053,718,0.7775254865616312,1.3485023154649212,0.22094939445953415,running
Pure Pursuit,17.91,74.50038123463092,24.359619317936158,3.70067233465046,-1.6086749391863349,-1.7944314102315495,-0.06863319266872772,3.6789100449685326,0.04145425619276807,0.01389587092725364,0.07520000000127425,0,not_applicable,97.57955813283583,0,0,0.885665433606164,0.40711186736275595,726,0.8123725671918445,1.2938708380621746,0.2135218524542555,running
Pure Pursuit,18.010000000000016,74.47732091724765,24.000525159596922,3.547813757918487,-1.6957640610584994,-1.739553211934144,-0.06918637614941373,3.526717013457046,0.03203863188816954,0.02170058937183761,0.08259999999893353,0,not_applicable,97.97947970177685,0,0,0.8425866473387696,0.43342846507104255,701,0.7034754402224284,1.4396870462229023,0.21649658541768402,running
Pure Pursuit,18.11000000000003,74.4272606114142,23.65395956188947,3.4790346875457576,-1.7602404292145233,-0.7827159936894823,-0.06228218046865173,3.469542158549539,0.0691451176235691,0.008054185029661376,0.07640000000108671,0,not_applicable,98.37939129394803,0,0,0.854772570933102,0.4573537036839622,687,0.6424930491195551,1.5052845539450928,0.20621919386478796,running
Pure Pursuit,18.210000000000047,74.35719504793374,23.312495312769812,3.492267731799732,-1.8061231203759383,0.34314366502843363,-0.06016017298977743,3.513349054048601,0.08663057660779082,0.0177269131542106,0.07289999999926522,0,not_applicable,98.5793077990933,0,0,0.864784282490047,0.4550140960938824,709,0.7383225208526416,1.394021073814912,0.2232291878884924,running
Pure Pursuit,18.310000000000063,74.26794569492922,22.974349151761754,3.5026727757926364,-1.86797425200135,0.26981130433650247,-0.0673334788165187,3.519248862233382,0.041003617131463416,0.006212399815712644,0.08559999999846468,0,not_applicable,98.97917179114788,0,0,0.8529302310439546,0.45692771305734586,713,0.755746061167748,1.3872998018104197,0.22600293112750477,running
Pure Pursuit,18.41000000000008,74.15399791815173,22.63850388246526,3.585210614807314,-1.9423788956125734,2.140273699645352,-0.0666198190892721,3.7167001457571716,0.03093619182396672,0.00973809270171655,0.07799999999846818,0,not_applicable,99.37902305298245,0,0,0.8554173586668401,0.4524403097404208,706,0.7252548656163116,1.406541323865709,0.2206244765899192,running
Pure Pursuit,18.510000000000094,74.01408054994101,22.30076434746078,3.7166588278657557,-2.0002682347976934,3.4085597179777505,-0.06153261759207265,3.926066586605089,0.05779330270665856,0.0010514140800061966,0.09010000000131413,0,not_applicable,99.77886669037085,0,0,0.8830390617729925,0.4365712430758233,703,0.7121872103799816,1.4028702248273794,0.21811666573475305,running
Pure Pursuit,18.61000000000011,73.85114460934234,21.9568769244409,3.8815053747594255,-2.04438421359161,4.274605841463015,-0.06208473867605842,4.144119412012057,0.07899415296430604,0.02378055674729751,0.11429999999990059,0,not_applicable,100.17870617967792,0,0,0.8699623254074664,0.4115627658128347,718,0.7775254865616312,1.3110486903373455,0.22094939445953415,running
Pure Pursuit,18.710000000000125,73.66271981713568,21.60602548804049,4.069573459925157,-2.1052634489179685,4.876759329152027,-0.07257129346962103,4.369181307674628,0.08725193035483478,0.028333590137338938,0.07220000000174309,0,not_applicable,100.578543725234,0,0,0.8493940942894864,0.3905818175508824,729,0.8254402224281745,1.239161273646566,0.21092842571338707,running
Pure Pursuit,18.81000000000014,73.44146121705172,21.251432495019696,4.274874962940141,-2.1820571727109215,5.323635954686097,-0.07772836257292676,4.601937055393766,0.08136417607634013,0.016017166941737493,0.10999999999938836,0,not_applicable,100.97838068541506,0,0,0.8253923577473906,0.3781111162062482,699,0.6947636700648747,1.396992803567471,0.21491658495418042,running
Pure Pursuit,18.910000000000156,73.18296434409034,20.89623583627897,4.495423614237608,-2.2597956890925808,5.7190069851511804,-0.07600138618466823,4.846775661455259,0.06866855967737484,0.0021636108836058376,0.07949999999823376,0,not_applicable,101.37821849527421,0,0,0.8228698636147241,0.346879877554818,709,0.7383225208526416,1.31995639564186,0.2232291878884924,running
Pure Pursuit,19.010000000000172,72.88453596662515,20.54383883836314,4.724041060211127,-2.3384436232862185,5.928237433139065,-0.07327402888705416,5.088247357551515,0.07920792131513744,0.01590143458658,0.07530000000244286,0,not_applicable,101.7780700083045,0,0,0.8016656146354232,0.34939465467525455,713,0.755746061167748,1.369078926156959,0.22600293112750477,running
Pure Pursuit,19.110000000000188,72.54967331710337,20.20068226133277,4.856324540232808,-2.405688513704955,3.4302188737655026,-0.05799407724533528,5.067062947587678,0.12350894391507587,0.0068138171438199,0.1066999999999041,0,not_applicable,102.37791294958016,0,0,0.7953480774885267,0.3294961622836101,718,0.7775254865616312,1.330229718354711,0.22094939445953415,running
Pure Pursuit,19.210000000000203,72.18338804316322,19.867174427501446,5.0377929124972205,-2.4551984520522367,4.705623373613026,-0.05239257833377278,5.32688687759411,0.08537517725711556,0.016830335013313213,0.07949999999823376,0,not_applicable,102.77780948782959,0,0,0.7829146178400356,0.32976669423848726,712,0.7513901760889712,1.3961826439280733,0.22593517874601313,running
Pure Pursuit,19.31000000000022,71.78566448096629,19.541039319929382,5.234369179082885,-2.5044724223669577,5.097383434923124,-0.0521887931728008,5.547531255989533,0.1271013578771317,0.02236062384370907,0.07659999999987122,0,not_applicable,103.37767787156906,0,0,0.7796798325771703,0.3101435599029367,727,0.8167284522706209,1.2823069290433236,0.2126462795560751,running
Pure Pursuit,19.410000000000235,71.35473363664114,19.22149888030122,5.4767803349613855,-2.553315609199163,6.285919617245188,-0.03791650620821434,5.862961140807403,0.09238191507065517,0.04902758973581811,0.09509999999934848,0,not_applicable,103.77760607965821,0,0,0.8091080483336592,0.31266026306497857,721,0.7905931417979613,1.3692820402351038,0.21807316453493353,running
Pure Pursuit,19.51000000000025,70.8907151875841,18.908207195785657,5.703293424229852,-2.5885792838504647,5.873669741953229,-0.020832542758953108,6.064147309156708,0.06576404609492989,0.05599725277853462,0.08640000000070813,0,not_applicable,104.37750429733364,0,0,0.8113854536565933,0.30514283865255587,739,0.8689990732159409,1.2818760691150406,0.20296376061118723,running
Pure Pursuit,19.610000000000266,70.39743168684944,18.59584062795702,5.954231554871985,-2.6016104816346037,6.5070310497954775,-0.011461012144491299,6.353996529209399,0.05024624149122166,0.04619233394566313,0.07719999999977745,0,not_applicable,104.97740419915273,0,0,0.8262279760700886,0.3079735504587818,748,0.9082020389249306,1.2771145399565098,0.19660096634514493,running
Pure Pursuit,19.71000000000028,69.87625580274198,18.279797385987028,6.215294558054547,-2.615680132690831,6.769577279127796,-0.005703974565679798,6.6311892827847645,0.028449579757548606,0.041916546002710664,0.07420000000024629,0,not_applicable,105.57730258625821,0,0,0.8639561401180296,0.2932522033268858,724,0.8036607970342913,1.4272272845336755,0.2153071491827237,running
Pure Pursuit,19.810000000000297,69.32876117682105,17.956681524023065,6.478285000864737,-2.6130381101422926,6.819557365739151,0.0009123267956158873,6.897250294628462,0.02901536152048923,0.021257352022131748,0.10180000000303835,0,not_applicable,106.17720177353509,0,0,0.8898733593506499,0.2816838425349053,737,0.8602873030583873,1.3463497901679689,0.20447740104668097,running
Pure Pursuit,19.910000000000313,68.76316111476947,17.623629671662215,6.636531131706967,-2.609763279706891,4.103451652665999,-0.002341575503157464,6.888630166131337,0.08323675412191658,0.0008520593149645705,0.07580000000118048,0,not_applicable,106.77709808854226,0,0,0.8862951725091702,0.274518019504627,740,0.8733549582947173,1.3444176230988591,0.20222103997141733,running
Pure Pursuit,20.01000000000033,68.1945739276684,17.293437738774237,6.5438048045656485,-2.6334954656980583,-1.055239317662684,-0.004574306040672495,6.5310071999406984,0.059837369395640334,0.016158160055045112,0.07109999999954653,0,not_applicable,107.57696541247617,0,0,0.8934716633294758,0.26034319369452036,349,-0.8297961075069509,1.3763796922625722,0.21008581223244965,running
Pure Pursuit,20.110000000000344,67.65127586193566,16.98618152369272,6.085242579142024,-2.645905930472046,-5.225826317666886,0.01628929146841708,6.02122217279896,0.03524825560404919,0.04682535148038314,0.11579999999966617,0,not_applicable,108.17686322833771,0,0,0.8921402576460113,0.24691302672121435,379,-0.6991195551436515,1.452411878916508,0.2157016455530536,running
Pure Pursuit,20.21000000000036,67.14566384216594,16.700419673040095,5.666369648325869,-2.606995663005755,-4.766835906572329,0.04904217218968067,5.608558988484791,0.06182389133957485,0.04843533207233719,0.09460000000061086,0,not_applicable,108.77672981466537,0,0,0.8677426225690155,0.26307996429465313,387,-0.6642724745134383,1.470184291976107,0.20968660597172056,running
Pure Pursuit,20.310000000000375,66.68850402347654,16.418179834153726,5.224178632689866,-2.4945817259148115,-5.033277894318067,0.06840829095959376,5.163041858894062,0.096655042647376,0.021656053342178794,0.13600000000124624,0,not_applicable,109.17662219033028,0,0,0.8283937925558814,0.28820772866098726,364,-0.7644578313253012,1.4026376826283768,0.2239412608755995,running
Pure Pursuit,20.41000000000039,66.28802755836492,16.118759552646615,4.889519621730036,-2.3694932846603076,-3.808469042850291,0.037973569855269874,4.843331728404837,0.07118838850389167,0.0873059016725839,0.07619999999874949,0,not_applicable,109.77647392964624,0,0,0.805627774894927,0.3388444791564728,714,0.7601019462465248,1.5079340789838795,0.22496523842325897,running
Pure Pursuit,20.510000000000407,65.94068419918338,15.80119590601488,4.614822315216285,-2.30779068896202,-3.126095977548786,-0.002981872842426159,4.576910023975158,0.06221651295545183,0.14248303720284916,0.07689999999982433,0,not_applicable,110.17640771220181,0,0,0.8539635541443875,0.3469948111110792,718,0.7775254865616312,1.430061193095044,0.22094939445953415,running
Pure Pursuit,20.610000000000422,65.63428453193218,15.488103131735151,4.2616551876534094,-2.311703960157219,-4.019094147257318,-0.01215128710649802,4.2129129004905534,0.08156407913165897,0.10630813431361119,0.08439999999865222,0,not_applicable,110.57634100689889,0,0,0.8734413849103824,0.37723404447430564,750,0.9169138090824838,1.254203401901195,0.19528096432440423,running
Pure Pursuit,20.710000000000438,65.36100035018158,15.195839704546733,3.868586548144664,-2.308387339863783,-4.473179254880506,0.007645549746712662,3.814337262165359,0.08403849602129239,0.04468730339448568,0.07989999999935549,0,not_applicable,110.97623717267545,0,0,0.9089578174273293,0.4065155677146103,375,-0.7165430954587582,1.5253334370294354,0.21894209497805295,running
Pure Pursuit,20.810000000000453,65.11178384367358,14.919190083552847,3.649574483729159,-2.289845936172772,-2.492389686280716,0.02925557807309342,3.6193475795165924,0.05942105025883558,0.0015452500143506853,0.07940000000061787,0,not_applicable,111.37614561919727,0,0,0.8534398908707053,0.4252977607040372,372,-0.729610750695088,1.4479450638735887,0.22148173646210823,running
Pure Pursuit,20.91000000000047,64.87388654880439,14.642414698646943,3.650039167997291,-2.2600242455702846,0.01204964328596514,0.04575979453309245,3.6507794480577553,0.023542013884753132,0.032948001744312005,0.0877000000016892,0,not_applicable,111.77605427733633,0,0,0.8914048882075748,0.43855904453310507,385,-0.6729842446709917,1.4627119044027719,0.21113476830746442,running
Pure Pursuit,21.010000000000485,64.64368304729214,14.352670156445697,3.744190827253534,-2.2143293287845403,2.4414295611528525,0.05660436273275365,3.894182124112576,0.011370350653799691,0.044205362486650746,0.10779999999854795,0,not_applicable,112.17595242053106,0,0,0.8694973159929928,0.4268612715362362,369,-0.742678405931418,1.3718802891320914,0.2241197071405647,running
Pure Pursuit,21.1100000000005,64.41813896096849,14.042266435582368,3.9164788540418822,-2.169496524550583,4.46756950388929,0.06319298645880057,4.190947777642463,0.038456164364450464,0.04834304652385857,0.0782000000008054,0,not_applicable,112.57585500667984,0,0,0.853235626659572,0.40914032894395286,359,-0.7862372567191844,1.3013266016095641,0.21901940157552577,running
Pure Pursuit,21.210000000000516,64.19547528101522,13.706239935517742,4.129187067583485,-2.124852860874718,5.515698018949617,0.06366434516117962,4.468048655936844,0.05569615865576246,0.04124811693328789,0.07560000000239597,0,not_applicable,112.97576891591855,0,0,0.8554514268264359,0.3888465925836566,369,-0.742678405931418,1.3459860285428977,0.2241197071405647,running
Pure Pursuit,21.31000000000053,63.97593859562761,13.341892562176236,4.360479498713092,-2.0795511787389076,5.997601986958996,0.06006407823976775,4.728947266279385,0.0682088676618318,0.021591577210132495,0.07710000000216155,0,not_applicable,113.37569353495915,0,0,0.7941851495815604,0.3940344992742714,356,-0.7993049119555145,1.3505994273903426,0.21621722807816315,running
Pure Pursuit,21.410000000000547,63.76113158144203,12.947797111218158,4.597923921662704,-2.033293816413156,6.157128168525832,0.05102911789387914,4.976192315565675,0.09039816132323034,0.010631455687313274,0.1259999999980721,0,not_applicable,113.77562540914595,0,0,0.815088788178277,0.3726373149865564,362,-0.7731696014828544,1.3848592598832903,0.22193355627601147,running
Pure Pursuit,21.510000000000563,63.551814890224556,12.524128868046622,4.834631236913988,-1.9997512073389174,6.138014362792958,0.024892202886377713,5.211725357942,0.10953078242050827,0.0395056155873128,0.08359999999996148,0,not_applicable,114.37552668057953,0,0,0.8425465714629609,0.3663034761068402,360,-0.7818813716404078,1.4150933268889472,0.21997807798827249,running
Pure Pursuit,21.61000000000058,63.34256221917371,12.071920861571037,5.109081825759678,-1.9859042245311995,7.116728329344291,0.008803661323595141,5.546304069848417,0.05788596449193977,0.05345174765428151,0.1087999999995759,0,not_applicable,114.77546089720907,0,0,0.8499902635861575,0.3625807511704252,357,-0.7949490268767376,1.4447630917908716,0.21713917065507293,running
Pure Pursuit,21.710000000000594,63.1284488765411,11.593186583425561,5.359550279834056,-1.9885726777983255,6.494851952095484,-0.006753733260322774,5.758567020969227,0.06690018645445053,0.05135474012718211,0.07540000000005875,0,not_applicable,115.37536221488232,0,0,0.849943880012507,0.3438567930502203,709,0.7383225208526416,1.5225504960866583,0.2232291878884924,running
Pure Pursuit,21.81000000000061,62.901461977520995,11.091548033181901,5.630846647190394,-2.0078418713816797,7.034936785282673,-0.014826282455716381,6.063043958362323,0.0906441427644451,0.03274245915894136,0.07000000000090267,0,not_applicable,115.77529642082342,0,0,0.8673418996499052,0.3213594925194824,740,0.8733549582947173,1.3084102855667945,0.20222103997141733,running
Pure Pursuit,21.910000000000625,62.65722134555923,10.569743956770845,5.87262731829273,-2.025947811258898,6.269570631124877,-0.014873873753753443,6.257803710302881,0.06766576248101758,0.0156282146692992,0.07330000000038694,0,not_applicable,116.37519773628459,0,0,0.8864243122698965,0.29515249834759316,729,0.8254402224281745,1.3381243849563857,0.21092842571338707,running
Pure Pursuit,22.01000000000064,62.39398333111434,10.029308928611833,6.129637603934073,-2.042798913759145,6.664486997275159,-0.012962412880500564,6.539076018020246,0.07161802125330637,0.0005331549114169221,0.07379999999912457,0,not_applicable,116.97509905346958,0,0,0.8635684940757853,0.29369605546558647,718,0.7775254865616312,1.4501077564799745,0.22094939445953415,running
Pure Pursuit,22.110000000000657,62.11050126394045,9.469941006449245,6.391527189835452,-2.0592667208312028,6.791011245352072,-0.008787345179748936,6.80873872846928,0.09809013665644536,0.016648253745338515,0.09010000000131413,0,not_applicable,117.57500037766762,0,0,0.8837971376924636,0.2824074563954664,716,0.768813716404078,1.4671025438716403,0.22293077345441878,running
Pure Pursuit,22.210000000000672,61.80607707271396,8.891975607013277,6.652449757030408,-2.075783879377984,6.765935659061801,-0.001450436789983711,7.068120755741632,0.05473036805440503,0.033192665180234115,0.10500000000135401,0,not_applicable,118.37486881084051,0,0,0.8859927862921444,0.2773138644843665,350,-0.8254402224281743,1.413069630962577,0.21092842571338713,running
Pure Pursuit,22.310000000000688,61.48163829466599,8.293443559731552,6.940672106140533,-2.073059946337173,7.473841341311402,0.010513039926001272,7.399833891161548,0.028713909560990007,0.030860013477305603,0.1335000000004527,0,not_applicable,118.9747701352444,0,0,0.8927911019014823,0.26294282089978127,363,-0.7688137164040778,1.4801537403496294,0.22293077345441883,running
Pure Pursuit,22.410000000000704,61.14540088207893,7.669684786597961,7.210042680929589,-2.049549699732209,6.984999408293753,0.015238685870330292,7.639172046969908,0.06489254399222204,0.008278332536222788,0.07920000000183336,0,not_applicable,119.77463856303885,0,0,0.882049198717654,0.2475273872700683,367,-0.7513901760889712,1.4813521684868711,0.22593517874601313,running
Pure Pursuit,22.51000000000072,60.8041438768988,7.0171893664121905,7.494276800041898,-2.0298533470835887,7.370423274224116,0.01152289048138097,7.947085008352,0.0778281853338613,0.01073151618213597,0.11310000000008813,0,not_applicable,120.37453988020616,0,0,0.86289392281403,0.24670064875218645,357,-0.7949490268767376,1.4628159574494497,0.21713917065507293,running
Pure Pursuit,22.610000000000735,60.462643805865916,6.338290554300865,7.689304660595648,-2.011522855205704,5.057231999581022,0.004503843927384949,8.0,0.040652477354368464,0.02822138045271183,0.0780999999996368,0,not_applicable,121.17440830599347,0,0,0.887921820368023,0.23645442098250677,347,-0.8385078776645043,1.3931807763508344,0.2084324073070941,running
Pure Pursuit,22.71000000000075,60.123528021781674,5.640978270636504,7.809121681711295,-2.0125663886333403,3.106953394043517,-0.005273209075332699,8.0,0.013842130470736626,0.02643447612043781,0.07959999999940237,0,not_applicable,121.97427673303834,0,0,0.8523818710906712,0.22514162971715562,724,0.8036607970342913,1.4168793478787727,0.2153071491827237,running
Pure Pursuit,22.810000000000766,59.780313860558955,4.935110467242154,7.882732285387433,-2.040450116554271,1.9087831828870527,-0.00872752612523285,8.0,0.006171560419185652,0.002095358106334988,0.07950000000178647,0,not_applicable,122.77414516178112,0,0,0.8899694977441961,0.22209187838957087,736,0.8559314179796109,1.342136816720092,0.20524858980469113,running
Pure Pursuit,22.91000000000078,59.42791823466149,4.227264747021215,7.927955584407157,-2.0463929096841547,1.1726771461256735,0.0006531405594626121,8.0,0.016210588827252473,0.008587012536198646,0.1183000000004597,0,not_applicable,123.57401359224609,0,0,0.856549614909115,0.22171726086245042,358,-0.790593141797961,1.447473626815916,0.21807316453493358,running
Pure Pursuit,23.010000000000797,59.07304616846329,3.5166523124011033,7.955738901919744,-2.0192466291140168,0.720444155928428,0.002244650177334017,8.0,0.022458737954639655,0.018107888058866095,0.07730000000094606,0,not_applicable,124.37388202416602,0,0,0.8551456318382787,0.21744379065932942,712,0.7513901760889712,1.4856476676808317,0.22593517874601313,running
Pure Pursuit,23.110000000000813,58.723063055166634,2.8011700642869104,7.972807818799704,-2.012105317110948,0.4426109808025558,-0.013512103970582392,8.0,0.029993172831146095,0.02489445990357586,0.07599999999996498,0,not_applicable,125.17375045709505,0,0,0.8899953062843529,0.21394337795426405,703,0.7121872103799816,1.5064777355350096,0.21811666573475305,running
Pure Pursuit,23.21000000000083,58.37332497984119,2.0840637214954074,7.983294252729813,-2.038988451252865,0.27192181200295984,-0.021175850622464985,8.0,0.038087220627506885,0.0022465160539106854,0.2694000000005303,0,not_applicable,125.97361889034578,0,0,0.8441020391720216,0.21558836678519858,719,0.781881371640408,1.439651569450178,0.21997807798827246,running
Pure Pursuit,23.310000000000844,58.01485799107924,1.3703614059355562,7.989736682401472,-2.069254239069828,0.16705747270187032,-0.01086752182008706,8.0,0.03915290598037578,0.032669174917675736,0.07920000000183336,0,not_applicable,126.77348732353946,0,0,0.8571945418212645,0.2167036716442328,354,-0.8080166821130677,1.4097301627416,0.2144087504700342,running
Pure Pursuit,23.41000000000086,57.64423540555316,0.6623137624214674,7.993694643739987,-2.074246623402056,0.10263317598528054,0.005339992039517999,8.0,0.031843210496704355,0.037721094070610306,0.07019999999968718,0,not_applicable,127.57335575683973,0,0,0.8904750444403217,0.2196528616150795,368,-0.7470342910101946,1.5126546727209622,0.22502164647011183,running
Pure Pursuit,23.510000000000876,57.27010574446721,-0.04424662684434014,7.996126250875119,-2.045510715565422,0.06305356260012829,0.013784765820750968,8.0,0.028822866577748955,0.008947367769301717,0.0916000000010797,0,not_applicable,128.37322419016778,0,0,0.8940232419787313,0.22336576790596094,336,-0.8864226135310473,1.3288303945109072,0.20004771979496722,running
Pure Pursuit,23.61000000000089,56.9034394707036,-0.7549152561305366,7.997620129352931,-2.0142210489403807,0.0387374912488081,0.005707915964526955,8.0,0.03083723415030108,0.022477552121622946,0.07229999999935899,0,not_applicable,129.17309262332586,0,0,0.8992161657582701,0.21904675611416916,711,0.7470342910101948,1.5101285121827766,0.22502164647011186,running
Pure Pursuit,23.710000000000907,56.54863991917008,-1.471719065616625,7.9985379062726585,-2.0088068145526545,0.023798706470685715,-0.00754609337983578,8.0,0.029555462735410928,0.028124626942747977,0.08820000000042683,0,not_applicable,129.9729610561205,0,0,0.8822717881930926,0.22081759453581645,744,0.8907784986098242,1.3098236873711098,0.19934114321212792,running
Pure Pursuit,23.810000000000922,56.197337591144,-2.1903292666784067,7.999101750311445,-2.0374950757252437,0.01462093727341518,-0.012848347211579814,8.0,0.029329500456800484,0.0002337706409236695,0.07019999999968718,0,not_applicable,130.77282948848986,0,0,0.8881377379347709,0.20807651814827616,725,0.8080166821130677,1.3643349577609645,0.2144087504700342,running
Pure Pursuit,23.910000000000938,55.83847147905639,-2.905232147548041,7.999448152681391,-2.068864969254654,0.008982496885545643,-0.0016974402222679251,8.0,0.029450283188191644,0.031176079071837393,0.08270000000010214,0,not_applicable,131.57269792061777,0,0,0.8758573518366465,0.2209710426450361,364,-0.7644578313253012,1.4996984543959933,0.2239412608755995,running
Pure Pursuit,24.010000000000954,55.467720799893385,-3.6140804304495524,7.999660967916898,-2.0743463609311688,0.005518473186088002,0.014392770215081676,8.0,0.029846802934368193,0.0361327500103692,0.07480000000015252,0,not_applicable,132.372566353071,0,0,0.8919306127866033,0.216285591274212,370,-0.7383225208526414,1.502857115931269,0.22322918788849236,running
Pure Pursuit,24.11000000000097,55.093465478387756,-4.3211088340479575,7.999791712762759,-2.0456711272320636,0.003390320831018201,0.022179319342943184,8.0,0.0365843726746678,0.006835257805019701,0.14049999999699025,0,not_applicable,133.17243478492057,0,0,0.8516216763071246,0.21732563242616976,354,-0.8080166821130677,1.4156184386327442,0.2144087504700342,running
Pure Pursuit,24.210000000000985,54.72666401622093,-5.032034368802725,7.9998720369682985,-2.0142876088168125,0.002082872372408673,0.013105348068794483,8.0,0.04069582482961109,0.025245563590462705,0.10580000000004475,0,not_applicable,133.97230321467092,0,0,0.8563112850298791,0.21824688978854137,344,-0.8515755329008341,1.3562456626775206,0.20602954162158948,running
Pure Pursuit,24.310000000001,54.37176014522768,-5.748985474461664,7.999921384825593,-2.0087932877739396,0.0012796303170148349,-0.0013282747765330906,8.0,0.03574077196357475,0.031386686257177665,0.09119999999995798,0,not_applicable,134.7721716440835,0,0,0.8888502747109243,0.22115253461555726,329,-0.9169138090824838,1.271432050075527,0.19528096432440423,running
Pure Pursuit,24.410000000001016,54.0203993374792,-6.467689017124672,7.999951702100483,-2.03746642181671,0.000786151744067709,-0.00787711867937268,8.0,0.030237299576567775,0.003268048651522193,0.07959999999940237,0,not_applicable,135.5720400740912,0,0,0.8603517596569431,0.2249921597883357,725,0.8080166821130677,1.4580336145881634,0.2144087504700342,running
Pure Pursuit,24.510000000001032,53.664083807518956,-7.183950925513549,7.999970327775581,-2.0459487195740786,0.00048297899517102394,0.0020442727389537937,8.0,0.02882250632249247,0.00475208181949105,0.1105000000016787,0,not_applicable,136.37190850503646,0,0,0.891938667756496,0.22330738123072325,357,-0.7949490268767376,1.4682266790523861,0.21713917065507293,running
Pure Pursuit,24.610000000001047,53.306985286119335,-7.899824681912106,7.999981770617133,-2.019383024164278,0.00029672224418852977,0.0034014385823198565,8.0,0.028911477855517655,0.02218360756435178,0.09099999999762076,0,not_applicable,137.1717769369364,0,0,0.8890448002373494,0.22153812942287,694,0.6729842446709915,1.5970101425895722,0.2111347683074644,running
Pure Pursuit,24.710000000001063,52.955586819623115,-8.618514147048804,7.999988800623944,-2.0117689884629266,0.00018229382867218646,-0.013795250633103382,8.0,0.03324829796194935,0.03007538924434483,0.07670000000103983,0,not_applicable,137.97164536960105,0,0,0.8889009205498468,0.20829349471529457,727,0.8167284522706209,1.3534413731837363,0.2126462795560751,running
Pure Pursuit,24.81000000000108,52.60506720859052,-9.337633687512135,7.999993119568283,-2.038582161549538,0.00011199376055870403,-0.023641222362149886,8.0,0.04219885489143296,0.003447471523302159,0.07689999999982433,0,not_applicable,138.77151380273716,0,0,0.852559103947752,0.2089785127096903,741,0.8777108433734941,1.2696401198934746,0.2014875443267371,running
Pure Pursuit,24.910000000001094,52.24622824368951,-10.052628627213814,7.999995772948388,-2.069137848969265,6.880431716815849e-05,-0.015454937386372158,8.0,0.04586411257029,0.027014999502729786,0.08330000000000837,0,not_applicable,139.5713822360594,0,0,0.8562924249867816,0.2196974519971489,368,-0.7470342910101946,1.5145693392473838,0.22502164647011183,running
Pure Pursuit,25.01000000000111,51.87284299579767,-10.760127464374364,7.999997403074972,-2.0972835561431946,4.2270516118492196e-05,-0.0011969660884287735,8.0,0.03757174334668701,0.05516207627221359,0.07540000000005875,0,not_applicable,140.37125066940112,0,0,0.8911721357815985,0.21145472065316273,358,-0.790593141797961,1.4080108882004176,0.21807316453493358,running
Pure Pursuit,25.110000000001126,51.48503630112699,-11.459837937246936,7.999998404557072,-2.1006275788672273,2.5969250279089806e-05,0.018955839437090293,8.0,0.02902190565547722,0.058599874618589176,0.0821000000001959,0,not_applicable,141.17111910268318,0,0,0.8699599233450638,0.20647528800208473,366,-0.755746061167748,1.4281183067256582,0.22600293112750477,running
Pure Pursuit,25.21000000000114,51.0949286037988,-12.158269877757812,7.999999019826098,-2.0529516919721873,1.5954429279929627e-05,0.03299052105808409,8.0,0.044800358683898596,0.011110233467057196,0.0784999999972058,0,not_applicable,141.97098753570754,0,0,0.8478478052018399,0.2097437504996162,367,-0.7513901760889712,1.4520810669134079,0.22593517874601313,running
Pure Pursuit,25.310000000001157,50.722535432334716,-12.866267444767598,7.9999993978218455,-1.985688936180246,9.80173902043191e-06,0.020875436425900368,8.0,0.05329302342546992,0.0558740230565431,0.07680000000220844,0,not_applicable,142.77085596822565,0,0,0.8261105267636457,0.21814659316232432,708,0.7339666357738648,1.5181812180432548,0.22234991952811328,running
Pure Pursuit,25.410000000001173,50.37410248258169,-13.586375088523454,7.999999630046741,-1.976864470867918,6.02178154451849e-06,-0.01041312539278994,8.0,0.04095618221126416,0.06432788211402674,0.07589999999879637,0,not_applicable,143.57072440004853,0,0,0.8551462696309984,0.21246612616242772,714,0.7601019462465248,1.4568705567422569,0.22496523842325897,running
Pure Pursuit,25.510000000001188,50.03698068938146,-14.311873293019756,7.999999772716077,-2.008733891028485,3.6995325913835586e-06,-0.021882319166981065,8.0,0.02972206539708001,0.031995478107296194,0.10570000000242885,0,not_applicable,144.37059283115113,0,0,0.8629548112046557,0.21492700920432473,719,0.781881371640408,1.440057012919803,0.21997807798827246,running
Pure Pursuit,25.610000000001204,49.69533917291291,-15.03524696375711,7.999999860366193,-2.0424313388121336,2.2728392323756452e-06,-0.016786605423409474,8.0,0.03733981244277703,0.002257296157953892,0.09469999999822676,0,not_applicable,145.17046126179304,0,0,0.8875273356047604,0.21525424026510986,734,0.8472196478220577,1.3469263595401688,0.20682039817249392,running
Pure Pursuit,25.71000000000122,49.339943694147436,-15.751952457964471,7.999999914214785,-2.071796228674187,1.3963380673942538e-06,-0.008295067729346661,8.0,0.041835443649026784,0.032269906323054265,0.1011999999995794,0,not_applicable,145.97032969262193,0,0,0.8339242917266159,0.22361833803322342,712,0.7513901760889712,1.5331910800110067,0.22593517874601313,running
Pure Pursuit,25.810000000001235,48.97002038853984,-16.461280122712864,7.999999947297124,-2.0754644880509163,8.578521537572215e-07,0.0048012553304922325,8.0,0.03555667958647601,0.036678040473769435,0.07700000000099294,0,not_applicable,146.77019812437655,0,0,0.8604589939434704,0.21934196916706075,361,-0.7775254865616312,1.4714646830303528,0.22094939445953415,running
Pure Pursuit,25.91000000000125,48.59581419531555,-17.168364979775824,7.999999967621542,-2.0459654939298026,5.270287584124844e-07,0.011506216872223795,8.0,0.03002940959808957,0.00801127169682836,0.07770000000206778,0,not_applicable,147.57006655428515,0,0,0.8918393193216242,0.22183845569773153,347,-0.8385078776645043,1.394954335497351,0.2084324073070941,running
Pure Pursuit,26.010000000001266,48.22893281633145,-17.879267845666853,7.9999999801080195,-2.0143199478188656,3.2378458136861354e-07,0.0028511598806159437,8.0,0.029864634820595305,0.022674273808120038,0.07540000000005875,0,not_applicable,148.3699349794161,0,0,0.8933662879607933,0.2194563202496061,703,0.7121872103799816,1.5470289046785926,0.21811666573475305,running
Pure Pursuit,26.110000000001282,47.873972555379815,-18.59620229220854,7.999999987779193,-2.0087737083678006,1.989198050722507e-07,-0.010134913227301538,8.0,0.029562938529737265,0.026989552697687547,0.10250000000056048,0,not_applicable,149.1698033953893,0,0,0.8954418254721197,0.21724142971592197,713,0.755746061167748,1.4908000384675903,0.22600293112750477,running
Pure Pursuit,26.210000000001298,47.5225875052033,-19.31490091723234,7.999999992492044,-2.0374503711966288,1.2220806588914002e-07,-0.014401145711234662,8.0,0.030723506349094275,0.0032234876941110713,0.09799999999771103,0,not_applicable,149.9696717995417,0,0,0.8958623950010848,0.22751471167629772,728,0.8210843373493977,1.4520610133919647,0.21178185999974475,running
Pure Pursuit,26.310000000001313,47.16368754471417,-20.029866410372982,7.999999995387423,-2.068846798400515,7.507956034658037e-08,-0.0013838293659657718,8.0,0.030056510956279214,0.036461479853520995,0.09970000000336654,0,not_applicable,150.76954019168429,0,0,0.8920122849015185,0.2209557453688624,360,-0.7818813716404078,1.4742804743614366,0.21997807798827249,running
Pure Pursuit,26.41000000000133,46.792922091493224,-20.73875627247707,7.999999997166225,-2.0743495477732354,4.6125769870286604e-08,0.017514500360068703,8.0,0.03113138015858231,0.0441109005467184,0.10430000000027917,0,not_applicable,151.56940857513678,0,0,0.890859044163504,0.21064532215700218,375,-0.7165430954587582,1.489690606690447,0.21894209497805295,running
Pure Pursuit,26.510000000001344,46.41865643150767,-21.445809576070165,7.999999998259048,-2.0456786133255758,2.8337749924389755e-08,0.029170442304635495,8.0,0.044455808756839604,0.017891824946009827,0.11779999999816937,0,not_applicable,152.36927695792247,0,0,0.8656564477870663,0.20894599813173942,341,-0.8646431881371641,1.2884157624688435,0.2037158366078793,running
Pure Pursuit,26.61000000000136,46.05184613162753,-22.15674911079159,7.9999999989304325,-2.014291060350888,1.740952271234164e-08,0.02516452742780595,8.0,0.057888282604394256,0.010739162110257716,0.08270000000010214,0,not_applicable,153.16914535398925,0,0,0.8479594164811168,0.21414073649906276,365,-0.7601019462465246,1.466580251254865,0.22496523842325905,running
Pure Pursuit,26.710000000001376,45.69952899473132,-22.874972151659993,7.9999999993429025,-1.9858879957884232,1.069567545641803e-08,0.01710018449433569,8.0,0.060144489280105726,0.03603635792366999,0.08090000000038344,0,not_applicable,153.96901377569083,0,0,0.8278630778228073,0.2167348272929785,366,-0.755746061167748,1.487850561312219,0.22600293112750477,running
Pure Pursuit,26.81000000000139,45.364642320956285,-23.601482726972232,7.999999999596306,-1.9595919724269848,6.5709748753306485e-09,0.004743407487070163,8.0,0.048470566793231536,0.058967286419628895,0.0801999999993086,0,not_applicable,154.76888216051344,0,0,0.857192688064137,0.2196934996775646,723,0.7993049119555145,1.4415887724029122,0.21621722807816315,running
Pure Pursuit,26.910000000001407,45.04549358061312,-24.33505788765149,7.999999999751988,-1.9570697062784408,4.036939671436812e-09,-0.01489207075164951,8.0,0.03173431324156603,0.06084225338326599,0.06950000000216505,0,not_applicable,155.56875055176704,0,0,0.8901044284363501,0.20903643850729461,735,0.8515755329008341,1.3077329466046153,0.20602954162158948,running
Pure Pursuit,27.010000000001423,44.72888662197758,-25.069735655434176,7.999999999847631,-2.0049979769171955,2.4801227738180387e-09,-0.033950073246814275,8.0,0.04134350001520874,0.02650266187710404,0.0743000000014149,0,not_applicable,156.36861726808337,0,0,0.8402682607676035,0.2074893720588353,710,0.742678405931418,1.446912499899892,0.2241197071405647,running
Pure Pursuit,27.11000000000144,44.39196555800449,-25.79525909296062,7.99999999990639,-2.0904453712615654,1.5236878425639588e-09,-0.036481369152787775,8.0,0.06611666189346285,0.031155310758343546,0.08449999999982083,0,not_applicable,157.16847687541326,0,0,0.8465400823699342,0.21494162151564342,746,0.8994902687673774,1.2675193438853078,0.19795406078248534,running
Pure Pursuit,27.210000000001454,44.01782468640165,-26.502263868063437,7.99999999994249,-2.1578055721335847,9.36095645442947e-10,-0.01662872532010237,8.0,0.07599505856467423,0.07697029915698561,0.07960000000295508,0,not_applicable,157.96833839022477,0,0,0.7848271113940508,0.2135001473274152,358,-0.790593141797961,1.4195219322034318,0.21807316453493358,running
Pure Pursuit,27.31000000000147,43.61009884575698,-27.190515635577185,7.999999999964668,-2.1612851637630044,5.751044085400281e-10,0.009524140421465174,8.0,0.061752108610159825,0.07508449857243837,0.07420000000024629,0,not_applicable,158.76820601563955,0,0,0.8553249569946034,0.2191500226480076,336,-0.8864226135310473,1.3083996239541749,0.20004771979496722,running
Pure Pursuit,27.410000000001485,43.18803646674169,-27.870118952406965,7.999999999978295,-2.1262439159508357,3.533173753567098e-10,0.018027406523709533,8.0,0.039881202388189256,0.039884479810423645,0.1813000000012721,0,not_applicable,159.56807444350812,0,0,0.8621560939879067,0.2154678584727457,343,-0.8559314179796107,1.3351885926391487,0.20524858980469116,running
Pure Pursuit,27.5100000000015,42.76935474264479,-28.551804077720192,7.999999999986666,-2.0913459770277845,2.170530422063166e-10,0.011951926529079962,8.0,0.036681155293441625,0.0013392365849722587,0.07549999999767465,0,not_applicable,160.36794283513746,0,0,0.8855752020903648,0.21860459864718562,369,-0.742678405931418,1.5124176331740402,0.2241197071405647,running
Pure Pursuit,27.610000000001516,42.363715451653476,-29.241317875877712,7.999999999991808,-2.061671696948723,1.333422261495798e-10,0.0016708573475250753,8.0,0.039071135722716976,0.035633513295941555,0.08160000000145828,0,not_applicable,161.16781111567713,0,0,0.8615565657781762,0.21579549572165058,719,0.781881371640408,1.4449872182209247,0.21997807798827246,running
Pure Pursuit,27.710000000001532,41.972273107270404,-29.939000994344156,7.9999999999949685,-2.0579720396750654,8.191669564894255e-11,-0.01620157541893815,8.0,0.035423644290573125,0.05029452086984021,0.15319999999974243,0,not_applicable,161.9676787288128,0,0,0.8660931708507236,0.21216626181329962,710,0.742678405931418,1.474474716871875,0.2241197071405647,running
Pure Pursuit,27.810000000001548,41.58510348755055,-30.63907168754397,7.999999999996909,-2.0874915170495507,5.0315307476012094e-11,-0.03179257134678781,8.0,0.0470645054954159,0.033958604600320186,0.09580000000042332,0,not_applicable,162.767545613006,0,0,0.8572876083727768,0.20051739723124898,718,0.7775254865616312,1.364141800832961,0.22094939445953415,running
Pure Pursuit,27.910000000001563,41.188912776834364,-31.334051629278804,7.999999999998102,-2.1372922443581244,3.090860900556436e-11,-0.035546468134786464,8.0,0.07100766050523687,0.004691911494203449,0.09700000000023579,0,not_applicable,163.56741279582985,0,0,0.8129624964216904,0.20685873200484722,734,0.8472196478220577,1.3024591178998446,0.20682039817249392,running
Pure Pursuit,28.01000000000158,40.768617885673706,-32.014687267086664,7.999999999998835,-2.2013860638550122,1.8980372828991676e-11,-0.026853278342266487,8.0,0.08012499297425307,0.06040677119445803,0.0745999999978153,0,not_applicable,164.3672804718481,0,0,0.8566796782553577,0.21316162811073594,711,0.7470342910101948,1.4762074004859542,0.22502164647011186,running
Pure Pursuit,28.110000000001595,40.320779457241436,-32.67752690264225,7.999999999999283,-2.2309739774869284,1.1652900866465643e-11,-0.0004364955476136393,8.0,0.06590380946358389,0.08439251303744122,0.09400000000070463,0,not_applicable,165.16714857852728,0,0,0.8095486547022638,0.2097930024464247,357,-0.7949490268767376,1.3925189895529835,0.21713917065507293,running
Pure Pursuit,28.21000000000161,39.85177569137688,-33.32560913355167,7.99999999999956,-2.230302275320005,7.167599846980011e-12,0.02071621693301928,8.0,0.041609285616650754,0.08089572664969147,0.08090000000038344,0,not_applicable,165.9670169392697,0,0,0.8704030134769205,0.20412836522355957,363,-0.7688137164040778,1.3966459753247757,0.22293077345441883,running
Pure Pursuit,28.310000000001626,39.37777885411086,-33.97006290252806,7.999999999999729,-2.1800705384722123,4.39648317751562e-12,0.0368197803485014,8.0,0.04989621530297909,0.030613167725876522,0.1011999999995794,0,not_applicable,166.76688536939506,0,0,0.8449115871518678,0.2044399649229823,365,-0.7601019462465246,1.410333953765649,0.22496523842325905,running
Pure Pursuit,28.41000000000164,38.91942707064353,-34.625694150413814,7.999999999999834,-2.1118036568670666,2.708944180085382e-12,0.03010801224094047,8.0,0.06889454737191321,0.03493051479052589,0.08340000000117698,0,not_applicable,167.5667537791021,0,0,0.8000011835110475,0.21657775029557733,337,-0.8820667284522707,1.3019429741402695,0.2007631459721537,running
Pure Pursuit,28.510000000001657,38.48568543590181,-35.29784859310287,7.999999999999898,-2.0798033049422875,1.6608936448392342e-12,0.007445743195753083,8.0,0.06866461674028763,0.06133970034204639,0.10410000000149466,0,not_applicable,168.3666221611246,0,0,0.8452302573152528,0.22053599626217169,717,0.7731696014828544,1.4846355076806044,0.22193355627601147,running
Pure Pursuit,28.610000000001673,38.08407154573634,-35.96685599386977,7.702812585226953,-2.0628389996397587,-3.3820367359638492,-0.005816343712468686,7.661796326403513,0.07014687177087994,0.07004951832250006,0.07890000000188024,0,not_applicable,169.16649020898467,0,0,0.8862141790679895,0.21275431296714373,718,0.7775254865616312,1.4339070647951853,0.22094939445953415,running
Pure Pursuit,28.71000000000169,37.71349520641254,-36.610716803444575,7.289241687006026,-2.0771677520936116,-4.706497991435379,-0.020762364740625854,7.232162786083415,0.08172435004587494,0.05100802302369889,0.08450000000337354,0,not_applicable,169.76639116290656,0,0,0.8917785202847623,0.21311501497807503,716,0.768813716404078,1.4027969880353925,0.22293077345441878,running
Pure Pursuit,28.810000000001704,37.36280667368155,-37.223261425426884,6.940514505002423,-2.106885982504603,-3.968566910097504,-0.02878041480034471,6.8923849959962755,0.0253852929584468,0.03253819471109676,0.0840999999986991,0,not_applicable,170.56625668764784,0,0,0.872017206756377,0.2245564492083163,706,0.7252548656163116,1.4455262502199613,0.2206244765899192,running
Pure Pursuit,28.91000000000172,37.02270329592951,-37.792938241818504,6.476398415127544,-2.169193413728027,-5.291147564994043,-0.04153995583575195,6.411399748503019,0.0694421260440162,0.0053679864000582,0.0801999999993086,0,not_applicable,171.16615180279146,0,0,0.8616739932586823,0.23672723812054214,713,0.755746061167748,1.4217191575871213,0.22600293112750477,running
Pure Pursuit,29.010000000001735,36.676467126109436,-38.30877742514858,6.080200692897935,-2.2809721031010692,-4.508788679054518,-0.0397464715083549,6.025519547222093,0.09320400066766764,0.07953595598502572,0.07959999999940237,0,not_applicable,171.76602273784923,0,0,0.847482012849393,0.26614305238044306,705,0.7208989805375348,1.5146044979637523,0.2197779812188762,running
Pure Pursuit,29.11000000000175,36.3130832474072,-38.76163872014171,5.669828842110416,-2.391071472280074,-4.6700923584843945,-0.01759868118893904,5.613191457049496,0.07081697217489054,0.1371404298355401,0.08090000000038344,0,not_applicable,172.36589779077977,0,0,0.8217879424401466,0.29221717501792344,362,-0.7731696014828544,1.4935467673143932,0.22193355627601147,running
Pure Pursuit,29.210000000001767,35.94091412056709,-39.14967235767477,5.228969369932558,-2.4454419003381935,-5.01761707286307,0.006839167888965648,5.168067134824109,0.034958898097536974,0.12716121384509416,0.10969999999943525,0,not_applicable,172.96572723576043,0,0,0.8588509191865464,0.3002257678401016,373,-0.7252548656163114,1.4944539520269933,0.22062447658991918,running
Pure Pursuit,29.310000000001782,35.579343094364674,-39.48240715375325,4.748688069966861,-2.454026676046244,-5.481273142545602,0.012966845997631463,4.6808420556779975,0.07025703296365624,0.08528095252529289,0.13980000000302084,0,not_applicable,173.36562066663205,0,0,0.8979373614224582,0.3256765721670696,723,0.7993049119555145,1.4035247329875042,0.21621722807816315,running
Pure Pursuit,29.410000000001798,35.23722834679264,-39.77512864200878,4.3772859144373255,-2.4627797701057057,-4.226611462590766,-0.013660414973942861,4.326026923707785,0.07978783382495884,0.006007616291202833,0.09529999999813299,0,not_applicable,173.96548193871118,0,0,0.8910922886736206,0.35585630007268415,707,0.729610750695088,1.4811536761515007,0.22148173646210823,running
Pure Pursuit,29.510000000001813,34.92071072118187,-40.02822800936353,3.880792913454323,-2.5062691819119993,-5.671945518697359,-0.0430484509064967,3.8100913625675896,0.07372158193057665,0.01662403968055104,0.15699999999796432,0,not_applicable,174.36538175086773,0,0,0.8891732474508948,0.3771501127382079,727,0.8167284522706209,1.3428639611352449,0.2126462795560751,running
Pure Pursuit,29.61000000000183,34.62247776111999,-40.24187592687139,3.5612551420978718,-2.567659931778592,-3.6363870996394443,-0.05963623444786606,3.5171542034903784,0.09355631156901878,0.010408856063400584,0.16469999999912943,0,not_applicable,174.56532867947405,0,0,0.8615514896567985,0.4031886516337247,706,0.7252548656163116,1.391530793951322,0.2206244765899192,running
Pure Pursuit,29.710000000001845,34.320939877739285,-40.4304225749125,3.554752761237096,-2.624381364457867,-0.07399805593777398,-0.06401678393981347,3.5538553365040944,0.05077511064348772,0.00993898323858966,0.11019999999817287,0,not_applicable,174.96525611476855,0,0,0.8601101412916748,0.4449062956297535,739,0.8689990732159409,1.2258545871914657,0.20296376061118723,running
Pure Pursuit,29.81000000000186,34.01064663003301,-40.59671594326766,3.504129554627757,-2.6960580686389553,-0.5760995786981038,-0.06667912555294506,3.497142803367286,0.023317890102709578,0.009508826621017263,0.07189999999823726,0,not_applicable,175.36515760040055,0,0,0.8563984423755266,0.448975490101052,705,0.7208989805375348,1.418711016489775,0.2197779812188762,running
Pure Pursuit,29.910000000001876,33.68792495619882,-40.74232469718408,3.5723459656031165,-2.755183708212963,1.7689073525271004,-0.06276331084482316,3.681020289880467,0.055646610156176717,0.012480901575180336,0.06940000000099644,0,not_applicable,175.7650496030726,0,0,0.8250685309563923,0.46530771552208944,720,0.7862372567191844,1.3709881332060332,0.21901940157552577,running
Pure Pursuit,30.01000000000189,33.347066520257734,-40.875568779104285,3.734819356815045,-2.7985016991757496,4.213067972875368,-0.056005515688547045,3.9936527628906533,0.09018117159941752,0.022510060235822582,0.07380000000267728,0,not_applicable,176.16494207637038,0,0,0.8852116462073436,0.44300905871605367,729,0.8254402224281745,1.2842883554860498,0.21092842571338707,running
Pure Pursuit,30.110000000001907,32.98276906879595,-40.99974773453247,3.946424418513059,-2.8417305226798804,5.487092389026014,-0.05663875859473097,4.283528595717646,0.10835272201628862,0.001818750976106287,0.0840999999986991,0,not_applicable,176.36487283607326,0,0,0.8524271797062581,0.4231806944517816,697,0.6860518999073215,1.4362950151288334,0.21337555590733343,running
Pure Pursuit,30.210000000001923,32.594712362076876,-41.113914524487726,4.129569593445566,-2.887006360734261,4.749104238787827,-0.0584321088755158,4.4213348423918415,0.11000256897347113,0.021969922202534686,0.08060000000043033,0,not_applicable,176.96473991885492,0,0,0.8633352744711791,0.40090595360133924,706,0.7252548656163116,1.4045916906413152,0.2206244765899192,running
Pure Pursuit,30.31000000000194,32.18014947640475,-41.216718883268015,4.392424910594873,-2.9317837825864186,6.816053446790109,-0.06127688620039679,4.8111749381245765,0.09461220435480808,0.0206760158796504,0.13629999999764664,0,not_applicable,177.36463441975525,0,0,0.8126323242525504,0.3845881365311333,715,0.7644578313253012,1.3702249496370316,0.2239412608755995,running
Pure Pursuit,30.410000000001954,31.735778040149913,-41.304534474061946,4.647702811689928,-2.9940485041788722,6.619564848520643,-0.06754346641091168,5.054381395446938,0.07401595583178933,0.0033137904899995796,0.12040000000013151,0,not_applicable,177.76452346175157,0,0,0.8234659752205402,0.3472025834694764,703,0.7121872103799816,1.3724879556471243,0.21811666573475305,running
Pure Pursuit,30.51000000000197,31.261907358471653,-41.367048598830756,4.894013901687796,-3.074117578166047,6.387048099958967,-0.06907423187186189,5.286407621685825,0.09131841297659195,0.030599197052987304,0.07770000000206778,0,not_applicable,178.1644083587047,0,0,0.8262977563997351,0.3313442084554247,721,0.7905931417979613,1.301338446303544,0.21807316453493353,running
Pure Pursuit,30.610000000001985,30.764359530544343,-41.39853171914403,5.064782156463391,-3.1413084169586223,4.428160572092867,-0.057171846750402634,5.3368299588970824,0.09373090773609462,0.02524989826983637,0.09490000000056398,0,not_applicable,178.76419892347852,0,0,0.8151049448466101,0.3214252447247128,727,0.8167284522706209,1.289577884877357,0.2126462795560751,running
Pure Pursuit,30.710000000002,30.269499367357213,-41.399690735036245,4.890601848364141,-3.2085505353319927,-1.9821976685090537,-0.06236753172541553,4.866562389612485,0.0853096562244341,0.037280165501090146,0.10939999999948213,0,not_applicable,179.16406284337597,0,0,0.8119836870251482,0.30910546528730903,735,0.8515755329008341,1.2374129996775276,0.20602954162158948,running
Pure Pursuit,30.810000000002017,29.802994747187245,-41.366568364765065,4.570202419957168,-3.309396014177589,-3.6461928843187597,-0.06590081161413285,4.525982559932265,0.1252696967084808,0.07613708691348098,0.07989999999935549,0,not_applicable,179.5639154027917,0,0,0.802725900364705,0.3188221731329907,715,0.7644578313253012,1.3493292224156557,0.2239412608755995,running
Pure Pursuit,30.910000000002032,29.376282809701706,-41.29406503242326,4.207645430370477,-3.4166183288212055,-4.125952165906703,-0.05843925136112833,4.1576072033664975,0.10040532568754446,0.07555726932369344,0.08110000000272066,0,not_applicable,180.1637268770214,0,0,0.8179236179544593,0.36453254280813324,718,0.7775254865616312,1.4082181153025164,0.22094939445953415,running
Pure Pursuit,31.010000000002048,29.00006058567488,-41.190944629810744,3.744157584910727,-3.503304070163653,-5.283758528192242,-0.04007834014765715,3.679269577551253,0.10170991716462166,0.08755973018560059,0.1105999999992946,0,not_applicable,180.56357712758154,0,0,0.8675911768698397,0.4004405185259025,711,0.7470342910101948,1.4612534890097801,0.22502164647011186,running
Pure Pursuit,31.110000000002064,28.657215596246374,-41.06365914572161,3.6136643844036986,-3.547019420751346,-1.4850319225174768,-0.023477075952594656,3.5956543926589792,0.07828647447145291,0.09583683910568563,0.08079999999921483,0,not_applicable,180.76348851399766,0,0,0.8620529824664562,0.4574353135798728,719,0.781881371640408,1.4352984405398144,0.21997807798827246,running
Pure Pursuit,31.21000000000208,28.321686088117577,-40.921571884516965,3.6696152807003912,-3.5619176797449033,1.4508525210370538,-0.02339997927907381,3.758749636507404,0.037921746245162986,0.040935968458832406,0.10729999999981032,0,not_applicable,181.16339704585215,0,0,0.8750782400796825,0.47463491565762844,723,0.7993049119555145,1.412043513358281,0.21621722807816315,running
Pure Pursuit,31.310000000002095,27.9868201473046,-40.7688244470358,3.6902520617482146,-3.5905088115867705,0.5351286179680814,-0.038549587646138396,3.7231281424971994,0.007499805235333293,0.0020420199788260263,0.11340000000004125,0,not_applicable,181.56333003907898,0,0,0.8923890901600142,0.4461758346407929,705,0.7208989805375348,1.449733693245287,0.2197779812188762,running
Pure Pursuit,31.41000000000211,27.656855805660424,-40.60252332021284,3.6996235985743637,-3.637891799090516,0.24301161786776326,-0.049687170172586115,3.714553223534991,0.028096660879312205,0.012341422438405303,0.10079999999845768,0,not_applicable,181.96324314428213,0,0,0.8548037855666784,0.442709142619063,713,0.755746061167748,1.414950622405594,0.22600293112750477,running
Pure Pursuit,31.510000000002126,27.33038611897158,-40.41917845087186,3.7829524420178773,-3.6845710153578137,2.1607850916996085,-0.05522004436993737,3.9157021077443246,0.05528019433264167,0.024075270793826764,0.15799999999899228,0,not_applicable,182.36314387465222,0,0,0.8886083538939018,0.4229622965529234,719,0.781881371640408,1.3303440989186721,0.21997807798827246,running
Pure Pursuit,31.61000000000214,27.00332254901907,-40.21539542623296,3.9142721863481325,-3.7303530309208637,3.4052284187403536,-0.06017932618821274,4.123475283891913,0.07395704788268061,0.03375562318956371,0.07190000000178998,0,not_applicable,182.7630372320848,0,0,0.8576885654347626,0.4296452384607458,711,0.7470342910101948,1.4175361228587506,0.22502164647011186,running
Pure Pursuit,31.710000000002157,26.674864699252982,-39.986872586151804,4.0766527267641814,-3.7925661674498983,4.210660275765954,-0.06660934145119114,4.335338213924728,0.08103885864066715,0.0245005946046839,0.0916999999986956,0,not_applicable,183.16292626530307,0,0,0.8586764313028032,0.40086712548968545,703,0.7121872103799816,1.40582467963651,0.21811666573475305,running
Pure Pursuit,31.810000000002173,26.348708076806737,-39.72629844075189,4.259714058386257,-3.8704442392698106,4.746930113146179,-0.06596949882883776,4.551345738078799,0.07303552234242458,0.002346442110248148,0.08150000000028967,0,not_applicable,183.56281264455376,0,0,0.8506852472767383,0.3850061358499766,722,0.7949490268767376,1.3163186514068026,0.21713917065507293,running
Pure Pursuit,31.91000000000219,26.02660418835365,-39.43149195481206,4.458575942295846,-3.9323637859903386,5.156651362267111,-0.05743885446446922,4.7753791946129684,0.0543525615638134,0.013521708074260008,0.09769999999775791,0,not_applicable,183.96269579047498,0,0,0.812521210123246,0.38441221880019366,710,0.742678405931418,1.4303900701884704,0.2241197071405647,running
Pure Pursuit,32.0100000000022,25.70669097613935,-39.10548058338759,4.661286888511526,-3.979084476495771,5.256460697238428,-0.05829581495309893,4.984222012019689,0.06363629759576779,0.006517699589497994,0.12119999999882225,0,not_applicable,184.36256887463148,0,0,0.8542894147492981,0.3509205967878098,722,0.7949490268767376,1.3128659399361216,0.21713917065507293,running
Pure Pursuit,32.11000000000218,25.3928211378669,-38.74953896584768,4.81887357771464,-4.04623713559604,4.086351791396341,-0.06696061082874656,5.06992206765116,0.11595940793198672,0.01311556737612296,0.08599999999958641,0,not_applicable,184.9623113778118,0,0,0.8019906899750637,0.3275314042225785,709,0.7383225208526416,1.3523876002860047,0.2232291878884924,running
Pure Pursuit,32.21000000000216,25.098688225911317,-38.36457854496508,4.868950361366637,-4.138756377270164,1.2985319738518974,-0.07459447121277575,4.948726775099829,0.07687063231709844,0.016284888681397547,0.09179999999986421,0,not_applicable,185.36215170784115,0,0,0.7906472001825042,0.3204400591461774,713,0.755746061167748,1.3497810236011376,0.22600293112750477,running
Pure Pursuit,32.31000000000214,24.84085812199723,-37.95932576774748,4.772337964047416,-4.244217729796915,-1.0994633710609047,-0.06810106994945174,4.7590040242605465,0.09966697954944174,0.05935773123499466,0.09470000000177947,0,not_applicable,185.76200269407633,0,0,0.8476206514029554,0.33693039794299773,715,0.7644578313253012,1.4079829169151379,0.2239412608755995,running
Pure Pursuit,32.41000000000212,24.624958995818275,-37.53751704420242,4.723487351752543,-4.328140934094559,-0.5559271932218746,-0.03300965371173024,4.716745244725229,0.10198567633925915,0.07760518253264159,0.11579999999966617,0,not_applicable,186.3618622451458,0,0,0.8162815231327414,0.3613552353457144,712,0.7513901760889712,1.4861040836301966,0.22593517874601313,running
Pure Pursuit,32.5100000000021,24.43724777134975,-37.09594379017552,4.862507917197821,-4.353303912635468,3.604917011207913,0.0009336997702903374,5.083979052873334,0.04900317644130908,0.08171329362028246,0.07770000000206778,0,not_applicable,186.76178267490712,0,0,0.875867930495624,0.3563280005203593,373,-0.7252548656163114,1.4801474359569162,0.22062447658991918,running
Pure Pursuit,32.61000000000208,24.253010628168358,-36.63578756052322,5.036903911067928,-4.331152520410978,4.522230815097155,0.023884329325257855,5.314730998707536,0.10172205707341084,0.05844571561324052,0.0839999999975305,0,not_applicable,187.36168194908927,0,0,0.8746247967005991,0.3463294538521163,370,-0.7383225208526414,1.4687352436509786,0.22322918788849236,running
Pure Pursuit,32.71000000000206,24.058005271080553,-36.15771577779661,5.270718731866753,-4.311095341654671,6.063009614947967,0.028725440257952702,5.643204872562725,0.018008982203387633,0.04878025232495453,0.0971000000014044,0,not_applicable,187.7616151215959,0,0,0.8656059599168697,0.3248324711796747,376,-0.7121872103799816,1.4565747859861689,0.21811666573475305,running
Pure Pursuit,32.81000000000204,23.845415414523078,-35.66223702079966,5.494867004464939,-4.2792372009621555,5.812348110755865,0.034533254054025936,5.85195354294234,0.05803690377314288,0.032526318948995936,0.08690000000299847,0,not_applicable,188.36151590258112,0,0,0.8513627536117494,0.30816602196677234,347,-0.8385078776645043,1.2943666918487102,0.2084324073070941,running
Pure Pursuit,32.91000000000202,23.605758643814287,-35.152648805006706,5.7482114545301375,-4.226796354416491,6.56942888133087,0.0397929361338583,6.151809892598026,0.09945833662195858,0.005222094819613332,0.0992000000010762,0,not_applicable,188.96141673249045,0,0,0.8167948187062573,0.29999294593282144,362,-0.7731696014828544,1.4017096916115168,0.22193355627601147,running
Pure Pursuit,33.010000000002,23.33366346405397,-34.63009580817145,6.01411251139468,-4.190569091397158,6.895031969687038,0.025247209317518338,6.437714651498841,0.11062232211185438,0.028172048827782348,0.1466000000007739,0,not_applicable,189.56131618701403,0,0,0.8466444020812505,0.30392110373974046,354,-0.8080166821130677,1.421471606861412,0.2144087504700342,running
Pure Pursuit,33.11000000000198,23.033605836657344,-34.09220778606714,6.283034956051917,-4.178359772451418,6.9733790273073115,0.013765916583564285,6.711450414125411,0.0942529941021686,0.027899251423121996,0.07860000000192713,0,not_applicable,190.1612163661082,0,0,0.8536133999527284,0.29095917643566216,330,-0.9125579240037072,1.2663694335100477,0.19593688336746246,running
Pure Pursuit,33.21000000000196,22.709869035006793,-33.537003237625456,6.549673713338067,-4.164636708736715,6.9141611452195395,0.011316956155302399,6.974451070573871,0.05425304357291745,0.030526863395881954,0.0839999999975305,0,not_applicable,190.7611153995056,0,0,0.8575572131059657,0.2738527796763904,356,-0.7993049119555145,1.4158469747602855,0.21621722807816315,running
Pure Pursuit,33.31000000000194,22.363789802036482,-32.96437413643235,6.811221217591701,-4.148550596169369,6.782140788328466,0.0069782011525777975,7.227887792170914,0.040336887493951784,0.03482752580167592,0.08359999999996148,0,not_applicable,191.36101536613936,0,0,0.8562000419846607,0.26910539061752864,345,-0.8472196478220575,1.3737525051551567,0.20682039817249398,running
Pure Pursuit,33.41000000000192,21.995192434968697,-32.3752983024124,7.066328222803927,-4.131762559331291,6.615133378448679,0.0010072559068456815,7.472734555436569,0.07494914940405406,0.031536976875512934,0.08689999999944575,0,not_applicable,192.1608793427066,0,0,0.8757463176471962,0.2598584398162753,734,0.8472196478220577,1.378652358953518,0.20682039817249392,running
Pure Pursuit,33.5100000000019,21.60500924179108,-31.768232403965424,7.344337740059623,-4.134676916735822,7.209014254997106,-0.0029607244902737557,7.787229648303637,0.047409263412617926,0.010162221657185277,0.09860000000116997,0,not_applicable,192.76077368697503,0,0,0.8670717460741767,0.2412149824595027,347,-0.8385078776645043,1.3480182279995305,0.2084324073070941,running
Pure Pursuit,33.61000000000188,21.199481334788132,-31.13959630125011,7.597188326729569,-4.139810259577517,6.556622599403772,0.0067824241973832985,8.0,0.00870568756711531,0.021018735225177387,0.08619999999837091,0,not_applicable,193.560635506735,0,0,0.8549354684482138,0.2269832335698002,370,-0.7383225208526414,1.4561708071559456,0.22322918788849236,running
Pure Pursuit,33.71000000000186,20.779956656911732,-30.496180002547916,7.752529230311839,-4.117556347075598,4.028116732704312,0.025017494210881872,8.0,0.04681760422639239,0.02322066061167405,0.11539999999854444,0,not_applicable,194.36049989396082,0,0,0.8776041654618396,0.22489650194805677,358,-0.790593141797961,1.4199298482034048,0.21807316453493358,running
Pure Pursuit,33.81000000000184,20.34357220670309,-29.84920990156503,7.84796423263301,-4.075512720755628,2.4747076968816106,0.033729645472270066,8.0,0.08056470427434581,0.004261303170184583,0.07919999999828065,0,not_applicable,195.16036695389744,0,0,0.8196287037551608,0.2049534575604026,367,-0.7513901760889712,1.3870144664889374,0.22593517874601313,running
Pure Pursuit,33.91000000000182,19.88008854220902,-29.212059235729587,7.906595536159698,-4.001261317827401,1.520357673669901,0.03372003880539226,8.0,0.10211779416006045,0.047943996790715815,0.07580000000118048,0,not_applicable,195.9602342769002,0,0,0.7868687026514307,0.21531435026249363,348,-0.8341519925857275,1.3444578560665055,0.20925385860619156,running
Pure Pursuit,34.0100000000018,19.38185818891731,-28.59574024410862,7.942616175019955,-3.942035764144618,0.9340446384030177,0.012417434820341883,8.0,0.10417152149870196,0.0862514369270202,0.08049999999926172,0,not_applicable,196.76009990610385,0,0,0.8181966798520768,0.21722588121009775,705,0.7208989805375348,1.509998617942725,0.2197779812188762,running
Pure Pursuit,34.11000000000178,18.85524983015341,-27.99960018912506,7.964745760170836,-3.9417006953483646,0.5738382498004491,-0.010582683830384153,8.0,0.09550639310397109,0.06657735933657882,0.12249999999980332,0,not_applicable,197.55996459743537,0,0,0.8538880826239561,0.2197837653104952,711,0.7470342910101948,1.5058235385313508,0.22502164647011186,running
Pure Pursuit,34.21000000000176,18.317374289358643,-27.411186516706366,7.978341258597446,-3.9765597725462274,0.3525423982916376,-0.011000745498592831,8.0,0.09144729093531535,0.01281342426596277,0.11419999999873198,0,not_applicable,198.35982898170852,0,0,0.8906621733253803,0.21950477879714805,368,-0.7470342910101946,1.5077617485303179,0.22502164647011183,running
Pure Pursuit,34.31000000000174,17.780801371822577,-26.82013021709998,7.986693768425702,-3.9875929582197194,0.21658741402553972,0.0064591840257496565,8.0,0.09226319410412794,0.014679044750005588,0.07980000000173959,0,not_applicable,199.15969407421028,0,0,0.911688988286306,0.21892302663514573,328,-0.9212696941612604,1.2510191461637183,0.19463310273330894,running
Pure Pursuit,34.41000000000172,17.244081174351894,-26.228314999460896,7.991825203717147,-3.96184569427585,0.13306231574298444,0.017095810967198654,8.0,0.09449549962948925,0.002552941933385622,0.07989999999935549,0,not_applicable,199.95956025627507,0,0,0.8711328907740736,0.2151673202321286,365,-0.7601019462465246,1.47045746117276,0.22496523842325905,running
Pure Pursuit,34.5100000000017,16.70033764422501,-25.642403470883117,7.994977744533229,-3.9316159993910738,0.08174796282853336,0.012500856222156007,8.0,0.09702894270502975,0.016904859577570264,0.09090000000000487,0,not_applicable,200.75942744044744,0,0,0.9070180515478935,0.21170510669171538,358,-0.790593141797961,1.4082031592758335,0.21807316453493358,running
Pure Pursuit,34.61000000000168,16.14468896983307,-25.067433271624004,7.996914534735695,-3.9035880594430723,0.05022255466770709,0.004514268539345995,8.0,0.09725512640772567,0.03701303542950862,0.09570000000280743,0,not_applicable,201.55929536141056,0,0,0.8536216225045089,0.2109762848622165,730,0.8297961075069509,1.34868673695999,0.21008581223244965,running
Pure Pursuit,34.71000000000166,15.577363239824972,-24.503748918491272,7.998104418231964,-3.900279092841177,0.030854652643048652,-0.007100597516836534,8.0,0.09519808697044319,0.035252308178646885,0.09079999999883626,0,not_applicable,202.35916368321034,0,0,0.8519925729982134,0.21738655915390268,724,0.8036607970342913,1.4219038691067094,0.2153071491827237,running
Pure Pursuit,34.810000000001644,15.006689203494677,-23.9433113551919,7.998835433255115,-3.929789407419715,0.018955817680357256,-0.011803614431952046,8.0,0.09437164715970998,0.003519199008762186,0.11020000000172558,0,not_applicable,203.15903210649924,0,0,0.849626988084887,0.21837784990997178,720,0.7862372567191844,1.453021613207501,0.21901940157552577,running
Pure Pursuit,34.910000000001624,14.44186805384435,-23.37690667559136,7.999284538537897,-3.9613738028986036,0.01164566744884965,-0.0018077382435598799,8.0,0.0944147062335695,0.027444368932668883,0.07570000000001187,0,not_applicable,203.95890052387165,0,0,0.9019030713169744,0.22059547223135456,361,-0.7775254865616312,1.4784281056093633,0.22094939445953415,running
Pure Pursuit,35.010000000001604,13.886578891475976,-22.8010984685048,7.999560450179431,-3.966876928639265,0.007154614621027733,0.011439150748225633,8.0,0.09443276369619676,0.029484710328390396,0.07289999999926522,0,not_applicable,204.75876878962603,0,0,0.9077619681216004,0.21499559108951244,345,-0.8472196478220575,1.3454546020419342,0.20682039817249398,running
Pure Pursuit,35.110000000001584,13.334147840766812,-22.22251103330878,7.999729958837763,-3.938188959232532,0.004395498205687076,0.014761052500551052,8.0,0.09511619652117904,0.00523464231341908,0.08139999999912106,0,not_applicable,205.5586367541383,0,0,0.8637852208439729,0.21629236233505847,363,-0.7688137164040778,1.4665192630741604,0.22293077345441883,running
Pure Pursuit,35.210000000001564,12.777735131462723,-21.64773395397765,7.999834097920441,-3.929699788658602,0.002700411622367227,-0.00011335306612867785,8.0,0.09462492446761146,0.021079921566875104,0.07030000000085579,0,not_applicable,206.3585045288262,0,0,0.9036049744328074,0.2174353445944674,715,0.7644578313253012,1.4793839959607233,0.2239412608755995,running
Pure Pursuit,35.310000000001544,12.223967566557628,-21.076888390019786,7.929330688616154,-3.956415051688813,-0.8023392257709538,-0.009504382208100426,7.919600175343346,0.09858492098060057,0.002738242842953209,0.12729999999905317,0,not_applicable,207.15837218402478,0,0,0.8588509841960692,0.218234890257127,361,-0.7775254865616312,1.4651272016903578,0.22094939445953415,running
Pure Pursuit,35.410000000001524,11.696003907392052,-20.518853648102272,7.556233188437671,-3.9978543496242827,-4.2459047354477075,-0.004174309874613322,7.504740215071383,0.06984523667694324,0.031666897523935145,0.07099999999837792,0,not_applicable,207.75827310718847,0,0,0.8975904665039981,0.2241028412114177,361,-0.7775254865616312,1.4873210405721926,0.22094939445953415,running
Pure Pursuit,35.510000000001504,11.20428030455003,-19.974461181261468,7.223762832377969,-4.021968708101788,-3.7835618263712956,0.009356995122072356,7.177877005800541,0.0033909373626177363,0.04560281317032544,0.07749999999973056,0,not_applicable,208.55814081764666,0,0,0.898487103263569,0.2279783229129353,330,-0.9125579240037072,1.2497281765616057,0.19593688336746246,running
Pure Pursuit,35.610000000001484,10.74849368824784,-19.452492737968296,6.778960540488763,-4.009639570401115,-5.063990171052968,0.017419695574036536,6.717363815272672,0.09687280624540194,0.02551988164497221,0.07440000000258351,0,not_applicable,209.15804176588588,0,0,0.8587499149641371,0.2467337940364838,345,-0.8472196478220575,1.3868574461443834,0.20682039817249398,running
Pure Pursuit,35.710000000001465,10.319987896575508,-18.959836349325844,6.402110766358029,-3.9816689792034747,-4.288606168008711,0.012687555332785922,6.350099923687892,0.052439898521311125,0.010985087659312054,0.08150000000028967,0,not_applicable,209.95791009648119,0,0,0.8597479983747903,0.2583511046681296,713,0.755746061167748,1.5005669503406478,0.22600293112750477,running
Pure Pursuit,35.810000000001445,9.917036961193114,-18.505519464045392,5.896763114367731,-3.967402578812576,-5.776088652459395,-0.0019467404177299545,5.8245019011120895,0.04410849658995869,0.029831537633883354,0.08200000000258001,0,not_applicable,210.5578112091367,0,0,0.897030116471713,0.2739321452440928,700,0.6991195551436515,1.5580331940391379,0.2157016455530536,running
Pure Pursuit,35.910000000001425,9.543243700673857,-18.08775021729467,5.45744721675186,-3.9863852967976783,-4.999479892393701,-0.0133050848686832,5.396815125128361,0.08240991072133576,0.01417414454047261,0.07120000000071514,0,not_applicable,211.15771246025088,0,0,0.8764313274514202,0.3007671441676801,718,0.7775254865616312,1.4848745542038826,0.22094939445953415,running
Pure Pursuit,36.010000000001405,9.203217245632066,-17.700441371548195,4.996602792645109,-4.015909871668118,-5.252668179930291,-0.007830096825431848,4.932180398758831,0.033293921876269165,0.013969543009550556,0.07340000000155555,0,not_applicable,211.55764663452817,0,0,0.8619108693884955,0.3238651996864544,346,-0.8428637627432809,1.3835727080436169,0.20762130414308752,running
Pure Pursuit,36.110000000001385,8.894982406021978,-17.33723514832129,4.644938862849533,-4.024633901079273,-4.001987534333233,0.007673180915129829,4.5964040392117855,0.09053100828405101,0.02193314602556029,0.07880000000071163,0,not_applicable,212.15754794329848,0,0,0.8869299863030384,0.34669000774339825,374,-0.7208989805375348,1.5210828193285575,0.2197779812188762,running
Pure Pursuit,36.210000000001365,8.617538279738046,-17.008310465253725,4.117317527595432,-4.006103310219634,-6.0418155492816705,0.024054314916236965,4.040757307921366,0.06025555167092656,0.010311285029272366,0.09969999999981383,0,not_applicable,212.55747984854023,0,0,0.8628130976213684,0.362643675100938,364,-0.7644578313253012,1.4397116152434573,0.2239412608755995,running
Pure Pursuit,36.310000000001345,8.365690427216549,-16.7198086215168,3.683208194442043,-3.967950212782486,-4.9402284187277345,0.0507376527069341,3.6232946857226587,0.07738964058616635,0.000974465214812259,0.0764999999987026,0,not_applicable,212.95738739489755,0,0,0.9042625816234247,0.3886560452308163,363,-0.7688137164040778,1.3730667098754055,0.22293077345441883,running
Pure Pursuit,36.410000000001325,8.129361719642013,-16.478859559859323,3.216489333205595,-3.8749032869902122,-5.321759812256706,0.10876886271669042,3.1510322132163724,0.060285022070786676,0.06315577446972576,0.08430000000103632,0,not_applicable,213.15735450323334,0,0,0.9040843554496989,0.4229090794138567,366,-0.755746061167748,1.359607278347313,0.22600293112750477,running
Pure Pursuit,36.510000000001305,7.893104644173802,-16.290582710020843,2.9261219663600144,-3.731621786647517,-3.304423581823368,0.1607947770832021,2.886046975023258,0.045577378104930684,0.06740039059864689,0.08620000000192363,0,not_applicable,213.55711350649673,0,0,0.8562730256811857,0.48052309212549155,363,-0.7688137164040778,1.3338072325985662,0.22293077345441883,running
Pure Pursuit,36.610000000001286,7.66961308331214,-16.166278225502015,2.352265109643409,-3.5624008590290774,-6.609078228553216,0.17951639959647414,2.265214143504693,0.05452196739611652,0.11192575841482855,0.0819000000014114,0,not_applicable,213.75563504132933,0,0,0.8612015704698266,0.5234404470864664,382,-0.6860518999073215,1.39849496372047,0.21337555590733343,running
Pure Pursuit,36.710000000001266,7.454421913867153,-16.092070177901384,2.2407548132045814,-3.4379312420947943,-1.2690036665330107,0.16376660771458879,2.225364742990108,0.0973911814544221,0.0716317676729985,0.15090000000128612,0,not_applicable,213.9556021496651,0,0,0.8325579790133146,0.6447513057882324,409,-0.5684430027803522,1.474030185375013,0.1959085467248559,running
Pure Pursuit,36.810000000001246,7.258468007197038,-16.051392500577386,1.8806818434930168,-3.3324904014186596,-4.097683652325947,0.15868908314575356,1.8309864479719866,0.10472778444552842,0.02441468858684681,0.0821000000001959,0,not_applicable,214.15398835406162,0,0,0.8500280105166089,0.6699911422330457,375,-0.7165430954587582,1.3510327433224893,0.21894209497805295,running
Pure Pursuit,36.910000000001226,7.066345571334299,-16.030706769953287,1.9773657930532729,-3.252140645878707,2.507093920702914,0.1485659510953885,2.1313912355633082,0.11032118075555057,0.03136085502522379,0.1430000000013365,0,not_applicable,214.3539554623974,0,0,0.8310030606706473,0.794485449070358,386,-0.6686283595922151,1.382844024434196,0.2104061992652272,running
Pure Pursuit,37.010000000001206,6.869303925755337,-16.025654719766433,1.9686995400284772,-3.1689902269816983,-0.09862324121433286,0.1528726887581244,1.9675034689318396,0.10233628936240198,0.06491627909765008,0.09109999999878937,0,not_applicable,214.55336953877972,0,0,0.8427187481923681,0.7377491214243505,374,-0.7208989805375348,1.315646904412474,0.2197779812188762,running
Pure Pursuit,37.110000000001186,6.666937334656911,-16.037196984391766,2.0776137162700192,-3.085711082963983,2.8242337055475697,0.15147949778564532,2.251122910583234,0.10528626626502213,0.06572308921518566,0.08499999999855845,0,not_applicable,214.7533366471155,0,0,0.8919976317483833,0.744506509562137,367,-0.7513901760889712,1.2969886556224564,0.22593517874601313,running
Pure Pursuit,37.210000000001166,6.455087727134804,-16.06689955126864,2.192845044934321,-2.9987456988213994,2.988042636681314,0.15602812688516832,2.3764179799381506,0.09637109996765557,0.1251036155165055,0.08689999999944575,0,not_applicable,215.15302652206609,0,0,0.847377960981597,0.6918735554165522,375,-0.7165430954587582,1.3028923182149978,0.21894209497805295,running
Pure Pursuit,37.310000000001146,6.232735946898053,-16.117674802856442,2.3569472907236158,-2.9079233566053917,4.255305504825593,0.15633801953724716,2.61837559541688,0.06238714357275914,0.1003274916859187,0.14739999999946463,0,not_applicable,215.352813749999,0,0,0.8944543977014686,0.6500605860320883,377,-0.7078313253012047,1.3003453903974211,0.21730154451353453,running
Pure Pursuit,37.410000000001126,6.0024474115684034,-16.192293967543474,2.476693005288802,-2.8114039961749215,3.1051043568457404,0.15863990391042312,2.66745772640819,0.02177763205875332,0.08398163816748028,0.07330000000038694,0,not_applicable,215.55278085833478,0,0,0.8955294647902621,0.6133106193162193,401,-0.6032900834105654,1.3908566438922345,0.20049220035001988,running
Pure Pursuit,37.51000000000111,5.7821746264704545,-16.287847987118276,2.364073328929212,-2.70837018390909,-1.2816285741153965,0.1558352887686147,2.348530147877262,0.02496558089157175,0.061979636769400326,0.0706000000008089,0,not_applicable,215.75263477040025,0,0,0.8478481862539837,0.5659123022624307,368,-0.7470342910101946,1.2533790709063342,0.22502164647011183,running
Pure Pursuit,37.61000000000109,5.571949448295343,-16.405773853016417,2.451692558946642,-2.6104503865102737,2.272038326035326,0.1307216241637207,2.591277161532745,0.066006108730091,0.04463818916745943,0.0819999999990273,0,not_applicable,215.95246849303518,0,0,0.8594061714447196,0.6258604065636161,367,-0.7513901760889712,1.307124225912546,0.22593517874601313,running
Pure Pursuit,37.71000000000107,5.374459983022706,-16.541324185486012,2.367537234182448,-2.5218967553402436,-0.9577000429070015,0.11075163262071322,2.3559225546559417,0.09855120713312937,0.08784339898384053,0.07749999999973056,0,not_applicable,216.35225889556654,0,0,0.8579350600072754,0.6331332906041147,374,-0.7208989805375348,1.3858464502561545,0.2197779812188762,running
Pure Pursuit,37.81000000000105,5.1821222738497,-16.69490611486463,2.5418009187291575,-2.4567254126080926,4.518799926083492,0.08583398454054833,2.8194172267907973,0.06205436616912633,0.0711620825820578,0.07919999999828065,0,not_applicable,216.5522260039023,0,0,0.8629383805859981,0.6732505456940189,376,-0.7121872103799816,1.424628969320532,0.21811666573475305,running
Pure Pursuit,37.91000000000103,4.9833785045995285,-16.869020706976336,2.728033612683477,-2.4131903826484185,4.829166133288902,0.06276470396105599,3.0247175320580477,0.0460063737533782,0.05153835570305221,0.08290000000243936,0,not_applicable,216.75215271758123,0,0,0.8604931157050462,0.6320461875410137,352,-0.8167284522706209,1.3124958489697032,0.2126462795560751,running
Pure Pursuit,38.01000000000101,4.775747601444343,-17.0612908091796,2.916562633882977,-2.3885166815290906,4.888711777654087,0.02727271672901933,3.216904790448886,0.11013832474213818,0.044789219299140814,0.07689999999982433,0,not_applicable,216.952119825917,0,0,0.8923137808755284,0.6060988346875809,364,-0.7644578313253012,1.4173373378697955,0.2239412608755995,running
Pure Pursuit,38.11000000000099,4.557160957991302,-17.26921995142608,3.1023312665330325,-2.3757986913550235,4.817132643965745,0.008023075219969665,3.3982758982795516,0.07013931988764638,0.02076987628181337,0.08250000000131763,0,not_applicable,217.3520537656383,0,0,0.8546949834893626,0.5956796163202007,354,-0.8080166821130677,1.414793140373438,0.2144087504700342,running
Pure Pursuit,38.21000000000097,4.3241074854597095,-17.493440475415788,3.346193668647494,-2.377277255243214,6.323551619580274,-0.027503534261632587,3.73468642849106,0.10447938911273542,0.03844156266756915,0.10810000000205378,0,not_applicable,217.75192645512763,0,0,0.8519091204882084,0.5473402404104755,677,0.5989341983317886,1.6023605140277841,0.19989419460491284,running
Pure Pursuit,38.31000000000095,4.070307173811536,-17.730923540951032,3.586407703700575,-2.4028627624183487,6.228946476516941,-0.05562368360544822,3.969088316299188,0.09168995389364125,0.055500218304189275,0.07869999999954302,0,not_applicable,217.95173109913117,0,0,0.859219759011834,0.46507764162185444,698,0.6904077849860983,1.4139810033430944,0.21414126651260781,running
Pure Pursuit,38.41000000000093,3.7961767982795753,-17.967739774913408,3.6542556608727583,-2.463759863940852,1.7593530439349792,-0.08930194467946931,3.762343008094073,0.044698284365455705,0.0835679768247779,0.07970000000057098,0,not_applicable,218.35148420432174,0,0,0.8480078564709989,0.4147198373019917,702,0.7078313253012047,1.3473543252653963,0.21730154451353453,running
Pure Pursuit,38.51000000000091,3.499918189294886,-18.189905737499277,3.746717252872397,-2.5533966074931875,2.397604734344645,-0.11016743267524351,3.894016134307223,0.01583876985500758,0.08331835255748787,0.0784999999972058,0,not_applicable,218.7512332083927,0,0,0.8822963363052339,0.407381926392037,718,0.7775254865616312,1.2818579975650373,0.22094939445953415,running
Pure Pursuit,38.61000000000089,3.1742386548646904,-18.389585437429474,3.885640972014318,-2.659577943150159,3.6024057073204574,-0.12415407203296275,4.106957823604443,0.05047935010959773,0.06549562067673609,0.10140000000191662,0,not_applicable,219.15098599734563,0,0,0.8226994881067474,0.3841610862117158,691,0.6599165894346619,1.3461192385711866,0.20897586948035746,running
Pure Pursuit,38.71000000000087,2.83269110116172,-18.549936846182014,3.7200288488816016,-2.801552673337413,-1.8846904563026046,-0.1486655916326502,3.6971719263840574,0.08398524722719995,0.01719785903434401,0.07679999999865572,0,not_applicable,219.55071089185992,0,0,0.8231652037770054,0.36803205702460423,712,0.7513901760889712,1.2709237366131427,0.22593517874601313,running
Pure Pursuit,38.81000000000085,2.5034289652708863,-18.64733202634634,3.2946451360559554,-2.9868102548420183,-4.840929568825065,-0.16005320556960215,3.235935891999095,0.11853296659441456,0.10420984613710038,0.08499999999855845,0,not_applicable,219.7506780001957,0,0,0.8119980496392241,0.3979873748025581,712,0.7513901760889712,1.3078144987704832,0.22593517874601313,running
Pure Pursuit,38.91000000000083,2.1944231437306363,-18.67923031089192,3.0168531629991717,-3.148291799165477,-3.161313740528726,-0.14433932275190292,2.978513762003083,0.04990476149709816,0.09959452966716853,0.09490000000056398,0,not_applicable,220.1501551435316,0,0,0.8789029042592658,0.45095531434733244,693,0.6686283595922151,1.3762240343563956,0.2104061992652272,running
Pure Pursuit,39.01000000000081,1.9288797873464028,-18.66355409823806,2.464540975245166,-3.283315121638237,-6.344747120064387,-0.126841783063677,2.382378450992733,0.06462480642436735,0.13453681739571222,0.0762999999999181,0,not_applicable,220.34929120237854,0,0,0.8929759246672287,0.5117851814428444,692,0.6642724745134383,1.4253637807536503,0.20968660597172056,running
Pure Pursuit,39.11000000000079,1.684411791294174,-18.616131851476023,2.5141808029342188,-3.3642901123554982,1.2872013482072697,-0.10753975457808242,2.593261110065893,0.09704295537692369,0.007908346088973506,0.07390000000029318,0,not_applicable,220.74853106261403,0,0,0.8729632837785746,0.6305681222969802,691,0.6599165894346619,1.4367514381353625,0.20897586948035746,running
Pure Pursuit,39.21000000000077,1.4429169916078137,-18.546460037950357,2.5141454535107752,-3.444741245186829,-0.0004022816671866991,-0.10890225318489576,2.5141405747675,0.04628596720443705,0.0007610094031234027,0.10419999999911056,0,not_applicable,220.94849817094982,0,0,0.867200288067635,0.6208189720814038,713,0.755746061167748,1.361928072401487,0.22600293112750477,running
Pure Pursuit,39.31000000000075,1.2118087602972056,-18.458709760037245,2.451672552518995,-3.5262356465312634,-0.7109508534130127,-0.10546788386612009,2.443050368169474,0.0111395645724557,0.0003662531888322107,0.07730000000094606,0,not_applicable,221.1480881121468,0,0,0.8702307978740815,0.6302495892374391,726,0.8123725671918445,1.3033331298335749,0.2135218524542555,running
Pure Pursuit,39.41000000000073,0.986247468580629,-18.351381670458263,2.5385469757809775,-3.604693637458755,2.2527248774518505,-0.09823509585422953,2.67694504026418,0.05730234893268681,0.005016392930249136,0.07180000000062137,0,not_applicable,221.34805522048265,0,0,0.8613939523041461,0.631206988162818,722,0.7949490268767376,1.300895152517221,0.21713917065507293,running
Pure Pursuit,39.51000000000071,0.7641367273373982,-18.225828332221475,2.5630227654098414,-3.672136957798696,0.634677251622664,-0.09124637442103521,2.602014700943244,0.09009975238368835,0.05604436556374326,0.08940000000023929,0,not_applicable,221.74778521316907,0,0,0.8915744102119588,0.6458784639336018,699,0.6947636700648747,1.4744600253129718,0.21491658495418042,running
Pure Pursuit,39.61000000000069,0.545104112898967,-18.08471495825038,2.642411030885294,-3.7303582861719855,2.0586026807336077,-0.08555829815473748,2.768883033483202,0.027688248781397206,0.053762404514757556,0.07730000000094606,0,not_applicable,221.94768430394993,0,0,0.8813363538870094,0.6216660692130639,703,0.7121872103799816,1.4241737134260077,0.21811666573475305,running
Pure Pursuit,39.71000000000067,0.3259338299532215,-17.925009866836948,2.7716742034386956,-3.7892849314845756,3.351899829841294,-0.08329314951199675,2.9776010138694233,0.04395900104336672,0.040066902682358574,0.07659999999987122,0,not_applicable,222.1476428625916,0,0,0.8649376236892813,0.6036261367573031,702,0.7078313253012047,1.4291621560198018,0.21730154451353453,running
Pure Pursuit,39.81000000000065,0.10637406491717946,-17.744733478695068,2.9005739524100727,-3.850323681090431,3.34247595899944,-0.06984412623983176,3.1059217993386397,0.07393612601053727,0.05111464045132319,0.07979999999818688,0,not_applicable,222.5475552111304,0,0,0.8986215995858716,0.5699767232944011,717,0.7731696014828544,1.352590043468426,0.22193355627601147,running
Pure Pursuit,39.91000000000063,-0.11634239203299823,-17.540902968283945,3.1204641040942973,-3.900822852699515,5.701931551383148,-0.05875780254853454,3.4707671075483875,0.03821202939010372,0.029016878253389944,0.07659999999987122,0,not_applicable,222.74752231946619,0,0,0.8682002217231605,0.5455105733936202,725,0.8080166821130677,1.3076686230715107,0.2144087504700342,running
Pure Pursuit,40.01000000000061,-0.34586646554919037,-17.31387378649336,3.3206294274196058,-3.9400442668924303,5.190450612815103,-0.04342363786989703,3.6395091653758076,0.05938009143947569,0.020846749410336596,0.07659999999987122,0,not_applicable,223.1474460031728,0,0,0.8600108723933952,0.5223690547268276,720,0.7862372567191844,1.3706598634379958,0.21901940157552577,running
Pure Pursuit,40.11000000000059,-0.5819860693257874,-17.061972903780177,3.5654418320225396,-3.9801362250615004,6.348185961416091,-0.038242120311556216,3.955448023561215,0.1015645608703179,0.010636513574209694,0.10460000000023228,0,not_applicable,223.34740902350615,0,0,0.8150157666982301,0.4955803055238557,721,0.7905931417979613,1.3756545691026092,0.21807316453493353,running
Pure Pursuit,40.21000000000057,-0.8246951884117238,-16.78567788914904,3.773251139305955,-4.007005087265384,5.388665371298629,-0.025380209394728848,4.1043083691524025,0.07002161427074469,0.019879414914302007,0.0916999999986956,0,not_applicable,223.74733827098106,0,0,0.8593523385092341,0.47465373980293174,716,0.768813716404078,1.4392838213134227,0.22293077345441878,running
Pure Pursuit,40.31000000000055,-1.0766378447692138,-16.487846404310982,4.009900980454164,-4.021109947760726,6.136524012273852,-0.01893938362482005,4.38690354053334,0.05876249511192793,0.015713349987443337,0.09130000000112659,0,not_applicable,224.1472660462909,0,0,0.8708956807396611,0.45340702633797964,734,0.8472196478220577,1.339501056057688,0.20682039817249392,running
Pure Pursuit,40.41000000000053,-1.3395277144037563,-16.167551947559385,4.257661331450794,-4.035617894725653,6.424628623469157,-0.019930483472131603,4.65236384280108,0.0703997712278118,0.010895179066278793,0.08040000000164582,0,not_applicable,224.5471922784109,0,0,0.8536806313087923,0.43119063703066457,705,0.7208989805375348,1.5186485127176332,0.2197779812188762,running
Pure Pursuit,40.51000000000051,-1.6133524193665625,-15.824146514508692,4.506713091916421,-4.050731971972178,6.45811592765555,-0.022618636087417834,4.903472924216349,0.09806209814994683,0.0052314780119120385,0.09700000000023579,0,not_applicable,225.14708408965183,0,0,0.88556938532603,0.3749907115773349,723,0.7993049119555145,1.3293634600242517,0.21621722807816315,running
Pure Pursuit,40.61000000000049,-1.8988358777025207,-15.455443748182438,4.796324390995167,-4.065875234699889,7.509857950462431,-0.027729006211826373,5.257698886962664,0.040925979012242736,0.012037820374291464,0.08530000000206428,0,not_applicable,225.5470073779278,0,0,0.8500613104109949,0.3740383274383417,736,0.8559314179796109,1.3102400430284669,0.20524858980469113,running
Pure Pursuit,40.71000000000047,-2.1936366750694654,-15.05920197081833,5.060419183347369,-4.0985632566858765,6.848194052962828,-0.03705327102639,5.48114379629145,0.07372698858814375,0.0022913735040788197,0.1049999999978013,0,not_applicable,225.94692947656017,0,0,0.8198258705017254,0.3347188590007194,708,0.7339666357738648,1.4144118736373168,0.22234991952811328,running
Pure Pursuit,40.81000000000045,-2.4888864156483916,-14.632075097887476,5.3054596517885395,-4.149288673278353,6.354099843347676,-0.036787146372709856,5.695829167682136,0.04735234397640069,0.012624679124178861,0.09080000000238897,0,not_applicable,226.54680441958493,0,0,0.8368196462902157,0.32299599747346397,726,0.8123725671918445,1.337691772947446,0.2135218524542555,running
Pure Pursuit,40.91000000000043,-2.779126767027425,-14.170745130100602,5.5746435881100735,-4.198825391487739,6.980159720119872,-0.03269662310075682,6.003475623800527,0.0868132090824317,0.024262602320270332,0.08449999999982083,0,not_applicable,227.14669266947024,0,0,0.8648011634021434,0.31825933454840977,714,0.7601019462465248,1.448740987262308,0.22496523842325897,running
Pure Pursuit,41.01000000000041,-3.063745788490191,-13.67404975746806,5.852872455531839,-4.229289959552457,7.214702184279709,-0.023421956362852357,6.296113806538044,0.1051699757825242,0.02967234437444599,0.07810000000318951,0,not_applicable,227.54661514760073,0,0,0.8295716406521406,0.29643720013469327,717,0.7731696014828544,1.4046515050715906,0.22193355627601147,running
Pure Pursuit,41.11000000000039,-3.34709942173745,-13.147297902850877,6.090854545278828,-4.242127843477628,6.17107030851078,-0.025054921051146303,6.469979486382917,0.1037599155582957,0.005309718948200981,0.08009999999813999,0,not_applicable,228.1464982372008,0,0,0.8197817860309433,0.2739085796312097,713,0.755746061167748,1.3927129343490023,0.22600293112750477,running
Pure Pursuit,41.21000000000037,-3.624122939657201,-12.602146822864569,6.136013150642748,-4.281248605384292,1.1709995866970857,-0.03820958921564302,6.207954503948536,0.113290301711046,0.005731597592946613,0.07799999999846818,0,not_applicable,228.94635719291028,0,0,0.84144732690803,0.26103926162852586,719,0.781881371640408,1.3481908901787407,0.21997807798827246,running
Pure Pursuit,41.31000000000035,-3.8726986006708346,-12.058425058206153,5.8992619756574864,-4.363081654550455,-2.694263388288185,-0.043285512385809466,5.86658681181393,0.11935295627978809,0.05030767638462308,0.0764999999987026,0,not_applicable,229.34629080558685,0,0,0.8476942347147829,0.27455225295022184,728,0.8210843373493977,1.359753784680325,0.21178185999974475,running
Pure Pursuit,41.41000000000033,-4.084140756295464,-11.51195028462466,5.840509802229893,-4.419854629804767,-0.6686084234140655,-0.02450920513156859,5.83240113331608,0.10353301541642988,0.06898202438995948,0.1068000000010727,0,not_applicable,229.9461840289222,0,0,0.8265469530354524,0.28691014957084304,710,0.742678405931418,1.470959406267252,0.2241197071405647,running
Pure Pursuit,41.51000000000031,-4.268182757339921,-10.955081144492391,5.88649144454683,-4.439923244888812,1.19234160831299,-0.012795674574497477,5.959743963061192,0.0851401651024877,0.050359353149104,0.09770000000131063,0,not_applicable,230.54607716069785,0,0,0.8259616376233547,0.29135537428831704,726,0.8123725671918445,1.383888985506928,0.2135218524542555,running
Pure Pursuit,41.61000000000029,-4.436075702335891,-10.385084732943206,5.989750067713602,-4.4556686522584945,2.6775805868401026,-0.014914590991108444,6.15424950323084,0.07344997793285503,0.03157432649825154,0.08169999999907418,0,not_applicable,231.14595993069884,0,0,0.8196943213406762,0.2810274739621407,715,0.7644578313253012,1.4179203936248403,0.2239412608755995,running
Pure Pursuit,41.71000000000027,-4.588040981174234,-9.820088159412526,5.780086535140476,-4.481173423004908,-2.3860020112090385,-0.018620906756230803,5.751149866592698,0.058623119103314976,0.026480903737560624,0.14359999999769002,0,not_applicable,231.74585278617397,0,0,0.8285611050234536,0.2835058997254082,714,0.7601019462465248,1.4557113668854897,0.22496523842325897,running
Pure Pursuit,41.81000000000025,-4.717408253676382,-9.28441489890742,5.373665105833527,-4.51661148876253,-4.6251359777438505,-0.023342478613764355,5.317572937366091,0.037166443300502394,0.032688305071673085,0.076399999997534,0,not_applicable,232.3457358550518,0,0,0.8640926927333047,0.28538509854684596,713,0.755746061167748,1.4264799715199046,0.22600293112750477,running
Pure Pursuit,41.91000000000023,-4.817263934889392,-8.787544161620625,4.910237751171302,-4.579636496611481,-5.283047071443372,-0.03432381242977113,4.8453603986891896,0.10339597761155878,0.061624221787058175,0.15429999999838628,0,not_applicable,232.74563440696318,0,0,0.8327127238185152,0.3153321941703414,713,0.755746061167748,1.4591848128333504,0.22600293112750477,running
Pure Pursuit,42.01000000000021,-4.879444547455083,-8.324480545875108,4.552517280036792,-4.665142506164784,-4.07091187057004,-0.04387974361829818,4.503146564114298,0.04257330821228548,0.05813963990568194,0.07760000000089917,0,not_applicable,233.34545631916373,0,0,0.8379195184727919,0.3381723839891012,703,0.7121872103799816,1.4750113316749052,0.21811666573475305,running
Pure Pursuit,42.11000000000019,-4.901115841314437,-7.904691448638657,4.013563369699021,-4.7592603115710945,-6.180854684164618,-0.05179454845091056,3.93443181162033,0.02182338407180492,0.06776222576784807,0.09830000000121686,0,not_applicable,233.745253183277,0,0,0.8980039436178346,0.3643123409236473,704,0.7165430954587584,1.4696137000378486,0.21894209497805303,running
Pure Pursuit,42.21000000000017,-4.883067002328926,-7.533523554638752,3.5664785796092664,-4.856845301820409,-5.090835556061983,-0.0662632406667243,3.504479814092823,0.04618061381186102,0.05748300561777775,0.10659999999873548,0,not_applicable,234.1449833943711,0,0,0.8798085025805557,0.40472326010954945,699,0.6947636700648747,1.4627753429140735,0.21491658495418042,running
Pure Pursuit,42.31000000000015,-4.830167916867292,-7.213105232328947,3.082404724609414,-4.961976580232417,-5.525878917058518,-0.08211516021877745,3.0138906879034146,0.07948510341319712,0.10103113970130195,0.11710000000064724,0,not_applicable,234.34464187604206,0,0,0.9039932607514531,0.44411958181259503,715,0.7644578313253012,1.3671643365173414,0.2239412608755995,running
Pure Pursuit,42.41000000000013,-4.750083907572628,-6.929459452504296,2.880284381277758,-5.040385016321447,-2.300159401957007,-0.08048148568464947,2.8523887844137135,0.030395631568937785,0.022044022591440893,0.08049999999926172,0,not_applicable,234.74414553982513,0,0,0.8910755123111029,0.5174436586663235,721,0.7905931417979613,1.340013652595845,0.21807316453493353,running
Pure Pursuit,42.51000000000011,-4.650151932966033,-6.665568674537187,2.7929845284007007,-5.107660155581288,-0.9934852379264569,-0.07760250997778055,2.780935857485112,0.06629984021459488,0.008051828019293161,0.13629999999764664,0,not_applicable,234.9441126481609,0,0,0.8909278875320541,0.561854111169222,695,0.6773401297497683,1.4729202347804726,0.21187243445594103,running
Pure Pursuit,42.61000000000009,-4.539724420374057,-6.4274873328488225,2.539338150834605,-5.174655544658529,-2.886533292562512,-0.067254949708212,2.5043311991444495,0.07622753499967452,0.04982793307329558,0.09239999999977044,0,not_applicable,235.34376142769133,0,0,0.8615399413022251,0.5924918871457814,706,0.7252548656163116,1.4589770723692463,0.2206244765899192,running
Pure Pursuit,42.71000000000007,-4.414849710047989,-6.196762178665693,2.695551797406218,-5.221136854453407,4.050747672512518,-0.05216750927494787,2.944412918085857,0.013145804419636219,0.04578278871441732,0.07619999999874949,0,not_applicable,235.5436711631619,0,0,0.8688729074789354,0.6420824534238977,709,0.7383225208526416,1.4291184648991302,0.2232291878884924,running
Pure Pursuit,42.81000000000005,-4.273263876289489,-5.9565565669770715,2.867528158127095,-5.256742330740898,4.459487747748789,-0.04203829971365574,3.141500572181097,0.06769435336068992,0.027940664184512798,0.09200000000220143,0,not_applicable,235.74363827149767,0,0,0.8911640654725881,0.613605201273647,716,0.768813716404078,1.411723389685663,0.22293077345441878,running
Pure Pursuit,42.91000000000003,-4.115795505926911,-5.7055421551837755,3.0447137500051804,-5.2798337502800265,4.594567373945,-0.03083467968526282,3.326984895521595,0.03739672990683029,0.02781423504224101,0.0801999999993086,0,not_applicable,236.14356886686932,0,0,0.8591649520140358,0.5827994662301235,708,0.7339666357738648,1.4632503442566351,0.22234991952811328,running
Pure Pursuit,43.01000000000001,-3.943337934023634,-5.438974577200369,3.285824450127276,-5.292593436985184,6.252197735424505,-0.028091088678977916,3.669933523547631,0.08325505829872834,0.022955501502758935,0.07869999999954302,0,not_applicable,236.3435359752051,0,0,0.8608880122532491,0.5437259726925251,729,0.8254402224281745,1.3337372242523957,0.21092842571338707,running
Pure Pursuit,43.10999999999999,-3.755125389797014,-5.155927347979277,3.4956466322675652,-5.305954080082589,5.440860863308994,-0.025973223362661602,3.8299105364581756,0.033681102815455964,0.02070861385142564,0.07970000000057098,0,not_applicable,236.7434695338786,0,0,0.8544139507385262,0.5097348060058909,710,0.742678405931418,1.4579506944509046,0.2241197071405647,running
Pure Pursuit,43.20999999999997,-3.5503931085666025,-4.856412716086907,3.740789191606472,-5.319742900555655,6.356747143858588,-0.02269295439771631,4.131321346653424,0.03695542973424234,0.013555555228925265,0.10830000000083828,0,not_applicable,237.14340328597643,0,0,0.8585058837288673,0.48224916180487526,708,0.7339666357738648,1.4740754271816652,0.22234991952811328,running
Pure Pursuit,43.30999999999995,-3.327235147379028,-4.538938259437713,3.9997091279076615,-5.3339361158794345,6.714005801396623,-0.023494304943571662,4.412189771746134,0.04648419601452628,0.0018909706355687561,0.09779999999892652,0,not_applicable,237.54333740165643,0,0,0.8720125226865413,0.44770543079141134,710,0.742678405931418,1.4578568055803642,0.2241197071405647,running
Pure Pursuit,43.40999999999993,-3.0846004840457417,-4.203421721497505,4.260599383832834,-5.348583740849577,6.7650978013986585,-0.01763160728651781,4.676218908047527,0.03854588070326907,0.011955591979761593,0.07160000000183686,0,not_applicable,237.94327160706473,0,0,0.8642894449096966,0.43213891954482886,729,0.8254402224281745,1.3832076025671325,0.21092842571338707,running
Pure Pursuit,43.50999999999991,-2.8219086423303223,-3.8505486490237844,4.517250597592156,-5.363685882840848,6.6551759695750246,-0.009982713260664234,4.926116980790336,0.03858036638486896,0.026396556032088014,0.0838000000022987,0,not_applicable,238.3432058148589,0,0,0.8567716876181681,0.40992082794419993,369,-0.742678405931418,1.5107024221096366,0.2241197071405647,running
Pure Pursuit,43.60999999999989,-2.5402532289212303,-3.480313101686504,4.766639288398779,-5.365625961326952,6.466852807080237,0.002131713277427894,5.16393587830018,0.09220239534704384,0.027776836267779714,0.07570000000001187,0,not_applicable,238.74314002438345,0,0,0.8638035359266677,0.38500803451207033,358,-0.790593141797961,1.4414522930055413,0.21807316453493358,running
Pure Pursuit,43.70999999999987,-2.2455697398713594,-3.0892390586763607,5.0075244955806015,-5.348223715834175,6.246350518980686,0.006971810920491972,5.391274340296848,0.021171403617108068,0.00973006281554678,0.11239999999901329,0,not_applicable,239.3430413407281,0,0,0.887550517305597,0.3649444140530387,347,-0.8385078776645043,1.3714544884216315,0.2084324073070941,running
Pure Pursuit,43.80999999999985,-1.9405028195211664,-2.6737112557348963,5.280492113030036,-5.331318331231536,7.078273667644579,0.0016992281826720258,5.715351862345059,0.09584858076938732,0.007485397270090566,0.07659999999987122,0,not_applicable,239.74297555549094,0,0,0.8802160665470017,0.3498614639321073,722,0.7949490268767376,1.4440597068641072,0.21713917065507293,running
Pure Pursuit,43.90999999999983,-1.625097972354568,-2.2336736317994514,5.527713831695645,-5.329196742312241,6.41066144640682,-0.005466618401935715,5.921558257670718,0.037822999628115535,0.00988278190684877,0.1029000000016822,0,not_applicable,240.34287687968927,0,0,0.8786954375871523,0.3343570994672144,708,0.7339666357738648,1.5333268338540413,0.22234991952811328,running
Pure Pursuit,44.00999999999981,-1.2933483501915628,-1.7736764176911888,5.793939662602196,-5.348597782484213,6.903453626332494,-0.007116765749738763,6.2180591943288945,0.008840862493216037,0.009465610820811321,0.07260000000286482,0,not_applicable,240.94277820452095,0,0,0.8725721932250449,0.31846474013796733,718,0.7775254865616312,1.4754884669829094,0.22094939445953415,running
Pure Pursuit,44.10999999999979,-0.9414584619814942,-1.2949786116378101,6.066631267703169,-5.3522303765214065,7.071116441610554,0.0019465594616693593,6.501051306763252,0.0035804978074302878,0.013184755009802096,0.08300000000005525,0,not_applicable,241.54267952945435,0,0,0.8629371530363411,0.30589758863577554,744,0.8907784986098242,1.313808394177431,0.19934114321212792,running
Pure Pursuit,44.20999999999977,-0.5745832351721648,-0.7934949186700756,6.338738772614683,-5.331737172367269,7.055970245776209,0.005771037533095553,6.77222829228079,0.02015320286722307,0.007216496198778621,0.08610000000075502,0,not_applicable,242.14258085434844,0,0,0.8863871859009348,0.28620602793342576,355,-0.803660797034291,1.4204356926836188,0.21530714918272373,running
Pure Pursuit,44.309999999999754,-0.19653843944127292,-0.2667930056639466,6.60645813624028,-5.327573192929838,6.942182151773606,-0.0034873303059791377,7.032956987792043,0.06863371631443457,0.011294656499350353,0.15690000000034843,0,not_applicable,242.74248217932532,0,0,0.8846698710604817,0.28480556766678194,712,0.7513901760889712,1.5451470343056526,0.22593517874601313,running
Pure Pursuit,44.409999999999734,0.1977195046351826,0.28080582920714064,6.867885007964392,-5.349508785464664,6.7790126881341894,-0.006601024934647201,7.284359405053699,0.05670554803046261,0.010744397807743944,0.07420000000024629,0,not_applicable,243.5423506126423,0,0,0.8825908374119059,0.26700806128818266,339,-0.8733549582947173,1.3351508655442503,0.20222103997141733,running
Pure Pursuit,44.509999999999714,0.6131240409552933,0.8469204328922657,7.15278290848538,-5.354108499364129,7.3876356692694145,0.0038260628759535713,7.6066485748913335,0.04572500868804871,0.015414592174421315,0.08730000000056748,0,not_applicable,244.14225193763025,0,0,0.8909500452787926,0.2530144349090094,349,-0.8297961075069509,1.383061327384762,0.21008581223244965,running
Pure Pursuit,44.609999999999694,1.0443065737005883,1.435453638941207,7.41767717176088,-5.330823918528184,6.868924988145952,0.00764980255365289,7.839675407299975,0.025015999547571083,0.0077880458427346255,0.08100000000155205,0,not_applicable,244.94212037092385,0,0,0.887998881598898,0.2464727069803764,706,0.7252548656163116,1.539905330865513,0.2206244765899192,running
Pure Pursuit,44.709999999999674,1.484377984205524,2.0475752642429734,7.642245028945389,-5.324969129419044,5.823228282391204,-0.002114913086379159,8.0,0.0705983469914785,0.013572865935886469,0.07749999999973056,0,not_applicable,245.741988804217,0,0,0.8744899772364346,0.2343239335014645,742,0.8820667284522705,1.3054495257187082,0.20076314597215372,running
Pure Pursuit,44.809999999999654,1.9347585473682365,2.6741832828145835,7.780210197664227,-5.350237699890792,3.5775497105461085,-0.006009518982727795,8.0,0.09875233902181571,0.01175371693081928,0.09269999999972356,0,not_applicable,246.54185723751985,0,0,0.8608184797309695,0.2294680894520746,361,-0.7775254865616312,1.4706919059731496,0.22094939445953415,running
Pure Pursuit,44.909999999999634,2.3973571161159266,3.305419860854817,7.86497026982352,-5.359501928648453,2.197898023357734,0.006090599258288182,8.0,0.08408934049021337,0.02105306074626334,0.09199999999864872,0,not_applicable,247.14175856250077,0,0,0.8872017198134529,0.22197654317947824,359,-0.7862372567191844,1.4391847772624888,0.21901940157552577,running
Pure Pursuit,45.009999999999614,2.865061406634065,3.9412345099869897,7.9170433394190045,-5.333609688346847,1.3502973017647957,0.012572239208750441,8.0,0.07426454070796772,0.0048022747531719645,0.10540000000247574,0,not_applicable,247.94162699582972,0,0,0.8940763846031294,0.2234589419131565,374,-0.7208989805375348,1.5400326646285507,0.2197779812188762,running
Pure Pursuit,45.109999999999594,3.3280986433023148,4.585529887200614,7.9490348716111905,-5.304360831739197,0.8295666058099549,0.002005036219934465,8.0,0.06755022288435401,0.03402455914769398,0.07970000000057098,0,not_applicable,248.74149542916675,0,0,0.8667642755642364,0.21962786105588855,722,0.7949490268767376,1.4348598986963828,0.21713917065507293,running
Pure Pursuit,45.209999999999575,3.781604588084996,5.239657663812598,7.968689140889997,-5.295401436767202,0.5096512838880951,-0.013347291311488924,8.0,0.06314357369729263,0.042962767936129964,0.07830000000197401,0,not_applicable,249.54136386250724,0,0,0.8817821211227221,0.21086506972887123,718,0.7775254865616312,1.4154773866591814,0.22094939445953415,running
Pure Pursuit,45.309999999999555,4.232242770616593,5.8976579871719625,7.980763908005348,-5.322950706666509,0.31310859110003086,-0.02353730305157046,8.0,0.0658474536595238,0.015397186332647195,0.07260000000286482,0,not_applicable,250.34123229584992,0,0,0.8881700228360658,0.2166465495984723,709,0.7383225208526416,1.5000641205610996,0.2232291878884924,running
Pure Pursuit,45.409999999999535,4.689770080480313,6.552043593187122,7.9881821436477765,-5.354112105145913,0.1923609199465215,-0.017378676576417788,8.0,0.07062349165340383,0.01577543303290163,0.07499999999893703,0,not_applicable,251.14110072919271,0,0,0.8675937881836933,0.21310893590376362,745,0.8951343836886005,1.2623299185435755,0.19864329610943066,running
Pure Pursuit,45.509999999999515,5.160455064136972,7.197746718024823,7.992739599665015,-5.382369894321722,0.11817856352223544,-0.006629746091960817,8.0,0.06821738626288043,0.044039657482755956,0.07500000000248974,0,not_applicable,251.94096916253557,0,0,0.8716995006797105,0.2207680033798202,723,0.7993049119555145,1.4457629573130515,0.21621722807816315,running
Pure Pursuit,45.609999999999495,5.644888887177102,7.8336641155242,7.995539511443263,-5.39044220224786,0.07260400334985206,0.008440605487876623,8.0,0.05940025437379021,0.05211351584438351,0.08160000000145828,0,not_applicable,252.74083759587865,0,0,0.8847391999725481,0.21213190037254442,336,-0.8864226135310473,1.2719317771925438,0.20004771979496722,running
Pure Pursuit,45.709999999999475,6.134229128978677,8.466104486727774,7.997259661003964,-5.362133376337439,0.044604885567371966,0.01974356836614915,8.0,0.05742197781204861,0.023801417666089897,0.08899999999911756,0,not_applicable,253.54070602922172,0,0,0.8679081051751873,0.21224153730567433,364,-0.7644578313253012,1.448753722131491,0.2239412608755995,running
Pure Pursuit,45.809999999999455,6.617896563428928,9.103054489238334,7.9983164494835775,-5.330331497433227,0.027403389960358737,0.015353084935348512,8.0,0.06317597641733837,0.008008712856947042,0.10110000000196351,0,not_applicable,254.34057446256418,0,0,0.8606382182813932,0.2105803406539196,344,-0.8515755329008341,1.3154897446303222,0.20602954162158948,running
Pure Pursuit,45.909999999999435,7.088971539211495,9.749465989527247,7.998965696453816,-5.301660584704351,0.016835505164225495,0.006589900300824675,8.0,0.06459958092849458,0.03669275255875437,0.08529999999851157,0,not_applicable,255.14044289590564,0,0,0.8339644131715425,0.21686029417845598,730,0.8297961075069509,1.3809304140157257,0.21008581223244965,running
Pure Pursuit,46.009999999999415,7.5462121228940315,10.405808990479358,7.999364566839418,-5.293401720231495,0.010343035461843897,-0.006394539153447494,8.0,0.05889369674232528,0.04496955309503292,0.07920000000183336,0,not_applicable,255.9403113292461,0,0,0.8736902590358117,0.21525922556627472,700,0.6991195551436515,1.5336221740541636,0.2157016455530536,running
Pure Pursuit,46.109999999999395,7.998406446413699,11.065687337882604,7.999609616245582,-5.321713016547995,0.006354331605820107,-0.015580626413145135,8.0,0.05600047825510077,0.016680984470734295,0.08069999999804622,0,not_applicable,256.7401797625863,0,0,0.8645485910944748,0.2151989869447595,719,0.781881371640408,1.4415039765070268,0.21997807798827246,running
Pure Pursuit,46.209999999999376,8.4564995778718,11.721498214595195,7.9997601644277205,-5.353586150234892,0.0039038375441791118,-0.009061996220619175,8.0,0.05800931739494337,0.01516449601759895,0.07209999999702177,0,not_applicable,257.5400481959273,0,0,0.8460958872076134,0.22119621180853732,369,-0.742678405931418,1.52762712139972,0.2241197071405647,running
Pure Pursuit,46.309999999999356,8.925693599952764,12.369430488945653,7.999852654980953,-5.364180167195179,0.002398355722794676,0.0018191266923494726,8.0,0.05796673714419942,0.02572586631068141,0.08289999999888664,0,not_applicable,258.33991662926496,0,0,0.8676379896323728,0.2207423771587816,368,-0.7470342910101946,1.5206649573308186,0.22502164647011183,running
Pure Pursuit,46.409999999999336,9.39912350112372,13.014290994284844,7.999909477337196,-5.336837021080665,0.0014734501904722919,0.0072095484869481976,8.0,0.05686642866995707,0.0016546946889084424,0.07770000000206778,0,not_applicable,259.13978506259593,0,0,0.8529515519549068,0.21861048933318333,726,0.8123725671918445,1.4163437087252055,0.2135218524542555,running
Pure Pursuit,46.509999999999316,9.868387087024894,13.662193459950709,7.999944386633942,-5.323374272500601,0.0009052266280384913,-0.004142620131882817,8.0,0.056899597184156755,0.015159711990976987,0.07659999999987122,0,not_applicable,259.93965349591946,0,0,0.891791233540658,0.21233886326616036,725,0.8080166821130677,1.3880918564493587,0.2144087504700342,running
Pure Pursuit,46.609999999999296,10.336232731049478,14.311125263141712,7.999965833456633,-5.348451491898691,0.0005561336605808265,-0.010574648386476067,8.0,0.05721760117103246,0.00987045679743126,0.08840000000276405,0,not_applicable,260.739521929236,0,0,0.8737642769770065,0.22438415061712624,326,-0.9299814643188138,1.2665361106101602,0.1933611363769019,running
Pure Pursuit,46.709999999999276,10.809052446270398,14.956442395507803,7.999979009494149,-5.3609377402269285,0.00034166543366964675,0.0012787300828332674,8.0,0.056705438274763265,0.02230449328787909,0.08079999999921483,0,not_applicable,261.53939036254667,0,0,0.8672714200028064,0.21158684829782762,352,-0.8167284522706209,1.3714763135168466,0.2126462795560751,running
Pure Pursuit,46.809999999999256,11.283403572711466,15.600637567065649,7.999987104304607,-5.335568984775371,0.00020990505850804198,0.009180448463615517,8.0,0.05663457406261848,0.0031208071576624974,0.10690000000224131,0,not_applicable,262.33925879585576,0,0,0.887099752586954,0.22090121492214337,371,-0.7339666357738648,1.5345409009686704,0.22234991952811328,running
Pure Pursuit,46.909999999999236,11.75275791626025,16.24848155175347,7.999992077420104,-5.323033364773493,0.00012895695393311257,-0.0008064846578925239,8.0,0.05678367007984692,0.01562935018193201,0.08330000000000837,0,not_applicable,263.13912722916143,0,0,0.8733616083856454,0.2196376786199906,357,-0.7949490268767376,1.4476724857264904,0.21713917065507293,running
Pure Pursuit,47.009999999999216,12.2205411105421,16.89746303258956,7.999995132695811,-5.348409833438906,7.92257989612466e-05,-0.006648625760355485,8.0,0.056871552177839,0.010026296980623961,0.07799999999846818,0,not_applicable,263.9389956621145,0,0,0.8685539844358581,0.21705451749352503,358,-0.790593141797961,1.4395225526068987,0.21807316453493358,running
Pure Pursuit,47.1099999999992,12.693313116689945,17.542817963358125,7.999997009730368,-5.36095634455323,4.867304189026811e-05,0.005622794040502057,8.0,0.05733260368089574,0.023127056425299664,0.07839999999958991,0,not_applicable,264.73886409509464,0,0,0.8871867502892342,0.2174479134080872,366,-0.755746061167748,1.4920014360575968,0.22600293112750477,running
Pure Pursuit,47.20999999999918,13.167644251527406,18.18702963468695,7.999998162902475,-5.335585299492428,2.9902696319084043e-05,0.014101148910291718,8.0,0.058791424633264304,0.0014285864521577096,0.07790000000085229,0,not_applicable,265.53873252549033,0,0,0.876765700925371,0.21391244974051377,354,-0.8080166821130677,1.3968026449885054,0.2144087504700342,running
Pure Pursuit,47.30999999999916,13.635268048954304,18.83611638039018,7.9999988713635455,-5.304901478500919,1.83709752477057e-05,0.004980743503849886,8.0,0.05894837395211583,0.03103240903087201,0.08810000000281093,0,not_applicable,266.3386009497588,0,0,0.8487569715269314,0.21265212839182104,716,0.768813716404078,1.4456563766031731,0.22293077345441878,running
Pure Pursuit,47.40999999999914,14.091309433488162,19.492656145997874,7.990829535353283,-5.294328874766011,-0.10434839999801326,-0.009378424992716657,7.989564031363744,0.056599036302647364,0.04026050121383662,0.1356999999977404,0,not_applicable,267.13846936497526,0,0,0.8830617795602395,0.20825798240355003,726,0.8123725671918445,1.3594038829852368,0.2135218524542555,running
Pure Pursuit,47.50999999999912,14.529252844210843,20.13216364444141,7.628536375427645,-5.318960176542044,-4.122949745341904,-0.018384010560944655,7.578534560819093,0.03472637698502985,0.014020319019839356,0.09319999999846118,0,not_applicable,267.938337769363,0,0,0.8610960057849218,0.21404846373291564,716,0.768813716404078,1.4522746049562971,0.22293077345441878,running
Pure Pursuit,47.6099999999991,14.949733303543455,20.734570057266666,7.202670944136788,-5.359174304308862,-4.846411596208293,-0.011004568037216887,7.143895215806816,0.040114356568644614,0.028067122683180123,0.1010999999984108,0,not_applicable,268.7382061631785,0,0,0.8762876234308569,0.2314924097001703,360,-0.7818813716404078,1.4730758096437948,0.21997807798827249,running
Pure Pursuit,47.70999999999908,15.357217787649398,21.291499903781617,6.744917639873852,-5.39194688354438,-5.216312268544998,0.006316586168440837,6.681039717282288,0.0578889128852806,0.06240044331810868,0.07209999999702177,0,not_applicable,269.33810744128783,0,0,0.8764941076732223,0.23188643448771995,357,-0.7949490268767376,1.386816739734705,0.21713917065507293,running
Pure Pursuit,47.80999999999906,15.750694225732717,21.807961735345437,6.3642061547099775,-5.382879753672029,-4.3325530107366905,0.02628423543022149,6.311662338800183,0.09497562874685823,0.0542490018600752,0.09719999999902029,0,not_applicable,270.1379758559051,0,0,0.8806657896969858,0.24814981936620845,367,-0.7513901760889712,1.4490122668247143,0.22593517874601313,running
Pure Pursuit,47.90999999999904,16.118432586557457,22.2862012310218,5.855435695420166,-5.35734403401961,-5.8163456742371356,0.029717828167695828,5.782571587286264,0.09732397863572342,0.02521866552878116,0.07599999999996498,0,not_applicable,270.737877133965,0,0,0.8555916627639553,0.26532969667983247,373,-0.7252548656163114,1.4842648134333392,0.22062447658991918,running
Pure Pursuit,48.00999999999902,16.45171943905487,22.731539430373445,5.4127573411595735,-5.323155384906201,-5.039009681096136,0.023005143502148027,5.351534727310552,0.0790637880153068,0.013395768907941807,0.09239999999977044,0,not_applicable,271.1378112361377,0,0,0.8538270346382654,0.2856361848543068,366,-0.755746061167748,1.4431993475088787,0.22600293112750477,running
Pure Pursuit,48.109999999999,16.75204985248363,23.155773338663536,5.088505257113582,-5.289305106018167,-3.69003667532227,0.010540839554441116,5.0437536736273465,0.041342185910748466,0.05366605380126277,0.08040000000164582,0,not_applicable,271.7377124252959,0,0,0.851519880503886,0.3227960936626248,343,-0.8559314179796107,1.3505761991905816,0.20524858980469116,running
Pure Pursuit,48.20999999999898,17.016889750485593,23.553094320069352,4.610583644756267,-5.270468403363694,-5.453519901674353,-0.006025363696469384,4.543153266946146,0.06528474044997128,0.06365860537926249,0.07689999999982433,0,not_applicable,272.13764623138854,0,0,0.8900682823571777,0.3356206421023532,720,0.7862372567191844,1.4256078803611683,0.21901940157552577,running
Pure Pursuit,48.30999999999896,17.256390988361836,23.917154754540988,4.228893778910268,-5.305918611041663,-4.343687127607785,-0.04488445663193916,4.176214931995489,0.09778983758669389,0.013136129875075397,0.10389999999915744,0,not_applicable,272.53757682966244,0,0,0.8688064654412826,0.35793466618042014,731,0.8341519925857277,1.3179271583799614,0.20925385860619153,running
Pure Pursuit,48.40999999999894,17.486241108957046,24.240030553574314,3.8289643667528916,-5.386778040680233,-4.55125586237243,-0.08046966385954972,3.773768192673025,0.09420298949298346,0.03229650182581523,0.07090000000076202,0,not_applicable,272.9375017061859,0,0,0.860072914575434,0.37035618844788065,713,0.755746061167748,1.3658185610232763,0.22600293112750477,running
Pure Pursuit,48.50999999999892,17.715974037925,24.50842485194085,3.384480248114389,-5.5110670983665395,-5.060248006694343,-0.10812242409732598,3.3229395660834573,0.04820876597770356,0.03960314715583291,0.11959999999788806,0,not_applicable,273.3372383652644,0,0,0.8780990187355324,0.40688555340643806,708,0.7339666357738648,1.3791643346422873,0.22234991952811328,running
Pure Pursuit,48.6099999999989,17.952400141084038,24.721594349371692,3.084456502559531,-5.634510331836736,-3.4143145997727853,-0.11011632652887811,3.0430487881371104,0.03255124537544067,0.010914544410370652,0.07880000000071163,0,not_applicable,273.73674157805897,0,0,0.8692919534592277,0.4713984153216095,719,0.781881371640408,1.3520840173215416,0.21997807798827246,running
Pure Pursuit,48.70999999999888,18.20057732385373,24.893732405467656,2.99019885616105,-5.736544185024069,-1.0726659573007424,-0.0999443747528413,2.977189906829457,0.07068026939552194,0.03785902977232958,0.07160000000183686,0,not_applicable,273.93618883382646,0,0,0.8733572749627849,0.49475583741972234,702,0.7078313253012047,1.3767563828808187,0.21730154451353453,running
Pure Pursuit,48.80999999999886,18.457097938700883,25.035698157912854,2.903333159044097,-5.818157105063493,-0.9885444811621591,-0.08179246542891741,2.891344408044834,0.03547579918932998,0.0256413790595742,0.08479999999977395,0,not_applicable,274.335675025249,0,0,0.8661336608659486,0.5197619194444527,722,0.7949490268767376,1.3055723517986986,0.21713917065507293,running
Pure Pursuit,48.90999999999884,18.727850333992667,25.159993840306097,3.0448551557104913,-5.881721648040431,3.6697811694890436,-0.06816852032833506,3.2703112759930013,0.06281271544118666,0.019481824755668953,0.08110000000272066,0,not_applicable,274.53564213358476,0,0,0.8873082115892653,0.5497666885271018,713,0.755746061167748,1.3876214342565218,0.22600293112750477,running
Pure Pursuit,49.00999999999882,19.01941369514362,25.273481392706007,3.2006619648904615,-5.934611966997831,4.040198046065315,-0.05125953012790557,3.448874960317023,0.029235832954804218,0.031510969116373744,0.07919999999828065,0,not_applicable,274.93542446370196,0,0,0.8871013117624866,0.5407026928046318,718,0.7775254865616312,1.3942315235388698,0.22094939445953415,running
Pure Pursuit,49.1099999999988,19.333688199235226,25.380895323435144,3.4243354496977907,-5.9742473147318815,5.8000364748587785,-0.04136701738472206,3.7806656123763394,0.09586255748705627,0.01482248664567365,0.07480000000015252,0,not_applicable,275.3353434651255,0,0,0.8543786580446942,0.5221159032991249,726,0.8123725671918445,1.3628791490935153,0.2135218524542555,running
Pure Pursuit,49.20999999999878,19.67493092612105,25.482980129083888,3.6793851702270497,-6.014779790065751,6.613647939747973,-0.03416870509861218,4.085700243672588,0.06667414065639796,0.01731671801942003,0.07030000000085579,0,not_applicable,275.53530384774064,0,0,0.8677170678999708,0.49706467874355675,705,0.7208989805375348,1.4984292050441554,0.2197779812188762,running
Pure Pursuit,49.30999999999876,20.041793184826457,25.57969569899137,3.8917163901138756,-6.042117364407893,5.505922265018044,-0.029321280407529123,4.229977396728854,0.045342036916674884,0.01897318179540619,0.07839999999958991,0,not_applicable,275.9352213499043,0,0,0.8658827168797045,0.46784164236847314,706,0.7252548656163116,1.5087776566394013,0.2206244765899192,running
Pure Pursuit,49.40999999999874,20.432876218740976,25.67239600463721,4.128103681831532,-6.07223280976709,6.12971589071678,-0.03458092331122483,4.504687979185554,0.045859289189056344,0.012263222755770187,0.07319999999921833,0,not_applicable,276.33512571091575,0,0,0.8534513473361642,0.40846876966945017,709,0.7383225208526416,1.3989281495498036,0.2232291878884924,running
Pure Pursuit,49.50999999999872,20.850696297941447,25.755563476331407,4.373167526892358,-6.117657993094566,6.3547060182225135,-0.04251871278409494,4.763574283653783,0.07064137453135531,0.009523940355351534,0.07899999999949614,0,not_applicable,276.735017170503,0,0,0.8481074396881592,0.40186274734452154,719,0.781881371640408,1.397137578978269,0.21997807798827246,running
Pure Pursuit,49.6099999999987,21.285953094341515,25.82324202220607,4.4325844543023445,-6.169037024577985,1.540729543775896,-0.0453781031823167,4.527240481269947,0.09528041053519701,0.016261219338124633,0.07180000000062137,0,not_applicable,277.33488041254924,0,0,0.8322860330130526,0.3747063944688589,717,0.7731696014828544,1.3947190833447818,0.22193355627601147,running
Pure Pursuit,49.70999999999868,21.72746380063916,25.870113233054585,4.447059612901479,-6.223637770570056,0.37535270631950723,-0.04543684139220444,4.470119724934295,0.059958933628499925,0.004463488973193819,0.072699999996928,0,not_applicable,277.734795639572,0,0,0.8879910755331036,0.36717105979843645,718,0.7775254865616312,1.3808018528084953,0.22094939445953415,running
Pure Pursuit,49.80999999999866,22.176903021178497,25.894246589761277,4.547642120982162,-6.275784682469634,2.6081867330106334,-0.04064610755675084,4.707878286202543,0.04048726188708011,0.012723006925036806,0.09370000000075152,0,not_applicable,278.13472237842564,0,0,0.8888892594208554,0.37992045709955696,726,0.8123725671918445,1.3755427995555627,0.2135218524542555,running
Pure Pursuit,49.90999999999864,22.640137804729388,25.89784030424562,4.705189660922949,-6.308117177481321,4.08533661899158,-0.031337421355844206,4.95617578288132,0.07467861514839653,0.017896127739397194,0.07330000000038694,0,not_applicable,278.53465243968446,0,0,0.8321865002614646,0.38153891527466344,719,0.781881371640408,1.451187946073805,0.21997807798827246,running
Pure Pursuit,50.00999999999862,23.12070086851716,25.888163686444788,4.893161411945571,-6.3228142989358975,4.8742613059988305,-0.02044123046499772,5.192615791522832,0.0741450326039672,0.005490083959249326,0.07490000000132113,0,not_applicable,279.13455075188415,0,0,0.889482706159411,0.3640934663145265,698,0.6904077849860983,1.534940249744902,0.21414126651260781,running
Pure Pursuit,50.1099999999986,23.62285846533064,25.86859335750615,5.138116323225797,-6.337735538172113,6.351881276159892,-0.018944207316203644,5.52834953956156,0.06186352210198401,0.012338125471764272,0.09419999999948914,0,not_applicable,279.534483798844,0,0,0.892439967783888,0.3475088541840101,739,0.8689990732159409,1.300738062071216,0.20296376061118723,running
Pure Pursuit,50.20999999999858,24.148435428454995,25.839751462459375,5.370719626929798,-6.3537935669631915,6.031593985393355,-0.007158056256329518,5.741275721765133,0.04876274894473128,0.030346937280679498,0.07650000000225532,0,not_applicable,280.1343844942567,0,0,0.8428290428460128,0.3378802984825946,362,-0.7731696014828544,1.464438656466632,0.22193355627601147,running
Pure Pursuit,50.30999999999856,24.698346768558604,25.80285741171574,5.631376071174759,-6.355669879861981,6.759034873221719,0.005849460433570424,6.04662311425197,0.08175758956571143,0.04486290467972065,0.0821999999978118,0,not_applicable,280.7342838757895,0,0,0.8952169586402149,0.31704128887414595,352,-0.8167284522706209,1.3783582245209087,0.2126462795560751,running
Pure Pursuit,50.40999999999854,25.274987315472373,25.76569606992118,5.9035997883720635,-6.335953751894736,7.058983725433805,0.018597299344031266,6.337274443718139,0.09845841826413528,0.03190908809198412,0.1070999999974731,0,not_applicable,281.1342168626507,0,0,0.8973911285870192,0.31701872025766153,368,-0.7470342910101946,1.5348736079315353,0.22502164647011183,running
Pure Pursuit,50.50999999999852,25.87743931177144,25.73425516048536,6.142794801576142,-6.317073438174394,6.202522406189663,0.018788438681537532,6.52385202899103,0.10135474378535757,0.017328127063711563,0.08250000000131763,0,not_applicable,281.93408479462767,0,0,0.8753838167411429,0.2974885012953181,366,-0.755746061167748,1.5041337818971805,0.22600293112750477,running
Pure Pursuit,50.6099999999985,26.50668105275396,25.71118645184708,6.427804984221612,-6.30044555739349,7.390547236628553,0.015346094470871888,6.881849525238997,0.0773860166983157,0.004042983055094318,0.07570000000001187,0,not_applicable,282.53398557826415,0,0,0.9029693149835454,0.28070162927761516,359,-0.7862372567191844,1.4372548263951874,0.21901940157552577,running
Pure Pursuit,50.70999999999848,27.164112511558177,25.69738178712633,6.7019075324419894,-6.284296747446526,7.107703351156589,0.006008932012024274,7.138575319337271,0.03414572843605366,0.03227460546163563,0.07689999999982433,0,not_applicable,283.1338856767833,0,0,0.8930898088538091,0.2785594053271496,723,0.7993049119555145,1.4645808813646133,0.21621722807816315,running
Pure Pursuit,50.80999999999846,27.848533389273662,25.691726928824558,6.965869801896413,-6.28310290767987,6.844757625790745,-0.013353957709091379,7.386383295021064,0.07432954765884268,0.05195067804830256,0.07719999999977745,0,not_applicable,283.7337819027425,0,0,0.8970494689046218,0.24455546292075053,727,0.8167284522706209,1.3347131526847587,0.2126462795560751,running
Pure Pursuit,50.90999999999844,28.55880248535169,25.682627844886788,7.22049801363244,-6.325946405891504,6.602717871853132,-0.03525707022592089,7.626141589081726,0.035280305492020714,0.0378422214762395,0.09709999999785168,0,not_applicable,284.5336459469061,0,0,0.8458459348228409,0.2268128296155757,724,0.8036607970342913,1.3119115055283421,0.2153071491827237,running
Pure Pursuit,51.00999999999842,29.295016526889707,25.651452010891056,7.495869410211226,-6.387004294731747,7.140605627285446,-0.04090171158346564,7.934558576360985,0.10449324627998664,0.006333657084886646,0.09110000000234209,0,not_applicable,285.33351396390896,0,0,0.8445971997831634,0.23075253354212477,705,0.7208989805375348,1.4714095958095754,0.2197779812188762,running
Pure Pursuit,51.1099999999984,30.05112117667851,25.588497569250396,7.66586050823623,-6.426327850742954,4.4080082616659855,-0.023992865736517616,7.936670236377824,0.10937996229673493,0.04232917744996456,0.10550000000009163,0,not_applicable,285.9334152167731,0,0,0.8268479546501932,0.22532421203222341,724,0.8036607970342913,1.38760203436227,0.2153071491827237,running
Pure Pursuit,51.20999999999838,30.81025212816308,25.499133896638945,7.632887675230023,-6.448600904451833,-0.3752357164955722,-0.004709698448761778,7.628336936586673,0.07599048986048787,0.07121406212022574,0.07530000000244286,0,not_applicable,286.73328287560327,0,0,0.8870495969331725,0.23402114029131438,365,-0.7601019462465246,1.5251757708919398,0.22496523842325905,running
Pure Pursuit,51.30999999999836,31.540480736932867,25.39307450684587,7.24960507721406,-6.471582427826599,-4.361812655276873,0.02139805976489669,7.196706409702336,0.028875017727232905,0.11426193119772954,0.07599999999996498,0,not_applicable,287.53314602853646,0,0,0.8866334428432544,0.20765879421209404,367,-0.7513901760889712,1.3841854631490107,0.22593517874601313,running
Pure Pursuit,51.40999999999834,32.227603642761,25.287041686887413,6.7999368660708175,-6.414005519395705,-5.121220216520701,0.06878757044444982,6.73748305556199,0.0839981976359827,0.08469052792515974,0.07740000000211467,0,not_applicable,288.133039435349,0,0,0.8831590425145263,0.203124768494719,365,-0.7601019462465246,1.2922367291664758,0.22496523842325905,running
Pure Pursuit,51.50999999999832,32.87856951095811,25.215486573617216,6.423357284775831,-6.252281907466141,-4.285531333574735,0.08675643907894212,6.371383732713344,0.13120483709893405,0.015582653482121067,0.07850000000075852,0,not_applicable,288.93286794000704,0,0,0.8196303845669561,0.22535348788351042,378,-0.7034754402224281,1.3850947152069861,0.216496585417684,running
Pure Pursuit,51.6099999999983,33.48757238484307,25.214529446010307,5.919691285073836,-6.048295009698396,-5.756310059372254,0.06151292017489931,5.847726278838605,0.14995477929591983,0.1580980751776675,0.07689999999982433,0,not_applicable,289.53269168239666,0,0,0.8010211890335659,0.26633322609987803,338,-0.8777108433734939,1.294511569563003,0.20148754432673713,running
Pure Pursuit,51.70999999999828,34.05872240817167,25.298176463390412,5.703950973718748,-5.953547736783124,-2.455156652540751,-0.006200538351603727,5.674175619819761,0.1358988797972149,0.21489386738697824,0.09690000000261989,0,not_applicable,289.9325981985397,0,0,0.8096898546892957,0.28457017153926173,693,0.6686283595922151,1.5322403746004944,0.2104061992652272,running
Pure Pursuit,51.80999999999826,34.615725830869074,25.435073525588702,5.763942412021951,-5.999776324460225,1.5556270813124584,-0.04804363935572471,5.859513681849994,0.07382999088904586,0.12862429601924408,0.09460000000061086,0,not_applicable,290.532485434573,0,0,0.885044721796503,0.2895296609479085,715,0.7644578313253012,1.4158974296588658,0.2239412608755995,running
Pure Pursuit,51.90999999999824,35.17603604363257,25.576676428692625,5.792633044259513,-6.077131170517046,0.7439715691288207,-0.03380345132919032,5.838339568934833,0.03632040778971155,0.030242055676946045,0.11549999999971305,0,not_applicable,291.1323797285411,0,0,0.8702574658653432,0.30656036779009954,736,0.8559314179796109,1.3635418875202823,0.20524858980469113,running
Pure Pursuit,52.00999999999822,35.72060452787652,25.694035105541957,5.457943616489453,-6.127001470598636,-3.8088151906495504,0.0029819598915952726,5.411751525194558,0.018630913604485082,0.046264451378921656,0.0799000000029082,0,not_applicable,291.7322792813365,0,0,0.8678033950136701,0.28472805900614684,366,-0.755746061167748,1.426315932788501,0.22600293112750477,running
Pure Pursuit,52.1099999999982,36.22747872437822,25.791871345307733,5.010570377148951,-6.098461006172052,-5.094228124428524,0.04704430356073837,4.9485208040466,0.08997951942840439,0.068441784131263,0.09079999999883626,0,not_applicable,292.3321768349184,0,0,0.8694966743541733,0.2864640912318997,363,-0.7688137164040778,1.34667796687595,0.22293077345441883,running
Pure Pursuit,52.20999999999818,36.68509688005717,25.891140127044466,4.508820116370063,-6.005586983880101,-5.7337782786439195,0.07186403134678362,4.437192549284559,0.034604820087558046,0.02503713744724667,0.07030000000085579,0,not_applicable,292.73209705558423,0,0,0.8549522979863863,0.3203527571554185,340,-0.8689990732159407,1.2392345966082983,0.20296376061118726,running
Pure Pursuit,52.30999999999816,37.100125378885814,26.016983774555097,4.251989820837931,-5.888657638424487,-2.9227667499370646,0.06862346766154756,4.2165434413763565,0.04214328682835167,0.03365066628515567,0.07460000000136802,0,not_applicable,293.1319949898739,0,0,0.8509615211920319,0.3721540868101873,364,-0.7644578313253012,1.4350332777877794,0.2239412608755995,running
Pure Pursuit,52.40999999999814,37.487775691894235,26.179181831992935,4.178962895368054,-5.805062191099342,-0.8310572129789318,0.03862547354583419,4.168884099540038,0.04708141937334355,0.06265295158207707,0.08040000000164582,0,not_applicable,293.5318842780952,0,0,0.8528534838910218,0.3944423243811271,354,-0.8080166821130677,1.373218173431392,0.2144087504700342,running
Pure Pursuit,52.50999999999812,37.864877806914485,26.37032789616254,4.2701979725904655,-5.772591776747578,2.3658002026139258,0.018697895403739097,4.415542915629446,0.055381393128299636,0.04853674165705346,0.08129999999795245,0,not_applicable,293.9317783263419,0,0,0.8912110287149576,0.4151136882028953,368,-0.7470342910101946,1.4978163065489993,0.22502164647011183,running
Pure Pursuit,52.6099999999981,38.24610306831921,26.580930764898913,4.427986745191016,-5.75898137570552,4.09159197924029,0.01671807802337246,4.6793571705144945,0.0850548420681776,0.0232445511662549,0.07869999999954302,0,not_applicable,294.331680388741,0,0,0.838196669496378,0.3881388109993344,354,-0.8080166821130677,1.3595824720915002,0.2144087504700342,running
Pure Pursuit,52.70999999999808,38.63834641608971,26.80800264883807,4.621227786703205,-5.744179208968637,5.0108983198247525,0.02311751978704438,4.9290765771734915,0.06796931010073469,0.0075947543056020805,0.07839999999958991,0,not_applicable,294.93154032439736,0,0,0.8552624467737497,0.375040484973444,363,-0.7688137164040778,1.4165171381379489,0.22293077345441883,running
Pure Pursuit,52.80999999999806,39.04632354131122,27.052966467362033,4.875882203078925,-5.728820692640632,6.603397379601459,0.030968934135718468,5.281567524663351,0.030645250650817527,0.018406558095453107,0.100900000003179,0,not_applicable,295.331459373152,0,0,0.8871659130812244,0.35666410652686836,342,-0.8602873030583875,1.2794829379414334,0.20447740104668094,running
Pure Pursuit,52.90999999999804,39.470324855333914,27.31919160482473,5.118126399522457,-5.695593351705863,6.281590222487141,0.036881325485374254,5.504041225327639,0.09985140528872175,0.019795919462407774,0.09219999999743322,0,not_applicable,295.9313483203277,0,0,0.8400283963731503,0.328791495969771,372,-0.729610750695088,1.4165230915758307,0.22148173646210823,running
Pure Pursuit,53.00999999999802,39.90604225805397,27.614625767638408,5.389506998558379,-5.645323164790205,7.037120981654228,0.03988231505016199,5.82183849768788,0.06383589691201816,0.01092489475484193,0.1409000000016647,0,not_applicable,296.3312729596936,0,0,0.8575962399631113,0.3219694941247536,348,-0.8341519925857275,1.3163100203661036,0.20925385860619156,running
Pure Pursuit,53.109999999998,40.35073422681604,27.941913818731305,5.634346687660802,-5.612847876900107,6.34889347081252,0.026773903767750715,6.024396345639631,0.0583427118896817,0.01912133326298804,0.09609999999682373,0,not_applicable,296.93116260710076,0,0,0.8209255992502791,0.3139522594754421,364,-0.7644578313253012,1.4451899005797166,0.2239412608755995,running
Pure Pursuit,53.20999999999798,40.80666750421286,28.29655595519704,5.89724594012878,-5.599740351830335,6.817192725551946,0.02435861071429345,6.3160659602159965,0.06720676137221807,0.013754268641198664,0.17800000000178784,0,not_applicable,297.5310610427563,0,0,0.8526671601358747,0.30065492677226274,368,-0.7470342910101946,1.4679172912954623,0.22502164647011183,running
Pure Pursuit,53.30999999999796,41.276744950336784,28.676214767845366,6.16627199980956,-5.585323983226116,6.976065849647481,0.022905417008315544,6.594852525093528,0.06361933026363899,0.015558119217686794,0.07980000000173959,0,not_applicable,298.13096014788294,0,0,0.8584845932435501,0.28847779211711844,378,-0.7034754402224281,1.5138480539854378,0.216496585417684,running
Pure Pursuit,53.40999999999794,41.7614656178438,29.080386082628362,6.43469809123727,-5.569271649281058,6.960508181940224,0.01928876543446743,6.862322818003582,0.048452431399144465,0.023322283961837442,0.07789999999729957,0,not_applicable,298.7308612222788,0,0,0.8532194645839077,0.27543459580899016,358,-0.790593141797961,1.4127714951865087,0.21807316453493358,running
Pure Pursuit,53.50999999999792,42.26007389821496,29.509336825154325,6.698883652692247,-5.552721510904105,6.850547770066768,0.012984204321709325,7.119752868243947,0.06656828645468947,0.03285589949083345,0.07670000000103983,0,not_applicable,299.3307624293554,0,0,0.820952513464244,0.27062568185841956,360,-0.7818813716404078,1.4556527637460193,0.21997807798827249,running
Pure Pursuit,53.6099999999979,42.77144161351801,29.963333956025448,6.956997647809108,-5.536025688860872,6.693107087050931,0.0009772216609067494,7.36819436139734,0.06539662783753752,0.04204734984773584,0.08740000000173609,0,not_applicable,300.13063062698575,0,0,0.8676798952014294,0.2618438738320321,694,0.6729842446709915,1.5827495907799587,0.2111347683074644,running
Pure Pursuit,53.70999999999788,43.29686270336477,30.442199525655,7.238505028894927,-5.535139908355877,7.299716726129448,-0.011140983555599594,7.686969320422053,0.04876172269197461,0.03863091245805439,0.08270000000010214,0,not_applicable,300.7305316996256,0,0,0.8746648871193066,0.24753458213658328,726,0.8123725671918445,1.3979427580761143,0.2135218524542555,running
Pure Pursuit,53.80999999999786,43.842588670912285,30.93900499217561,7.500404759636073,-5.55938157427966,6.791274309347921,-0.0175934848995489,7.917632459829719,0.02498755416608757,0.010230573234832008,0.0838000000022987,0,not_applicable,301.5303999818956,0,0,0.8526279941941591,0.2357135363312757,719,0.781881371640408,1.4306887501405667,0.21997807798827246,running
Pure Pursuit,53.909999999997844,44.410980348739066,31.4441743402953,7.693069424573505,-5.5819393898484675,4.995952403639272,-0.014118153740626919,8.0,0.06074739590695523,0.014559931796719106,0.07760000000089917,0,not_applicable,302.33026836905526,0,0,0.8608436475280292,0.23297273237614718,718,0.7775254865616312,1.466229584219731,0.22094939445953415,running
Pure Pursuit,54.009999999997824,44.999428883521425,31.949566091573644,7.811434596408453,-5.603215280769048,3.0693057542649527,-0.004852105929930713,8.0,0.08093629247746632,0.03614355039236816,0.07490000000132113,0,not_applicable,303.13013679975614,0,0,0.8618765123172744,0.23142151502753705,349,-0.8297961075069509,1.4118631680476466,0.21008581223244965,running
Pure Pursuit,54.109999999997804,45.60327947357743,32.45125692887451,7.884153244158766,-5.607994229012,1.8856540359154739,0.007963502985194255,8.0,0.0922922155267432,0.039306632148910836,0.09109999999878937,0,not_applicable,303.9300051966833,0,0,0.8554881434035625,0.2196589214534294,371,-0.7339666357738648,1.496409518809669,0.22234991952811328,running
Pure Pursuit,54.209999999997784,46.21328598764582,32.9545457887583,7.928828562486421,-5.58030496268527,1.1584675584123438,0.015865181531877888,8.0,0.09935186171552014,0.00908672100575103,0.07129999999833103,0,not_applicable,304.5299064741067,0,0,0.8878550808580749,0.22183508791904435,712,0.7513901760889712,1.5039871466578865,0.22593517874601313,running
Pure Pursuit,54.309999999997764,46.819802460619805,33.46637124142261,7.942591854300814,-5.550145937021925,0.3568934181285055,0.006625510856191013,7.964517904299272,0.09418492587339614,0.02600241227141975,0.08759999999696788,0,not_applicable,305.32977475826874,0,0,0.8980705128761549,0.22061888598504378,703,0.7121872103799816,1.5421835935059751,0.21811666573475305,running
Pure Pursuit,54.409999999997744,47.40028662786759,33.97459655279872,7.599479986555858,-5.528000538292924,-3.904663803294568,-0.008052104825422445,7.5521254739713575,0.0644374415373055,0.05210756536186967,0.08330000000000837,0,not_applicable,306.12964310106076,0,0,0.9030515596746348,0.20857209860620662,715,0.7644578313253012,1.4196073076184412,0.2239412608755995,running
Pure Pursuit,54.509999999997724,47.94498911929853,34.46330484330529,7.174523546706388,-5.542588797060339,-4.8360671391598675,-0.023010548516832013,7.115873272639871,0.01525757134501702,0.03680039209022912,0.08449999999982083,0,not_applicable,306.9295115119906,0,0,0.8575401437750618,0.22137747318767523,707,0.729610750695088,1.4755652401567034,0.22148173646210823,running
Pure Pursuit,54.609999999997704,48.4570580333768,34.921579979887845,6.715219110026711,-5.574412972608375,-5.234555764604449,-0.024591581828080137,6.651067970245943,0.0887014272328951,0.0012485758744169573,0.07670000000103983,0,not_applicable,307.5294127395953,0,0,0.8567588713718178,0.23975305553964363,712,0.7513901760889712,1.4828922115573722,0.22593517874601313,running
Pure Pursuit,54.709999999997684,48.94615054329227,35.34386868118138,6.332718687032388,-5.615326049565589,-4.352911387842111,-0.00807768858476327,6.2799279712425,0.07722138927641112,0.049066065402568526,0.12040000000013151,0,not_applicable,308.32928042348686,0,0,0.8627581415299612,0.25896542207410395,366,-0.755746061167748,1.4915846495146217,0.22600293112750477,running
Pure Pursuit,54.809999999997665,49.4110613696455,35.72308464333291,5.821255717342347,-5.646728611844313,-5.848013378648709,0.016125930596994582,5.747917349167517,0.0712901570219005,0.0901191935296124,0.07560000000239597,0,not_applicable,308.92917989749157,0,0,0.8584853487771553,0.2670710283022779,359,-0.7862372567191844,1.4139350740701897,0.21901940157552577,running
Pure Pursuit,54.909999999997645,49.84480657285348,36.06559252069315,5.375785990213585,-5.615127839417739,-5.071840147000435,0.03660435011627784,5.314071702642304,0.08431274643305418,0.058052466399428404,0.09339999999724569,0,not_applicable,309.32911383331447,0,0,0.8606507427200298,0.27953858949016336,347,-0.8385078776645043,1.2963785540966428,0.2084324073070941,running
Pure Pursuit,55.009999999997625,50.24474476682508,36.39152371122343,5.049077650808444,-5.560889345600792,-3.717989224604681,0.0121226472915326,5.003987067753117,0.037920883600944505,0.02778049968719909,0.08650000000187674,0,not_applicable,309.92900499507044,0,0,0.9081662397101589,0.31578543440139806,710,0.742678405931418,1.4746697988977517,0.2241197071405647,running
Pure Pursuit,55.109999999997605,50.60430157735228,36.6993475611549,4.5671150698328455,-5.552871557474817,-5.5010473688772255,-0.04600209727227841,4.4989729139207215,0.07545735505733352,0.07897272836921143,0.08259999999893353,0,not_applicable,310.32890557273254,0,0,0.8841056361671616,0.30444773422746185,713,0.755746061167748,1.3447013430491421,0.22600293112750477,running
Pure Pursuit,55.209999999997585,50.93624317427073,36.974425272186544,4.181378853394007,-5.640993237448854,-4.389735195834463,-0.10238946486197031,4.128141550249399,0.0985990180565878,0.0870010891945805,0.12159999999994398,0,not_applicable,310.9286272016099,0,0,0.8710996276150489,0.31343221007215544,713,0.755746061167748,1.267777626754823,0.22600293112750477,running
Pure Pursuit,55.309999999997565,51.251092113388225,37.187886586950576,3.5901124253055303,-5.822560482172989,-6.822675908194089,-0.13541660142465492,3.4991112625745977,0.08884377301155347,0.04728693525113581,0.09790000000009513,0,not_applicable,311.1285943099457,0,0,0.830725010411084,0.36649064513262924,671,0.572798887859129,1.484296999911721,0.19645703600221623,running
Pure Pursuit,55.409999999997545,51.5609895093988,37.326376239260455,3.3022501700704607,-5.997288421433705,-3.275915041174331,-0.1326821738800435,3.2625209211880972,0.03368207732032952,0.10208082146043296,0.0743000000014149,0,not_applicable,311.5283097620388,0,0,0.8154465318110471,0.44536304154047385,662,0.533595922150139,1.5683870749951594,0.19175741883582492,running
Pure Pursuit,55.509999999997525,51.84973466371083,37.396144368151454,2.8004336814128754,-6.163575629895556,-5.7345572115261145,-0.13255459591765736,2.7287944489178493,0.08917158213898069,0.09673833153042555,0.0762999999999181,0,not_applicable,311.9278461612282,0,0,0.8459509577092359,0.48656984332055725,718,0.7775254865616312,1.3660204716964874,0.22094939445953415,running
Pure Pursuit,55.609999999997505,52.095987143482674,37.41240986659389,2.2937115002165096,-6.288247180130833,-5.792255046691017,-0.1159803729029662,2.2212081767437737,0.04939924686768952,0.12401438465371761,0.07549999999767465,0,not_applicable,312.1272846138385,0,0,0.8976263544017491,0.5580780642195714,699,0.6947636700648747,1.4155139535518682,0.21491658495418042,running
Pure Pursuit,55.709999999997486,52.32262057498546,37.398827795223745,2.259821828634098,-6.364540764774032,-0.3856694750988554,-0.11117770997779908,2.255144552706624,0.06637474382212935,0.06943963026535371,0.0819000000014114,0,not_applicable,312.3272517221743,0,0,0.9015150834144082,0.6860909365119113,707,0.729610750695088,1.3945671311190428,0.22148173646210823,running
Pure Pursuit,55.809999999997466,52.52332714127259,37.36818500270461,1.9146992611001583,-6.4489257743992585,-3.927545864288078,-0.13063698687603773,1.86706724220529,0.07140381659731383,0.028589927773746915,0.10619999999761376,0,not_applicable,312.526956414513,0,0,0.8243994626271043,0.7059284629466596,722,0.7949490268767376,1.3343422822171318,0.21713917065507293,running
Pure Pursuit,55.909999999997446,52.713865273973525,37.319701721552995,2.0109533294021715,-6.530458136122325,2.4959467479398367,-0.13114462379991212,2.164293935894142,0.09128388188134594,0.009077548113600287,0.09119999999995798,0,not_applicable,312.7267140934609,0,0,0.8364033207779382,0.8213616550658596,699,0.6947636700648747,1.423042321407282,0.21491658495418042,running
Pure Pursuit,56.009999999997426,52.898803933892005,37.255892257695486,1.9294254867736973,-6.614562019873904,-0.9277989075817361,-0.13600906843702384,1.918173438643998,0.08418467894168295,0.038745226344127914,0.07349999999917145,0,not_applicable,312.92668120179667,0,0,0.8252018033335079,0.7862394018335469,664,0.5423076923076922,1.5469924859101762,0.19275675211144166,running
Pure Pursuit,56.109999999997406,53.080561763844386,37.17558441330099,2.03719833930489,-6.696457179541961,2.7946382478859166,-0.13631672113657295,2.208889311562289,0.09196992479248309,0.04597676785032956,0.07970000000057098,0,not_applicable,313.1264737664109,0,0,0.8238650647633998,0.808627446242626,684,0.629425393883225,1.4654406822765795,0.2042391938838802,running
Pure Pursuit,56.209999999997386,53.262199265470805,37.076941803640416,2.093379118708837,-6.781987433366771,1.4568135781028069,-0.14234692320852366,2.1828796971151707,0.08551883618178063,0.04904384751840141,0.07360000000034006,0,not_applicable,313.3264408747467,0,0,0.7864539156111889,0.7586449346521127,707,0.729610750695088,1.3735574708330396,0.22148173646210823,running
Pure Pursuit,56.309999999997366,53.443107505223985,36.95793818785515,2.2279325322109305,-6.869628135484635,3.4890801062143684,-0.14532159826918384,2.442287129330274,0.09901162810613888,0.041756636342385356,0.08940000000023929,0,not_applicable,313.5262644719424,0,0,0.8545995988615613,0.7294658536760186,682,0.6207136237256718,1.4451577480554234,0.20295929427763665,running
Pure Pursuit,56.409999999997346,53.619062705892105,36.81896916713557,2.2556678919306568,-6.9622589505137835,0.7192005711195826,-0.150266567890999,2.2998525893228887,0.11120205247178701,0.034639313232806224,0.12320000000087816,0,not_applicable,313.7262315802782,0,0,0.856068646116529,0.6745504812501327,703,0.7121872103799816,1.355677718929131,0.21811666573475305,running
Pure Pursuit,56.509999999997326,53.78694327827137,36.65947892581614,2.3681626557669935,-7.055824065810587,2.9170812715839434,-0.15001287955569825,2.547376019089051,0.08769149088733764,0.12122351378288077,0.08030000000047721,0,not_applicable,314.1258635306438,0,0,0.8633403681827438,0.6644050923490327,681,0.6163577386468955,1.4252357159198816,0.2023310757067991,running
Pure Pursuit,56.60999999999731,53.94520816673709,36.47852522936693,2.4361682178744593,-7.153347324112779,1.7634398688621467,-0.14718622547750385,2.544506642653208,0.049945946057518245,0.11218170740547428,0.11340000000004125,0,not_applicable,314.32530990822215,0,0,0.8601517745152392,0.613088054246376,685,0.6337812789620019,1.3748171473572741,0.20489107222660924,running
Pure Pursuit,56.70999999999729,54.0856132577852,36.28257333116796,2.3991055183204986,-7.254481141724363,-0.42177900272544644,-0.1373236468508529,2.3939903176019146,0.029072821278004587,0.09982971659844875,0.0780000000020209,0,not_applicable,314.52527701655794,0,0,0.8633141156230095,0.589336013844359,704,0.7165430954587584,1.3015920402776662,0.21894209497805303,running
Pure Pursuit,56.80999999999727,54.208869495128155,36.07116933639199,2.489180678784792,-7.342795765438266,2.335722612010467,-0.10432841051563625,2.6326777795215452,0.0661968789662637,0.0760175203025728,0.07679999999865572,0,not_applicable,314.7248967293736,0,0,0.8846728104927616,0.6141004861909712,715,0.7644578313253012,1.287301043218465,0.2239412608755995,running
Pure Pursuit,56.90999999999725,54.32256405318691,35.84132973193224,2.6287476925387643,-7.408393022701144,3.619086862966565,-0.0818067194016296,2.8510893650814486,0.0801273891661949,0.09225919801310845,0.07870000000309574,0,not_applicable,315.1247639541828,0,0,0.8947778270725332,0.6207212243102295,713,0.755746061167748,1.3504557621348654,0.22600293112750477,running
Pure Pursuit,57.00999999999723,54.4310921231865,35.587923752839664,2.8662747167375215,-7.466025635192054,6.159270086502064,-0.06498046756585277,3.2446747011889707,0.03378090811061074,0.05356183308136053,0.08040000000164582,0,not_applicable,315.3247310625186,0,0,0.8404833292023333,0.6136064809084218,728,0.8210843373493977,1.3109365460790736,0.21178185999974475,running
Pure Pursuit,57.10999999999721,54.534631223305034,35.30823901768523,3.0815786317202263,-7.515809027297826,5.583006681168592,-0.04760636851711835,3.4245753848543807,0.1024736694619826,0.006966559914172166,0.07560000000239597,0,not_applicable,315.5246972082232,0,0,0.8237899591442691,0.5836138084528546,743,0.8864226135310473,1.2575700256883284,0.20004771979496722,running
Pure Pursuit,57.20999999999719,54.636054740728746,35.005944034201676,3.279762318303592,-7.540370179195413,5.139065150684496,-0.02112683445934682,3.595485146788676,0.04083333632126874,0.014651677313562317,0.08290000000243936,0,not_applicable,315.92463137884334,0,0,0.8727177627633292,0.5709197866208738,733,0.8428637627432809,1.378154933498313,0.20762130414308752,running
Pure Pursuit,57.30999999999717,54.73946316543566,34.680788793633866,3.5247310926212045,-7.553585808476327,6.352240756062315,-0.007306118865187055,3.9149863939098237,0.05580060827995612,0.02662613657511148,0.0858000000008019,0,not_applicable,316.32456556275804,0,0,0.8431258811654044,0.5342548445867217,716,0.768813716404078,1.482320731220322,0.22293077345441878,running
Pure Pursuit,57.40999999999715,54.84596353508588,34.32984426351191,3.7891193883227325,-7.567195579868158,6.855804834960764,-0.0003575645251461845,4.210311576117281,0.08169366669627763,0.03908716286088154,0.09400000000070463,0,not_applicable,316.72449974911524,0,0,0.8564056215195978,0.4969353333487147,343,-0.8559314179796107,1.3534253934907052,0.20524858980469116,running
Pure Pursuit,57.50999999999713,54.956931056772184,33.95238798123684,4.057957148918771,-7.5687692747964315,6.971183100310352,0.011199595377401391,4.486237698353768,0.08610108965377883,0.03953534242526402,0.12469999999709103,0,not_applicable,317.12443393744906,0,0,0.8744424682887427,0.4522146231979276,360,-0.7818813716404078,1.4358556791231933,0.21997807798827249,running
Pure Pursuit,57.60999999999711,55.0780310170966,33.55009368964809,4.323352637991945,-7.5535466762773265,6.881922183191893,0.017648404603524424,4.74614936723796,0.06657713594851271,0.02320459133432351,0.07529999999889014,0,not_applicable,317.5243681283687,0,0,0.8926521412261039,0.4285591958621962,364,-0.7644578313253012,1.4791319670567578,0.2239412608755995,running
Pure Pursuit,57.70999999999709,55.21191745010235,33.12438258054343,4.581422283081169,-7.537911673839386,6.691957054546265,0.01491640786484117,4.992548343446572,0.026061585960634893,0.006477899073582982,0.07109999999954653,0,not_applicable,317.92430232239093,0,0,0.8922813498803897,0.4086899368451736,333,-0.8994902687673771,1.2969887355855216,0.19795406078248537,running
Pure Pursuit,57.80999999999707,55.35974184704892,32.676559911663816,4.830517206626528,-7.522203114414858,6.45923518162979,0.010211478706840435,5.227345801244148,0.055151305106812556,0.010305719767790045,0.0741000000026304,0,not_applicable,318.32423652002194,0,0,0.8955677899497195,0.3873129468327296,366,-0.755746061167748,1.5173725467940131,0.22600293112750477,running
Pure Pursuit,57.90999999999705,55.52213883805432,32.20790842252621,5.070202521323025,-7.506166423537561,6.215236325061904,0.0007566713248853621,5.452040839132718,0.05337627788824012,0.02793732060310372,0.07189999999823726,0,not_applicable,318.9241378300074,0,0,0.8954709219976762,0.3684239207128371,723,0.7993049119555145,1.457017986228241,0.21621722807816315,running
Pure Pursuit,58.00999999999703,55.69864208249782,31.717026181291804,5.341117781699976,-7.504270221302277,7.025054369478347,-0.01031882967295171,5.77270795827086,0.06958465443317272,0.03086883714720834,0.07979999999818688,0,not_applicable,319.32407203604464,0,0,0.8854600458698261,0.33652167047787135,727,0.8167284522706209,1.3807496679146753,0.2126462795560751,running
Pure Pursuit,58.10999999999701,55.88213963454048,31.20134978840591,5.586315632411446,-7.523284995191947,6.358180894389571,-0.015765869937602997,5.9769358711389335,0.022147474036334484,0.012934500343668276,0.07689999999982433,0,not_applicable,319.92397335486936,0,0,0.8715492904164719,0.3256182318317643,708,0.7339666357738648,1.5137207294468906,0.22234991952811328,running
Pure Pursuit,58.20999999999699,56.064925342496615,30.666378529777884,5.710568458947251,-7.543177861525091,3.221977458046732,-0.008839638691467172,5.908513378216119,0.026969156980607197,0.009900062536114973,0.1693000000031475,0,not_applicable,320.5238745787469,0,0,0.8759783774933234,0.314947463106005,725,0.8080166821130677,1.430034461776283,0.2144087504700342,running
Pure Pursuit,58.30999999999697,56.23808319380632,30.135855073854177,5.514446083340268,-7.551249737029333,-2.2319016421138738,0.0009992915116601169,5.487378294735864,0.06146664940882139,0.02550342948358786,0.11149999999915394,0,not_applicable,321.12377553564886,0,0,0.8958722935143366,0.2945784224190169,359,-0.7862372567191844,1.4075231530950583,0.21901940157552577,running
Pure Pursuit,58.40999999999695,56.400054517170254,29.638234981050545,5.0897313880919635,-7.529917445737479,-4.833316049843113,0.021507447018433518,5.031114478355957,0.0643472706329189,0.013633610730826362,0.09350000000196701,0,not_applicable,321.5237088268725,0,0,0.8835530245095193,0.3019219146783849,368,-0.7470342910101946,1.4465943142690394,0.22502164647011183,running
Pure Pursuit,58.50999999999693,56.55933416058768,29.178647073759713,4.7493818606041,-7.480937996055489,-3.873227962601735,0.05147897912595118,4.70240859183179,0.04972123253803626,0.019877677705200547,0.08100000000155205,0,not_applicable,322.1235327758624,0,0,0.8742450057786131,0.3178198834058143,391,-0.6468489341983319,1.4977333681663587,0.20689564634075194,running
Pure Pursuit,58.60999999999691,56.726090088969656,28.770021142285856,4.2348882799788115,-7.3804795495473705,-5.883657620273839,0.09020029752869418,4.161016098576716,0.022701832593134453,0.0034579163303076754,0.0817000000026269,0,not_applicable,322.5232579571445,0,0,0.8527792451888462,0.3247980464687342,363,-0.7688137164040778,1.3316456701370782,0.22293077345441883,running
Pure Pursuit,58.70999999999689,56.914425457949896,28.422427403074423,3.8150976203223865,-7.228256841676531,-4.7772797965123415,0.12805659205859637,3.7571603003275773,0.038344483440081796,0.025825522211921914,0.07599999999996498,0,not_applicable,322.9227762143118,0,0,0.8615549768996076,0.35594354333159733,364,-0.7644578313253012,1.3119052405605025,0.2239412608755995,running
Pure Pursuit,58.80999999999687,57.13406814130009,28.142934655420436,3.4311612346954017,-7.034313820669151,-4.369252854989516,0.16158080905625657,3.378172334823435,0.07278204869183719,0.06337660087412011,0.08880000000033306,0,not_applicable,323.3220567626219,0,0,0.892384337768757,0.39357361300010957,388,-0.6599165894346617,1.395243175195171,0.20897586948035743,running
Pure Pursuit,58.90999999999685,57.37577626368609,27.942405635116224,3.0024517727211824,-6.827372194881621,-4.878777086034596,0.18289759404176031,2.943283526091942,0.046070749848188264,0.17394089684643443,0.0800000000005241,0,not_applicable,323.5220238709577,0,0,0.8993101004821964,0.4400300780501347,363,-0.7688137164040778,1.3080885203381678,0.22293077345441883,running
Pure Pursuit,59.00999999999683,57.62525538000144,27.81620331919421,2.6994792716568448,-6.6414000679762495,-3.447871873609758,0.21068296696555125,2.6576645853602066,0.08084272542046915,0.08910569505490074,0.08260000000248624,0,not_applicable,323.92066106888075,0,0,0.8974765662731785,0.4947587648806436,412,-0.5553753475440222,1.4565274158312622,0.19430327888470372,running
Pure Pursuit,59.10999999999681,57.8489198122402,27.757752071674986,2.088786037118818,-6.452129296661593,-7.0699747420990455,0.22409491155317648,1.9924817974469402,0.07458868501300493,0.09731563208478544,0.10029999999972006,0,not_applicable,324.11745147154426,0,0,0.853603442460106,0.5479472069863267,419,-0.5248841519925858,1.470831733042784,0.19078279873438905,running
Pure Pursuit,59.20999999999679,58.05745328791724,27.746619263697387,2.0916672109445007,-6.318869883035194,0.07471119472994392,0.20633696290637782,2.0962571565918124,0.10024896851892436,0.010500802884276794,0.13039999999975294,0,not_applicable,324.31741857988004,0,0,0.8957855237229642,0.6961068220736184,394,-0.6337812789620019,1.3765302457161297,0.20489107222660924,running
Pure Pursuit,59.30999999999677,58.24135894159774,27.762343237991484,1.7226260525506574,-6.193758602407546,-4.199742965980581,0.20110428728509447,1.6716929143464425,0.09722805585901458,0.058776671034153516,0.0821000000001959,0,not_applicable,324.51449250711136,0,0,0.8216776532745276,0.7165729122816901,406,-0.5815106580166822,1.4500493414687232,0.19757457900687891,running
Pure Pursuit,59.40999999999675,58.41547094036486,27.798674643127445,1.8273723999478664,-6.095201337917844,2.716158493418943,0.1841493323666987,1.9942419018925517,0.09856894442688206,0.12371245570595235,0.07480000000015252,0,not_applicable,324.71445961544714,0,0,0.834793632005655,0.8488305711832067,396,-0.6250695088044487,1.389340422511431,0.20359530110414154,running
Pure Pursuit,59.50999999999673,58.59132120278949,27.851896269067584,1.846930261561532,-6.0005432918726465,0.5071513542484185,0.1731608050140731,1.8780875353727082,0.07421917278710977,0.1587500030388176,0.07469999999898391,0,not_applicable,324.91368801773586,0,0,0.8234661479724729,0.7702634056704142,402,-0.5989341983317886,1.3624484189689827,0.19989419460491284,running
Pure Pursuit,59.60999999999671,58.769236592071024,27.92259607924094,1.9727343378834763,-5.9152358241715035,3.2622026342627297,0.1592746447537145,2.173150524987805,0.06035923454246588,0.16775274486784397,0.07859999999837441,0,not_applicable,325.11365512607165,0,0,0.8166332848205943,0.7610043918709825,377,-0.7078313253012047,1.2851802354387063,0.21730154451353453,running
Pure Pursuit,59.70999999999669,58.951981016701,28.011567663129068,2.084425312120609,-5.8320065424860905,2.896238349600999,0.149640398373606,2.262358172843576,0.027857945166031142,0.16900119356592214,0.07779999999968368,0,not_applicable,325.31342402681656,0,0,0.8552280323469966,0.7659816031333533,415,-0.5423076923076924,1.4870253567224294,0.1927567521114417,running
Pure Pursuit,59.80999999999667,59.138993641462875,28.122253812409,2.2498326180281447,-5.7448838749655105,4.289146781516049,0.1388661871268378,2.5133399902722138,0.015928719542320207,0.1398191246700904,0.07169999999945276,0,not_applicable,325.51339113515235,0,0,0.853300320604971,0.6968264277137377,404,-0.5902224281742354,1.4054672165804147,0.19872007704051406,running
Pure Pursuit,59.90999999999665,59.33047956286032,28.258744840963665,2.439500338102832,-5.652443474607287,4.918239171192287,0.12969510221023495,2.7416565351473734,0.05226808731417491,0.10134397724681499,0.07349999999917145,0,not_applicable,325.7133098086954,0,0,0.857778671389704,0.6394472715830488,365,-0.7601019462465246,1.2676490329822894,0.22496523842325905,running
Pure Pursuit,60.00999999999663,59.52473680658327,28.423278786511574,2.6372648377515167,-5.564637627263736,5.128195290481652,0.11654918071262411,2.9523198671509974,0.10442247703690113,0.07305104108512062,0.12299999999854094,0,not_applicable,326.11323838796824,0,0,0.8425787410020656,0.6213590494964055,363,-0.7688137164040778,1.312394802099935,0.22293077345441883,running
Pure Pursuit,60.10999999999661,59.72326056779703,28.618134121675542,2.9059668744668707,-5.484248600569218,6.967663669032391,0.10859703403847289,3.3340312046547558,0.04335405827974937,0.02516839547562455,0.08590000000197051,0,not_applicable,326.31319533600674,0,0,0.8647576192844312,0.561739845018801,402,-0.5989341983317886,1.4234840465305252,0.19989419460491284,running
Pure Pursuit,60.20999999999659,59.92156352337033,28.845195802499095,3.108707493232964,-5.397652983185252,5.257230130749271,0.10441740236243328,3.431689887541798,0.08686131623537349,0.025207168586601547,0.07609999999758088,0,not_applicable,326.5131624443425,0,0,0.8520157244720896,0.5249077072668236,379,-0.6991195551436515,1.3832294284670366,0.2157016455530536,running
Pure Pursuit,60.30999999999657,60.1084366397352,29.095667791372684,3.140097068372743,-5.317646254608411,0.8139573669085554,0.09227567837733357,3.1901032299238197,0.03779598395075255,0.0023944094990939746,0.11299999999891952,0,not_applicable,326.9130027411382,0,0,0.8704653190721856,0.48436289339438077,383,-0.6816960148285449,1.381836183961273,0.21261932153731194,running
Pure Pursuit,60.40999999999655,60.27767983491264,29.359176691947347,3.128510635988653,-5.24709762457097,-0.1318553142356027,0.08763695720422626,3.1269115369491827,0.10408201560020201,0.016844567644313635,0.09379999999836741,0,not_applicable,327.11281300919507,0,0,0.8596860352817224,0.4874597055854732,355,-0.803660797034291,1.2777089362485199,0.21530714918272373,running
Pure Pursuit,60.50999999999653,60.42653337089115,29.63154679633874,3.092357173898967,-5.176285691382414,-0.4114317459001793,0.0739799837121925,3.0873674613986353,0.03850532910689305,0.0025468576517377883,0.08740000000173609,0,not_applicable,327.51263457241447,0,0,0.8877347637799665,0.5100213550942176,359,-0.7862372567191844,1.3463369803899317,0.21901940157552577,running
Pure Pursuit,60.60999999999651,60.560110517064686,29.918737106018597,3.231858015069452,-5.121618247884701,3.6173709537330856,0.052829249380680995,3.4540942692722756,0.08869819614340722,0.010187809541595705,0.0780000000020209,0,not_applicable,327.9125117812936,0,0,0.8533861729622401,0.5227422918663125,342,-0.8602873030583875,1.2587943961536712,0.20447740104668094,running
Pure Pursuit,60.70999999999649,60.68762936798634,30.228185427927446,3.4453663785722237,-5.081741277015452,5.536446562140314,0.04065921997159038,3.785502671283483,0.06847764878700029,0.007195416024242007,0.0743000000014149,0,not_applicable,328.11247888962936,0,0,0.8510685628387807,0.5196457524234901,367,-0.7513901760889712,1.453156439783863,0.22593517874601313,running
Pure Pursuit,60.80999999999647,60.811807224530234,30.560595310611355,3.6364226512621194,-5.055428214643863,4.954245476644199,0.02490922360628695,3.9407909262366436,0.04133329058737243,0.009724235909462031,0.08349999999879287,0,not_applicable,328.51239602888853,0,0,0.8610423104535351,0.4853585066177669,353,-0.8123725671918443,1.3636504009359578,0.21352185245425553,running
Pure Pursuit,60.90999999999645,60.93694032239663,30.915257578486177,3.8669907746533285,-5.041505380705461,5.978820094660291,0.014338538184960734,4.2343046607281485,0.03988054903861942,0.017238521827267483,0.14189999999913994,0,not_applicable,328.9123291102418,0,0,0.8574884406794411,0.463514771330672,361,-0.7775254865616312,1.4221491038223655,0.22094939445953415,running
Pure Pursuit,61.00999999999643,61.06454065722989,31.29442407316662,4.114484387825611,-5.027212200993226,6.417711893434017,0.01213049735968497,4.50876196399673,0.032752600150788215,0.026670212926451775,0.10149999999953252,0,not_applicable,329.3122629398027,0,0,0.8548776599751211,0.44567416309178876,366,-0.755746061167748,1.4802376517229465,0.22600293112750477,running
Pure Pursuit,61.10999999999641,61.194496587432305,31.699113408178544,4.366293333345941,-5.01234171411407,6.529611992104094,0.006115936527547114,4.76744558703602,0.019296004971026317,0.033277559033864534,0.08499999999855845,0,not_applicable,329.7121958740233,0,0,0.8917167422931913,0.430253552259241,714,0.7601019462465248,1.5079974494323167,0.22496523842325897,running
Pure Pursuit,61.20999999999639,61.32604643327802,32.12954952614536,4.6156120349876995,-4.997022649069365,6.465037930768833,0.0010603170406523657,5.012797126422824,0.05886196784163912,0.03695779441778768,0.07319999999921833,0,not_applicable,330.11212743744755,0,0,0.87085335754809,0.39780929631168804,736,0.8559314179796109,1.343847433701422,0.20524858980469113,running
Pure Pursuit,61.30999999999637,61.45992298219899,32.58498400415301,4.858980737634006,-4.995033262042879,6.31074958841694,-0.0034297682678433744,5.246686993829393,0.06704028219889305,0.01698884789023314,0.07550000000122736,0,not_applicable,330.7120195059095,0,0,0.8756654791979276,0.3786586942076621,366,-0.755746061167748,1.4979395050488797,0.22600293112750477,running
Pure Pursuit,61.40999999999635,61.603240532213015,33.0649376832571,5.13671350469628,-5.012508861078633,7.201837896039542,-0.0006115853838051324,5.57916452723796,0.035862853187000464,0.0161185266253856,0.06989999999973406,0,not_applicable,331.1119492246691,0,0,0.8624695726780405,0.34907971432670004,354,-0.8080166821130677,1.386350650769152,0.2144087504700342,running
Pure Pursuit,61.50999999999633,61.75856939679452,33.56882065228097,5.388732988324715,-5.015594448870246,6.535071417513416,0.01800637212686186,5.790220646447621,0.03837311574804465,0.04300743293736531,0.07409999999907768,0,not_applicable,331.71184670032005,0,0,0.8578446783661379,0.3207335225740114,366,-0.755746061167748,1.4249994538150295,0.22600293112750477,running
Pure Pursuit,61.60999999999631,61.9174284594903,34.09906658217747,5.660371604238396,-4.979134295163892,7.043811570408733,0.03695902521256732,6.093114145365588,0.0895282608401277,0.03012464172582341,0.07120000000071514,0,not_applicable,332.3117427941103,0,0,0.8385793213768775,0.30553646081534497,375,-0.7165430954587582,1.4605015236503731,0.21894209497805295,running
Pure Pursuit,61.70999999999629,62.06659200574786,34.66061402480127,5.9385252831054345,-4.925304611359914,7.21275248353491,0.03787306408400186,6.381646852591887,0.10509602700070689,0.0076558269557231995,0.08259999999893353,0,not_applicable,332.7116759095731,0,0,0.8297989794271464,0.28850964050454503,355,-0.803660797034291,1.3487829968170408,0.21530714918272373,running
Pure Pursuit,61.80999999999627,62.19941558830031,35.25281268756185,6.180877314011232,-4.891483538512605,6.28438645832583,0.028901076574129318,6.5669639289380175,0.11395962599083793,0.00861719030615049,0.09780000000247924,0,not_applicable,333.5115428545922,0,0,0.8461008536285438,0.2712528582913846,338,-0.8777108433734939,1.2306767249018813,0.20148754432673713,running
Pure Pursuit,61.90999999999625,62.32066935623699,35.87462517940956,6.466967238544695,-4.879970841766701,7.418545827249128,0.028555247452602784,6.922731896736145,0.09265122433535003,0.004430034163730667,0.16839999999973543,0,not_applicable,334.1114380657417,0,0,0.814290287212261,0.26336827745616087,362,-0.7731696014828544,1.3869846322167163,0.22193355627601147,running
Pure Pursuit,62.00999999999623,62.432675880566926,36.52655719126758,6.741168415293434,-4.84775172813416,7.110260869596718,0.04034049625138232,7.177993325504366,0.07607797462408988,0.002927002955072311,0.0764999999987026,0,not_applicable,334.7113350195151,0,0,0.8310634390260171,0.2497934127833596,370,-0.7383225208526414,1.4179811058104623,0.22322918788849236,running
Pure Pursuit,62.10999999999621,62.524151451721444,37.197355546921415,6.795655003566424,-4.782249003503132,1.4128818158583645,0.04529996533812986,6.882456596879271,0.10634080451256683,0.04447014224725976,0.07709999999860884,0,not_applicable,335.3112259874524,0,0,0.7659664117564953,0.2501182513732801,368,-0.7470342910101946,1.4621174573532916,0.22502164647011183,running
Pure Pursuit,62.20999999999619,62.58184337839361,37.85855487989166,6.5573835188071,-4.712350012842093,-2.711564738380172,0.022811564575094513,6.524498529728406,0.10342458725060324,0.08284242841443579,0.08529999999851157,0,not_applicable,336.11108311762644,0,0,0.8217940136468048,0.25305076433972684,362,-0.7731696014828544,1.4526850032496932,0.22193355627601147,running
Pure Pursuit,62.30999999999617,62.60421815035374,38.48259437605893,6.081278932183984,-4.665786424381013,-5.432149126707637,-0.0011436182551834437,6.014168606136336,0.07080877001097402,0.10613397100132271,0.07899999999949614,0,not_applicable,336.71097885254744,0,0,0.8245745207721582,0.2686351076975937,720,0.7862372567191844,1.463573092286404,0.21901940157552577,running
Pure Pursuit,62.40999999999615,62.60132901961095,39.062739766516565,5.659235485199295,-4.662669237996847,-4.802916849509105,-0.022662328667136546,5.600987247233074,0.07262749360392305,0.08689773509784349,0.07640000000108671,0,not_applicable,337.3108698208009,0,0,0.8351593882378424,0.2852065257830864,719,0.781881371640408,1.450704002490342,0.21997807798827246,running
Pure Pursuit,62.50999999999613,62.58781322740365,39.59917453213782,5.2160999718529775,-4.678069502813608,-5.044386514104682,-0.0211184921078859,5.154796833788827,0.0665216807089831,0.0546947179773003,0.08899999999911756,0,not_applicable,337.7107977985418,0,0,0.888919139886786,0.30799955780553384,733,0.8428637627432809,1.3673152910398283,0.20762130414308752,running
Pure Pursuit,62.60999999999611,62.57587388621879,40.09843344352651,4.880789794670494,-4.702357264142658,-3.8158794107755867,-0.0005959459223500195,4.834512030775419,0.040790587681953594,0.013767503807379455,0.09500000000173259,0,not_applicable,338.3106848954913,0,0,0.8982190267976435,0.3229529786390699,383,-0.6816960148285449,1.5206849867439047,0.21261932153731194,running
Pure Pursuit,62.70999999999609,62.568900236465225,40.55383791561812,4.3809746205610995,-4.700835596641606,-5.711018941240766,0.03496987179043446,4.309687900546417,0.02418090689751318,0.055894078115926504,0.07640000000108671,0,not_applicable,338.7105941143243,0,0,0.8977492713046438,0.33283843000509583,360,-0.7818813716404078,1.3727158801784338,0.21997807798827249,running
Pure Pursuit,62.80999999999607,62.55201938721524,40.96476958133252,3.9767724893475074,-4.623810916686091,-4.5998800371936,0.08331613874748478,3.9209866168417395,0.035001782626761846,0.033630083616505324,0.0704000000020244,0,not_applicable,339.110495592823,0,0,0.8680037298725466,0.34778313656745996,389,-0.6555607043558851,1.4160641720081075,0.2082738731989199,running
Pure Pursuit,62.90999999999605,62.50678188603957,41.33108688382054,3.5483825530227344,-4.496712582468843,-4.8751408368840865,0.10888519087791401,3.4892584056590987,0.02404765726816859,0.02131319255820152,0.07730000000094606,0,not_applicable,339.51039639437823,0,0,0.8857312069831145,0.3884373557354725,358,-0.790593141797961,1.3046709736713231,0.21807316453493358,running
Pure Pursuit,63.00999999999603,62.42614428818054,41.6437097947184,3.0644409725465356,-4.356018454129712,-5.524323182857498,0.11441603150487885,2.9959502347369846,0.07998185558405747,0.047972154838529235,0.08090000000038344,0,not_applicable,339.9102885270802,0,0,0.8837000746500925,0.4335964557698991,392,-0.6424930491195551,1.4380020271493517,0.20621919386478796,running
Pure Pursuit,63.10999999999601,62.321890546606234,41.89241793471121,2.4905178432875226,-4.232199551601941,-6.609891325037887,0.10011963182675429,2.403451840042747,0.010232747780831714,0.09652262628528874,0.11390000000233158,0,not_applicable,340.11021388346006,0,0,0.8678360113779631,0.5224954522346494,383,-0.6816960148285449,1.45592558167562,0.21261932153731194,running
Pure Pursuit,63.20999999999599,62.19871761456956,42.10656798865105,2.461332043841268,-4.162503710003742,-0.3321387144577459,0.07528778071231948,2.457303971841748,0.0462922626832006,0.07010298260008696,0.07719999999977745,0,not_applicable,340.31001746280367,0,0,0.8697474729469566,0.6607641125535082,371,-0.7339666357738648,1.4442795659315217,0.22234991952811328,running
Pure Pursuit,63.30999999999597,62.074109844089676,42.294513876628606,2.1500692539417963,-4.1150096328460215,-3.5422165867383226,0.0625946513465098,2.1071103851674358,0.07078416684712005,0.01925715407896167,0.0761000000011336,0,not_applicable,340.50998457113946,0,0,0.8815735618067191,0.6710301353770864,365,-0.7601019462465246,1.4220086658159445,0.22496523842325905,running
Pure Pursuit,63.409999999995954,61.94581566596726,42.47283617014142,2.2367381518502527,-4.084785809125431,2.247395436870243,0.05579631681475276,2.3748087976288206,0.09215236045893126,0.015788621334374753,0.07960000000295508,0,not_applicable,340.70976176582064,0,0,0.8587419612035442,0.7819151269832856,373,-0.7252548656163114,1.4786963261919832,0.22062447658991918,running
Pure Pursuit,63.509999999995934,61.804877382360694,42.65654446149312,2.3826230522952847,-4.053995174124271,3.782914834278124,0.05543085922239166,2.615029635278065,0.08045526920811151,0.07070252147587386,0.07310000000160244,0,not_applicable,341.1096602199509,0,0,0.8821958088922415,0.7358836300612727,394,-0.6337812789620019,1.531211093924427,0.20489107222660924,running
Pure Pursuit,63.609999999995914,61.6456056217381,42.85174001793529,2.635891985354745,-4.021970454872879,6.567470663582666,0.05407112894646492,3.0393701186535513,0.02753306283317452,0.061582305353986566,0.09299999999967667,0,not_applicable,341.3096273282867,0,0,0.8570088408168168,0.6586643383031464,361,-0.7775254865616312,1.3393484069825772,0.22094939445953415,running
Pure Pursuit,63.709999999995894,61.464635605811445,43.06008281787024,2.8652836536936244,-3.987490350756927,5.9483136525559654,0.052553789403206194,3.2307233506103414,0.04964873614150318,0.040132797769362405,0.09879999999995448,0,not_applicable,341.50958210710195,0,0,0.8664034043115852,0.6039352245966598,376,-0.7121872103799816,1.4230865515407862,0.21811666573475305,running
Pure Pursuit,63.809999999995874,61.26197849068911,43.27840879995149,3.0758691229803636,-3.9507241007826646,5.460653523552188,0.04400035665968399,3.411349006048843,0.05838010514169815,0.02803394181620389,0.07689999999982433,0,not_applicable,341.9095055477005,0,0,0.8865780128018449,0.5660769876712555,356,-0.7993049119555145,1.3470638866886788,0.21621722807816315,running
Pure Pursuit,63.909999999995854,61.03513096124171,43.50628361421765,3.3345221026713037,-3.912593850924383,6.707083398064011,0.03849042618380597,3.7465774627867647,0.07158031948586199,0.0013684802383573391,0.09919999999752349,0,not_applicable,342.1094726560363,0,0,0.8582583987989896,0.5396444605375227,352,-0.8167284522706209,1.3490130263392395,0.2126462795560751,running
Pure Pursuit,64.00999999999584,60.784304529489276,43.743589803229256,3.553910656590953,-3.8870387001715745,5.6889247109311025,0.025604855110396653,3.903414573764414,0.028162055536043278,0.00480477444835925,0.0761000000011336,0,not_applicable,342.50939821733454,0,0,0.8592268870787189,0.4899532716226165,355,-0.803660797034291,1.3492606854573208,0.21530714918272373,running
Pure Pursuit,64.10999999999589,60.51214857432962,43.99252642705822,3.802895003387654,-3.8733002221634507,6.456367836061152,0.017834427480046863,4.199547440197068,0.03192604381931749,0.0026626922734314107,0.10190000000065425,0,not_applicable,342.9093261054216,0,0,0.9125414633083989,0.48941379652800693,358,-0.790593141797961,1.4415614172481335,0.21807316453493358,running
Pure Pursuit,64.20999999999594,60.21749935021765,44.25455710505897,4.062523497796561,-3.859164789428238,6.732379292885193,0.01818702845506931,4.476132932676173,0.03541409431481833,0.0044237707852063934,0.07390000000029318,0,not_applicable,343.3092561995598,0,0,0.8336665336465279,0.44379941673289425,355,-0.803660797034291,1.386714808211414,0.21530714918272373,running
Pure Pursuit,64.309999999996,59.89966093515638,44.52954822894163,4.3224740388050575,-3.844434925663219,6.740730224717062,0.01403804749668307,4.736596520268267,0.023231543969337867,0.01028012303131387,0.07739999999856195,0,not_applicable,343.70918813488987,0,0,0.8825228391446905,0.4299846270340603,374,-0.7208989805375348,1.5320132564884044,0.2197779812188762,running
Pure Pursuit,64.40999999999605,59.55833639336162,44.81664058258906,4.577380166599019,-3.829228352928754,6.609924462631449,0.007751948368911976,4.9834664850682024,0.04416685463184219,0.020105565990084173,0.07859999999837441,0,not_applicable,344.1091213971123,0,0,0.8576357929427034,0.410427515493313,714,0.7601019462465248,1.5107448603301628,0.22496523842325897,running
Pure Pursuit,64.5099999999961,59.19463636352143,45.11605849057806,4.824688932691698,-3.8272644521963977,6.412918657414544,-0.002803538991809691,5.218672032340473,0.08905220093695536,0.020185073923989272,0.07169999999945276,0,not_applicable,344.7090225192934,0,0,0.8870117060353794,0.368836184937828,713,0.755746061167748,1.4546827646453577,0.22600293112750477,running
Pure Pursuit,64.60999999999615,58.81184151647609,45.43402853131359,5.105491172592799,-3.8446091648181255,7.2814318382500876,-0.007246548299030316,5.552832116516707,0.009688551949152215,0.0039271855524307675,0.07859999999837441,0,not_applicable,345.1089567072844,0,0,0.8908836645198316,0.3599396764596303,706,0.7252548656163116,1.5201727622035204,0.2206244765899192,running
Pure Pursuit,64.7099999999962,58.412700252518704,45.773958188589624,5.359769119313234,-3.8617957146728243,6.593635213405449,-0.0016034100146267553,5.764854693933344,0.06651208461752967,0.01164415858433454,0.08730000000056748,0,not_applicable,345.70885801353893,0,0,0.863847606100979,0.34433534446920133,352,-0.8167284522706209,1.4161905611105317,0.2126462795560751,running
Pure Pursuit,64.80999999999625,57.99755153744731,46.13586120528152,5.633284232427555,-3.8638416827133457,7.0924706782061975,0.006341156925779373,6.069016187133854,0.08456417414333599,0.01283396934564296,0.08250000000131763,0,not_applicable,346.1087922196996,0,0,0.8680140239175463,0.315265133857532,361,-0.7775254865616312,1.4251513021823492,0.22094939445953415,running
Pure Pursuit,64.9099999999963,57.56197145584488,46.513443390548474,5.876356396220402,-3.84402040271817,6.303060093313126,0.008357114564005327,6.263590241758868,0.061504980831348734,0.007959680273580627,0.11039999999695738,0,not_applicable,346.70869353863725,0,0,0.8908188291953272,0.3128458202352736,360,-0.7818813716404078,1.470522110603624,0.21997807798827249,running
Pure Pursuit,65.00999999999635,57.10380725072955,46.90325153768036,6.134064217953926,-3.840133340648357,6.682574678882425,-0.0009561883268549141,6.544613864108644,0.06274370865902469,0.012396801673777436,0.09050000000243585,0,not_applicable,347.3085948630338,0,0,0.9106883484725665,0.2957222435224515,710,0.742678405931418,1.5042646557164945,0.2241197071405647,running
Pure Pursuit,65.1099999999964,56.62665902641712,47.31088967019984,6.396297827494201,-3.8609290630884,6.799932059795157,-0.004210501825900603,6.814057423933442,0.0902197244125229,0.008212859112784354,0.10639999999995098,0,not_applicable,347.9084961879729,0,0,0.885802201671158,0.2820123634356145,372,-0.729610750695088,1.5109944254365217,0.22148173646210823,running
Pure Pursuit,65.20999999999646,56.133488317714104,47.740006841799996,6.657356533709184,-3.865287439257613,6.769465855242647,0.005319485322610827,7.0732444130184655,0.05629895662640324,0.012830045956139458,0.08139999999912106,0,not_applicable,348.70836462075187,0,0,0.8560469742642496,0.2742850873622811,347,-0.8385078776645043,1.3813832857463366,0.2084324073070941,running
Pure Pursuit,65.3099999999965,55.618937736633,48.186555428127406,6.94557400718269,-3.843376959313506,7.473714912064526,0.009395158622325697,7.404728024915636,0.02688965224203442,0.008846091141045953,0.0762999999999181,0,not_applicable,349.30826594475354,0,0,0.8532912192129855,0.2672264332369239,358,-0.790593141797961,1.4694794196148173,0.21807316453493358,running
Pure Pursuit,65.40999999999656,55.07927749328557,48.64654392666157,7.214882491422599,-3.8386393476108047,6.983389349550748,-0.0010596587747323941,7.6439129421377645,0.06559212659734129,0.013297259645810744,0.1068000000010727,0,not_applicable,350.1081343771828,0,0,0.8460283612029931,0.2543875798808899,712,0.7513901760889712,1.5170571245159998,0.22593517874601313,running
Pure Pursuit,65.50999999999661,54.518832413419645,49.12489563837862,7.499007669103817,-3.8619072327098416,7.367598333777963,-0.004577228876399923,7.951642324800395,0.07161538429416335,0.010165256522575827,0.11909999999915044,0,not_applicable,350.7080357017982,0,0,0.859140275193117,0.2434910157714906,347,-0.8385078776645043,1.3829544047078852,0.2084324073070941,running
Pure Pursuit,65.60999999999666,53.944920645189384,49.623625526789965,7.692211110149461,-3.868147016746713,5.009923308961826,0.0061927607896021175,8.0,0.03274412525497688,0.016632680308103165,0.0821000000001959,0,not_applicable,351.5079041345213,0,0,0.861549660176122,0.22908090795890607,342,-0.8602873030583875,1.3249122622736889,0.20447740104668094,running
Pure Pursuit,65.70999999999671,53.359595849867915,50.13254242279982,7.810907283658483,-3.8427303144399314,3.0778888985053943,0.010539731208242142,8.0,0.013811436541292622,0.008589655595704127,0.07659999999987122,0,not_applicable,352.3077725674645,0,0,0.8587275818005147,0.22971420492061684,367,-0.7513901760889712,1.5171611795453395,0.22593517874601313,running
Pure Pursuit,65.80999999999676,52.762479194560186,50.642168416091614,7.883829285096105,-3.83304219129631,1.8909271634151725,-0.00011451414866265709,8.0,0.011427142993635423,0.018117018742794144,0.0762999999999181,0,not_applicable,353.1076410006018,0,0,0.890301044136717,0.22483431165416606,713,0.755746061167748,1.504066034148457,0.22600293112750477,running
Pure Pursuit,65.90999999999681,52.159970671219675,51.15437000363242,7.928629535487196,-3.858922258721776,1.1617071490389463,-0.005796367084012776,8.0,0.01693678321580022,0.007890566420136746,0.0764999999987026,0,not_applicable,353.90750943387854,0,0,0.908458306343146,0.22230658292717026,362,-0.7731696014828544,1.476289850895136,0.22193355627601147,running
Pure Pursuit,66.00999999999686,51.55906084122549,51.67388421397608,7.9561529494848395,-3.8705229490977016,0.7137046451280415,0.006582632121809684,8.0,0.023060173116224526,0.019585298347020164,0.07890000000188024,0,not_applicable,354.7073778671957,0,0,0.8880044501391746,0.21281420204629808,367,-0.7513901760889712,1.4589319778677674,0.22593517874601313,running
Pure Pursuit,66.10999999999692,50.95772194568285,52.1962328384547,7.973062192434882,-3.844924480950895,0.4384705051516047,0.014075776103409876,8.0,0.028006389594249673,0.005952543663102272,0.1296999999986781,0,not_applicable,355.50724630051775,0,0,0.8604488068337726,0.2172230636319274,714,0.7601019462465248,1.4775488758965007,0.22496523842325897,running
Pure Pursuit,66.20999999999697,50.34989053377664,52.71306831016864,7.9834505293311695,-3.814666206584145,0.269378075651181,0.002318216485867582,8.0,0.028477935140282067,0.03618359227878987,0.0819000000014114,0,not_applicable,356.30711473385594,0,0,0.8895721215115993,0.21110405545294952,733,0.8428637627432809,1.3274646529929777,0.20762130414308752,running
Pure Pursuit,66.30999999999702,49.73267238761561,53.21995788385193,7.989832692257661,-3.804822234491702,0.16549470668830502,-0.015588159282220824,8.0,0.029670579428989246,0.04603372285973073,0.07929999999944926,0,not_applicable,357.1069831671969,0,0,0.8716517521586276,0.21038495847597688,731,0.8341519925857277,1.3376179220420432,0.20925385860619153,running
Pure Pursuit,66.40999999999707,49.111914026946465,53.72331787933045,7.993753628209867,-3.8322700675875017,0.10167307742339204,-0.028450776837546234,8.0,0.04258915976964575,0.01862556346094868,0.12279999999975644,0,not_applicable,357.90685160051663,0,0,0.8535170543155932,0.22064167063839535,754,0.9343373493975906,1.2405131011337707,0.19273682890371127,running
Pure Pursuit,66.50999999999712,48.49564871978257,54.23264346003626,7.996162488484725,-3.863723057388683,0.062463717901328764,-0.023470890655404662,8.0,0.054639477952267396,0.012754475483198302,0.10139999999836391,0,not_applicable,358.70672003379576,0,0,0.8540355507632964,0.21592226253368096,715,0.7644578313253012,1.4697162889160944,0.2239412608755995,running
Pure Pursuit,66.60999999999717,47.88938242695657,54.754110656841426,7.997642392235901,-3.892268250248303,0.03837511515275338,-0.013132943302038949,8.0,0.054132176989776196,0.04119328646603693,0.0762999999999181,0,not_applicable,359.50658846703294,0,0,0.8628748592241475,0.22258560837785865,353,-0.8123725671918443,1.4376503778987852,0.21352185245425553,running
Pure Pursuit,66.70999999999722,47.294222467263346,55.28840666644834,7.9985515836637315,-3.90049168741122,0.023576077640994342,0.002437440336651612,8.0,0.04089671883730897,0.049276709631899784,0.07589999999879637,0,not_applicable,360.3064569002598,0,0,0.8866951816615988,0.21795729029572458,359,-0.7862372567191844,1.4505739818339025,0.21901940157552577,running
Pure Pursuit,66.80999999999727,46.70310536400899,55.827291375311525,7.999110153132715,-3.872188172454703,0.014484163362684654,0.014439337380172883,8.0,0.030958120405666336,0.020797902261978418,0.07379999999912457,0,not_applicable,361.10632533355687,0,0,0.8994353977302729,0.21759352677447635,379,-0.6991195551436515,1.5478449192738921,0.2157016455530536,running
Pure Pursuit,66.90999999999732,46.107143475964264,56.360867387617795,7.999453315025944,-3.840333966203931,0.008898468672846604,0.00943821328237097,8.0,0.03327663853072813,0.011264176187114394,0.07279999999809661,0,not_applicable,361.90619376676085,0,0,0.8650011130764181,0.21725084236438694,714,0.7601019462465248,1.4844729260971434,0.22496523842325897,running
Pure Pursuit,67.00999999999738,45.50216344991754,56.88424064060281,7.9996641394470815,-3.8297531678186636,0.005466849740560775,-0.000686423504255501,8.0,0.03420784973544273,0.022083189489898736,0.07210000000057448,0,not_applicable,362.7060621997018,0,0,0.9045507717490473,0.21121341515544834,721,0.7905931417979613,1.4065723742179301,0.21807316453493353,running
Pure Pursuit,67.10999999999743,44.89375726916595,57.403662416228705,7.999793661219239,-3.8570992631802477,0.003358605529184544,-0.005409335573103583,8.0,0.03292879772367135,0.005040186362032184,0.07659999999987122,0,not_applicable,363.5059306325466,0,0,0.8917889562596055,0.21143009436260102,348,-0.8341519925857275,1.3455263127185906,0.20925385860619156,running
Pure Pursuit,67.20999999999748,44.28870815536189,57.9270043840071,7.999873234019071,-3.870560329491336,0.0020633878076115053,0.007877230186061939,8.0,0.03362799802395774,0.01832140460374232,0.07420000000024629,0,not_applicable,364.30579906550287,0,0,0.8661871150163742,0.20986619904281006,353,-0.8123725671918443,1.3682230305647185,0.21352185245425553,running
Pure Pursuit,67.30999999999753,43.6848017206731,58.45167574460326,7.999922120243895,-3.8454822723547752,0.0012676598092919988,0.01591409479597437,8.0,0.03522411303966961,0.00689320215921807,0.08099999999799934,0,not_applicable,365.1056674986054,0,0,0.8656086469331776,0.21919598174264254,359,-0.7862372567191844,1.4579186124599977,0.21901940157552577,running
Pure Pursuit,67.40999999999758,43.07550606252554,58.97007219079858,7.999952153910957,-3.814857467152524,0.0007787975610540343,0.004004517590738261,8.0,0.03301405614529838,0.0376114208511682,0.09179999999986421,0,not_applicable,365.90553593183506,0,0,0.8675669340935973,0.21820146770215373,710,0.742678405931418,1.5100293515663634,0.2241197071405647,running
Pure Pursuit,67.50999999999763,42.45741119650982,59.477952516281356,7.99997060534918,-3.8045914244852277,0.00047846089042735684,-0.01451197747444446,8.0,0.030892416721037926,0.047927635253731005,0.08240000000014902,0,not_applicable,366.70540436514517,0,0,0.8612202098222632,0.20579317211886014,742,0.8820667284522705,1.2471030136216876,0.20076314597215372,running
Pure Pursuit,67.60999999999768,41.836051861542515,59.98184580579928,7.99998194114683,-3.831972459688134,0.00029394650820080415,-0.028071005444616163,8.0,0.04221530430399818,0.020553620906261116,0.11169999999793845,0,not_applicable,367.5052727984857,0,0,0.8183702540864146,0.211176447187802,727,0.8167284522706209,1.3692292969149036,0.2126462795560751,running
Pure Pursuit,67.70999999999773,41.219347916418094,60.49141483953111,7.999988905390309,-3.8635563605440515,0.00018058853170188627,-0.02366628231497387,8.0,0.05473763205053745,0.011066567373118286,0.13279999999937786,0,not_applicable,368.3051412318253,0,0,0.8331225366433763,0.21218499694013657,713,0.755746061167748,1.4613582938688363,0.22600293112750477,running
Pure Pursuit,67.80999999999779,40.612777853818685,61.01299337306217,7.999993183932389,-3.8922381190825734,0.0001109460969139775,-0.013782030755060884,8.0,0.055111956793476136,0.039827618428669,0.0762999999999181,0,not_applicable,369.10500966512797,0,0,0.8383825083426111,0.21909491307969897,718,0.7775254865616312,1.4700544447508643,0.22094939445953415,running
Pure Pursuit,67.90999999999784,40.01742993171655,61.54735850929406,7.999995812491024,-3.9005349723168017,6.816067610770915e-05,0.0014261962090633237,8.0,0.04236978973112208,0.04824711765542711,0.07839999999958991,0,not_applicable,369.9048780983267,0,0,0.8911518506883197,0.2165427939178968,365,-0.7601019462465246,1.480506613827483,0.22496523842325905,running
Pure Pursuit,68.00999999999789,39.42621156211335,62.08630186706338,7.999997427368325,-3.872234760184109,4.1875089760168294e-05,0.013176356431990785,8.0,0.03146825674142979,0.020112678973635667,0.08090000000038344,0,not_applicable,370.7047465313516,0,0,0.8847281297700946,0.21476796784683688,364,-0.7644578313253012,1.4640241277879515,0.2239412608755995,running
Pure Pursuit,68.10999999999794,38.83020012201298,62.619927879372,7.999998419481899,-3.840355710968541,2.5726316748020395e-05,0.008058571228281656,8.0,0.03222562816010967,0.011557248749206384,0.12189999999989709,0,not_applicable,371.5046149641515,0,0,0.8624648874510191,0.2199878511105694,335,-0.8907784986098239,1.305979793364419,0.19934114321212795,running
Pure Pursuit,68.20999999999799,38.22519454880239,63.14333756459435,7.999999028995293,-3.829754450902803,1.580518101285122e-05,-0.0020149920527049872,8.0,0.03289496110423466,0.021906500108058946,0.07969999999701827,0,not_applicable,372.3044833967236,0,0,0.8615600795374402,0.2180719707829618,346,-0.8428637627432809,1.3683355008305218,0.20762130414308752,running
Pure Pursuit,68.30999999999804,37.61677253660959,63.6627816332461,7.999999403455019,-3.857095982415296,9.710047068622885e-06,-0.006501998909921863,8.0,0.03193431022634535,0.005730552643198994,0.1318999999995185,0,not_applicable,373.1043518291255,0,0,0.8586604906407069,0.21674189231096017,356,-0.7993049119555145,1.4251256185243806,0.21621722807816315,running
Pure Pursuit,68.40999999999809,37.011712639614245,64.18613603680546,7.999999633507529,-3.870560055351753,5.965449814127055e-06,0.007209222169895039,8.0,0.03273473731593859,0.01953311255456347,0.07699999999744023,0,not_applicable,373.9042202615158,0,0,0.8677008578167038,0.21520077065280468,360,-0.7818813716404078,1.4416110434761673,0.21997807798827249,running
Pure Pursuit,68.50999999999814,36.407799332038,64.71081474545349,7.99999977484224,-3.8454834121389476,3.664924710378159e-06,0.015854221626641733,8.0,0.03469946602115166,0.005161822077888623,0.0895999999990238,0,not_applicable,374.7040886941634,0,0,0.8642069975639669,0.22150549927960503,367,-0.7513901760889712,1.5208395476427083,0.22593517874601313,running
Pure Pursuit,68.6099999999982,35.79849961529873,65.22921590901184,7.9999998616724195,-3.814857805680548,2.2515775999210064e-06,0.004731233047470778,8.0,0.03320336638101668,0.035356124902532926,0.08089999999683073,0,not_applicable,375.5039571272795,0,0,0.8644988191122622,0.21894734207164246,695,0.6773401297497683,1.576776944151904,0.21187243445594103,running
Pure Pursuit,68.70999999999825,35.180402252734574,65.73709914494216,7.999999915017277,-3.8045906913273613,1.383275805011408e-06,-0.012819295797320369,8.0,0.030420332275125424,0.045153940161922534,0.07900000000304885,0,not_applicable,376.3038255596482,0,0,0.9067334203522858,0.21045192201848906,728,0.8210843373493977,1.3590444947241909,0.21178185999974475,running
Pure Pursuit,68.8099999999983,34.5590411837054,66.24099398046229,7.999999947790143,-3.83197158374444,8.498272308088417e-07,-0.025236441063526783,8.0,0.03875999335539285,0.017259738392302992,0.07850000000075852,0,not_applicable,377.10369399091456,0,0,0.9071849266885854,0.20996606439381033,727,0.8167284522706209,1.3626044176125285,0.2126462795560751,running
Pure Pursuit,68.90999999999835,33.94233596817706,66.75056371528247,7.999999967924432,-3.8635558757239643,5.22098568822571e-07,-0.019504752596559947,8.0,0.0482477014106946,0.01489139223368463,0.09419999999948914,0,not_applicable,377.9035624209856,0,0,0.8576887694340852,0.21261334008682772,729,0.8254402224281745,1.3645403968749477,0.21092842571338707,running
Pure Pursuit,69.0099999999984,33.33576502532898,67.27214256830777,7.9999999802941035,-3.8922380317816447,3.207556797946154e-07,-0.008099785750180166,8.0,0.04607470958295948,0.044198152915485345,0.07770000000206778,0,not_applicable,378.7034308498946,0,0,0.8626979350882261,0.21749450147960875,369,-0.742678405931418,1.5058755155323593,0.2241197071405647,running
Pure Pursuit,69.10999999999845,32.74041655864499,67.80650790307575,7.999999987893515,-3.900535097797868,1.9705896470156858e-07,0.008835308910661713,8.0,0.033663343786142184,0.05317715499859332,0.07599999999996498,0,not_applicable,379.5032992779213,0,0,0.8565887702577974,0.21106607172380845,363,-0.7688137164040778,1.4365370064724545,0.22293077345441883,running
Pure Pursuit,69.2099999999985,32.14919789573118,68.34545142981028,7.999999992562278,-3.8722348952266055,1.21064847036223e-07,0.02250763910354319,8.0,0.03317097471382155,0.02561678276883672,0.07899999999949614,0,not_applicable,380.30316770557636,0,0,0.8639086334908352,0.21182268761049156,361,-0.7775254865616312,1.428595668305566,0.22094939445953415,running
Pure Pursuit,69.30999999999855,31.55318631217724,68.87907758645765,7.999999995430572,-3.840355774054673,7.43772243794183e-08,0.019508532917454767,8.0,0.0451641749129902,0.005465091246533049,0.1181999999992911,0,not_applicable,381.1030361336755,0,0,0.8546580380830331,0.21331240127496087,368,-0.7470342910101946,1.4770923861598138,0.22502164647011183,running
Pure Pursuit,69.4099999999986,30.94680184831155,69.40087311305858,7.999999997192733,-3.8116153446221213,4.5694283912212086e-08,0.011762047129394552,8.0,0.04917986317915408,0.03335068275440012,0.11020000000172558,0,not_applicable,381.90290456336095,0,0,0.8583077513579762,0.21358470306949773,340,-0.8689990732159407,1.3060711029544547,0.20296376061118726,running
Pure Pursuit,69.50999999999866,30.329429742848763,69.90963409408276,7.999999998275331,-3.8033210364687347,2.8072673075030252e-08,-0.0008280253616943287,8.0,0.04119540011907487,0.04073253009055877,0.07460000000136802,0,not_applicable,382.7027729944251,0,0,0.8596971077987943,0.213802798634758,730,0.8297961075069509,1.3646657455762405,0.21008581223244965,running
Pure Pursuit,69.6099999999987,29.708136950600792,70.41361316200103,7.999999998940434,-3.8316302231114494,1.7246692962658017e-08,-0.009540588345009295,8.0,0.03273978651660202,0.011453323605339794,0.0724000000005276,0,not_applicable,383.5026414220056,0,0,0.8637655410844944,0.2232683687586152,714,0.7601019462465248,1.5195034149224194,0.22496523842325897,running
Pure Pursuit,69.70999999999876,29.091381017080284,70.92312156043397,7.999999999349046,-3.8635143071560747,1.0595657684575599e-08,-0.0010015052245669264,8.0,0.03087685087625421,0.021352595899335913,0.10450000000261639,0,not_applicable,384.30250984844486,0,0,0.8652783734976041,0.21481278599155718,374,-0.7208989805375348,1.5107386412747625,0.2197779812188762,running
Pure Pursuit,69.80999999999881,28.48338062273522,71.44304959732618,7.999999999600081,-3.874117426532234,6.509539574039991e-09,0.0126005553487602,8.0,0.03173809639779478,0.03204466061089084,0.09899999999873899,0,not_applicable,385.1023782808006,0,0,0.8867776097099702,0.21478552732782374,371,-0.7339666357738648,1.4982160186639724,0.22234991952811328,running
Pure Pursuit,69.90999999999886,27.87879034355898,71.9669486359706,7.999999999754307,-3.8467763460291735,3.999192088599557e-09,0.020338312698531293,8.0,0.03584721310687876,0.00363971303192967,0.07070000000197751,0,not_applicable,385.9022466955882,0,0,0.8827919765423012,0.21627202723709077,362,-0.7731696014828544,1.460221706244109,0.22193355627601147,running
Pure Pursuit,70.00999999999891,27.276963385296373,72.478636036352,7.848373358123918,-3.8114875892341833,-1.7255336082673267,0.009227073845793283,7.827446638927574,0.04531626646839847,0.03386765187424334,0.0762999999999181,0,not_applicable,386.70211506531354,0,0,0.8727877806566823,0.22028789340212976,707,0.729610750695088,1.5351622874829594,0.22148173646210823,running
Pure Pursuit,70.10999999999896,26.689009627127657,72.95888797221663,7.460903513286285,-3.7839223832004656,-4.409464143427053,-0.010548600619108037,7.407426943781212,0.08144573856915906,0.06479786174204838,0.09570000000280743,0,not_applicable,387.5019833795065,0,0,0.856853304495293,0.21756905582632427,718,0.7775254865616312,1.4378470858942674,0.22094939445953415,running
Pure Pursuit,70.20999999999901,26.12766011325725,73.40505657057496,7.022605347035289,-3.80757891267005,-4.987897958932681,-0.03195925574620044,6.9621137173930165,0.04122692729913875,0.04292114174458517,0.08600000000313912,0,not_applicable,388.1018846673511,0,0,0.8604887193349037,0.22579079368732755,709,0.7383225208526416,1.469159488200672,0.2232291878884924,running
Pure Pursuit,70.30999999999906,25.599780457853267,73.83077018831654,6.658691111116335,-3.8577919749569682,-4.141397829912954,-0.027003115159444608,6.6084655640439935,0.09595824225543052,0.00975174028425263,0.07169999999945276,0,not_applicable,388.9017530844491,0,0,0.8617118152824108,0.2478823534608354,725,0.8080166821130677,1.4171720454608232,0.2144087504700342,running
Pure Pursuit,70.40999999999912,25.117081813220178,74.24194543249129,6.173807714965455,-3.9102730253371387,-5.535400258137679,-0.008588852547536987,6.105151085302567,0.06611857171767964,0.06790562649128429,0.07959999999940237,0,not_applicable,389.5016543698572,0,0,0.8259889751502144,0.2569838894768448,364,-0.7644578313253012,1.4589960005357265,0.2239412608755995,running
Pure Pursuit,70.50999999999917,24.683432640613518,74.64155127342252,5.756202181954308,-3.9452865804178185,-4.752412732095399,0.023578382735643954,5.698566441755915,0.06412919093926245,0.11213996935910675,0.10099999999724218,0,not_applicable,390.1015550707386,0,0,0.8650793635225931,0.25779646753197977,367,-0.7513901760889712,1.3889714990017148,0.22593517874601313,running
Pure Pursuit,70.60999999999922,24.289932105015,75.0211922873425,5.320750273514249,-3.9155244568943712,-4.955507124065175,0.05975580929987997,5.26065146954779,0.08774247105257327,0.09032869675350996,0.06980000000211817,0,not_applicable,390.5014883307293,0,0,0.8671029227411804,0.26891297189735697,377,-0.7078313253012047,1.3933685125981532,0.21730154451353453,running
Pure Pursuit,70.70999999999927,23.9152377020185,75.3675846136659,4.992520740113586,-3.823447956890806,-3.7353006372676667,0.07468719985249049,4.947220209787482,0.06742502313511375,0.014616007305479073,0.07930000000300197,0,not_applicable,391.1013880216143,0,0,0.8087222790424594,0.2854862829726526,341,-0.8646431881371641,1.1894134116347261,0.2037158366078793,running
Pure Pursuit,70.80999999999932,23.548362508707353,75.65671718188354,4.504882052719183,-3.67912185888,-5.56780635345314,0.08107751894613943,4.435740104768272,0.09185336844321863,0.0989166111625619,0.08880000000033306,0,not_applicable,391.50131203762845,0,0,0.8071076273229354,0.31999104302800463,362,-0.7731696014828544,1.3653095735478011,0.22193355627601147,running
Pure Pursuit,70.90999999999937,23.18569654438996,75.87687827875422,4.113174422234812,-3.553795192379091,-4.457690770881504,0.05944747991635462,4.059112975631033,0.09221125953184083,0.1449429513975704,0.07380000000267728,0,not_applicable,391.90114400799746,0,0,0.8054374446285473,0.3695908856740221,339,-0.8733549582947173,1.2715581209187683,0.20222103997141733,running
Pure Pursuit,71.00999999999942,22.83628857771632,76.03568582938881,3.7007801684186052,-3.4670800308519136,-4.693107604076716,0.03600254226162478,3.6438636618271407,0.062453016369089544,0.11748695580266455,0.07930000000300197,0,not_applicable,392.30077011907616,0,0,0.8262265377146447,0.4148465211871416,363,-0.7688137164040778,1.449335919301238,0.22293077345441883,running
Pure Pursuit,71.10999999999947,22.49296573780343,76.1551368000475,3.602477014223087,-3.4291814834642214,-1.118704434386526,0.016449588255260852,3.5889097249799526,0.02066953190360082,0.0640302954594354,0.08230000000253312,0,not_applicable,392.7004556722709,0,0,0.881779679096062,0.47027097323392275,354,-0.8080166821130677,1.4168884522459337,0.2144087504700342,running
Pure Pursuit,71.20999999999952,22.141850062905753,76.26060830913272,3.720591540709244,-3.4155964948229323,3.062806315288089,0.014087326012857716,3.908757645751896,0.020374087121876626,0.02625261332762374,0.07909999999711204,0,not_applicable,393.1003108210179,0,0,0.8554380928909759,0.48684765066885044,347,-0.8385078776645043,1.3810144757440406,0.2084324073070941,running
Pure Pursuit,71.30999999999958,21.773675554383896,76.3629431942596,3.907192834716351,-3.4018582745912656,4.838724234253111,0.02127679514044424,4.204463964134555,0.03791848297764294,0.0019065576773544812,0.07749999999973056,0,not_applicable,393.5002163973024,0,0,0.8922452377250979,0.4479313547344035,355,-0.803660797034291,1.3720330368475937,0.21530714918272373,running
Pure Pursuit,71.40999999999963,21.383571149360947,76.46266235252335,4.128372977919952,-3.3712865007544797,5.735382086975638,0.03738856840297814,4.480731043413915,0.03506858735604415,0.016125016365532208,0.06959999999978095,0,not_applicable,393.90010514014347,0,0,0.8677528020312117,0.4138529278355729,370,-0.7383225208526414,1.4191625239296346,0.22322918788849236,running
Pure Pursuit,71.50999999999968,20.969075362784015,76.55304258223919,4.339947546917078,-3.3248293853934086,5.486301688342303,0.05069334828784044,4.677003146754182,0.015561811833562311,0.02489596074392697,0.10449999999906368,0,not_applicable,394.2999754936711,0,0,0.889412134932007,0.38488172371429047,352,-0.8167284522706209,1.3004465348165075,0.2126462795560751,running
Pure Pursuit,71.60999999999973,20.53759840356903,76.62799254441721,4.413683491908563,-3.273790497889035,1.9120333857505756,0.06121736160762531,4.531150885492136,0.038518160160157,0.027388311535808008,0.0801999999993086,0,not_applicable,394.6998542577991,0,0,0.8963188709650688,0.37183794417821586,374,-0.7208989805375348,1.4320527864477735,0.2197779812188762,running
Pure Pursuit,71.70999999999978,20.097827570435573,76.68077821576608,4.443973429431969,-3.205367852120972,0.7854428637720989,0.07094268005115763,4.4922277782857725,0.08230246823534035,0.011954372811701752,0.08889999999794895,0,not_applicable,395.0997457310494,0,0,0.8540599948372164,0.34337054168711745,371,-0.7339666357738648,1.347665460499607,0.22234991952811328,running
Pure Pursuit,71.80999999999983,19.66664398523964,76.69985813852351,4.252899689928568,-3.1033244452122664,-2.1744474165307626,0.07849649822192074,4.226528687778893,0.11302480503927116,0.03324816320456536,0.07799999999846818,0,not_applicable,395.49964204672466,0,0,0.8835754409133517,0.3447699484544551,375,-0.7165430954587582,1.3743056433038523,0.21894209497805295,running
Pure Pursuit,71.90999999999988,19.261315497778618,76.67865142377991,3.962756713335639,-2.992751956109507,-3.3018699875594892,0.06887544376935743,3.922712691172619,0.11402652107483473,0.08199886664312661,0.08520000000089567,0,not_applicable,395.8995456793969,0,0,0.8313318862618171,0.36904978407402755,352,-0.8167284522706209,1.2871626483269074,0.2126462795560751,running
Pure Pursuit,72.00999999999993,18.887777892123268,76.61958786926354,3.691678112866808,-2.9032762247407593,-3.0849145675287026,0.04978954514165374,3.654265256582769,0.08341532724950695,0.10471576929007087,0.07229999999935899,0,not_applicable,396.2994568073907,0,0,0.8577836848411499,0.4247104968029201,364,-0.7644578313253012,1.438677100113134,0.2239412608755995,running
Pure Pursuit,72.10999999999999,18.54150709510499,76.5342358383619,3.5036761748316922,-2.8459928978520423,-2.1394898614833346,0.03721352463858155,3.4777291267184745,0.0324815964758128,0.08977031149109171,0.11650000000074101,0,not_applicable,396.6993560261016,0,0,0.8565727790170388,0.4657800628800557,369,-0.742678405931418,1.4908138105424864,0.2241197071405647,running
Pure Pursuit,72.21000000000004,18.211710170476508,76.4297301625302,3.4378127465665083,-2.7978248584557575,-0.749535555264198,0.042126061756356206,3.4287226193052724,0.03108596783251445,0.056905920114795894,0.10110000000196351,0,not_applicable,397.0992160564218,0,0,0.8693310967898358,0.4848019675082357,362,-0.7731696014828544,1.437614789404243,0.22193355627601147,running
Pure Pursuit,72.31000000000009,17.898143309239494,76.31173359745634,3.3062719555836995,-2.7498035164823764,-1.4969536570769337,0.04923404058084626,3.288117380858815,0.09654730409506326,0.010950746676333889,0.0916999999986956,0,not_applicable,397.4990154055758,0,0,0.8639572358515091,0.4842126086622433,383,-0.6816960148285449,1.505214872724238,0.21261932153731194,running
Pure Pursuit,72.41000000000014,17.603843605672456,76.18197690629565,3.171397222964399,-2.6899186960429295,-1.5348944060106984,0.07117772228983045,3.1527825149826296,0.03231454877983606,0.01750209754458476,0.10980000000060386,0,not_applicable,397.6989825139116,0,0,0.8928243988650022,0.4819313233736818,373,-0.7252548656163114,1.4130111364973386,0.22062447658991918,running
Pure Pursuit,72.51000000000019,17.320837115512283,76.0327618078209,3.2243424356525816,-2.6200158876800983,1.3729126857621798,0.09063212492885939,3.308688491540617,0.05308207439894976,0.030314585947879724,0.07899999999949614,0,not_applicable,398.09869215330014,0,0,0.869080037677381,0.498200748308471,380,-0.6947636700648749,1.4286747358069167,0.21491658495418048,running
Pure Pursuit,72.61000000000024,17.04766270810822,75.86075282733523,3.23345259144667,-2.5331592564964382,0.23623379383961307,0.10563487549309762,3.247965815036543,0.07489271047655388,0.006133563418925458,0.0819000000014114,0,not_applicable,398.2983269152172,0,0,0.8611837753166659,0.4753070634995734,407,-0.5771547729379054,1.4813199201069414,0.19701235368537667,running
Pure Pursuit,72.71000000000029,16.801266440187117,75.67041732890395,3.0544409213054458,-2.4270623232416035,-2.037179283134898,0.11609919490422128,3.0297346631331803,0.01364389893181981,0.02970738348218971,0.08719999999939887,0,not_applicable,398.6978929040403,0,0,0.9042124856390634,0.4613055504833739,393,-0.6381371640407785,1.4036220972482856,0.20555103769803026,running
Pure Pursuit,72.81000000000034,16.57837502330831,75.45788107615088,3.1037872762253036,-2.331381708432324,1.2795913591771635,0.11677211031451445,3.182400057223162,0.09451213362362126,0.0005451739743067563,0.07390000000029318,0,not_applicable,398.8978600123761,0,0,0.8978459925365918,0.4938453147634735,398,-0.6163577386468952,1.4331868009989188,0.20233107570679906,running
Pure Pursuit,72.9100000000004,16.371930610194454,75.21901422372544,3.2047651290657297,-2.237315371834784,2.618438346109233,0.11845390496894154,3.365631110836227,0.02015307727425714,0.029108901971830026,0.10020000000210416,0,not_applicable,399.2974358897879,0,0,0.8665017896704833,0.4886134987639077,366,-0.755746061167748,1.3296891881132182,0.22600293112750477,running
Pure Pursuit,73.01000000000045,16.1813281453396,74.95189719732615,3.348968012197958,-2.142436077947239,3.7392987490992624,0.12036769407745118,3.578695003975656,0.0716368100778787,0.05667354705916683,0.08920000000145478,0,not_applicable,399.6970171528644,0,0,0.86515273178889,0.4484134658723386,378,-0.7034754402224281,1.31239645346081,0.216496585417684,running
Pure Pursuit,73.1100000000005,16.01143303344251,74.65949786502524,3.4120571593749753,-2.04219441307112,1.6359532070135074,0.1271328764934686,3.5125633328993087,0.08244154244375206,0.01634765265507454,0.13260000000059335,0,not_applicable,399.8966284809349,0,0,0.8336681669591912,0.42627971120061414,374,-0.7208989805375348,1.2922069967163408,0.2197779812188762,running
Pure Pursuit,73.21000000000055,15.868468411628,74.34638955367947,3.470210736345609,-1.9394952106619519,1.5079698331866487,0.1223825062057462,3.56285414269364,0.061147317447208985,0.0367016157408111,0.07989999999935549,0,not_applicable,400.2962236229818,0,0,0.8385372032347568,0.4210794258394681,373,-0.7252548656163114,1.2957859675428849,0.22062447658991918,running
Pure Pursuit,73.3100000000006,15.75679760300174,74.01720345458548,3.484008436134692,-1.8338191384526716,0.35778564506547816,0.1092452038944307,3.505989300852157,0.09206099028302157,0.03748002140847273,0.07869999999954302,0,not_applicable,400.6959440773681,0,0,0.8213018967124149,0.42524312896375815,339,-0.8733549582947173,1.149991358344112,0.20222103997141733,running
Pure Pursuit,73.41000000000065,15.67916066741527,73.6747209148744,3.538269362511903,-1.7288679669293803,1.4070302182600791,0.09925853386806778,3.6247114579607,0.12745443088144878,0.024820584181893146,0.07300000000043383,0,not_applicable,400.8959111857039,0,0,0.8174580042437224,0.42910622176149477,379,-0.6991195551436515,1.3599956553565917,0.2157016455530536,running
Pure Pursuit,73.5100000000007,15.632436829710262,73.31884879499893,3.63403577426466,-1.6539410423041758,2.48330141460797,0.06382274717940946,3.7865995039727,0.09627702862711211,0.03650692551549506,0.10060000000322589,0,not_applicable,401.2957469660125,0,0,0.7746546519982099,0.4638638019029171,326,-0.9299814643188138,1.1745955395107615,0.1933611363769019,running
Pure Pursuit,73.61000000000075,15.605468950512268,72.9469406531336,3.810310557329282,-1.6106854864123425,4.570949356171199,0.03389628156268967,4.09113070988178,0.0770151606010486,0.04375804548447304,0.11190000000027567,0,not_applicable,401.6956477115246,0,0,0.814598281864463,0.4713106815517922,350,-0.8254402224281743,1.372579612885794,0.21092842571338713,running
Pure Pursuit,73.7100000000008,15.592710173598638,72.55437765455433,4.027907674816211,-1.5832820912279422,5.642471298444058,0.014033996427382844,4.374557687173688,0.05967078058306668,0.0558633211424997,0.08259999999893353,0,not_applicable,402.0955762471437,0,0,0.8270547836969837,0.4566833200284501,362,-0.7731696014828544,1.4673279388635843,0.22193355627601147,running
Pure Pursuit,73.81000000000085,15.586314332402928,72.13887418392146,4.2642353781873314,-1.5823028365738088,6.12817071613482,-0.002427261534472257,4.640724746429693,0.046594085421884035,0.05033835948475884,0.10650000000111959,0,not_applicable,402.4955098834621,0,0,0.8981926617275666,0.4431795885767669,332,-0.903846153846154,1.301514568409849,0.19727332187940388,running
Pure Pursuit,73.9100000000009,15.577714067094032,71.69945371366761,4.506495537377384,-1.5987478907044377,6.282004149565372,-0.008904347657784749,4.892435793143869,0.06904942962668453,0.030081312862299647,0.07390000000029318,0,not_applicable,402.89544396318314,0,0,0.8760451034054371,0.4007450012472926,716,0.768813716404078,1.4511578516493857,0.22293077345441878,running
Pure Pursuit,74.01000000000096,15.562946246015628,71.23602028101531,4.74764495506276,-1.6150470125225764,6.253201713519809,-0.007459760742975749,5.1318157087293645,0.07117771009373011,0.012611567588319161,0.07899999999949614,0,not_applicable,403.4953452853856,0,0,0.9017128201009795,0.39299392934118765,369,-0.742678405931418,1.5287630846470737,0.2241197071405647,running
Pure Pursuit,74.11000000000101,15.540270320294784,70.7467148774507,5.026709922786826,-1.6306958481768836,7.236382949231164,-0.00560916508849028,5.471283249985876,0.019660365916205128,0.0004005414818024633,0.08509999999972706,0,not_applicable,403.8952794446549,0,0,0.895344042944613,0.37246615003905337,703,0.7121872103799816,1.5566317398465406,0.21811666573475305,running
Pure Pursuit,74.21000000000106,15.508755556531606,70.23127360255656,5.281093470917219,-1.646667125724079,6.596373544370753,-0.004267033162044376,5.686347277223901,0.0642151136503631,0.007616913648554657,0.07379999999912457,0,not_applicable,404.49517950335434,0,0,0.8985470800607198,0.34862082046977144,360,-0.7818813716404078,1.463473272828525,0.21997807798827249,running
Pure Pursuit,74.31000000000111,15.467480762352745,69.68988326696517,5.556209925612119,-1.6626825776610277,7.133994775638088,-0.002415914346615838,5.994492948481028,0.07905476239974313,0.014760940079606932,0.10370000000037294,0,not_applicable,404.89511183525343,0,0,0.8950473504539085,0.32292998121578687,731,0.8341519925857277,1.3549676544776847,0.20925385860619153,running
Pure Pursuit,74.41000000000116,15.415874307485831,69.12688017289634,5.736720306505474,-1.6800858570158352,4.68078187351515,-0.004783569684492544,6.024288112963634,0.04500258340823929,0.013582533221659698,0.07210000000057448,0,not_applicable,405.4950099661357,0,0,0.8957921624008579,0.31314443430991223,723,0.7993049119555145,1.4292818579461786,0.21621722807816315,running
Pure Pursuit,74.51000000000121,15.354648196082108,68.56380199830946,5.626994011821487,-1.7030791803734342,-1.248701462698083,-0.014585558863710005,5.611850160235666,0.012282605277821297,0.0030872053306412184,0.07889999999832753,0,not_applicable,406.09488575270456,0,0,0.8938127039936201,0.2953413995273697,706,0.7252548656163116,1.4885139197168775,0.2206244765899192,running
Pure Pursuit,74.61000000000126,15.282349737300203,68.032832852846,5.222443647070359,-1.7585487107916968,-4.603842986356641,-0.03366934005127187,5.166609713185823,0.05305905725630447,0.0005987075098774497,0.100900000003179,0,not_applicable,406.69475044305324,0,0,0.8918329836762473,0.29471191364005117,702,0.7078313253012047,1.4772663248789202,0.21730154451353453,running
Pure Pursuit,74.71000000000132,15.189423286550314,67.5508094993625,4.74631697023286,-1.8524490158783893,-5.432408938658382,-0.04779415016201084,4.679202753204521,0.04061654425377016,0.038419214415917224,0.07679999999865572,0,not_applicable,407.09462284770336,0,0,0.8514659305612933,0.3189057942214023,697,0.6860518999073215,1.5020362439939583,0.21337555590733343,running
Pure Pursuit,74.81000000000137,15.068061843015242,67.11759866128887,4.375113928508033,-1.9437326646357,-4.224345518043027,-0.05412997530906362,4.323882418428557,0.08877188552117954,0.06143640743927081,0.07559999999884326,0,not_applicable,407.49446458481185,0,0,0.8839290230951449,0.3469930191760974,708,0.7339666357738648,1.4452404229958336,0.22234991952811328,running
Pure Pursuit,74.91000000000142,14.920869404649405,66.73295497461524,3.9898268463378526,-2.02682489853776,-4.384623981427405,-0.0615764302319932,3.9366515303652925,0.09899215514904394,0.06253538400793568,0.08159999999790557,0,not_applicable,407.8942763678775,0,0,0.89098501886101,0.36219289588313924,712,0.7513901760889712,1.383892386923791,0.22593517874601313,running
Pure Pursuit,75.01000000000147,14.756111832021807,66.40086917972945,3.5655158553821678,-2.117464748204842,-4.828721835282739,-0.07277197112891792,3.5069546628095787,0.06854460258360504,0.05812204909575014,0.07310000000160244,0,not_applicable,408.2940717494871,0,0,0.893399144136708,0.4062081191376714,697,0.6860518999073215,1.4673972670283613,0.21337555590733343,running
Pure Pursuit,75.11000000000152,14.578503150690414,66.12250833956114,3.1700658352961644,-2.2164034955822736,-4.500279718070543,-0.07433162949688754,3.1154878835751134,0.013843125466553304,0.05119733139387517,0.07739999999856195,0,not_applicable,408.693879455506,0,0,0.8515673793565871,0.44348558045274744,699,0.6947636700648747,1.4296445171155903,0.21491658495418042,running
Pure Pursuit,75.21000000000157,14.394117967101577,65.88820428111318,2.8865942222533505,-2.2853304974583906,-3.2259488836234596,-0.060374591659162646,2.8474709469338184,0.09186250902773391,0.0665499509894687,0.0724999999981435,0,not_applicable,408.8937627275735,0,0,0.8715827187269269,0.5056598976157103,719,0.781881371640408,1.3574318643835506,0.21997807798827246,running
Pure Pursuit,75.31000000000162,14.199105040986717,65.67080489676363,2.9499194055197027,-2.32442662199929,1.6420738159390602,-0.05378648601606167,3.0508016038472565,0.01641160884010302,0.001252781498304767,0.08229999999898041,0,not_applicable,409.2936606455471,0,0,0.8605878691764952,0.5653303026276143,696,0.6816960148285451,1.4797819271433514,0.21261932153731197,running
Pure Pursuit,75.41000000000167,13.991686087368127,65.45898367926867,2.97755209524301,-2.363647080578558,0.7165382541059495,-0.06226320832202722,3.0215732309302976,0.08020214608222685,0.003117040067674104,0.10749999999859483,0,not_applicable,409.4936277538829,0,0,0.8531438170026757,0.535079927049493,712,0.7513901760889712,1.379367258969796,0.22593517874601313,running
Pure Pursuit,75.51000000000172,13.770752037264947,65.25287197222869,3.059655419128883,-2.4149921313707017,2.1290063668270998,-0.07306231739116209,3.19045273192572,0.019176512638134583,0.024753112712404768,0.07250000000169621,0,not_applicable,409.89354258787864,0,0,0.8645028610399573,0.5231934701207887,719,0.781881371640408,1.325401469555854,0.21997807798827246,running
Pure Pursuit,75.61000000000178,13.527094479102024,65.05156775787198,3.2474472318319223,-2.4797554766357037,4.869595358143153,-0.08143538844557356,3.5466149549431982,0.0987642141594424,0.006484407685378724,0.1257999999992876,0,not_applicable,410.0935003981942,0,0,0.872613834443102,0.5228518065297317,679,0.6076459684893418,1.5144802573297367,0.20109762184866745,running
Pure Pursuit,75.71000000000183,13.259134398849652,64.85712735975424,3.3657068811592206,-2.54839843907645,3.066569469301106,-0.0878857422416889,3.554104178762033,0.03290801007127234,0.006848031638743368,0.0724000000005276,0,not_applicable,410.49341206023234,0,0,0.8684371166235436,0.4533953842450154,721,0.7905931417979613,1.2537786768007813,0.21807316453493353,running
Pure Pursuit,75.81000000000188,12.974086100519237,64.67817524391877,3.3668886848222748,-2.6219878249114075,0.030645135956737235,-0.09587213099472217,3.3687713947548943,0.04430292854309384,0.03496475732057469,0.07909999999711204,0,not_applicable,410.8932285168115,0,0,0.8524077707527518,0.4485430412801814,686,0.6381371640407787,1.4181238143634736,0.2055510376980303,running
Pure Pursuit,75.91000000000193,12.67870604850459,64.52399610678223,3.31604014887664,-2.7141203298547847,-0.5786638598727434,-0.10831940029513039,3.3090222988350004,0.09959605039736326,0.005616476335871479,0.07169999999945276,0,not_applicable,411.0930003358493,0,0,0.8175089647230985,0.43828918519053445,690,0.6555607043558851,1.3780474101624645,0.2082738731989199,running
Pure Pursuit,76.01000000000198,12.377265846666727,64.40313422516897,3.21506806555766,-2.8208071313040413,-1.149077242562564,-0.10747791413535128,3.2011324246203836,0.04036757075498209,0.008387803277333461,0.07079999999959341,0,not_applicable,411.4927258004292,0,0,0.8552152451838082,0.46627383443949627,691,0.6599165894346619,1.4305273028907892,0.20897586948035746,running
Pure Pursuit,76.11000000000203,12.065285437276348,64.31460844017813,3.2693390327466183,-2.9200179590556243,1.4072905847242811,-0.09870723884827362,3.355797124030088,0.07152822838587101,0.004783951974197009,0.08100000000155205,0,not_applicable,411.8924336766733,0,0,0.888379826080393,0.46686227500027583,717,0.7731696014828544,1.2961958502262987,0.22193355627601147,running
Pure Pursuit,76.21000000000208,11.741315044029575,64.25448531174307,3.3185107148488786,-3.0039123221312374,1.275061950096319,-0.09564755105659938,3.39684522775625,0.07186146974617003,0.03502117026076679,0.0745000000001994,0,not_applicable,412.0924007850091,0,0,0.8685466408953944,0.4629288093372758,726,0.8123725671918445,1.2544541770912996,0.2135218524542555,running
Pure Pursuit,76.31000000000213,11.406080369389123,64.22049640756057,3.4151421517430465,-3.0902603905800787,2.5057322243044045,-0.09994168793410294,3.569083937279319,0.02823865371061462,0.007825338356151068,0.13799999999974943,0,not_applicable,412.49206693060535,0,0,0.819504677755068,0.4500788470384294,695,0.6773401297497683,1.3757423517049343,0.21187243445594103,running
Pure Pursuit,76.41000000000219,11.062038768044813,64.21808117923523,3.464626861915362,-3.1927193960105593,1.283179024078227,-0.1045213055420118,3.543460054150869,0.06545568993295738,0.013687065800691123,0.07749999999973056,0,not_applicable,412.89166406272756,0,0,0.8199986780326761,0.4318172610186584,712,0.7513901760889712,1.3035709525414876,0.22593517874601313,running
Pure Pursuit,76.51000000000224,10.715372622156213,64.25042022574188,3.499078481910898,-3.297676294036756,0.8933586954404005,-0.10414717792687415,3.5539627314594022,0.09165171325595281,0.031496404277016055,0.08090000000038344,0,not_applicable,413.09127468919735,0,0,0.890326886219897,0.4225746985632152,709,0.7383225208526416,1.3060486489090974,0.2232291878884924,running
Pure Pursuit,76.61000000000229,10.368971697192148,64.31924414358832,3.5624341395382815,-3.4023730679582256,1.642864041055292,-0.09627855071954673,3.6633648860164274,0.04962914787499057,0.016806203850326273,0.07850000000075852,0,not_applicable,413.49090625148244,0,0,0.8632330833202685,0.43800452876730905,711,0.7470342910101948,1.349510253471697,0.22502164647011186,running
Pure Pursuit,76.71000000000234,10.02687308121813,64.42261396371926,3.585459306376992,-3.4933145553101945,0.5970614157474508,-0.08520571680991777,3.6221402811130265,0.03725618596124896,0.00413238732251342,0.11320000000125674,0,not_applicable,413.8906245151961,0,0,0.8576291145780223,0.43793490361624615,712,0.7513901760889712,1.3659739472038714,0.22593517874601313,running
Pure Pursuit,76.81000000000239,9.69141787062599,64.55521304734732,3.6273200609789917,-3.5702483185085425,1.0854836180777205,-0.08370811542082177,3.694007668184764,0.06455990761491234,0.007036276176302536,0.07889999999832753,0,not_applicable,414.29040142763324,0,0,0.8418902224033328,0.44123254714581567,682,0.6207136237256718,1.4898760849894384,0.20295929427763665,running
Pure Pursuit,76.91000000000244,9.360760757165119,64.7166190994898,3.7255355789166056,-3.645643242869358,2.54680874188554,-0.08390349806852339,3.8820009351675457,0.09610330341701707,0.013484061128667957,0.08309999999767115,0,not_applicable,414.6902016404145,0,0,0.8498248583510927,0.42040127142753514,698,0.6904077849860983,1.389841501249505,0.21414126651260781,running
Pure Pursuit,77.01000000000249,9.03835675645786,64.90537132877019,3.7464701246685466,-3.7246312894462714,0.542849900382465,-0.08657589957616482,3.779820568954852,0.09653284896992469,0.022100572220330683,0.06939999999744373,0,not_applicable,414.8901687487503,0,0,0.8311165811430521,0.4160148061687446,686,0.6381371640407787,1.4504236218920195,0.2055510376980303,running
Pure Pursuit,77.11000000000254,8.739996007337021,65.11353192720713,3.584305667088642,-3.8118139983543853,-1.8454555123806538,-0.08940800059491848,3.561924573430481,0.06599766969771086,0.02149577641101308,0.07669999999748711,0,not_applicable,415.28997624703504,0,0,0.827887579838255,0.3975799787851593,703,0.7121872103799816,1.3455866869542408,0.21811666573475305,running
Pure Pursuit,77.2100000000026,8.476692309558636,65.33369723976207,3.356440700859068,-3.8999037426140912,-2.593137018323488,-0.08722025927030302,3.3249919652562934,0.04977841812003305,0.018404456562555627,0.09490000000056398,0,not_applicable,415.68980961559566,0,0,0.8540069092388478,0.4336582589443471,736,0.8559314179796109,1.2241579751279459,0.20524858980469113,running
Pure Pursuit,77.31000000000265,8.249369828164657,65.56146905956187,3.1490116924448484,-3.9821580309999782,-2.3605727957808176,-0.08411428071722132,3.1203834212809864,0.10609481069460645,0.008198431628826164,0.07169999999945276,0,not_applicable,416.08967772310837,0,0,0.8584262874227162,0.4673575500100396,721,0.7905931417979613,1.3215045483744234,0.21807316453493353,running
Pure Pursuit,77.4100000000027,8.05106887239099,65.79730959079036,3.048025459037102,-4.05596068002291,-1.149238272665607,-0.07508692312975862,3.0340878651782877,0.03957431348977802,0.03447387824090953,0.07599999999996498,0,not_applicable,416.28964483144415,0,0,0.8538303780080649,0.5032631150596671,686,0.6381371640407787,1.4784583294048341,0.2055510376980303,running
Pure Pursuit,77.51000000000275,7.871072670747399,66.04778226163769,3.116565139318607,-4.123321572773306,1.7772899901404005,-0.06775063954904734,3.225754458051142,0.08986269864117753,0.013241067530160855,0.11160000000032255,0,not_applicable,416.68951516051675,0,0,0.8755849658607695,0.5217191334979907,717,0.7731696014828544,1.3600500919834795,0.22193355627601147,running
Pure Pursuit,77.6100000000028,7.704024805649598,66.31733041190006,3.218702442714592,-4.190590653740381,2.648503847698893,-0.06474232105002463,3.381415524088496,0.034201826789250295,0.03854599811885251,0.07529999999889014,0,not_applicable,416.88939167354715,0,0,0.870907098129923,0.5039626994563252,708,0.7339666357738648,1.388581234630017,0.22234991952811328,running
Pure Pursuit,77.71000000000285,7.550347596438567,66.60325391300576,3.2700147800852997,-4.2479316833735075,1.3305708927310977,-0.06083480235979405,3.351759531987702,0.04608632250381179,0.010777535809442185,0.07790000000085229,0,not_applicable,417.28921781965096,0,0,0.8909901536312101,0.5141710898552377,738,0.8646431881371641,1.277641076803027,0.2037158366078793,running
Pure Pursuit,77.8100000000029,7.407430692817021,66.90187516069464,3.3456444675862262,-4.290521239076433,1.961139678515762,-0.06260088328399943,3.466128747936876,0.0855803782946896,0.010413242462171013,0.08270000000010214,0,not_applicable,417.48918492798674,0,0,0.8872493109776048,0.4792683997458804,708,0.7339666357738648,1.386043416272762,0.22234991952811328,running
Pure Pursuit,77.91000000000295,7.27529922345172,67.21574103738818,3.4572651871884954,-4.3455083237420835,2.89441658943534,-0.0771366343389931,3.6350861265297603,0.029218243476621088,0.019248165898269498,0.07910000000066475,0,not_applicable,417.88899595796585,0,0,0.851805237655589,0.45743254286381224,712,0.7513901760889712,1.3442654023164597,0.22593517874601313,running
Pure Pursuit,78.010000000003,7.159914895423766,67.54717990115653,3.555195913785671,-4.417983820636568,2.539423869406394,-0.08925838793830151,3.711207574129135,0.035796580296679495,0.033247218999688855,0.07760000000089917,0,not_applicable,418.2887900101579,0,0,0.8590844786022157,0.4374993237580045,711,0.7470342910101948,1.3347913240734537,0.22502164647011186,running
Pure Pursuit,78.11000000000305,7.067817496751416,67.89493436260489,3.6356408083964817,-4.508927772655918,2.0860019387670636,-0.10038864890065,3.7637961076623774,0.07718389646636119,0.032095132376047886,0.2230000000018606,0,not_applicable,418.68856249275154,0,0,0.8304897239752259,0.4211936751070333,713,0.755746061167748,1.3157698103900315,0.22600293112750477,running
Pure Pursuit,78.2100000000031,7.008171918593724,68.2570192680775,3.7014831283278635,-4.616087199383686,1.7073452292312963,-0.10141508537251177,3.8063753313196114,0.10517624647366712,0.02960487353859076,0.12329999999849406,0,not_applicable,418.8883402752606,0,0,0.8843986458169437,0.4241077422677079,721,0.7905931417979613,1.3026848035439578,0.21807316453493353,running
Pure Pursuit,78.31000000000316,6.983917580151344,68.62596030655278,3.6971501226370402,-4.711224182283848,-0.049310245639784256,-0.09448174476492677,3.696552103763885,0.0769223824373303,0.02778283721577246,0.08659999999949264,0,not_applicable,419.2880520977209,0,0,0.8220356856010048,0.3991407733104044,723,0.7993049119555145,1.2462770921617743,0.21621722807816315,running
Pure Pursuit,78.41000000000321,6.991665063340758,68.99709902824488,3.726985799833168,-4.790739196131804,0.7736635218015087,-0.09080944316647599,3.774516474817191,0.05809539848770826,0.0044990797194675025,0.15160000000236096,0,not_applicable,419.68773271777405,0,0,0.8275655285085082,0.40959509946535905,733,0.8428637627432809,1.215149906661854,0.20762130414308752,running
Pure Pursuit,78.51000000000326,7.029878332370721,69.37171169562343,3.800217232744786,-4.86847592059488,1.8989509747184874,-0.09071602157720035,3.916880897305017,0.06077488656970942,0.017332699228398418,0.11209999999906017,0,not_applicable,420.08744840357645,0,0,0.8374215920061387,0.3988172931825762,710,0.742678405931418,1.319080948429908,0.2241197071405647,running
Pure Pursuit,78.61000000000331,7.100842532309956,69.75000611119206,3.893054921630638,-4.962874033336284,2.4073572343336025,-0.09818420808448611,4.040952956178146,0.07541443030613722,0.006906189741476609,0.11340000000004125,0,not_applicable,420.4872444930778,0,0,0.8344652165481079,0.40407022720534097,700,0.6991195551436515,1.3910291240418968,0.2157016455530536,running
Pure Pursuit,78.71000000000336,7.209488910245019,70.12982033386369,4.001657902253804,-5.056381680302117,2.8161641485370303,-0.0803241925787852,4.174671336484341,0.08214024280663548,0.021277783244437742,0.07250000000169621,0,not_applicable,420.88710313426304,0,0,0.8041952433740365,0.4133819081220457,704,0.7165430954587584,1.4324980342408051,0.21894209497805303,running
Pure Pursuit,78.81000000000341,7.352619366973648,70.51347924627885,4.175619909282581,-5.119953837522813,4.510977181205327,-0.05296989472639298,4.452755620374337,0.07553497261199132,0.0374290799275947,0.07310000000160244,0,not_applicable,421.2870023571612,0,0,0.8146169976021482,0.41817910627629695,716,0.768813716404078,1.425670549024027,0.22293077345441878,running
Pure Pursuit,78.91000000000346,7.52482909038542,70.90611373794503,4.383431077447449,-5.16502459250173,5.388713625477317,-0.03229773759077272,4.714491271830313,0.06043822185577529,0.05127245122125057,0.06999999999734996,0,not_applicable,421.68692381460295,0,0,0.8137347713147275,0.4058759219753113,716,0.768813716404078,1.441032707826103,0.22293077345441878,running
Pure Pursuit,79.01000000000352,7.722808486012512,71.310651019606,4.606726625792051,-5.194284031501494,5.790236273145615,-0.00964328692258231,4.962454704762011,0.06714595263838985,0.05952480116166203,0.10989999999821976,0,not_applicable,422.0868533515718,0,0,0.867481936091091,0.3983270460845735,372,-0.729610750695088,1.5230385543343867,0.22148173646210823,running
Pure Pursuit,79.11000000000357,7.93936400407843,71.73116339393066,4.834980980810014,-5.1947478796014295,5.9188221875737135,0.005588834227307607,5.1986088445494225,0.07820741287065158,0.04205976010668433,0.07699999999744023,0,not_applicable,422.68675326743704,0,0,0.8851666166916763,0.3769600973748388,381,-0.6904077849860983,1.5529992982134073,0.21414126651260781,running
Pure Pursuit,79.21000000000362,8.166490320520383,72.17441405358242,5.104543978195882,-5.176373783869526,6.989989083672885,0.011933207225534337,5.533979889177303,0.023311619710202174,0.019929372560936187,0.0858999999984178,0,not_applicable,423.08668733297765,0,0,0.8868789145636411,0.3534116047795389,363,-0.7688137164040778,1.4510625296900423,0.22293077345441883,running
Pure Pursuit,79.31000000000367,8.399706199804463,72.64345701892364,5.352185224232101,-5.158905239527787,6.421540134391837,0.009407197247410298,5.746697991635066,0.053757733140616486,0.005657698889727669,0.07670000000103983,0,not_applicable,423.68658858467694,0,0,0.8767493376973898,0.3342224401862756,365,-0.7601019462465246,1.4614541661640565,0.22496523842325905,running
Pure Pursuit,79.41000000000372,8.637087958383086,73.13935111584699,5.621974958830225,-5.142544067814597,6.995868565107255,0.0067071075963859314,6.051772080742826,0.09646180249353091,0.007497181633469019,0.0801000000016927,0,not_applicable,424.08652268743225,0,0,0.864612357471386,0.323583128876934,367,-0.7513901760889712,1.4914878388796915,0.22593517874601313,running
Pure Pursuit,79.51000000000377,8.877438964743702,73.66193450189749,5.862965525906979,-5.125950903801271,6.249082587263706,0.0015831466525941195,6.246883217556595,0.0716331028230672,0.01998089006506998,0.07749999999973056,0,not_applicable,424.6864237768502,0,0,0.8835597907651369,0.3072573761802009,735,0.8515755329008341,1.3440339167670667,0.20602954162158948,running
Pure Pursuit,79.61000000000382,9.121361018190154,74.21028871939777,6.1196718101487315,-5.124122537209948,6.656603992244117,-0.006012213414852543,6.528625925131391,0.07168610706917625,0.018368504566805832,0.13060000000209016,0,not_applicable,425.28632500357776,0,0,0.8888135961001709,0.2918217183623476,714,0.7601019462465248,1.4649964806555182,0.22496523842325897,running
Pure Pursuit,79.71000000000387,9.37686172382367,74.78189097989956,6.381534464576765,-5.145289778838826,6.790312890212418,-0.008583160660377415,6.798703099169973,0.09812745001346211,0.005386699512291315,0.11139999999798533,0,not_applicable,425.88622619548636,0,0,0.8837203106332758,0.2908768657566188,708,0.7339666357738648,1.5440941117116795,0.22234991952811328,running
Pure Pursuit,79.81000000000392,9.648488758761268,75.37489082907794,6.642582687573975,-5.149615356305391,6.769194016828193,0.0008688677304561369,7.058453866259584,0.05004235396078263,0.012013373646532877,0.10699999999985721,0,not_applicable,426.686094574699,0,0,0.881496519730005,0.2789287407280068,358,-0.790593141797961,1.4701629582560054,0.21807316453493358,running
Pure Pursuit,79.91000000000398,9.930819160110579,75.99332829876177,6.931049553013347,-5.127706560080478,7.480181849796628,0.0044586952553412286,7.390600872553637,0.0303023090293501,0.009110327617981362,0.07409999999907768,0,not_applicable,427.28599589290104,0,0,0.8631892106158298,0.2632450799926512,363,-0.7688137164040778,1.479732062220989,0.22293077345441883,running
Pure Pursuit,80.01000000000403,10.21897182257646,76.63967005456732,7.200682036471346,-5.122979246915339,6.991790914378004,-0.005598541719515917,7.630228644451147,0.062379473569586764,0.014181008302749376,0.07360000000034006,0,not_applicable,428.08586432458634,0,0,0.8870507366845268,0.2533757066396382,368,-0.7470342910101946,1.5135285564372754,0.22502164647011183,running
Pure Pursuit,80.11000000000408,10.518891758044278,77.31116725244682,7.485210840425283,-5.146209043203433,7.37806469328409,-0.010778662804092908,7.938488505799755,0.07418500899830739,0.007785819885214096,0.09339999999724569,0,not_applicable,428.6857656265633,0,0,0.8664142930562576,0.24544729716994723,748,0.9082020389249306,1.2838348516878952,0.19660096634514493,running
Pure Pursuit,80.21000000000413,10.836457197721671,78.00079747904947,7.683734911372469,-5.168616146242421,5.147891595747174,-0.001476839451650203,8.0,0.033625491843891436,0.02707353686200964,0.09809999999887964,0,not_applicable,429.4856340091486,0,0,0.8590775286104138,0.23607938473244802,370,-0.7383225208526414,1.530176850842658,0.22322918788849236,running
Pure Pursuit,80.31000000000418,11.170450883649181,78.70008761227255,7.80569985901177,-5.172913316132756,3.1626508862753067,0.008249051431003207,8.0,0.008525035652007424,0.026561022479715923,0.07579999999762776,0,not_applicable,430.2855024171985,0,0,0.8682058324861086,0.2169932261129586,353,-0.8123725671918443,1.360266908862037,0.21352185245425553,running
Pure Pursuit,80.41000000000423,11.509487924767472,79.40630127836445,7.857749358386273,-5.145745084382246,1.349686106649175,0.0085551058924201,7.940668469676687,0.013680267553524885,0.01188399037391541,0.10540000000247574,0,not_applicable,431.085370274118,0,0,0.8703099613311198,0.2258562899713044,334,-0.8951343836886005,1.3012271063656393,0.19864329610943066,running
Pure Pursuit,80.51000000000428,11.834706963962603,80.10041193567912,7.567085599499152,-5.1275386128035745,-3.3077965670943055,-0.013124971269483537,7.526969701676842,0.042175313917533,0.05836687940245522,0.11100000000041632,0,not_applicable,431.8852328382784,0,0,0.8889467057315368,0.2034528894264612,711,0.7470342910101948,1.3979859865447162,0.22502164647011186,running
Pure Pursuit,80.61000000000433,12.143180949793257,80.7608109283899,7.1471326204035,-5.173583245345603,-4.779127015738789,-0.05011393897955406,7.089172897925273,0.09505671963629377,0.04507884616394353,0.10240000000294458,0,not_applicable,432.4851136591537,0,0,0.8315868019495334,0.201358512297933,709,0.7383225208526416,1.3501534641559332,0.2232291878884924,running
Pure Pursuit,80.71000000000438,12.456867853509284,81.37654397200487,6.791313165675663,-5.298183745328017,-4.049278022690075,-0.06682818442598852,6.742204818134493,0.09206033859248702,0.019949228484347437,0.09239999999977044,0,not_applicable,433.28493718231806,0,0,0.7853349510387733,0.2123182002168963,733,0.8428637627432809,1.2172335546933089,0.20762130414308752,running
Pure Pursuit,80.81000000000444,12.801769998941936,81.92464392009869,6.316569598199599,-5.490125994397805,-5.4161416297472975,-0.05666009877660873,6.249699002700933,0.10820130966832732,0.1551326883967601,0.08500000000211116,0,not_applicable,433.88480536235403,0,0,0.8016816278884613,0.25768748611897735,371,-0.7339666357738648,1.5217927665414932,0.22234991952811328,running
Pure Pursuit,80.91000000000449,13.188357561219174,82.38901559153123,5.909384117215975,-5.624162936514263,-4.633830998832353,0.008486676893961731,5.853186498316363,0.08364473713714515,0.23314672834445815,0.08130000000150517,0,not_applicable,434.4846422320512,0,0,0.81131412996666,0.2574831381225733,367,-0.7513901760889712,1.414419058451674,0.22593517874601313,running
Pure Pursuit,81.01000000000454,13.616725590316278,82.80187131650693,5.985253890857695,-5.577484126700526,1.9673653085894838,0.06409009981247114,6.106120648074923,0.020872282688784615,0.14891286945536564,0.08229999999898041,0,not_applicable,435.08452999875385,0,0,0.8579886718113883,0.26608451493401736,376,-0.7121872103799816,1.408316936494387,0.21811666573475305,running
Pure Pursuit,81.11000000000459,14.059383807832324,83.21723912689032,6.14290748343605,-5.484744988370471,4.088086650657923,0.055250927445523866,6.394062555923488,0.034198173365355314,0.0386594061350749,0.0782000000008054,0,not_applicable,435.68442502618456,0,0,0.8534507757043677,0.27553125113000854,365,-0.7601019462465246,1.4201942279581075,0.22496523842325905,running
Pure Pursuit,81.21000000000464,14.498637127658355,83.66215489376492,6.346017414387573,-5.436593713033737,5.266806697895534,0.025712114923791243,6.669588153225604,0.0681953264505792,0.014390281857959764,0.09179999999986421,0,not_applicable,436.2843263122388,0,0,0.8583747431850992,0.2816197344516061,366,-0.755746061167748,1.4850016398054349,0.22600293112750477,running
Pure Pursuit,81.31000000000469,14.935025296818377,84.136267726459,6.527373950762237,-5.422599117613105,4.702723377485629,0.0034405495991325975,6.816289752136136,0.09671142349810972,0.04272031110922292,0.07850000000075852,0,not_applicable,436.8842266969991,0,0,0.9012935877632301,0.2751999331588647,718,0.7775254865616312,1.4655410041655217,0.22094939445953415,running
Pure Pursuit,81.41000000000474,15.364698686640208,84.6220015795892,6.463476281919096,-5.423834872861498,-0.7271649222934329,-0.017678145133292102,6.4546574585328935,0.07887586513864592,0.08425129214514548,0.07860000000192713,0,not_applicable,437.68409109575293,0,0,0.8592891127065928,0.25123895591488543,723,0.7993049119555145,1.3595853266682592,0.21621722807816315,running
Pure Pursuit,81.5100000000048,15.782806368752086,85.09223495162767,6.2051878949776,-5.468243710673656,-2.9393600458363345,-0.0419928211967741,6.169540277335463,0.051514376391177785,0.06358033538196128,0.0800000000005241,0,not_applicable,438.28398665570825,0,0,0.8558470022840764,0.2546288027133218,716,0.768813716404078,1.405817265794035,0.22293077345441878,running
Pure Pursuit,81.61000000000485,16.204060268301532,85.53381668193683,6.051669033215468,-5.54985817038125,-1.7470673532375702,-0.04106311046403871,6.030481159653843,0.06975660211948792,0.01845742474758172,0.07680000000220844,0,not_applicable,438.88388789960396,0,0,0.8557923995527913,0.2728970233412218,738,0.8646431881371641,1.302568085001897,0.2037158366078793,running
Pure Pursuit,81.7100000000049,16.628745436326504,85.92862082449925,5.671029507456794,-5.636560459664784,-4.331734102062272,-0.0045211506927189385,5.618495623009241,0.0766544107835457,0.13006850694487682,0.11629999999840379,0,not_applicable,439.4837761729256,0,0,0.8109550045962394,0.2741792365748244,357,-0.7949490268767376,1.3791414380524296,0.21713917065507293,running
Pure Pursuit,81.81000000000495,17.043822488569248,86.27110186440073,5.23411772581419,-5.6581724724947495,-4.972120697034361,0.04220240798515373,5.173817437753358,0.08052308758128197,0.15993081170313328,0.07709999999860884,0,not_applicable,439.8837102776121,0,0,0.8442980627905966,0.2756787952771734,357,-0.7949490268767376,1.3120090634619903,0.21713917065507293,running
Pure Pursuit,81.910000000005,17.436520631229943,86.58275064894319,4.900787145006297,-5.600565627309297,-3.7933513112382578,0.041306011822069465,4.854782594690365,0.051482801973130654,0.059935755156772075,0.0879999999980896,0,not_applicable,440.48359192070814,0,0,0.837466125678003,0.33004471353696263,339,-0.8733549582947173,1.3117182562293421,0.20222103997141733,running
Pure Pursuit,82.01000000000505,17.78862627778969,86.87498807829634,4.403296948203706,-5.550561121774443,-5.683673942272813,-0.00937252647516403,4.332419750779016,0.06997448550221717,0.060425608420578314,0.08490000000094255,0,not_applicable,440.88343774615817,0,0,0.8558803269693379,0.31957779028099637,702,0.7078313253012047,1.4072460003335974,0.21730154451353453,running
Pure Pursuit,82.1100000000051,18.1040406910082,87.14270289198127,4.001479361662267,-5.58783054826044,-4.572743566135666,-0.08001154270249139,3.9460225915901392,0.0616173212953589,0.11689706106484632,0.09069999999766765,0,not_applicable,441.28317175180695,0,0,0.8693623085110788,0.3281447999420352,701,0.7034754402224284,1.3183898360882624,0.21649658541768402,running
Pure Pursuit,82.21000000000515,18.408156476439995,87.37550051932563,3.7442177334339934,-5.697254609021623,-2.9276753798159216,-0.10062282873423178,3.708711823680675,0.04943045560026145,0.08668174283169705,0.0800000000005241,0,not_applicable,441.68291886378046,0,0,0.8343284551986081,0.37511736672696105,724,0.8036607970342913,1.2571320889916928,0.2153071491827237,running
Pure Pursuit,82.3100000000052,18.73107115639454,87.57582886563544,3.850217090358118,-5.795263895988587,2.7486500556875715,-0.07753563599916367,4.019082739002751,0.06468559633836332,0.027952554579443678,0.11690000000186274,0,not_applicable,442.08279992165313,0,0,0.8500659875406483,0.42325980849115125,701,0.7034754402224284,1.4250452676783862,0.21649658541768402,running
Pure Pursuit,82.41000000000525,19.08181179304428,87.75636076718789,4.026463917818027,-5.854015833638178,4.570224444467161,-0.04952090069438724,4.307239534804834,0.0729181307795356,0.014338804765442248,0.1068000000010727,0,not_applicable,442.4827288406993,0,0,0.796304671225484,0.4153995883162963,731,0.8341519925857277,1.2837261003748108,0.20925385860619153,running
Pure Pursuit,82.5100000000053,19.45971462846512,87.92562657078643,4.238898051624811,-5.897985883476526,5.508590907168633,-0.0341499259261472,4.57732300853489,0.06995539560047181,0.04141849476055626,0.0782999999984213,0,not_applicable,442.8826600002352,0,0,0.818684707115276,0.40922402750230286,736,0.8559314179796109,1.2853582212981447,0.20524858980469113,running
Pure Pursuit,82.61000000000536,19.86490145480529,88.08724684087203,4.467752426996586,-5.929939987018008,5.934381206295853,-0.02306986626167781,4.832336172254396,0.07644555730889128,0.05206510006180309,0.07830000000197401,0,not_applicable,443.28259023708637,0,0,0.8218127338254102,0.403584423038605,724,0.8036607970342913,1.402699821647145,0.2153071491827237,running
Pure Pursuit,82.71000000000541,20.295634569399038,88.24700276902068,4.701758632628495,-5.944383676258039,6.067972380264468,-0.01659230595005929,5.074549665023032,0.0927170461174569,0.029140680470047364,0.09389999999953602,0,not_applicable,443.8824874933742,0,0,0.8576602922388694,0.3754762930307653,716,0.768813716404078,1.4286356183167805,0.22293077345441878,running
Pure Pursuit,82.81000000000546,20.753254961718127,88.40789200292521,4.9778184926651745,-5.959037050625547,7.158458048062197,-0.020664557305452597,5.417604437434715,0.027554410266517535,0.01536375484711261,0.07949999999823376,0,not_applicable,444.2824189056213,0,0,0.8667694303662583,0.3518148510859097,714,0.7601019462465248,1.4238354659204746,0.22496523842325897,running
Pure Pursuit,82.91000000000551,21.237085855951545,88.5698487378324,5.208191801755718,-5.975057079207726,5.973768400443378,-0.02929420180920584,5.575195332709512,0.09595249877593606,0.014885931995689106,0.0801000000016927,0,not_applicable,444.88230052867,0,0,0.8596455345361598,0.3318326555258942,715,0.7644578313253012,1.416142637940807,0.2239412608755995,running
Pure Pursuit,83.01000000000556,21.740245993049605,88.72766923602994,5.329087386055046,-6.0081179994756795,3.134921419896841,-0.03898954667760409,5.521683943745402,0.053164724520318424,0.011931673789974617,0.0704000000020244,0,not_applicable,445.2822216712596,0,0,0.8691451459058533,0.3070113092810694,728,0.8210843373493977,1.3013673639371226,0.21178185999974475,running
Pure Pursuit,83.11000000000561,22.26228035288793,88.87086320823519,5.485566829724231,-6.064007317531052,4.057640008732717,-0.04155355783530483,5.734851386928318,0.06100961221215276,0.004559942996271715,0.08079999999921483,0,not_applicable,445.882110903331,0,0,0.8409573768594029,0.31093324824164575,744,0.8907784986098242,1.2412681499481801,0.19934114321212792,running
Pure Pursuit,83.21000000000566,22.808735465053548,88.99354950103437,5.699578979092781,-6.11705560830756,5.549510141846863,-0.03693898109368533,6.040517843908917,0.0910484229158464,0.027219054884800364,0.07599999999996498,0,not_applicable,446.48199435356196,0,0,0.8215764862971,0.3018941026629546,716,0.768813716404078,1.413200875446338,0.22293077345441878,running
Pure Pursuit,83.31000000000572,23.382915648773782,89.09504360384584,5.9432515523457345,-6.152304907007679,6.318629201879924,-0.021412471366993358,6.331441899280773,0.10240666609800991,0.03945106967159884,0.07619999999874949,0,not_applicable,447.081890357962,0,0,0.8318943762925267,0.2982757303179709,724,0.8036607970342913,1.39526825187967,0.2153071491827237,running
Pure Pursuit,83.41000000000577,23.984757284680185,89.18267430319918,6.200215019607618,-6.164252478959224,6.663272958388076,-0.008346648941259386,6.609578848184542,0.08985215333852023,0.0367134615374205,0.0764999999987026,0,not_applicable,447.6817869124204,0,0,0.8693989631600795,0.28807912963005156,732,0.8385078776645041,1.3531144244347364,0.20843240730709414,running
Pure Pursuit,83.51000000000582,24.613901032141612,89.26178317178251,6.461009039162044,-6.1779610930405715,6.762602313562818,-0.0016933642401415505,6.8764752509638996,0.052069877698568995,0.043378611407688616,0.08259999999893353,0,not_applicable,448.28168772339694,0,0,0.896473538540606,0.2799670567920878,362,-0.7731696014828544,1.464286694326924,0.22193355627601147,running
Pure Pursuit,83.61000000000587,25.26978986546743,89.33625612720833,6.720308776895594,-6.175134886315199,6.723854363298347,0.010553366281157195,7.133394475491879,0.015387608340604242,0.03816710364081999,0.08250000000131763,0,not_applicable,448.88158893480295,0,0,0.8946741323599267,0.2658448416325833,351,-0.8210843373493977,1.3822202546298803,0.21178185999974475,running
Pure Pursuit,83.71000000000592,25.95099782276528,89.41544969202963,6.975244064567948,-6.152128153797711,6.610680602137302,0.015799369076096297,7.3813768371093245,0.10076539154909209,0.012558694385917946,0.10220000000060736,0,not_applicable,449.68145731757954,0,0,0.8897784548678966,0.25698206012353686,336,-0.8864226135310473,1.291835424665644,0.20004771979496722,running
Pure Pursuit,83.81000000000597,26.657734084843703,89.50670157992744,7.254588142009758,-6.132584193482076,7.243620492584979,0.011874428016677215,7.699606113826446,0.029683114700136386,0.008863426128381313,0.0764999999987026,0,not_applicable,450.2813586272901,0,0,0.8433656850311358,0.24881918386188515,369,-0.742678405931418,1.502647862685849,0.2241197071405647,running
Pure Pursuit,83.91000000000602,27.38957965662753,89.61292939517021,7.515017114063212,-6.115721257251586,6.753136333173959,0.003894615495378505,7.929901775327154,0.052811171188184965,0.028096361051821006,0.07989999999935549,0,not_applicable,451.08122704570815,0,0,0.8922782091396568,0.2426675560379176,345,-0.8472196478220575,1.3723626039193573,0.20682039817249398,running
Pure Pursuit,84.01000000000607,28.141847524873953,89.73179332740739,7.70204664851461,-6.118183690857414,4.849828859367884,-0.005574172124325263,8.0,0.08601391765636392,0.027872046932017724,0.07420000000024629,0,not_applicable,451.8810954536604,0,0,0.8699467691470916,0.22750321303581195,709,0.7383225208526416,1.4877139568213449,0.2232291878884924,running
Pure Pursuit,84.11000000000612,28.908870724359993,89.8521434037953,7.816949830116383,-6.14529875548755,2.979533514853898,-0.011084205722782632,8.0,0.09107469541515824,0.0023646998318280765,0.08539999999968018,0,not_applicable,452.4809967611687,0,0,0.8774675613032444,0.2196624110576239,729,0.8254402224281745,1.3583979255512364,0.21092842571338707,running
Pure Pursuit,84.21000000000618,29.686420399642856,89.96359806484111,7.887541574788884,-6.172082342754269,1.830501698836171,-0.004061483381404257,8.0,0.07736222574886044,0.022413684348919993,0.1566000000003953,0,not_applicable,453.2808651549604,0,0,0.8968126158795855,0.22480268366626763,360,-0.7818813716404078,1.466918727191997,0.21997807798827249,running
Pure Pursuit,84.31000000000623,30.471209311722177,90.06326502762276,7.9309102121620265,-6.174591735610831,1.1245842521111626,0.006047457391172559,8.0,0.06803114110350128,0.023050532644941057,0.13870000000082428,0,not_applicable,454.0807335479508,0,0,0.8492467629464301,0.22475041318641706,340,-0.8689990732159407,1.347421613429197,0.20296376061118726,running
Pure Pursuit,84.41000000000628,31.259722130810978,90.16085483585472,7.957554102553586,-6.145811859139275,0.6908978783797348,0.008205675173076599,8.0,0.06235018985007297,0.007469403825134613,0.08259999999893353,0,not_applicable,454.88060194482944,0,0,0.8900256614149906,0.21625488096176637,729,0.8254402224281745,1.37416543568013,0.21092842571338707,running
Pure Pursuit,84.51000000000633,32.04952184399548,90.26501030542073,7.9739230027126915,-6.138179404213345,0.42445897446413916,-0.0046294700527935205,8.0,0.059157572162387824,0.01670935361665915,0.07149999999711554,0,not_applicable,455.68047034867493,0,0,0.8957508903772818,0.2221994898697166,706,0.7252548656163116,1.5437956732813436,0.2206244765899192,running
Pure Pursuit,84.61000000000638,32.84047204755763,90.37035247543622,7.983979375430081,-6.164997354335707,0.260769972873085,-0.009737358783149536,8.0,0.0575040544879241,0.008634010930534508,0.07340000000155555,0,not_applicable,456.4803387611464,0,0,0.85379335040329,0.22105893699028747,718,0.7775254865616312,1.4771453775096883,0.22094939445953415,running
Pure Pursuit,84.71000000000643,33.63302844213723,90.46946976341322,7.9901575933462565,-6.1724739920662,0.16020624569918596,0.001351856999847889,8.0,0.05623418272509996,0.014768974261682999,0.07350000000272416,0,not_applicable,457.28020718267476,0,0,0.8910266919268874,0.2221762353538749,735,0.8515755329008341,1.3746398618219096,0.20602954162158948,running
Pure Pursuit,84.74000000000645,33.870980552256974,90.49857270941163,7.991495909700985,-6.165967589153917,0.09842406653743474,0.004903609958840558,8.0,0.09586039007801558,0.00795283912275302,0.08369999999757738,0,not_applicable,457.4801742883552,1,0,0.8955087136803264,0.2176797965200348,347,-0.8385078776645043,1.3712789859396708,0.2084324073070941,lap_complete
