controller,time_s,x_m,y_m,speed_mps,yaw_rad,accel_command_mps2,steer_command_rad,speed_command_mps,cross_track_error_m,heading_error_rad,controller_update_ms,controller_iterations,controller_status,progress_m,lap_count,collision,minimum_clearance_m,minimum_ttc_s,critical_beam_index,critical_beam_angle_rad,critical_scan_range_m,critical_side_distance_m,termination_reason
MPC,0.10999999999999999,8.914924842519492,-20.2061432096612,0.28888366911729985,4.90148584576068,8.0,-0.0026945854966396693,0.8,0.014290754716872038,0.0006784020779910804,1.5011999999998693,2,optimal,0.0,0,0,0.8675566918055154,nan,911,1.6182113067655237,1.0227310891423531,0.15517439733683772,running
MPC,0.21000000000000005,8.923639713735177,-20.250850393223384,0.5973968804074414,4.902970548094623,8.0,0.006546767072425822,1.0888836691172998,0.05983937212063252,0.000806300255952408,1.0348000000011126,3,optimal,0.0,0,0,0.8786791307202032,6.03727697365378,719,0.781881371640408,1.4575517414893477,0.21997807798827246,running
MPC,0.3100000000000001,8.9364152337129,-20.32615798850403,0.905910091697583,4.892508852476068,8.0,-0.08011506598309866,1.3973968804074415,0.06378455849201556,0.008450974453891646,0.7255999999991047,3,optimal,0.19997074926651615,0,0,0.8670211856466453,2.924179761598086,350,-0.8254402224281743,1.3957317859191958,0.21092842571338713,running
MPC,0.4100000000000002,8.954846019611983,-20.431762686768288,1.2144233029877245,4.896124287465712,8.0,0.19904362335644982,1.7059100916975831,0.043549388981244344,0.004835539464247418,0.9299999999985431,3,optimal,0.19997074926651615,0,0,0.8618422268536929,1.9236811490621408,358,-0.790593141797961,1.4439173660408882,0.21807316453493358,running
MPC,0.5100000000000002,8.9981379876416,-20.56274771802696,1.5229365142778661,4.9911261337568815,8.0,0.3061615439359309,2.0144233029877245,0.024756849928960167,0.09140003906134275,1.2094999999998635,3,optimal,0.39994148441392774,0,0,0.8745543913681718,1.2981850180330292,705,0.7208989805375348,1.4040993852825043,0.2197779812188762,running
MPC,0.6100000000000003,9.07000556776486,-20.715628141659312,1.8314497255680078,5.1057101997266585,8.0,-0.007997721423048387,2.322936514277866,0.08003905809356131,0.2064784681810501,1.1106000000005167,3,optimal,0.5999122336804532,0,0,0.8236817773961185,0.8670113179914066,727,0.8167284522706209,1.116606890702978,0.2126462795560751,running
MPC,0.7100000000000004,9.147730305105421,-20.899569557640035,2.1399629368581494,5.087894870577073,8.0,-0.2340261701107576,2.631449725568008,0.11652535779406396,0.18930065912669747,0.891499999999823,3,optimal,0.7998829508690226,0,0,0.7935951459501102,0.7055615919349523,721,0.7905931417979613,1.1270378763772675,0.21807316453493353,running
MPC,0.8100000000000005,9.209455059505089,-21.121742823077458,2.4484761481482904,4.981420217708505,8.0,-0.05205146742959638,2.9399629368581497,0.12285672923787994,0.08301825413871278,0.8826000000006218,3,optimal,0.9998537001356073,0,0,0.7915465895386237,0.6585071950674674,707,0.729610750695088,1.2719330528857327,0.22148173646210823,running
MPC,0.9100000000000006,9.26445221465417,-21.377265405206572,2.7569893594384314,4.897001229310339,8.0,-0.3662107327885757,3.24847614814829,0.1291421185036293,0.001359767411841517,0.8388999999979774,3,optimal,1.1998244492345342,0,0,0.7484890022490474,0.6171354727709805,713,0.755746061167748,1.3256785931742519,0.22600293112750477,running
MPC,1.0100000000000007,9.275322714790171,-21.669011150565638,3.0655025707285724,4.688556566836685,8.0,-0.052051467429596376,3.5569893594384316,0.11560782834252771,0.21045833639308853,0.914999999999111,3,optimal,1.599765926247806,0,0,0.7845623629375913,0.5645174361405768,384,-0.6773401297497683,1.4246609252509084,0.21187243445594103,running
MPC,1.1100000000000008,9.25755752937766,-21.99172437974209,3.3740157820187133,4.651042754748019,8.0,0.26210779792938294,3.865502570728572,0.033075103562076755,0.24838921153393123,0.9093000000000018,3,optimal,1.7997366755143855,0,0,0.8572990368349896,0.4543776004754643,392,-0.6424930491195551,1.3213776626102065,0.20621919386478796,running
MPC,1.2100000000000009,9.264028983357296,-22.34558022237362,3.6825289933088543,4.783500766187236,8.0,0.05913982715340979,4.174015782018714,0.057835471079331006,0.11757235344846606,0.909899999999908,3,optimal,2.199678171280145,0,0,0.8330428063245173,0.43225444078287034,362,-0.7731696014828544,1.2657351416698746,0.22193355627601147,running
MPC,1.310000000000001,9.300866570978576,-22.72861826364841,3.9910422045989953,4.860863183865334,8.0,0.11445225966404274,4.482528993308854,0.0973024066664645,0.04149847612072399,0.8248000000001809,3,optimal,2.5996196286524333,0,0,0.7856389642956791,0.4081629586038149,368,-0.7470342910101946,1.327836328432969,0.22502164647011183,running
MPC,1.410000000000001,9.382952129776355,-23.13581539590743,4.299555415889138,5.014569292245526,8.0,0.3045300015031321,4.7910422045989955,0.08938459172574915,0.11108768245007816,0.7844000000005735,3,optimal,2.9995610884666215,0,0,0.8086663522898306,0.43153777787597497,725,0.8080166821130677,1.4043936046720915,0.2144087504700342,running
MPC,1.5100000000000011,9.54969458381369,-23.549429068239306,4.60806862717928,5.253526227190396,8.0,-0.009629263855847224,5.099555415889138,0.017928775467163257,0.34909361053042787,0.79200000000057,3,optimal,3.399502567477403,0,0,0.850435714420787,0.3017049399949075,710,0.742678405931418,1.1797127934782552,0.2241197071405647,running
MPC,1.6100000000000012,9.777960814037318,-23.96876282985107,4.916581838469423,5.238403593746885,8.0,-0.32378852921482654,5.40806862717928,0.1594392962953299,0.3331888927190967,0.8132000000014017,3,optimal,3.799444065791177,0,0,0.7200675031297624,0.23848883301071822,709,0.7383225208526416,1.0360280384621856,0.2232291878884924,running
MPC,1.7100000000000013,9.985162263488736,-24.432323503288625,5.225095049759565,4.96723390610338,8.0,-0.27482335573496436,5.7165818384694225,0.25786896780056173,0.06111992109783415,0.7916000000012247,3,optimal,4.3993563075677775,0,0,0.6074340280749558,0.23857344292898694,707,0.729610750695088,1.0958502782012118,0.22148173646210823,running
MPC,1.8100000000000014,10.108512862705842,-24.956404404630103,5.533608261049707,4.744570703773947,8.0,0.03933590962401495,6.025095049759565,0.2913856077776925,0.1619766184867082,0.7766999999994084,3,optimal,4.999268552350134,0,0,0.6107733616530407,0.2877968407853952,753,0.9299814643188138,1.0923858054468072,0.1933611363769019,running
MPC,1.9100000000000015,10.16905648614133,-25.523055416641935,5.84212147233985,4.744930424551529,8.0,-0.053430450311429574,6.333608261049707,0.23783726202241118,0.16172331272571583,1.01590000000229,3,optimal,5.399210050587162,0,0,0.6567505322887441,0.2898883911249343,729,0.8254402224281745,1.298902370321969,0.21092842571338707,running
MPC,2.010000000000001,10.198053669274014,-26.12143794434887,6.118381588203612,4.714713748819673,7.163650845511561,-0.0385692818987542,6.558486556891006,0.1542530141590347,0.19171531677241305,0.8982000000017365,3,optimal,5.999122298370297,0,0,0.7238321559377922,0.2874445687586934,368,-0.7470342910101946,1.4571259233456912,0.22502164647011183,running
MPC,2.109999999999999,10.207122283491909,-26.746503071485915,6.364687540973849,4.711059053089226,6.386914887443128,0.14742860020452975,6.7570730769479255,0.08659113358714865,0.19475228978138226,0.8853000000001998,3,optimal,6.59903453678863,0,0,0.8445915588855365,0.24803219407250554,372,-0.729610750695088,1.3527191699851335,0.22148173646210823,running
MPC,2.209999999999997,10.239868770598319,-27.393690327955987,6.581594850454266,4.880159133563786,5.624584012421471,0.14305455370487516,6.927145942215996,0.09980750873121208,0.024235119248302794,0.811400000001683,3,optimal,7.398917519095597,0,0,0.8373172847733861,0.24946418722925046,361,-0.7775254865616312,1.3524702963361406,0.22094939445953415,running
MPC,2.3099999999999947,10.339940594390244,-28.054908831166244,6.782958659692137,5.008610315821218,5.221528333151314,0.013159242516565755,7.103747683769398,0.09217739022623313,0.10574516217449315,1.008000000000564,3,optimal,7.998829743454482,0,0,0.7988391415363458,0.2653503989902332,722,0.7949490268767376,1.4402002151822566,0.21713917065507293,running
MPC,2.4099999999999926,10.491555803557597,-28.725426608904247,6.953009757301966,4.966578429142288,4.4095640999932115,-0.06426446867835185,7.223915069691459,0.10544952022942357,0.06497105395610525,0.8012999999991166,3,optimal,8.598741965193698,0,0,0.8365196061767146,0.25715835106162943,346,-0.8428637627432809,1.3681485721472681,0.20762130414308752,running
MPC,2.5099999999999905,10.644216421750164,-29.411210154248057,7.087983204255435,4.875412002845883,3.499971917287773,-0.022665106061728432,7.303006949030743,0.051333860363451216,0.025107096539978002,0.7321999999980733,3,optimal,9.398624950245287,0,0,0.8506356063493203,0.23622170649866145,344,-0.8515755329008341,1.2880746068465132,0.20602954162158948,running
MPC,2.6099999999999883,10.779203727211357,-30.113506068695003,7.2059294665083025,4.869124860112574,3.0584430860419336,0.03158897160982891,7.3938275128596285,0.10768168684930413,0.031253868517978844,0.7420999999983025,3,optimal,9.998537197564167,0,0,0.8237378412317975,0.2268586185970384,351,-0.8210843373493977,1.3074976907566165,0.21178185999974475,running
MPC,2.709999999999986,10.908125626246802,-30.827198419728532,7.292044433881733,4.899759100282002,2.2330315648607764,0.029206629881427307,7.42923262299438,0.05803660393267614,0.0011170626837735398,0.8055999999996288,3,optimal,10.798420191002432,0,0,0.8281525991729766,0.2281188603715064,355,-0.803660797034291,1.3562350412460689,0.21530714918272373,running
MPC,2.809999999999984,11.045145258696346,-31.54707704529719,7.358818801213924,4.9284174924715956,1.731513980952781,0.016483099510067902,7.465195831977011,0.07043884070931568,0.026005671169908595,0.5531000000011943,2,optimal,11.598303171145771,0,0,0.7991538996390766,0.23273317462615953,357,-0.7949490268767376,1.4056546550299132,0.21713917065507293,running
MPC,2.909999999999982,11.194180167511712,-32.27029469924484,7.405763412913268,4.931395958437792,1.2173121923182568,-0.0031216471518840825,7.48055002044575,0.10389204193153886,0.027400095293494076,0.7657999999999276,3,optimal,12.198215380385491,0,0,0.8169636107063512,0.23549070291576302,342,-0.8602873030583875,1.3347307298602487,0.20447740104668094,running
MPC,3.00999999999998,11.345489034154307,-32.99575216615916,7.41490202196818,4.904091293276865,0.23697161017374574,-0.02400202811981094,7.429460573930643,0.04998653368751156,0.0030199275235389678,0.7400999999997993,3,optimal,12.998098306620626,0,0,0.8339368408562176,0.22879425831076422,348,-0.8341519925857275,1.3475594688882313,0.20925385860619156,running
MPC,3.1099999999999777,11.48985243082084,-33.71773066925051,7.336099377011176,4.896093917893385,-0.8967857550069004,0.005619544955962388,7.32522344646749,0.045990229343217295,0.014997101362215659,0.7427999999993773,3,optimal,13.79798109908739,0,0,0.8510199523587605,0.2256652673736941,362,-0.7731696014828544,1.4195052341998797,0.22193355627601147,running
MPC,3.2099999999999755,11.630678859524044,-34.42615246375355,7.165086687318396,4.92173124731527,-1.9461497025331698,0.03060862377315901,7.141484406757859,0.10066370298149058,0.00825938855314412,0.7388000000023709,3,optimal,14.397893268896375,0,0,0.8501270261907172,0.2338368778220528,356,-0.7993049119555145,1.4122382311920236,0.21621722807816315,running
MPC,3.3099999999999734,11.772642281997141,-35.110890028152454,6.905242104365793,4.932552363224315,-2.957069786613692,-0.009266151837549972,6.869379708657027,0.03621893749717497,0.021664071146838992,0.7166000000005113,3,optimal,15.19777617543718,0,0,0.8739855411117232,0.2441720351710842,361,-0.7775254865616312,1.4677432618779025,0.22094939445953415,running
MPC,3.4099999999999713,11.910038260190564,-35.76665072745312,6.595333439589673,4.909038029842351,-3.5268064425511327,-0.029231627699526457,6.552561460110679,0.06878287140202047,0.00447360127502705,0.6852999999988896,3,optimal,15.797687846368127,0,0,0.856758118114744,0.25085567904113515,353,-0.8123725671918443,1.4049042354638621,0.21352185245425553,running
MPC,3.509999999999969,12.033236219747636,-36.390783266024485,6.242781209944483,4.874316556151988,-4.012096518006865,-0.027664319667709235,6.194123787788987,0.10183910544434407,0.019088798702364684,0.7592000000009591,3,optimal,16.39759816617437,0,0,0.8742121116272679,0.2574724829667869,359,-0.7862372567191844,1.418761396463049,0.21901940157552577,running
MPC,3.609999999999967,12.134405372959044,-36.98129474483525,5.863194427988938,4.83385310919609,-4.319753721875378,-0.020746067342228676,5.810805837756945,0.10155754167344046,0.044223337048237,0.542900000001012,2,optimal,16.997508512141586,0,0,0.8711524533844459,0.2693353155785416,339,-0.8733549582947173,1.2821156322355447,0.20222103997141733,running
MPC,3.709999999999965,12.209524865305657,-37.53662540011767,5.472187335277891,4.7911589706210895,-4.449718547407231,-0.010231219394704805,5.418222573248214,0.06802404890640651,0.05967821846617838,0.5120999999999043,2,optimal,17.597410823476505,0,0,0.8448173438358306,0.2971763848057128,354,-0.8080166821130677,1.4182934186692797,0.2144087504700342,running
MPC,3.8099999999999627,12.258070471767777,-38.05585515829778,5.084366979973479,4.749768908192627,-4.413453004381644,-0.0015401627662904225,5.0308420348397265,0.04535108690057352,0.042512543745424125,0.5219000000007412,2,optimal,18.197270937118553,0,0,0.8412787876588556,0.3240622100648189,343,-0.8559314179796107,1.3676931459662665,0.20524858980469116,running
MPC,3.9099999999999606,12.282373742165603,-38.53911482738293,4.713979559725716,4.712535063707476,-4.2150636249986135,-0.0005520081838462298,4.662860617473618,0.08251029005593996,0.025842480562028314,0.6366000000017635,3,optimal,18.59721243565165,0,0,0.8877700990591758,0.33746889944545283,721,0.7905931417979613,1.4250188734214455,0.21807316453493353,running
MPC,4.009999999999959,12.289316904786007,-38.98673028754899,4.355811848817062,4.701206386658824,-4.076001525349313,0.008072194447346373,4.306379407190784,0.08215874843094917,0.07402124384373288,0.6371999999998934,3,optimal,19.196895921593953,0,0,0.896391813177919,0.3296970301501222,707,0.729610750695088,1.3800240057924906,0.22148173646210823,running
MPC,4.109999999999957,12.283759732445722,-39.4070441423981,4.126873644227096,4.655936417959902,-2.6053506296033015,-0.1545168798884761,4.095276785856732,0.062368603827530955,0.11814466918101019,0.47199999999847364,2,optimal,19.5965754636156,0,0,0.8474166816793991,0.32762636959047664,718,0.7775254865616312,1.237959449368934,0.22094939445953415,running
MPC,4.209999999999955,12.235783766878564,-39.80315245257979,3.926733887334954,4.462395435847689,-2.2776200353344187,-0.20068354918536896,3.8991116406936546,0.08150625659402233,0.02050018561731015,0.6160000000008381,3,optimal,19.99631567519498,0,0,0.8168685922899248,0.3646944007419722,719,0.781881371640408,1.2879436046969546,0.21997807798827246,running
MPC,4.3099999999999525,12.123390825764202,-40.16467588997268,3.7217362951308868,4.261386530566834,-2.3329029196878572,-0.11302935806475885,3.693443595366168,0.1023403925579782,0.09242232904667702,0.9004999999984165,2,optimal,20.396257173728088,0,0,0.847050691818146,0.4403737903736528,719,0.781881371640408,1.4470214116196285,0.21997807798827246,running
MPC,4.40999999999995,11.963518151661582,-40.48994032566022,3.577649186137985,4.165993304392651,-1.6397326117094495,-0.006382438655132216,3.557763033959942,0.07185612583894671,0.14084079727654242,0.5366000000002202,2,optimal,20.59618070927304,0,0,0.8629353901280041,0.4497866831492846,360,-0.7818813716404078,1.4078213922484477,0.21997807798827249,running
MPC,4.509999999999948,11.788719026225886,-40.794376773063824,3.4763246775727747,4.1760071591835795,-1.1530878939905291,0.06205559890273812,3.462340396738932,0.019054202299304424,0.06563999639905305,0.78779999999945,3,optimal,20.995992196078156,0,0,0.8781117381748738,0.4899427132773502,715,0.7644578313253012,1.489069341627843,0.2239412608755995,running
MPC,4.609999999999946,11.617193347250462,-41.095594165263826,3.461208922188421,4.198537711075764,-0.17201953198720032,-0.0059057273451132266,3.4591227243740548,0.03773480159034148,0.012006847316378355,0.5447000000007307,2,optimal,21.395846111667662,0,0,0.8765819369084186,0.4833050561122869,731,0.8341519925857277,1.3379722226525401,0.20925385860619153,running
MPC,4.709999999999944,11.44053609819245,-41.39443526245287,3.4809796214385504,4.153203833834529,0.5126704083096559,-0.11087883006293713,3.5124759630193862,0.08775980852783821,0.022850445368220562,0.7045999999970576,3,optimal,21.795745420911672,0,0,0.8504523222400198,0.46938139390432776,736,0.8559314179796109,1.2702166594018598,0.20524858980469113,running
MPC,4.809999999999942,11.241325918169018,-41.680576468059925,3.4935299725597213,4.048532580820477,0.3254408735026237,-0.12414112216629702,3.5135237087888127,0.06402298396982282,0.052493856520980486,0.8303999999981215,3,optimal,21.995716170178255,0,0,0.8523958997401406,0.4828306593943242,713,0.755746061167748,1.4491665239918958,0.22600293112750477,running
MPC,4.90999999999994,11.018512197621838,-41.94626473035431,3.4554791131895586,3.963388310202175,-0.4330244075887442,-0.04939585638104057,3.450227531800847,0.029651734117414032,0.052568268519618044,0.5735999999991748,2,optimal,22.39559009189929,0,0,0.8602673012621966,0.4899891097568022,717,0.7731696014828544,1.447063853783877,0.22193355627601147,running
MPC,5.009999999999938,10.781987466125614,-42.19438140477298,3.414526280705153,3.915509714342544,-0.4660492908485091,-0.039685225055866774,3.408874184104708,0.05612661523894499,0.0010089497292433691,0.5506999999980167,2,optimal,22.79528785730215,0,0,0.8352098979027424,0.4743310598594308,702,0.7078313253012047,1.4626018541649133,0.21730154451353453,running
MPC,5.1099999999999355,10.533344318019244,-42.42647838660417,3.3956137001099287,3.8538360130382188,-0.21522796446071987,-0.08268264947674919,3.393003484259081,0.10490527635925426,0.04178438887246472,0.5840000000016943,2,optimal,23.194884910167247,0,0,0.8580487466472495,0.47392761274104844,713,0.755746061167748,1.4036921468182646,0.22600293112750477,running
MPC,5.209999999999933,10.267072210150882,-42.638290127120754,3.4110030084580867,3.755785414143558,0.3990573572859939,-0.13577992191634589,3.435519435838528,0.05221479320492732,0.013974048752393387,0.4692999999988956,2,optimal,23.394855659433826,0,0,0.8508107379184277,0.4720264747945817,713,0.755746061167748,1.39247101494334,0.22600293112750477,running
MPC,5.309999999999931,9.980194205000664,-42.821053436020065,3.398425012153328,3.650232036578177,-0.14313945831121355,-0.0727778329686251,3.3966890626269652,0.0322373832945047,0.025294487811489574,0.507499999999439,2,optimal,23.79457179022415,0,0,0.8523750457554642,0.49397852635428197,709,0.7383225208526416,1.4694249402188533,0.2232291878884924,running
MPC,5.409999999999929,9.6830707139299,-42.98091069966697,3.3619609442393816,3.6027300046800623,-0.41496648612077874,-0.021624800810434986,3.3569283635412503,0.07841412101434397,0.028686728455664223,0.5063999999990187,2,optimal,24.194482338020734,0,0,0.8503724921444453,0.4790173544016349,705,0.7208989805375348,1.4426804808696319,0.2197779812188762,running
MPC,5.509999999999927,9.381299661758952,-43.12862041383974,3.359072974605746,3.574393204593486,-0.032865521579251745,-0.043667052777341,3.3586743920814564,0.06760848180910756,0.036961304812006546,0.6163000000007912,2,optimal,24.394453087287253,0,0,0.8520556355341506,0.46309941083206213,699,0.6947636700648747,1.4109519869380134,0.21491658495418042,running
MPC,5.609999999999925,9.072459762683687,-43.26166094073965,3.366894466611658,3.5144902986510616,0.20281768740351255,-0.07506966531599849,3.3793547433460973,0.004244597818259314,0.0645481981568441,0.4812999999987966,2,optimal,24.79416646767927,0,0,0.8602417678295095,0.44991646300665245,707,0.729610750695088,1.3480576900463224,0.22148173646210823,running
MPC,5.709999999999923,8.751763506002074,-43.37205476899315,3.415356376546784,3.418064983232498,1.2566569770537213,-0.13031501818940125,3.4925601643170303,0.06616557488819498,0.04749592146377424,0.5717999999994561,2,optimal,25.19390054772471,0,0,0.8544668588493495,0.45124376512375797,711,0.7470342910101948,1.3397357434023691,0.22502164647011186,running
MPC,5.809999999999921,8.414216635584031,-43.4492242398513,3.5055947267549583,3.3035713679917853,2.339954255594182,-0.12153183989377772,3.649351802106202,0.08905694335010088,0.03251682926734745,0.6279999999989627,2,optimal,25.39379196742536,0,0,0.8420036647310655,0.4704232460059394,710,0.742678405931418,1.4076839287781178,0.2241197071405647,running
MPC,5.909999999999918,8.062496760785459,-43.495434945257315,3.5845548417705486,3.2232124654130256,2.0475003889887082,-0.04018971116997511,3.7103447656538293,0.042063061373429744,0.06361580731587146,0.5009000000004704,2,optimal,25.793733465958464,0,0,0.8444273828063494,0.5026983604593463,713,0.755746061167748,1.5085030119678773,0.22600293112750477,running
MPC,6.009999999999916,7.699642286313519,-43.523993525340565,3.686974424793326,3.20165985452699,2.655823589388046,0.012385373590935783,3.8501372007093533,0.0033347993345474816,0.05218376203316133,0.47900000000034026,2,optimal,26.193674429778184,0,0,0.8742217605322272,0.47661802779939827,358,-0.790593141797961,1.4198471114205973,0.21807316453493358,running
MPC,6.109999999999914,7.32491882625592,-43.551055790024044,3.816641352063801,3.216985169700356,3.3623695200146084,0.0219656035726701,4.023211376794787,0.02436057095992423,0.01400935112578594,0.45719999999960237,2,optimal,26.59360249633447,0,0,0.8564981096904745,0.4765298449324557,715,0.7644578313253012,1.4920359113087736,0.2239412608755995,running
MPC,6.209999999999912,6.936147425169252,-43.58062578001003,3.9690497321142044,3.216613478442162,3.9520739980777218,-0.002147576097935017,4.211848751871573,0.0343190481094656,0.0036961346869475165,0.535100000002231,2,optimal,26.993532506884744,0,0,0.874696880124747,0.45013281269359373,725,0.8080166821130677,1.4014295151889706,0.2144087504700342,running
MPC,6.30999999999991,6.531057353519564,-43.60820667584712,4.138024497941184,3.200916262835507,4.38165393618927,-0.013894520321564722,4.407215125733131,0.027947282191376207,0.0018501726703554766,0.6663000000006747,2,optimal,27.393468636058554,0,0,0.8905995071198196,0.44648764300416743,358,-0.790593141797961,1.4646328423383925,0.21807316453493358,running
MPC,6.409999999999908,6.1082008529682446,-43.63142295117417,4.317542922263345,3.184964314117248,4.655059627986761,-0.008712402831496829,4.60353046073986,0.006918188546270403,0.003797460909206407,0.5536000000017083,2,optimal,27.793409604103292,0,0,0.8874747361569892,0.4292924598387951,358,-0.790593141797961,1.467651273292105,0.21807316453493358,running
MPC,6.509999999999906,5.666960810128134,-43.65151745476952,4.501665565090573,3.1859335670257747,4.774450781080329,0.0017666017265424465,4.7949880003713785,0.038767848022950704,0.0018636966193152915,0.5195000000011163,2,optimal,28.19335065691587,0,0,0.8960016583489356,0.4004744145482631,367,-0.7513901760889712,1.4894334588947087,0.22593517874601313,running
MPC,6.6099999999999035,5.207501433472,-43.67521938311256,4.6850999345384645,3.203268472140356,4.756603289196106,0.0021644161725420693,4.977325894010184,0.09846221621316009,0.01967552684735807,0.5106000000019151,2,optimal,28.59329215530042,0,0,0.8772511034535695,0.39135789866083254,717,0.7731696014828544,1.4828279385001373,0.22193355627601147,running
MPC,6.709999999999901,4.730231007719425,-43.70372209102419,4.863068839067687,3.202995063665396,4.614879311909963,-0.010543210048312867,5.146587865729461,0.02412593911083775,0.014276581831117241,0.4860999999998228,2,optimal,29.193203891014996,0,0,0.8540154274685049,0.36664579862406826,731,0.8341519925857277,1.3632636476991615,0.20925385860619153,running
MPC,6.809999999999899,4.2341332341164,-43.730651413248296,5.057937925132139,3.184761796069423,5.053114847161276,-0.012867210017555265,5.368380323783814,0.07398421376594695,0.008962524107008818,0.4746000000004358,2,optimal,29.593145309989932,0,0,0.8845549891414212,0.3662854412189023,721,0.7905931417979613,1.4710618940395275,0.21807316453493353,running
MPC,6.909999999999897,3.718873560860491,-43.751794826005955,5.241343848617886,3.166740817540312,4.755865662122676,-0.0027917815377847756,5.533524491344407,0.010859272244560753,0.02807512647874333,0.4490999999990919,2,optimal,30.19305751365875,0,0,0.8485327256024715,0.3487712487000512,382,-0.6860518999073215,1.578325040788218,0.21337555590733343,running
MPC,7.009999999999895,3.1849972024161577,-43.767720101603146,5.426143024228147,3.167546729729614,4.791993829696091,0.0012776049663014595,5.720543231587495,0.07726215084998157,0.02226061168006055,0.4925000000000068,2,optimal,30.792969024933573,0,0,0.8795218944500878,0.32637087016704275,349,-0.8297961075069509,1.364800456667921,0.21008581223244965,running
MPC,7.109999999999893,2.632872551787009,-43.78378335000479,5.606582342616881,3.1691819519754967,4.678939164625648,-0.012122951980439127,5.894036940690712,0.07825007206268862,0.013877406891804611,0.4957999999994911,2,optimal,31.19291002415538,0,0,0.8711205709978932,0.3206668000821855,357,-0.7949490268767376,1.4356867159488047,0.21713917065507293,running
MPC,7.209999999999891,2.0643740570340925,-43.79634081005087,5.754384868196086,3.149831595490389,3.832640423043774,-0.025160362293209712,5.989846384921258,0.05135240913278982,0.017485089949659027,0.5442999999978326,2,optimal,31.792819973139608,0,0,0.8433571829897673,0.3091029351507901,370,-0.7383225208526414,1.5049617804152475,0.22322918788849236,running
MPC,7.309999999999889,1.4826413509258707,-43.801065882146055,5.871414361948944,3.1294651899863184,3.034670528719682,-0.028776090111088448,6.057851921068054,0.03974168427342079,0.017574171325048127,0.8944999999993541,3,optimal,32.39272597508254,0,0,0.8481282326264923,0.29783721670260666,351,-0.8210843373493977,1.379660843899495,0.21178185999974475,running
MPC,7.4099999999998865,0.8917764178039786,-43.795487946789336,5.9410096296690575,3.108964049317235,1.8046622361248004,-0.02884001481813924,6.051880585561424,0.03547605405456498,0.010641606760263045,0.676399999997912,3,optimal,32.99262677000339,0,0,0.8430679137812973,0.2989832590715252,369,-0.742678405931418,1.5172927099591258,0.2241197071405647,running
MPC,7.509999999999884,0.29682743499590913,-43.77741679674891,5.962094922007851,3.079234293170502,0.5467588827232376,-0.03196028795956208,5.995685517941381,0.028815793729439723,0.008174085072939263,0.5605000000006299,2,optimal,33.59253061600286,0,0,0.8521484629307138,0.297756864088931,701,0.7034754402224284,1.5655155667418814,0.21649658541768402,running
MPC,7.609999999999882,-0.2949996548968424,-43.74264956544543,5.9116418028595135,3.043169712732362,-0.5741639582349177,-0.030894057346537045,5.904678526184359,0.01918696515579482,0.010088094260696678,0.5168999999991541,2,optimal,34.19242482503289,0,0,0.8486983558417306,0.29198396632040585,728,0.8210843373493977,1.398036333448598,0.21178185999974475,running
MPC,7.70999999999988,-0.875724477769691,-43.69143540452218,5.788355509631473,3.015725344951937,-1.4030162517366467,-0.025051908802522727,5.771340177685849,0.00940363828694029,0.005387310991295635,0.537000000001342,2,optimal,34.792309638395025,0,0,0.8568115415183785,0.2885339101568243,701,0.7034754402224284,1.517268031606519,0.21649658541768402,running
MPC,7.809999999999878,-1.4396243721292081,-43.625281719061334,5.6215152850028485,2.988031761025325,-1.8986664329698204,-0.027696705254908187,5.598488866334491,0.04330981198046229,0.025347471046494263,0.5763000000005292,2,optimal,35.392204000475736,0,0,0.8638470774632168,0.282067441492247,710,0.742678405931418,1.4268692015746953,0.2241197071405647,running
MPC,7.909999999999876,-1.9881204047045384,-43.54227534427543,5.510254628844027,2.9411913827832046,-1.2661627232232042,-0.06388648486590838,5.494899012680528,0.0965873390723592,0.023793340457128664,0.5131000000009323,2,optimal,35.99208455101426,0,0,0.8564194614495944,0.2806312193131177,712,0.7513901760889712,1.3787315355125425,0.22593517874601313,running
MPC,8.009999999999874,-2.52360180474833,-43.431721200268946,5.447714272399388,2.855903145625863,-0.7117185064436391,-0.07918245478782814,5.439082778199664,0.08412971685842224,0.0295407011401565,0.6738000000030553,3,optimal,36.391996480157275,0,0,0.8348817206636759,0.2920954198285115,712,0.7513901760889712,1.4020768334123017,0.22593517874601313,running
MPC,8.109999999999872,-3.039901117748675,-43.281781494743115,5.3422617986598295,2.7551349555966143,-1.2000647482260693,-0.04201050146136972,5.327707797576781,0.06169844680055316,0.07960889372080437,0.5712000000013262,2,optimal,36.99189725814727,0,0,0.8349235940421043,0.3176391838147791,724,0.8036607970342913,1.4163413921402614,0.2153071491827237,running
MPC,8.20999999999987,-3.5346432150755347,-43.095065630080256,5.261857910636721,2.7027576624317113,-0.9150081379328666,-0.003311832681726878,5.250760984866543,0.09323698810342122,0.08065428397004482,0.7564999999996047,2,optimal,37.59175897306466,0,0,0.8269332610614688,0.3317952550024642,337,-0.8820667284522707,1.3273112989497335,0.2007631459721537,running
MPC,8.309999999999867,-4.016061121524247,-42.882821806264744,5.261565631331423,2.6828334944853007,-0.003326181724201916,-0.004162780602592916,5.261525292464301,0.04812867296734783,0.06744740758199974,0.5459999999999354,2,optimal,37.991667290739294,0,0,0.8563642306921482,0.33403224789586716,720,0.7862372567191844,1.4608083635524547,0.21901940157552577,running
MPC,8.409999999999865,-4.488350898368978,-42.65536874673177,5.232366869232843,2.6635659815328294,-0.332286231358465,-0.0012170902573593715,5.2283370081955765,0.03418385113187116,0.03680759474197792,0.5082000000022902,2,optimal,38.59156367999972,0,0,0.8779007899363782,0.3297456079037628,718,0.7775254865616312,1.457384413573486,0.22094939445953415,running
MPC,8.509999999999863,-4.9519452451860815,-42.417774857774766,5.1977446759050006,2.6428361009532693,-0.3940056809063284,-0.011797982951471674,5.19296630114221,0.08725844654879467,0.022015136281499537,0.501899999999722,2,optimal,38.99149047409603,0,0,0.874946009503419,0.3284903639114818,710,0.742678405931418,1.4902775467789768,0.2241197071405647,running
MPC,8.60999999999986,-5.405934727421007,-42.17212730770428,5.14373334872039,2.6212920567739433,-0.6146568919685883,-0.015327448611681243,5.136278986708142,0.00434748271345322,0.0034883684361730616,0.48050000000010584,2,optimal,39.59137032977083,0,0,0.850964910400074,0.32091965857501437,717,0.7731696014828544,1.4157639804861075,0.22193355627601147,running
MPC,8.709999999999859,-5.8517629542016385,-41.915162630283376,5.148101923790647,2.5812457122188803,0.11328072602113026,-0.05560248627917139,5.155061421322503,0.08334435226683899,0.014727337640087157,0.5035000000006562,2,optimal,40.19123182137005,0,0,0.8607719787176236,0.31885731382462107,722,0.7949490268767376,1.3657477981533144,0.21713917065507293,running
MPC,8.809999999999857,-6.286266791701862,-41.6390378401563,5.1492621838450745,2.51974433420291,0.030086492557644798,-0.05895700301091189,5.151110573046411,0.04064484618568099,0.014223153241513131,0.5117999999999512,2,optimal,40.5911733199031,0,0,0.8421454374727828,0.31876943889548465,711,0.7470342910101948,1.4290773792150433,0.22502164647011186,running
MPC,8.909999999999854,-6.702914272707525,-41.341019718759625,5.110119885170333,2.4554639906298927,-0.44544514830545257,-0.03557139186911951,5.104717669014529,0.0655731078997247,0.02746980470433158,0.5814999999991244,2,optimal,41.19104263539868,0,0,0.8692320868779038,0.3297951547531221,727,0.8167284522706209,1.3752513610974328,0.2126462795560751,running
MPC,9.009999999999852,-7.100094584060674,-41.01883047064873,5.119302609912895,2.3941448069797757,0.23811556605078144,-0.038254375169479236,5.1339314417754105,0.06001489927020424,0.05627527893337003,0.4905999999991195,2,optimal,41.59095084218631,0,0,0.8560497579600695,0.34083695458432783,725,0.8080166821130677,1.4178199741987219,0.2144087504700342,running
MPC,9.10999999999985,-7.479384637280046,-40.67427524334882,5.129297106269127,2.353380268609664,0.25916546819986597,-0.021053413177899726,5.145219156732881,0.039377494006695546,0.048905221475250116,0.4786000000009949,2,optimal,42.19084419991088,0,0,0.8816053207834587,0.34094511715311826,352,-0.8167284522706209,1.4075645949987872,0.2126462795560751,running
MPC,9.209999999999848,-7.84517536698822,-40.31545728652051,5.12160570973378,2.333471334484516,-0.08752923017713703,-0.010133964524095292,5.120544183251413,0.07712495382524688,0.033031154685229325,0.464099999998524,2,optimal,42.590774981226716,0,0,0.8723748300040733,0.34004732178545816,731,0.8341519925857277,1.3810205142562286,0.20925385860619153,running
MPC,9.309999999999846,-8.198996660962086,-39.94905466938292,5.079394516578933,2.313233306304681,-0.4803696213974218,-0.012114785357240908,5.073568747594038,0.015795309098389478,0.006163838765049334,0.4503000000006807,2,optimal,43.19065599893163,0,0,0.8658849678041564,0.3298090844875227,710,0.742678405931418,1.4684503091015066,0.2241197071405647,running
MPC,9.409999999999844,-8.541776039297437,-39.57371291370185,5.086781538612845,2.2738572181810985,0.1915515255381106,-0.05057640213622137,5.098549669132744,0.09486309217870875,0.01235985432232134,0.45410000000067896,2,optimal,43.590562609592475,0,0,0.869138710128563,0.32453981826053147,716,0.768813716404078,1.40774243335507,0.22293077345441878,running
MPC,9.509999999999842,-8.86783979934043,-39.184050633294405,5.078687152765215,2.2125857393904504,-0.09211530815552452,-0.04701152249295845,5.077570007797293,0.018585796366689222,0.021022749345762648,0.4472999999993732,2,optimal,44.19045385666062,0,0,0.8755273975936382,0.3320881001941823,716,0.768813716404078,1.4370624367055111,0.22293077345441878,running
MPC,9.60999999999984,-9.17220418508819,-38.78134965384144,5.032700839747291,2.16832850503934,-0.5233310438027019,-0.024347971361125084,5.0263540483849445,0.09755798802702409,0.012600530318076508,0.5403000000008262,2,optimal,44.790324564569346,0,0,0.8684973977933772,0.3301956509392284,703,0.7121872103799816,1.4874656300233622,0.21811666573475305,running
MPC,9.709999999999837,-9.458351149909781,-38.3667681193646,5.04231672799433,2.1288377657825004,0.24934785014430116,-0.04426372130051216,5.057635624761722,0.026933251528783005,0.018770526181612013,0.4928999999993522,2,optimal,45.19023063947062,0,0,0.8586413184408871,0.3336447849950798,732,0.8385078776645041,1.3310566275554405,0.20843240730709414,running
MPC,9.809999999999835,-9.72450594293576,-37.937474808692556,5.059561357311272,2.069909391417855,0.44716734806465885,-0.05017962468072669,5.087033462800796,0.09155577729838218,0.029120824716628135,0.5592000000014252,2,optimal,45.790121223637165,0,0,0.8500056113145386,0.3410871699848585,726,0.8123725671918445,1.396410414142445,0.2135218524542555,running
MPC,9.909999999999833,-9.969370634139866,-37.49455262263315,5.062960763420257,2.028684768908063,0.08814938186331417,-0.030736003264085206,5.068376295497603,0.027991686542169318,0.033778981236778804,0.5569000000011926,2,optimal,46.190054541547944,0,0,0.8562153289779076,0.3409264837265625,709,0.7383225208526416,1.4989912998833388,0.2232291878884924,running
MPC,10.009999999999831,-10.197211628540101,-37.044487172306944,5.035390967468088,2.007899850252301,-0.3137483556781899,-0.020108859271940335,5.031585927852438,0.08131558850760782,0.007337892495312914,0.49870000000140635,2,optimal,46.78993650432309,0,0,0.8721770316948171,0.32906187246290086,716,0.768813716404078,1.4203645696663825,0.22293077345441878,running
MPC,10.109999999999829,-10.410523866525413,-36.58763361855029,5.048196590873985,1.96946279845372,0.33206029271408766,-0.053239650304607034,5.0685969967394975,0.03479828335265669,0.012696891696911905,0.5687000000005327,2,optimal,47.18984289004534,0,0,0.8467708110074048,0.3318220205108692,725,0.8080166821130677,1.3688575926830593,0.2144087504700342,running
MPC,10.209999999999827,-10.603771028731408,-36.12106617334114,5.052600502418585,1.909314920673209,0.11419702971380688,-0.05278327439675536,5.059616293845366,0.07592111770190611,0.020710482291786292,0.5088999999998123,2,optimal,47.78973239689101,0,0,0.8760305420298036,0.3281914081414457,709,0.7383225208526416,1.4485775101136422,0.2232291878884924,running
MPC,10.309999999999825,-10.77317494651631,-35.6475287974483,5.017954057117481,1.8659996387989937,-0.3942816719490628,-0.030176287115915308,5.013172335223679,0.0405276610715199,0.030638596934444706,0.7060000000009836,2,optimal,48.18966748064757,0,0,0.8352498220369112,0.33657041307580243,711,0.7470342910101948,1.4727316925571994,0.22502164647011186,running
MPC,10.409999999999823,-10.923848039525925,-35.17098128259296,4.988133143967021,1.8448368994717521,-0.3393664023488158,-0.030562365648918337,4.984017416882599,0.07655680676025318,0.001000989408936448,0.5114999999999981,2,optimal,48.78951292002081,0,0,0.8334694319616002,0.32926716778993254,704,0.7165430954587584,1.4648699996131131,0.21894209497805303,running
MPC,10.50999999999982,-11.05892741834466,-34.69009155837538,5.001448129150166,1.8066342232534893,0.34526846036745323,-0.06251261486165051,5.022659990003766,0.045588241502408366,0.003220069212007459,0.46519999999894424,2,optimal,49.189428381806195,0,0,0.8614826667311222,0.3283962641605611,705,0.7208989805375348,1.450327623705462,0.2197779812188762,running
MPC,10.609999999999818,-11.172385514014229,-34.20424713925547,4.983700476647743,1.7460328596788068,-0.20197091046461763,-0.05482414882236199,4.9812510381037045,0.08754222362983775,0.009964304347182207,0.6703000000030102,3,optimal,49.78933787424333,0,0,0.8452330623206169,0.32693381209048894,718,0.7775254865616312,1.3862363710465668,0.22094939445953415,running
MPC,10.709999999999816,-11.258784724220238,-33.71483403539125,4.9637812429956965,1.684101904752243,-0.22668382513753343,-0.04402246907005144,4.96103209413399,0.049890782403627404,0.03708267098542528,0.5291000000013923,2,optimal,50.18924935066596,0,0,0.8433258064594185,0.3298487812150559,713,0.755746061167748,1.4223440838945596,0.22600293112750477,running
MPC,10.809999999999814,-11.318529829811542,-33.222184999123904,4.962604463120055,1.6431273090279168,-0.013391929037786635,-0.029831576340391148,4.9624420500919175,0.09533853225291439,0.02865559601981893,0.5335999999989127,2,optimal,50.78912301023395,0,0,0.8532455263022551,0.344752108574955,721,0.7905931417979613,1.4218241480294314,0.21807316453493353,running
MPC,10.909999999999812,-11.357360517914202,-32.72602106790077,4.989698459833022,1.6051553838236554,0.7025695035792002,-0.04022267705315338,5.032861413477975,0.039744199627494786,0.033108199787029946,0.5180999999989666,2,optimal,51.18903641676551,0,0,0.8409122239022284,0.3409342551879879,712,0.7513901760889712,1.4622911107720753,0.22593517874601313,running
MPC,11.00999999999981,-11.374995310326597,-32.22698881773863,4.99713478047739,1.565782643892431,0.19282987884429534,-0.024717525884022575,5.008981447717452,0.0971235082495443,0.0220665653811416,0.5035000000006562,2,optimal,51.78894583402853,0,0,0.8842248217312656,0.3447270704331964,698,0.6904077849860983,1.5403027060362686,0.21414126651260781,running
MPC,11.109999999999808,-11.376576976722646,-31.726093592907503,5.019357844082733,1.5461194052117309,0.5762622226104612,-0.02917634534549577,5.054761002738436,0.03384326121155413,0.010704298921799804,0.4758000000020246,2,optimal,52.188865355420305,0,0,0.8961512888550307,0.3312708211700212,717,0.7731696014828544,1.4067078597579306,0.22193355627601147,running
MPC,11.209999999999805,-11.363342800174921,-31.22273102133498,5.049522497406566,1.508289675208414,0.7821941419672989,-0.04197090868082932,5.097577258279463,0.09664886249306016,0.0017090444692406948,0.5136000000014462,2,optimal,52.78872509002076,0,0,0.8652186460504067,0.33228824322626116,740,0.8733549582947173,1.2734272556502275,0.20222103997141733,running
MPC,11.309999999999803,-11.328360807521886,-30.716173856948252,5.102503562858161,1.4499839372568863,1.3738423772528263,-0.050974523949002454,5.186906735131849,0.041428664590393745,0.0313247572395543,0.47629999999898587,2,optimal,53.1886629613254,0,0,0.8348180960147933,0.3285966070531849,713,0.755746061167748,1.4335431700933032,0.22600293112750477,running
MPC,11.409999999999801,-11.269113349086506,-30.20782561537047,5.13164741224283,1.4096117227765625,0.7557238605839819,-0.018626385299143042,5.178075948916559,0.0805978108811507,0.02815882447798934,0.6214999999993864,2,optimal,53.788558562788985,0,0,0.8542287054482792,0.33045959626539934,718,0.7775254865616312,1.4226021034443146,0.22094939445953415,running
MPC,11.509999999999799,-11.191677118679156,-29.69758886640869,5.185944459904257,1.3910192757196813,1.4079668727149317,-0.02279385099049758,5.272444099514323,0.05338174407837776,0.020134232874820412,0.48930000000169116,2,optimal,54.18847708295249,0,0,0.8456788586844864,0.32547582350392,721,0.7905931417979613,1.39295079177558,0.21807316453493353,running
MPC,11.609999999999797,-11.10070689431708,-29.183746439557215,5.246098828099492,1.3730552998654937,1.5598519867251288,-0.029221589658239636,5.3419296585767695,0.05000445566766032,0.0012098189994667052,0.491799999998932,2,optimal,54.78837204519635,0,0,0.8440131585886355,0.3129170147072808,710,0.742678405931418,1.4195494761298806,0.2241197071405647,running
MPC,11.709999999999795,-10.995575545188528,-28.666376453792495,5.308296297770196,1.3349011131991246,1.612831279687661,-0.03892908431797593,5.407381956068258,0.09915700597772563,0.010996821737061069,0.4923000000012223,2,optimal,55.188312026740505,0,0,0.8378197559692505,0.3126178462056403,707,0.729610750695088,1.4440113498719325,0.22148173646210823,running
MPC,11.809999999999793,-10.870592427343693,-28.147837490850527,5.35614710794676,1.2940849275876456,1.24081066030104,-0.026505110197720835,5.432377363800301,0.05025592798325102,0.0169908937064136,0.5161000000004634,2,optimal,55.78821028986643,0,0,0.8218410905637276,0.3084935853257496,716,0.768813716404078,1.3999150992623361,0.22293077345441878,running
MPC,11.90999999999979,-10.72814298041584,-27.627331084083202,5.431111830828257,1.274876717826344,1.9438966018475543,-0.03044988604459812,5.550536768131515,0.0639644484251562,0.0005524077608001221,0.45600000000156626,2,optimal,56.38809080599462,0,0,0.8243102170416075,0.3034921742055386,722,0.7949490268767376,1.3555453322973365,0.21713917065507293,running
MPC,12.009999999999788,-10.568328399370175,-27.102186099110842,5.539266119713741,1.238211950411396,2.8045292046509966,-0.0431502865578751,5.711564751293357,0.10919291353999931,0.003608936680461028,0.5286000000008784,2,optimal,56.988002088970944,0,0,0.8001517400596542,0.30112866554365786,707,0.729610750695088,1.4406116802436657,0.22148173646210823,running
MPC,12.109999999999786,-10.383560157568986,-26.57306902709817,5.660991344825205,1.1802322038011481,3.156434684983097,-0.03502798612582273,5.854909588212051,0.08915667986593781,0.045173896469478336,0.48970000000103653,2,optimal,57.38793769535517,0,0,0.8246508448748988,0.3077469861106099,716,0.768813716404078,1.4481545714310875,0.22293077345441878,running
MPC,12.209999999999784,-10.170471259419223,-26.041859355008462,5.7775358263571315,1.1413287746570302,3.0220937649849122,-0.005534323864772577,5.963200721323696,0.05859898096249231,0.06656202949571188,0.497300000001033,2,optimal,57.987845050119034,0,0,0.8211092587473476,0.3001637009955532,363,-0.7688137164040778,1.4442242785601984,0.22293077345441883,running
MPC,12.309999999999782,-9.936374254286044,-25.50580109681581,5.910821236724788,1.1407831026361603,3.4561997474346744,0.023409511073340536,6.123155801100599,0.029896069763055286,0.05624747092525162,0.47720000000062157,2,optimal,58.587755229691105,0,0,0.8748324514093376,0.29247793473650163,370,-0.7383225208526414,1.4730042328223287,0.22322918788849236,running
MPC,12.40999999999978,-9.696462750030603,-24.95670097887631,6.06173907138413,1.1842358999744254,3.9134229364955617,0.03225248859332315,6.302163530374344,0.02175991633008023,0.009775769784296173,0.4821999999986559,2,optimal,59.18766747080767,0,0,0.8767150732213013,0.2922149156228887,345,-0.8472196478220575,1.3503666415547466,0.20682039817249398,running
MPC,12.509999999999778,-9.465628553064969,-24.386693490698992,6.225116499690846,1.2273994463716185,4.236510394443168,0.011356957925877703,6.485390110828447,0.037515654018142865,0.030055819342765133,0.48840000000005546,2,optimal,59.78757951543165,0,0,0.8670729954793955,0.289591907756266,710,0.742678405931418,1.5172750159099746,0.2241197071405647,running
MPC,12.609999999999776,-9.24329772479956,-23.795468781088957,6.394391719651981,1.2289784691181658,4.389444957725099,-0.013765002171739269,6.664060995463355,0.06837194097092791,0.027687779438915427,0.5769000000004354,2,optimal,60.38749150356602,0,0,0.8776347444012186,0.27226690006953164,717,0.7731696014828544,1.434969609294084,0.22193355627601147,running
MPC,12.709999999999773,-9.017488587348764,-23.187508109058804,6.5629590290825774,1.2037196452726726,4.371088258442679,-0.015497647934490254,6.831500545496249,0.08331032768636142,0.0010815778467829773,0.5591000000002566,2,optimal,61.18737444830654,0,0,0.8667194650151955,0.27601943010439184,716,0.768813716404078,1.49148278264996,0.22293077345441878,running
MPC,12.809999999999771,-8.778384220315916,-22.565586745738717,6.74835313441646,1.1812214908054757,4.807420844212208,-0.0005505529554598355,7.043701113503798,0.01762514852640629,0.025101822173633437,0.5557000000013801,2,optimal,61.787286634919575,0,0,0.8393189769746252,0.2632801757678255,349,-0.8297961075069509,1.376461570816354,0.21008581223244965,running
MPC,12.90999999999977,-8.523881629935351,-21.930567317354264,6.920336070988087,1.177836351294093,4.459658264939177,0.013099190648026764,7.194318960910378,0.06774731504963041,0.029007274427330643,0.5773000000015571,2,optimal,62.3871988822213,0,0,0.8665019331302918,0.2515619668169979,355,-0.803660797034291,1.3935906042113675,0.21530714918272373,running
MPC,13.009999999999767,-8.26309915283791,-21.281160769151562,7.064390892891807,1.2024180946603598,3.735459400297591,0.018334818871138345,7.293882011017846,0.03741169005702029,0.004108094627165215,0.5407000000001716,2,optimal,63.18708187792063,0,0,0.8694853803632301,0.24546593261595206,367,-0.7513901760889712,1.467249106035728,0.22593517874601313,running
MPC,13.109999999999765,-8.0051636773654,-20.61586853507037,7.196091340374197,1.2265258381410162,3.415100362973639,0.005863230076670203,7.405900929189171,0.08391007550683123,0.020276051997498712,0.5620000000003955,2,optimal,63.786994124607695,0,0,0.8730435435559832,0.24585368029879304,362,-0.7731696014828544,1.4649670032198792,0.22193355627601147,running
MPC,13.209999999999763,-7.753272778483425,-19.935721166653178,7.301394596611927,1.2314740675825484,2.7305995953268174,-0.007297152599323749,7.469151299906879,0.016061942481020823,0.025679475604928115,0.4660000000011877,2,optimal,64.58687712038969,0,0,0.8679039006628775,0.24294532194355709,714,0.7601019462465248,1.4920418786573832,0.22496523842325897,running
MPC,13.30999999999976,-7.499522244852549,-19.245619701355558,7.396510111678983,1.2055212649184623,2.4664231309719633,-0.012302306825209781,7.548036909709124,0.0585766721241158,0.000195796468435816,0.5670999999995985,2,optimal,65.38676011405246,0,0,0.8787482427193805,0.23364666816679758,364,-0.7644578313253012,1.4552213374944079,0.2239412608755995,running
MPC,13.409999999999759,-7.236540912593278,-18.549176442622564,7.485240091063528,1.1961028208864857,2.300840965960452,0.0002493089397402219,7.626594208275028,0.08620814717549906,0.008842783020709177,0.6566000000010064,2,optimal,65.9866723610727,0,0,0.8609533871422711,0.23481101599537096,362,-0.7731696014828544,1.4649495072436576,0.22193355627601147,running
MPC,13.509999999999756,-6.969911838372791,-17.84598159867817,7.550486259450376,1.2210886850403675,1.6918865318992733,0.005383142834883778,7.6544287442534555,0.03835765250155901,0.01670215261321495,0.5214999999996195,2,optimal,66.78655535461633,0,0,0.875179473070635,0.23012975054350715,711,0.7470342910101948,1.4888883626982015,0.22502164647011186,running
MPC,13.609999999999754,-6.707178346233061,-17.134816345775793,7.607868751244395,1.2312409469512833,1.4879749636408055,-0.010543856921154395,7.699283755814457,0.011185323987184137,0.02743917005378904,0.5695999999986157,2,optimal,67.58643834792285,0,0,0.8686328588489085,0.22596907719182774,725,0.8080166821130677,1.3932633060947597,0.2144087504700342,running
MPC,13.709999999999752,-6.443707163376272,-16.418024631919362,7.661460803897142,1.206145810575241,1.3896857752997693,-0.019166458853559293,7.746837328774372,0.045502939232097174,0.002968177172107289,0.5664000000020764,2,optimal,68.38632134355568,0,0,0.8706637330099121,0.22439403767149654,721,0.7905931417979613,1.4189304994553393,0.21807316453493353,running
MPC,13.80999999999975,-6.170513703126875,-15.699337104740971,7.7118821003174025,1.1780062792460164,1.3074654718197274,-0.007433501541335049,7.7922073510791146,0.07532792042715863,0.02453343694804211,0.6257000000005064,2,optimal,69.18620433437897,0,0,0.8405109752531339,0.227703404507939,721,0.7905931417979613,1.445224709099772,0.21807316453493353,running
MPC,13.909999999999748,-5.88372959669018,-14.980732237654307,7.758802524256169,1.1702532373005692,1.2166849838956424,0.007802173704549997,7.8335505987069665,0.09851687482316387,0.031630461814163624,0.5492999999994197,2,optimal,69.9860873288037,0,0,0.863482172122914,0.22599453293170035,359,-0.7862372567191844,1.4503611296964025,0.21901940157552577,running
MPC,14.009999999999746,-5.591865569319889,-14.259341727815196,7.801691583721602,1.1974789769528522,1.1121484045647205,0.0138238046322536,7.870017364712641,0.08131809227708334,0.003983478259131701,0.5488000000006821,2,optimal,70.58599957398692,0,0,0.8759250842316864,0.2252695551936346,353,-0.8123725671918443,1.4156354967479468,0.21352185245425553,running
MPC,14.109999999999744,-5.306280858495551,-13.532011821705462,7.824424253960689,1.227387261952512,0.5894767395930354,0.0008670929361578291,7.860639257680905,0.06267355101785348,0.02650879963744579,0.5182999999977511,2,optimal,71.38588256719396,0,0,0.8611261309068905,0.21904884924839615,723,0.7993049119555145,1.4077070877670166,0.21621722807816315,running
MPC,14.209999999999742,-5.032347372574718,-12.798107624065047,7.8415463450669165,1.236578220384172,0.4439898319978075,-0.01679841496651557,7.86882323716047,0.04755017494608004,0.03626241765578797,0.5446999999989544,2,optimal,72.18576556130446,0,0,0.8620774702359999,0.21317000017888937,725,0.8080166821130677,1.3668393168154596,0.2144087504700342,running
MPC,14.30999999999974,-4.7620404584888325,-12.061115030628905,7.857193720187334,1.2093497483480826,0.4057492398457439,-0.025465120987611004,7.882121269051491,0.041052052927300776,0.00954750267507265,0.7397999999998461,3,optimal,72.98564855516696,0,0,0.852219930749194,0.2151690994285351,723,0.7993049119555145,1.3925825474750988,0.21621722807816315,running
MPC,14.409999999999737,-4.4840609397758655,-11.325347703627978,7.872322080482391,1.1787526560125094,0.39229076075657277,-0.013363979208545526,7.896422796262992,0.03898201572066306,0.02056111088334056,0.5557000000013801,2,optimal,73.78553155162413,0,0,0.8241573708114335,0.2206165633641329,726,0.8123725671918445,1.4057349882935144,0.2135218524542555,running
MPC,14.509999999999735,-4.193152024328562,-10.592984416849504,7.887119372930166,1.1691671394819152,0.3837059005906269,0.0028740195710880607,7.9106926705414535,0.030304078526277704,0.02968370666888198,0.5226000000000397,2,optimal,74.58541454541289,0,0,0.8345435891065346,0.21750460645254638,361,-0.7775254865616312,1.4411987825117363,0.22094939445953415,running
MPC,14.609999999999733,-3.897372062003154,-9.860995998701018,7.901513730067442,1.1964542562487006,0.37325745830025014,0.009860154498368892,7.924445118760191,0.020957136453252506,0.0019299649650257322,0.5610000000011439,2,optimal,75.38529754115596,0,0,0.8596468807102342,0.21807224092205146,725,0.8080166821130677,1.4027880904198842,0.2144087504700342,running
MPC,14.70999999999973,-3.6061180004956808,-9.125683306940399,7.915300835741908,1.209295620219062,0.357510931005173,-0.004026603892102974,7.937264823167959,0.021724400083737192,0.011319745968091155,0.5336000000006891,2,optimal,76.1851805357353,0,0,0.870557972593871,0.22026785861260217,731,0.8341519925857277,1.3784983967393734,0.20925385860619153,running
MPC,14.809999999999729,-3.315939778137914,-8.388507420886295,7.928311700082741,1.184180906913591,0.337382358088931,-0.01108604979479814,7.949039071550801,0.026267802210000284,0.013412028610563453,0.7161999999993895,2,optimal,76.98506353207186,0,0,0.8510550391282656,0.22062390372867108,357,-0.7949490268767376,1.4401132002846624,0.21713917065507293,running
MPC,14.909999999999727,-3.019549242792742,-7.652460068866405,7.940390271273158,1.1721107319142376,0.31320723387910077,0.003733767362670993,7.9596324234706515,0.028899833063925944,0.02512457317685346,0.5985000000006124,2,optimal,77.7849465280141,0,0,0.8755097888631824,0.21976183592847656,364,-0.7644578313253012,1.4814888542276583,0.2239412608755995,running
MPC,15.009999999999724,-2.721077977731513,-6.916015000470089,7.9513404634242555,1.197476403615302,0.2839474421288084,0.01261878115194751,7.96878501548604,0.033168997580822555,0.0005778177731095013,0.6468000000001695,2,optimal,78.58482952359748,0,0,0.8700789287815124,0.22002170883609565,719,0.781881371640408,1.4596716480778094,0.21997807798827246,running
MPC,15.109999999999722,-2.429002275837662,-6.17590426342051,7.961134213275259,1.2186860818679799,0.25395994706479386,-6.430715811127684e-05,7.976736458130735,0.03746862668783811,0.022108936751035202,0.6228999999997598,2,optimal,79.38471251992578,0,0,0.8603390831870281,0.21311887640235178,712,0.7513901760889712,1.464234068842939,0.22593517874601313,running
MPC,15.20999999999972,-2.1434369178019455,-5.4322797108570935,7.969615144319008,1.2085106045847693,0.21991748121993526,-0.012399265429474627,7.983125961397253,0.040849967022211685,0.012211255558764122,0.6089999999989715,2,optimal,80.1845955159652,0,0,0.8650516960174802,0.21510340833304648,724,0.8036607970342913,1.403889383836805,0.2153071491827237,running
MPC,15.309999999999718,-1.8553428429520784,-4.688797830781672,7.976831651508035,1.1790381901507967,0.18712993609184222,-0.008258010690885135,7.9883281379281925,0.04387357123070037,0.01700882913282875,0.6678000000004403,2,optimal,80.98447851296021,0,0,0.8628666538153217,0.22012998676983883,367,-0.7513901760889712,1.5079108202612075,0.22593517874601313,running
MPC,15.409999999999716,-1.5583526087278443,-3.9481109499806424,7.982937486913476,1.1723500480348354,0.15832930797117065,0.007839565599207966,7.992664582305152,0.04519651956235189,0.02346990988173303,0.6341999999985859,2,optimal,81.78436150925282,0,0,0.8711511255291537,0.2145494224895999,340,-0.8689990732159407,1.3078445425031848,0.20296376061118726,running
MPC,15.509999999999714,-1.2590857431264537,-3.207755820343431,7.9877469335232005,1.1999522260874302,0.12471288576880259,0.0130492602446196,7.995408775490357,0.046780678754167346,0.004346846155831585,0.6574999999990894,2,optimal,82.5842445060459,0,0,0.8571918273228051,0.21967450914976386,359,-0.7862372567191844,1.4579947792911903,0.21901940157552577,running
MPC,15.609999999999712,-0.9652618184480757,-2.464770584939631,7.991463818910115,1.2078509745145425,0.09638187930744252,-0.00124427826951498,7.997385121453945,0.04780818844008209,0.01241801126885278,0.6008000000008451,2,optimal,83.384127502689,0,0,0.8798481471248512,0.2200663744131679,725,0.8080166821130677,1.428955617965108,0.2144087504700342,running
MPC,15.70999999999971,-0.6721773295618587,-1.7211430542442552,7.994327052702923,1.181138451093589,0.0742459949986565,-0.005867337023422894,7.998888418409981,0.048386385783579074,0.01414725802967709,0.5532000000005866,2,optimal,84.18401049962502,0,0,0.8747924578103499,0.2132741211916924,356,-0.7993049119555145,1.4045144872875899,0.21621722807816315,running
MPC,15.809999999999707,-0.3730646330866313,-0.9796507247132299,7.996514776688049,1.1735664658251088,0.05672947297076469,0.00943400441362952,8.0,0.0499203079020065,0.021597438697744664,0.5538000000004928,2,optimal,84.98389349659527,0,0,0.8752417018916494,0.2073111077673923,367,-0.7513901760889712,1.437000867268876,0.22593517874601313,running
MPC,15.909999999999705,-0.07297400921463032,-0.23836635449261825,7.9978588234830905,1.200390365257034,0.034852233119512514,0.015455079053856577,8.0,0.05234709351808344,0.005323456782782898,0.6423000000008727,2,optimal,85.78377649352134,0,0,0.8529554894280068,0.2176500058069069,354,-0.8080166821130677,1.416938196736485,0.2144087504700342,running
MPC,16.009999999999703,0.2185252673750861,0.5064430247093255,7.998684550037054,1.2309122438711357,0.021411765169091962,0.0016955531842685531,8.0,0.051634205998057826,0.035918811433628406,0.6947000000003811,2,optimal,86.58365949056504,0,0,0.8708833871344025,0.21747438020045243,717,0.7731696014828544,1.4667726374403145,0.22193355627601147,running
MPC,16.10999999999972,0.49746782943992257,1.2561204801005716,7.999191842152505,1.2361228248332075,0.013154499629460619,-0.016671548663875168,8.0,0.048785478585766075,0.04117144365276282,0.6228000000003675,2,optimal,87.38354248760761,0,0,0.8760608621450542,0.21135662366131083,727,0.8167284522706209,1.3700300095012272,0.2126462795560751,running
MPC,16.209999999999734,0.7727573517731027,2.007194671941267,7.999503501368456,1.2074015448574502,0.008081578474952238,-0.0236141594289872,8.0,0.0521120761057917,0.012466946388467903,0.5951000000017359,2,optimal,88.18342548467372,0,0,0.8520886403878691,0.21118347443617994,712,0.7513901760889712,1.4603731137115472,0.22593517874601313,running
MPC,16.30999999999975,1.055971456053512,2.755333449047331,7.99969497185248,1.1760303485700354,0.004964986315434186,-0.01171336396494239,7.999999999999999,0.05693519958649488,0.018912706341103203,0.8824999999994532,2,optimal,88.98330848173869,0,0,0.8527255304419596,0.21863868317867527,715,0.7644578313253012,1.4862961768293548,0.2239412608755995,running
MPC,16.409999999999766,1.351641179906781,3.4986588263285556,7.999812603369136,1.1705504669769873,0.003050281475191337,0.004054674284719786,7.999999999999999,0.05577242475747452,0.0244300212270403,0.374400000000108,1,optimal,89.78319147879881,0,0,0.8678231564887844,0.2183355889586195,349,-0.8297961075069509,1.3890988082410065,0.21008581223244965,running
MPC,16.50999999999978,1.650988705137065,4.2405257137354635,7.999884871289602,1.1992289824626954,0.0018739663086361155,0.008082342471448461,8.0,0.05299548983163831,0.004185125136807244,0.36979999999964264,1,optimal,90.58307447580593,0,0,0.8666872080500582,0.21122430814919987,718,0.7775254865616312,1.4251559726333032,0.22094939445953415,running
MPC,16.609999999999797,1.9452084469698827,4.984446512919008,7.999929269699797,1.2077117341269337,0.0011512871039745637,-0.007605938315505715,7.999999999999999,0.052618410778352734,0.012579397422328498,0.510199999999017,1,optimal,91.38295747281131,0,0,0.8586001594418807,0.21344894811661988,727,0.8167284522706209,1.3816629292883438,0.2126462795560751,running
MPC,16.709999999999813,2.238616398253423,5.728691877161524,7.9999565462398605,1.181146009555201,0.0007073030020335449,-0.011961936057440772,8.0,0.052540606586132334,0.014100007340196896,0.7032999999996292,2,optimal,92.18284046980567,0,0,0.8564560364878124,0.22077526906365616,729,0.8254402224281745,1.408815365017213,0.21092842571338707,running
MPC,16.809999999999828,2.5379300865259267,6.470583749554371,7.999973303813716,1.1735321788665134,0.0004345376013975635,0.0035235462941733578,8.0,0.050364431349364615,0.021850518336094638,0.4255999999998039,1,optimal,92.98272346659961,0,0,0.8729249307637601,0.21628061036200136,354,-0.8080166821130677,1.4098865267478113,0.2144087504700342,running
MPC,16.909999999999844,2.8381514244624904,7.2121106177434,7.999983598971416,1.2003453208245953,0.0002669618628539842,0.009899597845581937,8.0,0.04879052589008173,0.004819124752456716,0.36120000000039454,1,optimal,93.78260646354933,0,0,0.8823993592138378,0.21998249782300366,733,0.8428637627432809,1.3785008340051408,0.20762130414308752,running
MPC,17.00999999999986,3.132429594603085,7.956015065241371,7.999968469493719,1.2079964094438203,-0.00017217569392885556,-0.004318041133619763,7.9999663814020225,0.04854307780779116,0.012349006761750658,0.41619999999831236,1,optimal,94.58248946039902,0,0,0.8554184708815413,0.21606540242172437,713,0.755746061167748,1.4839505369744035,0.22600293112750477,running
MPC,17.109999999999875,3.4257616055063433,8.700293699353514,7.999980628965902,1.1811738648847174,0.0003153050628007428,-0.00864807167408402,7.999999999999999,0.048403750860920365,0.014582451593335932,0.4519999999992308,1,optimal,95.38237245744224,0,0,0.8729914053016398,0.21870188878895203,355,-0.803660797034291,1.4296681358428114,0.21530714918272373,running
MPC,17.20999999999989,3.7250232294677432,9.442208607461737,7.999988099240822,1.1735128265758008,0.00019371034098360598,0.007659710891281995,8.0,0.048126661226636135,0.02234015037800674,0.4212999999992917,1,optimal,96.18225545438602,0,0,0.8760788687937776,0.2119212544808169,354,-0.8080166821130677,1.3857939814164166,0.2144087504700342,running
MPC,17.309999999999906,4.025223329897372,10.183745348681729,7.999992688667611,1.2003306202829531,0.00011900759177405656,0.01354773539999005,7.999999999999999,0.048999619599436224,0.004389465926838199,0.8581999999996981,2,optimal,96.98213845138193,0,0,0.8669320966948444,0.2163256913752033,350,-0.8254402224281743,1.384681387446102,0.21092842571338713,running
MPC,17.409999999999922,4.318152324683936,10.928178954717136,7.999968527114106,1.219443159758761,-0.0002749620525176175,-4.329452189098822e-05,7.999965192462359,0.0489021232377118,0.023430030539492108,0.457300000000771,1,optimal,97.78202144838849,0,0,0.8553295864434451,0.2153230592921058,710,0.742678405931418,1.4930774459527403,0.2241197071405647,running
MPC,17.509999999999938,4.604330575924895,11.675237971646103,7.999980664365475,1.2086569292710876,0.0003147288589449086,-0.01119920738497637,8.0,0.04789466254705744,0.012585728721157707,0.6769999999995946,2,optimal,98.58190444542167,0,0,0.8755000108575746,0.21746659515683772,725,0.8080166821130677,1.4164437849697247,0.2144087504700342,running
MPC,17.609999999999953,4.893000838673132,12.421335307689569,7.999988120988849,1.1790157715965228,0.0001933563452524827,-0.006972371051469099,8.0,0.04774949717612295,0.017101370970980412,0.4495000000002136,1,optimal,99.38178744247915,0,0,0.8715439090760891,0.2163343967715166,366,-0.755746061167748,1.485516178522429,0.22600293112750477,running
MPC,17.70999999999997,5.1905251599103766,13.163947724754866,7.999992702028695,1.172154148051713,0.00011879011150562246,0.009872301107321853,8.0,0.04774297873082585,0.023996451955255793,0.49009999999860554,1,optimal,100.18167043952704,0,0,0.8770405413536334,0.2136993008848558,340,-0.8689990732159407,1.3066613315129947,0.20296376061118726,running
MPC,17.809999999999985,5.490284676380872,13.905663374282204,7.9999955164294,1.1998002197160593,7.297971304191629e-05,0.014825597796612675,8.0,0.04878678151077045,0.0036277173603131985,0.6887000000013188,2,optimal,100.98155343659036,0,0,0.8582130773699523,0.2178711206576401,359,-0.7862372567191844,1.450448865889653,0.21901940157552577,running
MPC,17.91,5.78182713828077,14.650635841676348,7.999969464351688,1.2307540795868692,-0.00029647649762579913,0.0006679663259409352,7.999965868779637,0.04841430961904774,0.03457438828632675,0.3761000000004344,1,optimal,101.78143643365578,0,0,0.8784759588440938,0.21267464474043696,720,0.7862372567191844,1.4210782847801737,0.21901940157552577,running
MPC,18.010000000000016,6.060855702950806,15.400389837000173,7.999981240165338,1.2361248597672287,0.0003053564831241104,-0.017713732929058215,8.0,0.04772499150588225,0.03995020855601972,0.8116999999998598,2,optimal,102.58131943072193,0,0,0.8729124812099925,0.208677217882076,726,0.8123725671918445,1.361706389818801,0.2135218524542555,running
MPC,18.11000000000003,6.336194816605106,16.15151242668068,7.999988474736381,1.2074317382402167,0.00018759834661209957,-0.02452724440916613,7.999999999999999,0.05310148691488839,0.01127423626617663,0.637699999998631,2,optimal,103.38120242778506,0,0,0.8540298550418577,0.2102373778378175,729,0.8254402224281745,1.351646071227696,0.21092842571338707,running
MPC,18.210000000000047,6.619427018815414,16.899685433516208,7.999992919356492,1.176047937974039,0.00011525263619458183,-0.012435198201335497,8.0,0.05832711402407296,0.020078801784654488,0.7175999999997629,2,optimal,104.18108542484202,0,0,0.8499862546954419,0.21742826378714702,726,0.8123725671918445,1.4098592688716163,0.2135218524542555,running
MPC,18.310000000000063,6.915100902305938,17.643032825628033,7.999971000688453,1.1705540335680262,-0.0002494376841838358,0.0034765199318551954,7.999967975588073,0.05649558619615468,0.025527596000676667,0.3745000000012766,1,optimal,104.98096842188602,0,0,0.876319083823905,0.2122736237753571,713,0.755746061167748,1.4618759812415016,0.22600293112750477,running
MPC,18.41000000000008,7.214449540466626,18.38491278801797,7.999982184026866,1.1992287152832968,0.0002899931154638461,0.007576415820294979,8.0,0.05293212903887535,0.0032028581728749117,0.6649999999996936,2,optimal,105.78085141891437,0,0,0.8354616470058077,0.2135534143454364,717,0.7731696014828544,1.444651571111379,0.22193355627601147,running
MPC,18.510000000000094,7.508667481830974,19.128834566114797,7.999875185151215,1.207714304961772,-0.0012176630307057974,-0.007264199724446398,7.999860417723795,0.05220372484276725,0.011756467106227575,0.6548000000012877,2,optimal,106.58073441596673,0,0,0.8531183163717887,0.2116428262263045,710,0.742678405931418,1.471387187168724,0.2241197071405647,running
MPC,18.61000000000011,7.802072032017933,19.87307666858568,7.999923318938483,1.1811499499761489,0.0026861726947284515,-0.011921553451654363,8.0,0.05189017681983051,0.01472751906247538,0.4996000000012657,2,optimal,107.38061741293693,0,0,0.8555105741767537,0.2179349550409579,726,0.8123725671918445,1.412630212856238,0.2135218524542555,running
MPC,18.710000000000125,8.101382409394981,20.61496703186369,7.99995274584402,1.1735365540559166,0.0007630637382278399,0.003302314397516304,7.999999625312306,0.04935580477467548,0.02224094199191029,0.6002000000009389,2,optimal,108.18050040994335,0,0,0.8670006169181852,0.21911572488016454,726,0.8123725671918445,1.4191342262452507,0.2135218524542555,running
MPC,18.81000000000014,8.401467358878927,21.356170969841067,7.994699485339018,1.2003611098250953,-0.05978288153649275,0.009266315263520489,7.993974457690371,0.04787243968871461,0.004690288742263959,0.5024999999996282,2,optimal,108.98038340683313,0,0,0.869761779146945,0.2165626474550304,732,0.8385078776645041,1.366729390285627,0.20843240730709414,running
MPC,18.910000000000156,8.695072259285578,22.098441349027162,7.975979742295446,1.208358118759425,-0.21303344460105209,-0.0038009479228333963,7.973396140878912,0.04935113123129204,0.012806165483411291,0.542799999998067,2,optimal,109.78026640383575,0,0,0.8597849192238706,0.21570005562820344,710,0.742678405931418,1.4944581113726494,0.2241197071405647,running
MPC,19.010000000000172,8.986453613958336,22.838110983388873,7.936663241274748,1.1815966557011324,-0.44742759676803745,-0.008140665894737236,7.931236982618643,0.054211911223304446,0.013824260659093923,0.5909000000006159,2,optimal,110.58014940073974,0,0,0.8720957530695573,0.21902275328141935,363,-0.7688137164040778,1.4785057781291573,0.22293077345441883,running
MPC,19.110000000000188,9.281543998701032,23.570056955994293,7.869116203245665,1.1726694473195272,-0.7686952833936243,0.0054184623861929715,7.859793712935385,0.06459024294855115,0.022605250415143274,0.488099999998326,2,optimal,111.38003239754804,0,0,0.8768490305985905,0.2209282688166816,336,-0.8864226135310473,1.3085469799342657,0.20004771979496722,running
MPC,19.210000000000203,9.574354755826828,24.292863388907836,7.762704658942069,1.19900658205529,-1.210979113097247,0.009770135557241546,7.74801829193594,0.08496251503079734,0.0038968258684946022,0.5998999999992094,2,optimal,112.17991539438229,0,0,0.8433772488841793,0.22362592998277114,355,-0.803660797034291,1.4366992741568625,0.21530714918272373,running
MPC,19.31000000000022,9.855764284435901,25.003339914279287,7.580133122891036,1.2098458101634906,-2.077691083714603,-0.0009452414330739088,7.554935550570609,0.08006763525522119,0.014855648977967206,0.7818999999980036,3,optimal,112.77982764195694,0,0,0.8746529883290179,0.22650685632742465,349,-0.8297961075069509,1.3969883226295876,0.21008581223244965,running
MPC,19.410000000000235,10.12674230637687,25.691926954315996,7.307949848984273,1.1849522171444513,-3.0974859146403704,-0.008325776742227294,7.270384531426999,0.021171897244120066,0.009846703792318223,0.7155999999994833,3,optimal,113.57971063881051,0,0,0.8728959110326913,0.2277127182857164,344,-0.8515755329008341,1.3431771119401017,0.20602954162158948,running
MPC,19.51000000000025,10.391088948309429,26.35001308937478,6.981797160948351,1.17272661779091,-3.711665829838704,0.0013854068916299752,6.936783266000402,0.07195352511835985,0.021880600378647586,0.7226000000013499,3,optimal,114.37959363531992,0,0,0.8674316663290836,0.23534550592674816,358,-0.790593141797961,1.4278870316927166,0.21807316453493358,running
MPC,19.610000000000266,10.643830033104356,26.975218774925633,6.622114015927289,1.1956523242673556,-4.093247389690565,0.0038136742634886844,6.5724724219792945,0.017533140294800013,0.0011921908107677126,0.7860999999991236,3,optimal,114.97950588290773,0,0,0.856161955070048,0.24458081909178092,349,-0.8297961075069509,1.3627697858932468,0.21008581223244965,running
MPC,19.71000000000028,10.878493227197005,27.56655986336743,6.229360514723467,1.2063817183670418,-4.469592934359566,-0.01621409623655349,6.175154722491332,0.043654520100495774,0.012084914185066964,0.7201999999981723,3,optimal,115.57941813063616,0,0,0.8591264627307668,0.26357527650887075,365,-0.7601019462465246,1.4899899257108833,0.22496523842325905,running
MPC,19.810000000000297,11.09970564445824,28.11927721153825,5.812808837128986,1.165108898516551,-4.740419701582045,-0.03480822782177618,5.755318544565263,0.04070987985057272,0.029014220925599687,0.8736999999996442,3,optimal,116.17933037770541,0,0,0.8717354109483125,0.2687102923407045,371,-0.7339666357738648,1.465254715451419,0.22234991952811328,running
MPC,19.910000000000313,11.321223738029753,28.62577352433905,5.383658251264654,1.0919770101648432,-4.883797141149014,-0.020427198698597798,5.3244291230140846,0.041957660954980186,0.10197891991549923,0.6830999999998255,3,optimal,116.77924262522382,0,0,0.830833455212544,0.25980871106179154,371,-0.7339666357738648,1.3437222756959506,0.22234991952811328,running
MPC,20.01000000000033,11.545186743520041,29.083825291088566,4.953857255031251,1.0641898950879862,-4.891198907348742,0.02423897143499259,4.89453836052978,0.12394319495010353,0.12166503768946058,0.6688000000014682,3,optimal,117.1791838203866,0,0,0.811803854637707,0.28104258807242316,360,-0.7818813716404078,1.2936128939065261,0.21997807798827249,running
MPC,20.110000000000344,11.759263852493763,29.498590309409934,4.521526551196263,1.0914508297014316,-4.919987354014113,0.039981462342222274,4.46185851962984,0.10983342617596233,0.020416742823263334,0.7575000000006327,3,optimal,117.77904533241819,0,0,0.7840981503161022,0.3521415887818615,703,0.7121872103799816,1.5385577566060429,0.21811666573475305,running
MPC,20.21000000000036,11.949923776022633,29.877707699522773,4.101876274689573,1.119509849507951,-4.775682215504818,-0.03756993549821145,4.043958329645781,0.08858268567951612,0.10475052965576737,0.5123999999998574,2,optimal,118.17873334661968,0,0,0.7935140086817103,0.33785654060029435,682,0.6207136237256718,1.4456285262276503,0.20295929427763665,running
MPC,20.310000000000375,12.132153441500542,30.215316622774296,3.7027357133970438,1.0200071776097337,-4.542278622854561,-0.1428347534346104,3.647648412404117,0.03666548410761489,0.14019779638594088,0.5835999999987962,2,optimal,118.57822244575796,0,0,0.8299266586939604,0.3416769331601278,695,0.6773401297497683,1.3039936237534493,0.21187243445594103,running
MPC,20.41000000000039,12.333515192933493,30.497408406975353,3.3522915981968673,0.8254367917157204,-3.9881058638195124,-0.19859501865433835,3.3039251270150927,0.06188753490979908,0.1126322337227954,0.6380999999997528,2,optimal,118.97802095681165,0,0,0.870607364276002,0.3746403600545313,705,0.7208989805375348,1.2618558449557489,0.2197779812188762,running
MPC,20.510000000000407,12.567794770590686,30.713271641563992,3.1106355729250543,0.6097066296301334,-2.7500813100066797,-0.20806020316135063,3.0772834671961995,0.062200198727805966,0.03753213452788273,0.6279000000013468,2,optimal,119.1779917060782,0,0,0.8459841908380978,0.44421895082863205,699,0.6947636700648747,1.3588902133310503,0.21491658495418042,running
MPC,20.610000000000422,12.823542885168797,30.86768559071683,2.9294702749983395,0.4534553824957346,-2.061687885868586,-0.1104301820238571,2.9044667843381955,0.0530547695387195,0.049344833375933206,0.5303999999988207,2,optimal,119.57748136028967,0,0,0.8488231284712819,0.49874815003113254,719,0.781881371640408,1.3208515301644987,0.21997807798827246,running
MPC,20.710000000000438,13.089330406182444,30.98313554615792,2.8839460930991514,0.3577896134842704,-0.5180719233194496,-0.12499911854699464,2.8776630826663947,0.04131980736645989,0.059879099992128815,0.5480999999996072,2,optimal,119.77673196880562,0,0,0.8770891087159686,0.5373738030232686,699,0.6947636700648747,1.4242407431124562,0.21491658495418042,running
MPC,20.810000000000453,13.364308789276249,31.070329285925485,2.8873910103697566,0.26657338308186374,0.08932952352216944,-0.11919369493272779,2.892879045451368,0.07108492263513996,0.002939677361693427,0.4907999999996804,2,optimal,120.17610576552406,0,0,0.8704833640188946,0.565186088993175,712,0.7513901760889712,1.417017609101439,0.22593517874601313,running
MPC,20.91000000000047,13.6446249591515,31.132842164567364,2.86518399779349,0.18679550898692598,-0.25271908767175477,-0.09158870488673648,2.8621191016025813,0.0205386280769471,0.01826834580357506,0.49030000000094276,2,optimal,120.37607651479061,0,0,0.8681718189658816,0.5524687121780623,716,0.768813716404078,1.3694535132979473,0.22293077345441878,running
MPC,21.010000000000485,13.927585306262436,31.175488491250988,2.8605290593629653,0.12150280501756283,-0.05297388783341073,-0.08853788560061523,2.859886609010149,0.09496960004768296,0.04436507101697984,0.6059000000000481,2,optimal,120.77593188763278,0,0,0.8646548724525511,0.5768300952598586,682,0.6207136237256718,1.5473904155052012,0.20295929427763665,running
MPC,21.1100000000005,14.213690437935135,31.19782172488769,2.879144121931107,0.04502983528881277,0.48270380358227144,-0.10577265207310792,2.9087994397211925,0.01418077106290109,0.003648932025811291,0.6915999999996814,2,optimal,120.97590263689932,0,0,0.8510168706045833,0.5772351224320259,719,0.781881371640408,1.3916501521542788,0.21997807798827246,running
MPC,21.210000000000516,14.50300999555236,31.196908556922597,2.906303857583955,-0.0333664384231005,0.7042741680791149,-0.07845417755905616,2.9495715387390185,0.08459468211370165,0.030863638426323448,0.5065999999995796,2,optimal,121.17575744505568,0,0,0.8529721887577959,0.5914401723224376,716,0.768813716404078,1.446824221329428,0.22293077345441878,running
MPC,21.31000000000053,14.794537923599394,31.1784871620378,2.934162063861859,-0.08413464286161787,0.7223860828884666,-0.032340627675590865,2.9785424658728017,0.03424750822614472,0.03515740026694658,0.5150000000000432,2,optimal,121.57563878836919,0,0,0.8509507719733604,0.6098012648577558,717,0.7731696014828544,1.4903466540915948,0.22193355627601147,running
MPC,21.410000000000547,15.08883275229836,31.14726015391374,2.9813950121413595,-0.12345705445319144,1.22478899576407,-0.05648280770457892,3.056640963438266,0.08183024932084419,0.055326085118434065,0.595799999999258,2,optimal,121.77560953763573,0,0,0.851618356225589,0.6004109240775707,337,-0.8820667284522707,1.3204255743012026,0.2007631459721537,running
MPC,21.510000000000563,15.385988453334313,31.103738526751506,3.0222387739067464,-0.1631807681371713,1.059112161701887,-0.057673156090042185,3.087306228311548,0.056936609008754045,0.044567367709708705,0.5063999999990187,2,optimal,122.17548508147314,0,0,0.8469784428236667,0.5739254180761131,707,0.729610750695088,1.4969925160477646,0.22148173646210823,running
MPC,21.61000000000058,15.68377982373998,31.04800200256595,3.0362871253700847,-0.20368454286827742,0.3642852480667733,-0.053539901284712664,3.0586672987134236,0.10477301428425692,0.035517280198138934,0.5284000000003175,2,optimal,122.37541870060409,0,0,0.8422131800035874,0.5591898547226745,677,0.5989341983317886,1.5957319733311222,0.19989419460491284,running
MPC,21.710000000000594,15.977531649680522,30.982351162573764,2.9966789730586214,-0.2325701651908645,-0.4507466315939549,-0.031156076227653384,2.9912124622106893,0.06599610280103367,0.04170130282535567,0.5045000000016842,2,optimal,122.77536019913718,0,0,0.8149416550057149,0.5221151793154792,709,0.7383225208526416,1.3957086701932553,0.2232291878884924,running
MPC,21.81000000000061,16.264437525926887,30.909502264636004,2.9419192077563228,-0.2690497808429253,-0.6231742284464769,-0.09195721966099372,2.934361550213974,0.09665585209263916,0.07685117969553801,0.5585000000021267,2,optimal,122.97502587733449,0,0,0.852428865757936,0.4965828496096733,712,0.7513901760889712,1.3133497621239218,0.22593517874601313,running
MPC,21.910000000000625,16.54145890432801,30.81750055817765,2.909527058220161,-0.36482257806504403,-0.36862745271979436,-0.17005554029127537,2.9050564624843433,0.019918452354909823,0.11947826065971157,0.7393000000011085,3,optimal,123.37438430718825,0,0,0.8729054427944258,0.4879965717108698,715,0.7644578313253012,1.2601302011988096,0.2239412608755995,running
MPC,22.01000000000064,16.801682545174803,30.686254334222262,2.926981356144801,-0.5443823889289261,0.4526042266170554,-0.25941330408658203,2.9547874808818664,0.07465602147481828,0.004706099266176267,1.1409999999987264,3,optimal,123.5743550564548,0,0,0.8696090940164289,0.5197307262552062,702,0.7078313253012047,1.3662090151880588,0.21730154451353453,running
MPC,22.110000000000657,17.0341942155903,30.506898638400486,2.9506335353502697,-0.7303837577687258,0.6133203594506738,-0.178459469857236,2.9883133920898683,0.03226679510569815,0.07545658618186124,1.1393000000019526,3,optimal,123.97388009260462,0,0,0.8675348619508324,0.5912814462960854,704,0.7165430954587584,1.524006701125114,0.21894209497805303,running
MPC,22.210000000000672,17.241360400011256,30.29539743151224,2.9712601158435916,-0.8422642533841378,0.534864109243591,-0.059019111686046156,3.0041199462746286,0.07755238829935972,0.1303113266691227,0.586300000001927,2,optimal,124.17373074823861,0,0,0.8655951915308558,0.5805821994929444,344,-0.8515755329008341,1.334607847309877,0.20602954162158948,running
MPC,22.310000000000688,17.437410072667575,30.073109318471793,2.960214399102186,-0.8556356235063687,-0.12570189024668127,0.05632956834087081,2.9586899268189235,0.0755758468310402,0.05008119353237639,0.8087000000003286,3,optimal,124.57367224677172,0,0,0.8017004301073183,0.6020123449376452,707,0.729610750695088,1.554865688360488,0.22148173646210823,running
MPC,22.410000000000704,17.635594199209017,29.852273909421122,2.9732409002123106,-0.8390150901756979,0.3377878323109719,-0.025707245037661024,2.9939931823332833,0.09192419527140357,0.017713567857118306,0.4891999999987462,2,optimal,124.77349573162864,0,0,0.7867369977386767,0.5545968988016836,705,0.7208989805375348,1.4530631164349146,0.2197779812188762,running
MPC,22.51000000000072,17.830061007442445,29.62644056408407,2.9869321436839273,-0.8809341896271095,0.35502514564901316,-0.12098809633143368,3.008743414777212,0.06117091085662804,0.0748230792756992,0.47190000000085774,2,optimal,125.17311720604947,0,0,0.8244920950936503,0.524968064385095,692,0.6642724745134383,1.438651185340571,0.20968660597172056,running
MPC,22.610000000000735,18.00322928075964,29.381668571674144,3.013306297593204,-1.0173828718840987,0.6839033906907339,-0.23601645694197654,3.0553224827530006,0.08374838511228595,0.013260194077359344,0.7134000000004193,3,optimal,125.37308795531602,0,0,0.8510301943046188,0.5302256787543688,711,0.7470342910101948,1.387029032225938,0.22502164647011186,running
MPC,22.71000000000075,18.134823024577443,29.11086372865827,3.0138346238430556,-1.189067483684048,0.013699931945023473,-0.155366552359234,3.014676290787706,0.058426597317067355,0.06072164086731746,0.4963999999993973,2,optimal,125.7726009963108,0,0,0.8285651749508827,0.5632511559281467,726,0.8123725671918445,1.3808519885031036,0.2135218524542555,running
MPC,22.810000000000766,18.232613196549043,28.83017074885956,2.95239722638554,-1.277304123100989,-0.6991666700357364,-0.04337864650667294,2.9439179568394818,0.11216840390325268,0.07058343414977486,0.6323000000030277,3,optimal,125.97226460470002,0,0,0.8107052340474628,0.5705320650182404,728,0.8210843373493977,1.3834900049113263,0.21178185999974475,running
MPC,22.91000000000078,18.3142676169165,28.554703009169483,2.832787519105349,-1.290110709800314,-1.3611761598604304,0.03452805873182679,2.816279610399497,0.07950117850706427,0.05384238113619233,0.7250000000027512,3,optimal,126.37220610323313,0,0,0.8263232879672942,0.5520176057116929,680,0.6120018535681186,1.5356809047582014,0.20171054956370096,running
MPC,23.010000000000797,18.39439784328176,28.288032899433343,2.760021976952239,-1.2866115301605632,-0.8280826321739247,-0.07157041130735013,2.7499792558879568,0.0722814570095897,0.13343134702788717,0.4779999999993123,2,optimal,126.5720193481639,0,0,0.8425852090020101,0.5073271346942644,684,0.629425393883225,1.3659822286278251,0.2042391938838802,running
MPC,23.110000000000813,18.457083435310846,28.02041821935759,2.7446762503985678,-1.3757992955629348,-0.1746366379081885,-0.1878109566162075,2.74255831316142,0.06437763083978659,0.1631036408488562,0.6389000000002198,3,optimal,126.97155895343721,0,0,0.8486114171806698,0.5069925539331239,722,0.7949490268767376,1.1971059771382162,0.21713917065507293,running
MPC,23.21000000000083,18.48148976948787,27.745068361760175,2.7884082958319842,-1.5463604405133804,1.1340077204613002,-0.276747743740678,2.858077022444698,0.018887611504427432,0.03948527802548085,0.8215999999983126,3,optimal,127.17152970270376,0,0,0.8762191837037989,0.5327288365063384,707,0.729610750695088,1.3114315051238628,0.22148173646210823,running
MPC,23.310000000000844,18.455332264624648,27.464589602946802,2.8462840772660396,-1.7228051230627557,1.5007663676256957,-0.1907680424617243,2.938484932594554,0.0925302853305191,0.07474671596673588,0.7149999999978007,3,optimal,127.37112927705519,0,0,0.8757684993365933,0.5847805099131301,701,0.7034754402224284,1.4599951205181465,0.21649658541768402,running
MPC,23.41000000000086,18.392249938189654,27.18420069256672,2.8993225229219646,-1.8297500144404388,1.375330292900677,-0.05393104363625184,2.983817106556107,0.029701189029380563,0.08010578629974496,0.5423999999987217,2,optimal,127.7709216469593,0,0,0.857521560287425,0.6112118013032906,339,-0.8733549582947173,1.3195470886584226,0.20222103997141733,running
MPC,23.510000000000876,18.314425337518593,26.902648061635308,2.939721524226161,-1.8493247794281231,1.0475791590319516,0.023501267544989154,3.00408043882516,0.08039906182572203,0.050425932266474405,0.8693000000015161,3,optimal,127.97089239622585,0,0,0.8573829971988298,0.6061828159392826,719,0.781881371640408,1.467094841092804,0.21997807798827246,running
MPC,23.61000000000089,18.23570331977934,26.616926211525442,2.984107391229888,-1.8367249018954217,1.150961848748423,0.020141578588114988,3.0548177091010036,0.04449434547131415,0.039519850004268164,0.7021000000015931,2,optimal,128.3707668496564,0,0,0.8407321220331381,0.5674201036363258,717,0.7731696014828544,1.4157630108455035,0.22193355627601147,running
MPC,23.710000000000907,18.15461146942261,26.32482417022753,3.072005755978793,-1.8501506560612784,2.279276518015715,-0.046608052410389345,3.2120350430314595,0.07836657802528069,0.04472182934251023,0.6804999999996397,2,optimal,128.57073759892296,0,0,0.8641338397907552,0.5617159264786837,700,0.6991195551436515,1.4986961645395425,0.2157016455530536,running
MPC,23.810000000000922,18.061562821252046,26.02655062785234,3.1695222059036423,-1.889881036693816,2.528681336324085,-0.060900169424134766,3.324873889611202,0.013615774395217857,0.03595890218496933,0.5570999999999771,2,optimal,128.97063623601906,0,0,0.868759945274454,0.5467341008987666,711,0.7470342910101948,1.4573344559145371,0.22502164647011186,running
MPC,23.910000000000938,17.95350755870858,25.721115752844813,3.30012832696502,-1.9305642131635903,3.3867235834785334,-0.04021425464179979,3.508194564251496,0.08789364426318119,0.0016716149698936533,0.6386000000002667,2,optimal,129.37057611108878,0,0,0.8661003489799678,0.551384165159501,721,0.7905931417979613,1.4473938198829268,0.21807316453493353,running
MPC,24.010000000000954,17.829630201069012,25.405769868018726,3.4630806123596587,-1.9594636866881343,4.225486090873182,-0.0026399567627710305,3.722676936052338,0.0511649680692576,0.02822927624155014,0.6313999999996156,2,optimal,129.5705468067289,0,0,0.8743881104791523,0.5086929134239401,362,-0.7731696014828544,1.4234172865642223,0.22193355627601147,running
MPC,24.11000000000097,17.695837665768032,25.07725189542621,3.6188055544207183,-1.958204669608615,4.0380751646867425,0.029144460214433645,3.866888128828333,0.015786279220653603,0.028547733672745323,0.540200000001434,2,optimal,129.97048830526202,0,0,0.8701956338224534,0.49193129709190464,352,-0.8167284522706209,1.3789455269857847,0.2126462795560751,running
MPC,24.210000000000985,17.559944680811842,24.73201275795843,3.7882702336592993,-1.9304803772135646,4.394357791808343,0.03561367118408023,4.058241333601552,0.031522365873628014,0.0020894332297647367,0.6340999999991936,2,optimal,130.3704297835481,0,0,0.856131564884141,0.4761026171476525,345,-0.8472196478220575,1.3475148877496652,0.20682039817249398,running
MPC,24.310000000001,17.428081975833052,24.36629516455135,3.972445727594908,-1.898583158447197,4.775821253564411,0.014542711205954174,4.2658523590157404,0.03851873081865654,0.02887033217407442,0.508299999999906,2,optimal,130.77037125162596,0,0,0.8463805534031564,0.46014216598016583,713,0.755746061167748,1.4945927144066806,0.22600293112750477,running
MPC,24.410000000001016,17.29538418415322,23.980730398062946,4.167183668526523,-1.8997164759641727,5.049714146561419,-0.015695597193884244,4.47741714225105,0.027792109269025318,0.027128422562688215,0.5351999999998469,2,optimal,131.17031273684444,0,0,0.867184298738091,0.43914379795938036,725,0.8080166821130677,1.419725019534933,0.2144087504700342,running
MPC,24.510000000001032,17.1541216473988,23.57721061903801,4.36745485154706,-1.9162756892678354,5.1931956413287415,-0.020344570496590247,4.686503232659397,0.0016431136482968002,0.010293252355470628,0.6155999999997164,2,optimal,131.570254234017,0,0,0.8761934323754129,0.4221138371048632,726,0.8123725671918445,1.4233412899123221,0.2135218524542555,running
MPC,24.610000000001047,17.00084722339207,23.156671313675545,4.568536393204328,-1.9326350252417637,5.214208903829707,-0.010362079287466765,4.888875741930031,0.048372082754845676,0.005938696467138627,0.5229999999993851,2,optimal,131.97019573244566,0,0,0.8784330003263859,0.40100440080070693,734,0.8472196478220577,1.3663479954334923,0.20682039817249392,running
MPC,24.710000000001063,16.836507087889554,22.718970293616916,4.766347730252323,-1.9316702340937546,5.12940982256903,0.0016133761797787105,5.081477375461231,0.08426193295423116,0.004180446691067985,0.5118999999993434,2,optimal,132.57010797338563,0,0,0.8744915930566873,0.38772540398090743,720,0.7862372567191844,1.4704928174543017,0.21901940157552577,running
MPC,24.81000000000108,16.667292324930408,22.26069404953754,4.986453908111223,-1.9138080200538266,5.707533286849097,0.0003498890426138018,5.3371010589372325,0.006374772217565182,0.014602874483783168,0.5447000000007307,2,optimal,132.9700494471809,0,0,0.8593330561437247,0.35659386745309307,707,0.729610750695088,1.4884587824903712,0.22148173646210823,running
MPC,24.910000000001094,16.49450639105939,21.780636298796008,5.200533791062101,-1.9140542472778694,5.551266529057565,-0.014788760261069072,5.541580561016979,0.08613591719421873,0.01653938777117503,0.5160000000010712,2,optimal,133.56996166213767,0,0,0.8689774180732488,0.33783075042326927,716,0.768813716404078,1.4336972059442432,0.22293077345441878,running
MPC,25.01000000000111,16.311818130247552,21.28072703010966,5.426325943540004,-1.9329396687511347,5.85497526109002,-0.01812400799096368,5.786031317171103,0.049722055605747086,0.0005547199768081157,0.685600000000619,2,optimal,133.96990314496156,0,0,0.8730341873792611,0.33487083402142087,729,0.8254402224281745,1.392076935042153,0.21092842571338707,running
MPC,25.110000000001126,16.11492162105433,20.76297454798108,5.635580291371788,-1.9512875391454436,5.426136455076883,-0.008487381448501802,5.968939589047692,0.01669775651517804,0.015418176346008394,0.5464000000010572,2,optimal,134.5698150970115,0,0,0.838975556111187,0.3208040003661714,730,0.8297961075069509,1.3851627012867325,0.21008581223244965,running
MPC,25.21000000000114,15.904451358065323,20.228045616163467,5.844592528061854,-1.9502503729948657,5.419858315072263,0.003989516976185337,6.177566122879014,0.02721286145841708,0.010477572798777146,0.4793999999979093,2,optimal,135.1697271786645,0,0,0.8813935758928908,0.3148179648020772,716,0.768813716404078,1.4980991494507911,0.22293077345441878,running
MPC,25.310000000001157,15.688165319788673,19.673083864280485,6.051287332784975,-1.9291042988075446,5.359765408003463,0.006124499758205399,6.380569068862201,0.030935424512891833,0.013851034004872531,0.5982000000024357,2,optimal,135.7696393963824,0,0,0.8761195168430039,0.2961459525342377,713,0.755746061167748,1.4856482161693907,0.22600293112750477,running
MPC,25.410000000001173,15.469640778568502,19.097361271114845,6.2488967168258736,-1.928338419115688,5.124173015853283,-0.002283715726845301,6.563704634370303,0.021773016440961676,0.014368993645717865,0.519799999999293,2,optimal,136.3695515920473,0,0,0.8699351737793867,0.2794578902801636,719,0.781881371640408,1.4199500928852962,0.21997807798827246,running
MPC,25.510000000001188,15.245203652759267,18.503772002313305,6.428757300094297,-1.9310299447483672,4.663932089424186,0.005296918149642018,6.7152899257682925,0.031901520968724444,0.008082247308962565,0.4720999999978659,2,optimal,136.9694636603398,0,0,0.8542408717795225,0.27494958101170064,712,0.7513901760889712,1.4814435854069348,0.22593517874601313,running
MPC,25.610000000001204,15.018719806845333,17.8931345121443,6.584542465006858,-1.9103630123036632,4.039636792501658,0.017057364665084934,6.8327209793444625,0.07901618338639395,0.020675114940750916,0.491799999998932,2,optimal,137.5693758018534,0,0,0.8587424418800633,0.2602909786772824,712,0.7513901760889712,1.4487180965020259,0.22593517874601313,running
MPC,25.71000000000122,14.79622458629683,17.267008104861265,6.696332047892513,-1.8882450279375895,2.898795352540591,0.009844584813779889,6.874422000260917,0.07130772804603457,0.027029635948112585,0.4981000000015001,2,optimal,138.36925533322758,0,0,0.8370852712090138,0.25108496348715326,712,0.7513901760889712,1.4340536497268124,0.22593517874601313,running
MPC,25.810000000001235,14.582321003541763,16.62867664337386,6.762899365315877,-1.8662786890136287,1.7261450074048486,0.005560745179848989,6.868946548632998,0.04748497065704955,0.031742911204506896,0.5699000000003451,2,optimal,138.9691652094135,0,0,0.8210437624820062,0.24803873435463708,724,0.8036607970342913,1.3681324110213942,0.2153071491827237,running
MPC,25.91000000000125,14.37750753217888,15.98327097329065,6.7783893871957055,-1.8647797554941654,0.40166894156790667,-0.0001670503532174198,6.803066259472668,0.10403907886528972,0.012228850941282232,0.47770000000113555,2,optimal,139.56907190997046,0,0,0.8197550089386656,0.24788265376108332,719,0.781881371640408,1.4095371916231678,0.21997807798827246,running
MPC,26.010000000001266,14.177412086061542,15.340546283838547,6.707627347778889,-1.8683581680970045,-0.8052824747045261,0.0025143501110866987,6.697861139725253,0.05524591889575228,0.02432834137852069,0.4844999999988886,2,optimal,140.3689390246392,0,0,0.8309177328553528,0.2578040112133994,727,0.8167284522706209,1.4089986777366064,0.2126462795560751,running
MPC,26.110000000001282,13.985685571522305,14.706172573403395,6.5861463982461865,-1.844020669081928,-1.3824711734622697,0.022147905690698556,6.569380230432662,0.03508330927363964,0.03006079858117161,0.4974000000004253,2,optimal,140.96885116022676,0,0,0.8686170025668527,0.2502473634151061,364,-0.7644578313253012,1.435459277639574,0.2239412608755995,running
MPC,26.210000000001298,13.808370994802948,14.081584884753838,6.445214783298596,-1.8143692703272292,-1.603822622756816,0.028860033591050435,6.425764135970505,0.07872357018902754,0.030663191102892284,0.4529000000008665,2,optimal,141.56875276391605,0,0,0.852125598910713,0.24312873978873079,367,-0.7513901760889712,1.396056506479045,0.22593517874601313,running
MPC,26.310000000001313,13.650792365571908,13.462888578457388,6.354059102206893,-1.7685550323853638,-1.0373651333098364,0.05562133040896138,6.341478269967612,0.09979419304518668,0.026971678816440914,0.5996999999986485,2,optimal,142.3686100481425,0,0,0.8179220181895531,0.24320547535119597,374,-0.7208989805375348,1.3973124701646589,0.2197779812188762,running
MPC,26.41000000000133,13.523647761188853,12.845117394718491,6.284527295333355,-1.6927725285739514,-0.7912822464030471,0.060412962144849786,6.274930877566589,0.09759209402477645,0.016130801256352356,0.9019000000005661,3,optimal,142.968521641901,0,0,0.8022095354079244,0.24815750778035336,350,-0.8254402224281743,1.2803721315963745,0.21092842571338713,running
MPC,26.510000000001344,13.436161762073851,12.225802398070195,6.241218475821176,-1.6165513072167474,-0.49286077168954945,0.04286717879793382,6.2352412181644,0.0955735171249046,0.05983106452046272,0.6842000000002457,3,optimal,143.56840981748752,0,0,0.787421042153389,0.26608352317170764,329,-0.9169138090824838,1.2124400575589616,0.19528096432440423,running
MPC,26.61000000000136,13.39030857821383,11.603484542032152,6.240865946772458,-1.5632570303735864,-0.004011832715625258,0.01710595898985763,6.240817292549614,0.07907353740328732,0.0835072506737582,0.6363000000018104,2,optimal,144.16831114849558,0,0,0.7839960419324143,0.27546396815113,348,-0.8341519925857275,1.3642435442392173,0.20925385860619156,running
MPC,26.710000000001376,13.373445037286574,10.981270387302079,6.2163848310326815,-1.5613926131556264,-0.27859871802633784,-0.004502337162499599,6.213006074969824,0.057163411414758634,0.05450059619801095,0.5147999999994823,2,optimal,144.76822202110097,0,0,0.8300764208561684,0.26870589960530805,360,-0.7818813716404078,1.4099289251035128,0.21997807798827249,running
MPC,26.81000000000139,13.368326904273875,10.36206591758664,6.180025050780408,-1.566726423636159,-0.4137796771061534,0.002995135533628803,6.175006863322066,0.049726935897702454,0.022114912810817344,0.5143000000007447,2,optimal,145.36811848694163,0,0,0.8431586336699822,0.2668501346992304,355,-0.803660797034291,1.366670273068556,0.21530714918272373,running
MPC,26.910000000001407,13.371326310943585,9.746176708008493,6.1483066423001524,-1.5457577344976237,-0.360960179853136,0.007979070156983662,6.143929032795095,0.053938383901160326,0.02222168670229152,0.5889000000003364,2,optimal,145.9680250794757,0,0,0.8405191479699814,0.2791823765703951,340,-0.8689990732159407,1.3168372780982036,0.20296376061118726,running
MPC,27.010000000001423,13.382127759109899,9.135805042203195,6.082438273725919,-1.5420264311587584,-0.7495917767118895,-0.001803839995880657,6.073347464628964,0.05993042605011831,0.007937296947986283,0.7291999999985421,3,optimal,146.56793604189878,0,0,0.8490338742061468,0.2850759104226209,361,-0.7775254865616312,1.4700382246187433,0.22094939445953415,running
MPC,27.11000000000144,13.392700896266902,8.537386998322209,5.935501953849282,-1.5657676667447262,-1.6721570529821796,-0.009767868865617537,5.915222568427701,0.06281474356551237,0.029459494800585517,0.7101000000027113,3,optimal,147.16784449970876,0,0,0.8481725036922141,0.2678327759699159,360,-0.7818813716404078,1.3759529656217249,0.21997807798827249,running
MPC,27.210000000001454,13.397863559608078,7.958477330496879,5.714788169681437,-1.5723225712103943,-2.511755508757164,0.0032161785566740815,5.684326402973565,0.06325298538034496,0.038982576236236355,0.7057999999986464,3,optimal,147.76775670985236,0,0,0.8196188191989369,0.27040975401546385,356,-0.7993049119555145,1.3352438075957676,0.21621722807816315,running
MPC,27.31000000000147,13.400250824680372,7.405290476056104,5.438679571636778,-1.5722948492431854,-3.142156683909211,-0.0008422448017641608,5.400572501290516,0.0740945838109955,0.01632660350279913,0.49019999999977415,2,optimal,148.36766834594815,0,0,0.794460817038188,0.2866082083336318,342,-0.8602873030583875,1.2727514557363075,0.20447740104668094,running
MPC,27.410000000001485,13.396921360214636,6.8819944555839285,5.128280264185228,-1.5967262912753206,-3.5323900287666166,-0.018786085293925277,5.0854405687601165,0.11850703685929959,0.007229695880415221,0.4986000000020141,2,optimal,148.96752477346632,0,0,0.7909612189002373,0.31831841968819896,333,-0.8994902687673771,1.2747961759279356,0.19795406078248537,running
MPC,27.5100000000015,13.383159184877298,6.39080563262733,4.804738427600061,-1.633778018893044,-3.68195395416812,-0.031909369708148054,4.760084868768415,0.06456151162782452,0.01627239039333972,0.5148999999988746,2,optimal,149.36740289250451,0,0,0.8127575232071313,0.33399734660702834,712,0.7513901760889712,1.4775710015395624,0.22593517874601313,running
MPC,27.610000000001516,13.354368146803887,5.9331933676569655,4.473570720667098,-1.6749948148998648,-3.7687374866391816,-0.029468513416258144,4.427864678936142,0.07754602676755046,0.03310561138038892,0.5079999999999529,2,optimal,149.76732654458215,0,0,0.8434642772242252,0.3397472674258437,717,0.7731696014828544,1.3902408839271991,0.22193355627601147,running
MPC,27.710000000001532,13.312414139723279,5.5092596298583425,4.151473673720508,-1.7035989115384353,-3.6655120343878336,-0.026511864867338912,4.107019517228315,0.09055383721161679,0.07415120683961263,0.6588000000000704,3,optimal,150.16726804311526,0,0,0.8771609774617705,0.3269983138199075,715,0.7644578313253012,1.279764605829428,0.2239412608755995,running
MPC,27.810000000001548,13.254676838958291,5.115114333226974,3.8993474291772188,-1.7730561412011019,-2.8692339539259457,-0.11436879081531022,3.8645502783279135,0.09459806180123585,0.0823467764400192,0.5278000000004113,2,optimal,150.56709395275078,0,0,0.8268031836426861,0.34536001989127924,710,0.742678405931418,1.2803080645202203,0.2241197071405647,running
MPC,27.910000000001563,13.159722050836178,4.74691866320687,3.7585116621153833,-1.9329157094358402,-1.602731859640429,-0.20472134278843085,3.739074243213176,0.0971141661529458,0.002340550934405883,0.7157000000006519,3,optimal,150.9668326682214,0,0,0.790963437359322,0.37380781236855926,703,0.7121872103799816,1.321429141422455,0.21811666573475305,running
MPC,28.01000000000158,13.005408694287317,4.410230097683663,3.68392197111608,-2.137755679263786,-0.8488417158464383,-0.1681805957185313,3.6736274905307393,0.07637818683714229,0.12355562071083881,0.6923999999983721,3,optimal,151.36659419413814,0,0,0.8058622291430113,0.44156289454504666,719,0.781881371640408,1.3976259195098273,0.21997807798827246,running
MPC,28.110000000001595,12.801145567763031,4.111470535489581,3.5897726117258673,-2.2680845502787497,-1.07143363513033,-0.028270237416465494,3.576778607603047,0.03760310465690824,0.16721087736949158,0.512000000000512,2,optimal,151.76647376529806,0,0,0.8392518321588401,0.460863192959347,367,-0.7513901760889712,1.4665748477277978,0.22593517874601313,running
MPC,28.21000000000161,12.58008559542932,3.8346325891056163,3.518843744771301,-2.2659364725053734,-0.807180996758924,0.05420766860073156,3.5090545120499748,0.06799238326637742,0.0806467388990626,0.9147000000009342,3,optimal,152.16629805729568,0,0,0.8692635383127162,0.4986053875020122,321,-0.951760889712697,1.2288927494567286,0.19031516269774035,running
MPC,28.310000000001626,12.360969893966468,3.5612516648679016,3.4957564303858892,-2.2425800888315726,-0.2627370524618791,6.515125742480733e-05,3.492570039525113,0.08720134306864273,0.021622693643656987,0.6195000000008832,2,optimal,152.36626880656223,0,0,0.8436572004858488,0.46600209185488545,710,0.742678405931418,1.4320861657549973,0.2241197071405647,running
MPC,28.41000000000164,12.140627604807943,3.2915509124903486,3.4762991032204855,-2.2739907606390366,-0.22142726100073784,-0.06537643191028711,3.4736137042858153,0.037323089565458094,0.031555999492088205,0.5528999999988571,2,optimal,152.76599209859606,0,0,0.8763122333996809,0.4440814685638261,718,0.7775254865616312,1.3272702539516739,0.22094939445953415,running
MPC,28.510000000001657,11.904227594901327,3.036418957894549,3.482225011904519,-2.373326922843295,0.15366366086568006,-0.1305884224091601,3.4916654693070535,0.01760309293279213,0.02048385818370413,0.6958000000008013,2,optimal,153.16570820611238,0,0,0.8828752166415405,0.4440685131032006,718,0.7775254865616312,1.321080393129189,0.22094939445953415,running
MPC,28.610000000001673,11.644049595841762,2.807561211201519,3.4582091295385164,-2.4817566983009565,-0.2733042934219217,-0.09408161891042245,3.4548945825623267,0.07055555043039478,0.0078041528588315145,0.5054999999991594,2,optimal,153.56553068373253,0,0,0.8686164595415561,0.45692594696404554,718,0.7775254865616312,1.3548629220953536,0.22094939445953415,running
MPC,28.71000000000169,11.367053855871076,2.6008491617324543,3.4561340421779514,-2.5425939049476067,-0.02361480108142706,-0.0634673687010026,3.455847649430374,0.07513036031196876,0.011349946619505502,0.6275999999996174,2,optimal,153.76550143299906,0,0,0.8618322226352346,0.46779027840944226,718,0.7775254865616312,1.3738177811143566,0.22094939445953415,running
MPC,28.810000000001704,11.081347895772586,2.409623710968742,3.4289409439264342,-2.5754574855590704,-0.30946148012886177,-0.03181904735199904,3.4251878941650653,0.02327878083374372,0.03065890827387463,0.5327000000008297,2,optimal,154.1653764655309,0,0,0.8670095702539482,0.44642338573230816,713,0.755746061167748,1.3488632645804446,0.22600293112750477,running
MPC,28.91000000000172,10.788554175354559,2.228168491280296,3.4586568316291224,-2.614138204282031,0.770557282222621,-0.07866847813090554,3.5059966721486964,0.05120079246438348,0.05244517159081852,0.5409000000007325,2,optimal,154.56520253180517,0,0,0.8381453086726838,0.44359215902666177,712,0.7513901760889712,1.3374290760067387,0.22593517874601313,running
MPC,29.010000000001735,10.479800636831028,2.0636100470366694,3.5346175139859857,-2.7000561023658203,1.969722645956334,-0.110596933733905,3.655629096224756,0.10159999990756893,0.013176423908577206,0.5638000000018906,2,optimal,154.96506804599431,0,0,0.8307930987775198,0.4649139066765874,723,0.7993049119555145,1.337307560091377,0.21621722807816315,running
MPC,29.11000000000175,10.14910712947964,1.9223661034193236,3.649986249253362,-2.7902868304039807,2.9916057023276665,-0.07345303956182359,3.8337780842187525,0.07806254550544743,0.057893056627557726,0.626199999999244,2,optimal,155.16501671374212,0,0,0.8282137737462484,0.49122902015921205,717,0.7731696014828544,1.4646092945921791,0.22193355627601147,running
MPC,29.210000000001767,9.798942791148447,1.799587808731058,3.762861859120857,-2.836218095758546,2.926956920787173,-0.003519154447727255,3.9426819413320793,0.04218590180904714,0.07824854870429299,0.5071999999994858,2,optimal,155.5649582122752,0,0,0.8558010870791867,0.456910873654461,363,-0.7688137164040778,1.4215799931415463,0.22293077345441883,running
MPC,29.310000000001782,9.434692632691567,1.6801062285078958,3.893632817553778,-2.8213911874688313,3.3909979513956565,0.044655616463895695,4.101961654260423,0.02033449707114449,0.04964921372507014,0.479400000001462,2,optimal,155.9648957676941,0,0,0.8748456373450149,0.4423731398031034,366,-0.755746061167748,1.4374243548661132,0.22600293112750477,running
MPC,29.410000000001798,9.060273532099064,1.5470544079123238,4.042034927558475,-2.774073318194101,3.8481881377878966,0.04596902724562062,4.278451631332568,0.021202273658449115,0.0005015236394818601,0.4681999999984754,2,optimal,156.364836468884,0,0,0.8711797053821614,0.44012055405510275,359,-0.7862372567191844,1.4297483523943997,0.21901940157552577,running
MPC,29.510000000001813,8.67646865573143,1.3949608606145265,4.2022788188861675,-2.739956850290725,4.1552552166588645,0.012625383534234145,4.457560449224361,0.03172362489304158,0.028955583842947163,0.464599999999038,2,optimal,156.76477697322116,0,0,0.876165341769277,0.4275102151146946,727,0.8167284522706209,1.395659230676771,0.2126462795560751,running
MPC,29.61000000000183,8.28049571102437,1.2295433873058772,4.367239431183156,-2.7413147269791027,4.2775636507015005,-0.019372474687030475,4.630035183956317,0.0594580049501351,0.02277561547735729,0.7257999999996656,2,optimal,157.16471824018387,0,0,0.8646135718291731,0.40490385786074323,725,0.8080166821130677,1.390045278288535,0.2144087504700342,running
MPC,29.710000000001845,7.868785660255203,1.0594049664628724,4.529411137227196,-2.7589670328555127,4.205245029627596,-0.027138799929529514,4.787763934145916,0.09520020402643478,0.0066060666242400146,0.4963999999993973,2,optimal,157.76463048791373,0,0,0.8693131921290538,0.39620250663865375,720,0.7862372567191844,1.4415071178423497,0.21901940157552577,running
MPC,29.81000000000186,7.439217549285513,0.8883399266989619,4.704208780277078,-2.77609579701366,4.532645906965553,-0.02852914070875054,4.982675727923752,0.03357037598446799,0.005093667877503094,0.6956999999996327,3,optimal,158.1645714026533,0,0,0.8591051963946307,0.3798859820403195,736,0.8559314179796109,1.3331675928636644,0.20524858980469113,running
MPC,29.910000000001876,6.991546348305163,0.7180191473622459,4.862734633027649,-2.7930587369144173,4.110705070622994,-0.011318175772491754,5.115279287339377,0.0468443117322156,0.012711137305245757,0.8132999999990176,3,optimal,158.56451047828955,0,0,0.8731433644698997,0.3753542548437479,708,0.7339666357738648,1.5334565932774515,0.22234991952811328,running
MPC,30.01000000000189,6.52772199907318,0.5500959126820708,4.992696404921647,-2.81053791396701,3.370015082349936,-0.006406003323908208,5.199736141262642,0.06058459163741422,0.007052085903881178,0.6737000000018867,3,optimal,159.16441952011021,0,0,0.8707884161054169,0.3556187162699243,729,0.8254402224281745,1.3837837393913588,0.21092842571338707,running
MPC,30.110000000001907,6.050441822558067,0.38633110348949684,5.091409098305089,-2.8287100231371025,2.559700907994071,-0.0011218220330201773,5.248666495721054,0.044478635196726506,0.00804694715074561,0.6827000000004801,3,optimal,159.56435873842415,0,0,0.8756579030513871,0.3534578194742111,358,-0.790593141797961,1.459410570711665,0.21807316453493358,running
MPC,30.210000000001923,5.56515237333855,0.22455275568423036,5.135967606798524,-2.813311865905908,1.1554385838350172,0.04637660413271801,5.206952956688591,0.0459206169860437,0.02393594379589281,0.7640999999996012,3,optimal,160.16426255853932,0,0,0.8629174238881329,0.3388957213960326,708,0.7339666357738648,1.503541797464283,0.22234991952811328,running
MPC,30.31000000000194,5.082866043211002,0.05079457777067193,5.121874364081228,-2.7517647671441816,-0.16038318660015455,0.03827388484970425,5.119929288138509,0.07567208448292996,0.08203287835678452,0.9875000000008072,3,optimal,160.56420295376446,0,0,0.8445659786555151,0.3116616798143146,715,0.7644578313253012,1.3792475109894515,0.2239412608755995,running
MPC,30.410000000001954,4.617261416911404,-0.14062334907738583,4.99006589095349,-2.698521086245179,-1.4999999194780689,0.002046493535793251,4.9718743721334215,0.07455519255908871,0.10954590021181154,0.8165999999985019,3,optimal,161.1641112695405,0,0,0.8145816157110065,0.2903785751982876,719,0.781881371640408,1.2753376608815268,0.21997807798827246,running
MPC,30.51000000000197,4.175464313644424,-0.3408482646871573,4.779488964198082,-2.6899443490690085,-2.3963965721000324,-0.020984487872042643,4.750426233743487,0.12120528421491274,0.0856758633990573,0.7087999999981776,3,optimal,161.56402064944206,0,0,0.7671845832865977,0.30221544166757736,736,0.8559314179796109,1.193814961595161,0.20524858980469113,running
MPC,30.610000000001985,3.7583011649844233,-0.534933722385048,4.510010579557514,-2.7087810102344365,-3.066703874721284,-0.01937180539866389,4.472818576725953,0.1449463614373126,0.0015685412826584866,0.7400999999997993,3,optimal,162.1638648314013,0,0,0.7473042250353469,0.34690814307102075,754,0.9343373493975906,1.178197494585018,0.19273682890371127,running
MPC,30.710000000002,3.3665207870957556,-0.7157828671719451,4.215652700427023,-2.711257389112411,-3.3498362018469843,0.03130454462243226,4.175026959372816,0.11910492054152785,0.0633472420349257,0.5651000000010953,2,optimal,162.56373957073447,0,0,0.7766991853396081,0.37453760576480977,390,-0.6512048192771085,1.5510676135266166,0.20758050283462462,running
MPC,30.810000000002017,3.0049311134348407,-0.8892429527691751,3.9062110396476206,-2.6644033998931893,-3.521491867995725,0.07979981126237702,3.86350351362745,0.08494101606272236,0.10574643967472142,0.538699999999892,2,optimal,162.9636291945825,0,0,0.7886361952745362,0.377346343935755,396,-0.6250695088044487,1.4935792141293733,0.20359530110414154,running
MPC,30.910000000002032,2.681268056876618,-1.0746003722258253,3.643291518226932,-2.535352941896669,-2.9920630411828277,0.1662719435407096,3.6070047355293378,0.06508919782630469,0.09056900321340855,0.759799999999089,3,optimal,163.36322103748435,0,0,0.8355841975671335,0.38797507573273227,369,-0.742678405931418,1.3405370043699982,0.2241197071405647,running
MPC,31.010000000002048,2.4090969893636274,-1.2948940952190238,3.4378835221522612,-2.3269746433428957,-2.3375733764365854,0.21442020178239468,3.4095341805832735,0.09727171831989538,0.029428369569062696,0.8360000000013912,3,optimal,163.76243409314057,0,0,0.8729750387438956,0.4225045700715981,390,-0.6512048192771085,1.4318748584828935,0.20758050283462462,running
MPC,31.110000000002064,2.1980605577669414,-1.5520285240065437,3.277959393727475,-2.1303988887364316,-1.8199602352369344,0.17943226236077778,3.2558874986285677,0.05050668368585027,0.09663372193092279,0.47800000000108867,2,optimal,163.96240484240712,0,0,0.8541152273629071,0.46127305492327186,373,-0.7252548656163114,1.4073290756501318,0.22062447658991918,running
MPC,31.21000000000208,2.044319007943484,-1.827536769815332,3.0960687006116903,-1.9939430889819496,-2.069942990410614,0.048428662624889984,3.0709650946864135,0.05730511293034944,0.06800110322275899,0.5333999999983519,2,optimal,164.36160506908675,0,0,0.8439359833860807,0.5108346238439717,386,-0.6686283595922151,1.524336829016036,0.2104061992652272,running
MPC,31.310000000002095,1.9222279543817278,-2.101755621983602,2.9541039353330887,-1.9577564328287202,-1.6155800263330145,0.024394361325090774,2.934510697978389,0.09073499575180173,0.021935147194326987,0.6776000000012772,3,optimal,164.56143075309723,0,0,0.8275099361268992,0.5232421147389735,396,-0.6250695088044487,1.5172844238883556,0.20359530110414154,running
MPC,31.41000000000211,1.81539189929567,-2.3661467625829764,2.7994313921142506,-1.9431439572156348,-1.760196418851475,0.015170456549885192,2.7780842934479413,0.05771261889487072,0.09709048077482763,0.63639999999765,3,optimal,164.9613722516303,0,0,0.8483759946694932,0.4961427965863239,370,-0.7383225208526414,1.3072273739157079,0.22322918788849236,running
MPC,31.510000000002126,1.7203598349355353,-2.6272012795308077,2.768384652407823,-1.8932889527025472,-0.35331648986303,0.18367908550684656,2.7640997431279475,0.03888168282224991,0.11945372274579924,0.9742999999993174,3,optimal,165.1609837481498,0,0,0.8644397427163982,0.5134010136185577,417,-0.533595922150139,1.4291897194272727,0.19175741883582492,running
MPC,31.61000000000214,1.659633531985805,-2.8974247718309067,2.776834299135222,-1.7326785890047374,0.219106253299542,0.24946992769505222,2.790295277737777,0.08544454592262153,0.07521469115740231,0.6778999999994539,3,optimal,165.5604721883643,0,0,0.8905833881933125,0.5273845697511814,372,-0.729610750695088,1.3098177624474368,0.22148173646210823,running
MPC,31.710000000002157,1.6499052441586468,-3.176729972878089,2.818981753979974,-1.5308282397608615,1.0929179899557555,0.25817279318267194,2.8861260981307977,0.005853635869740225,0.07741470753304824,0.6812999999983305,3,optimal,165.76044293763084,0,0,0.8668142726363215,0.5764078970167955,370,-0.7383225208526414,1.4070227702228089,0.22322918788849236,running
MPC,31.810000000002173,1.6920795437603477,-3.456615061798899,2.8441388201547135,-1.3663332491404843,0.6523433098903668,0.09272281601520249,2.884216084969011,0.0880988220609435,0.17587617415895096,0.5605000000006299,2,optimal,165.96010852234707,0,0,0.8463730673478591,0.5889887160069938,740,0.8733549582947173,1.2685941589934282,0.20222103997141733,running
MPC,31.91000000000219,1.7535606168634104,-3.7336784130658867,2.835012872851314,-1.3461578392159508,-0.1038546300964596,-0.07917268789581805,2.8337533571450675,0.0901437624968953,0.08076559795547666,0.8029000000018272,3,optimal,166.36005002088018,0,0,0.7982820321570961,0.5903627833506531,752,0.925625579240037,1.2036787722379025,0.19399319420125352,running
MPC,32.0100000000022,1.8066996750929776,-4.010393405061801,2.8090812218815424,-1.393618497079153,-0.29510602348678155,-0.06160704209913077,2.805502270502636,0.0948929707821688,0.03191002933833609,0.7956000000000074,3,optimal,166.55999715767342,0,0,0.7939541654908212,0.5785669619032465,366,-0.755746061167748,1.4197075959206857,0.22600293112750477,running
MPC,32.11000000000218,1.8537882635896519,-4.286917116885454,2.803105138878515,-1.3983403959043645,-0.06800870847391395,0.06931532961634661,2.802280351034151,0.0824537963821819,0.15167917749276505,0.49339999999986617,2,optimal,166.9596309592862,0,0,0.8323338459932218,0.5303253986064412,367,-0.7513901760889712,1.314539214047107,0.22593517874601313,running
MPC,32.21000000000216,1.9178538410124637,-4.561289665030175,2.832862261365431,-1.3006265851413987,0.7716265339167377,0.2536849697398773,2.8802677922701885,0.03255459562164253,0.10460737030378553,0.6804999999996397,3,optimal,167.1596017085527,0,0,0.8446802565347473,0.5248950910692792,383,-0.6816960148285449,1.3551194143596494,0.21261932153731194,running
MPC,32.31000000000214,2.027698295264489,-4.823942233296555,2.86771794329289,-1.0990840838975533,0.903836351946148,0.27148338089940727,2.923245896560046,0.09298553686067285,0.019133034557761164,0.8131000000002331,3,optimal,167.5591228671157,0,0,0.871643490732461,0.5580208312829703,376,-0.7121872103799816,1.4146755996693874,0.21811666573475305,running
MPC,32.41000000000212,2.187267336788959,-5.0642914541685595,2.9053468638223636,-0.9165750973763869,0.9757486980117839,0.18848615428913365,2.9652928130940683,0.03911609979801924,0.09756525604272248,0.5423000000011058,2,optimal,167.75871760221287,0,0,0.8399813938585963,0.60967162144605,360,-0.7818813716404078,1.4605997992206134,0.21997807798827249,running
MPC,32.5100000000021,2.379239850541289,-5.283081020600836,2.9171330269753573,-0.8094324579876027,0.305624854214985,0.025046935760812968,2.935909349243862,0.11577598995643765,0.1537219655605444,0.6927000000001016,3,optimal,167.95868835147942,0,0,0.8187790344913297,0.5729075364226537,758,0.951760889712697,1.156138208680581,0.19031516269774035,running
MPC,32.61000000000208,2.576389406225589,-5.495544998447758,2.8890705129702203,-0.8284909402004672,-0.31935555999699405,-0.07070774504057672,2.885197470975658,0.08954170533024793,0.007260284617924384,0.7167000000016799,3,optimal,168.35847702717862,0,0,0.798168923497748,0.5921039819675964,364,-0.7644578313253012,1.470594459954692,0.2239412608755995,running
MPC,32.71000000000206,2.766759556819078,-5.71198929042635,2.879225019256228,-0.8495043769723836,-0.11204317467434582,0.03514321528842823,2.8778661955027856,0.1154607967027274,0.06989048737392523,0.6046000000026197,2,optimal,168.55844777644518,0,0,0.827886916614413,0.5329886443715944,383,-0.6816960148285449,1.4083144042456224,0.21261932153731194,running
MPC,32.81000000000204,2.963660000220509,-5.919253405573848,2.8493518025282074,-0.7850354672846462,-0.3399616247974878,0.11759949876844764,2.845228856776479,0.05447906545402401,0.11661900015111115,0.5304000000005971,2,optimal,168.95817333026537,0,0,0.8387069118884913,0.5309282334560766,378,-0.7034754402224281,1.3822520243581322,0.216496585417684,running
MPC,32.91000000000202,3.180484583119771,-6.105256933349334,2.8682374240456383,-0.6517787033141635,0.48971961851370854,0.2313245871758198,2.8983237643795783,0.06762785789892742,0.044026753326196655,0.7350999999982122,3,optimal,169.15778900251888,0,0,0.8772929414365185,0.5395402021929786,380,-0.6947636700648749,1.395908777352699,0.21491658495418048,running
MPC,33.010000000002,3.426720063595848,-6.254337920896898,2.892367203662092,-0.481172380119574,0.6257049288890567,0.19121955459431392,2.930807916934544,0.05638291408067743,0.02718691198751344,0.7355999999987262,3,optimal,169.5574529250893,0,0,0.8692835988037402,0.5862795852669556,389,-0.6555607043558851,1.541280012972032,0.2082738731989199,running
MPC,33.11000000000198,3.6932218909863774,-6.369615706361767,2.91604956693796,-0.35913766474385955,0.6141030570932784,0.10279960660875995,2.9537775093714203,0.06801466933554541,0.10806102162324294,0.5118999999975671,2,optimal,169.75742367435583,0,0,0.847913249940145,0.6077479809461246,371,-0.7339666357738648,1.5275799272497659,0.22234991952811328,running
MPC,33.21000000000196,3.9694619128184288,-6.462016748306821,2.9116049258913357,-0.3007985686900332,-0.05058067250034881,-0.010245032951725784,2.910991499687925,0.0963998907786954,0.05516686529794157,0.7659999999987122,3,optimal,170.15731687386,0,0,0.8197898122791973,0.6057507928608142,386,-0.6686283595922151,1.5964515324786728,0.2104061992652272,running
MPC,33.31000000000194,4.2463792789034995,-6.548924612126508,2.8976810351011295,-0.29655083070484967,-0.1584559366216876,0.004279899790898858,2.895759332229167,0.09795710846316735,0.0049257339569201974,0.774499999998568,3,optimal,170.35728762312655,0,0,0.7866396325028037,0.5567588527293745,410,-0.5640871177015756,1.5652888986917766,0.19536680809182225,running
MPC,33.41000000000192,4.520070430704492,-6.6303803172252085,2.8341031101283027,-0.28351204053219714,-0.7235261897571678,0.02512761734057624,2.8253284161254126,0.0943711902710329,0.15313332363614762,0.6490999999986258,3,optimal,170.75678490840517,0,0,0.8195931752517562,0.4941742941306772,381,-0.6904077849860983,1.318162523231435,0.21414126651260781,running
MPC,33.5100000000019,4.7936325772978625,-6.70290015181941,2.829227484363564,-0.23178727194495252,-0.05548534233778714,0.20256941333570963,2.828554575894524,0.0275286248738887,0.20909346331735534,0.48829999999888685,2,optimal,170.95563443562477,0,0,0.8451084073565024,0.4744425275332035,394,-0.6337812789620019,1.2883770512081165,0.20489107222660924,running
MPC,33.61000000000188,5.0752375414719815,-6.7360260724863865,2.849470327606917,-0.04358341483316419,0.5249134883709183,0.2900264032645619,2.881718833200656,0.10232939332892627,0.15731108233548596,0.6833000000003864,3,optimal,171.3551599057547,0,0,0.8461695571508016,0.4913198253806408,365,-0.7601019462465246,1.2324299276426927,0.22496523842325905,running
MPC,33.71000000000186,5.362219138386775,-6.708702100919936,2.9200094829781946,0.1755224662046304,1.8291380152259133,0.2536410022988307,3.0323841291295084,0.03813822843481776,0.015213037494685722,0.6675999999998794,3,optimal,171.55513065502126,0,0,0.861833320643793,0.5665463113480124,367,-0.7513901760889712,1.4056112532327518,0.22593517874601313,running
MPC,33.81000000000184,5.647702464893937,-6.628962272740792,3.0058879381595323,0.33243957682545355,2.2268986102011272,0.08375980947592845,3.1426993439983075,0.08167720110630085,0.137952866577141,0.6219000000005082,2,optimal,171.75504466672044,0,0,0.8704482413938549,0.5556356369604303,716,0.768813716404078,1.3890521036616645,0.22293077345441878,running
MPC,33.91000000000182,5.935142762425982,-6.525726431270219,3.0954252831410813,0.35337982897504006,2.3217766164922726,-0.06865865192047499,3.2380655998087597,0.032061139984352185,0.10517169822603023,0.6982000000004263,3,optimal,172.15498616525355,0,0,0.8498265125490931,0.5248482049031601,730,0.8297961075069509,1.2750307034219526,0.21008581223244965,running
MPC,34.0100000000018,6.236012687736718,-6.428520719987372,3.2190509499860234,0.28884896493207757,3.205714694108916,-0.07731454611498062,3.415996752551973,0.1061438950248688,0.0026388131175494323,0.6424999999996572,3,optimal,172.5549038740421,0,0,0.8366451848978789,0.5597703416847578,361,-0.7775254865616312,1.455780313688886,0.22094939445953415,running
MPC,34.11000000000178,6.554566149399204,-6.340616081156799,3.3775441709324245,0.2576764396504272,4.109858901240918,0.0100614578116534,3.6300368401101153,0.046094243691504985,0.05467453227279151,0.7472000000010581,2,optimal,172.75483624400826,0,0,0.8310536144291345,0.5203575458825351,370,-0.7383225208526414,1.4620993733156025,0.22322918788849236,running
MPC,34.21000000000176,6.887826282179569,-6.2474237413736695,3.5312051808754865,0.2836889487675873,3.984555716119424,0.061452689195590035,3.775999742544367,0.02382168262667169,0.056840669321102766,0.60320000000047,2,optimal,173.1547558700878,0,0,0.8590072868223334,0.48756664310488695,374,-0.7208989805375348,1.456858353801645,0.2197779812188762,running
MPC,34.31000000000174,7.232766369529943,-6.1368114366508495,3.7009375565090847,0.3426058426672194,4.4012993783653,0.06838406269055136,3.9713351187120165,0.0578726473027786,0.017233116607073384,0.5762999999987528,2,optimal,173.55469256382372,0,0,0.8747525476438852,0.48337596249351156,369,-0.742678405931418,1.4815242637141683,0.2241197071405647,running
MPC,34.41000000000172,7.588386318245652,-6.002497179976896,3.8873177997928274,0.38754311081231263,4.832992208128465,0.02934420821876167,4.1842367773219316,0.07773385350633263,0.01702036211105984,0.4975000000015939,2,optimal,173.95463406235683,0,0,0.8570458968507781,0.46295855412714454,718,0.7775254865616312,1.441992950156796,0.22094939445953415,running
MPC,34.5100000000017,7.959088013026174,-5.853693126964517,4.085849117792723,0.38592447768043714,5.148079517753593,-0.01210071847811618,4.402125751568187,0.07820135365356264,0.01304142938376529,0.671799999999223,2,optimal,174.3545752045322,0,0,0.8757194771935038,0.4422417977869581,713,0.755746061167748,1.477120317046049,0.22600293112750477,running
MPC,34.61000000000168,8.349197301571447,-5.698973248409197,4.291163244185502,0.3693542636618057,5.323963289201018,-0.01881584522669371,4.618245446712825,0.058573246126099,0.0008269765801642848,0.5565000000000708,2,optimal,174.75451633161728,0,0,0.8723874753180392,0.42994820939789785,734,0.8472196478220577,1.3698800671106162,0.20682039817249392,running
MPC,34.71000000000166,8.76047905474129,-5.54178781704404,4.498237413530035,0.3531784018473503,5.36960264303988,-0.011572777552426607,4.82812350848949,0.01841988263828836,0.008378565109527614,0.5629000000002549,2,optimal,175.15445626905247,0,0,0.87984162878584,0.41149840854460257,360,-0.7818813716404078,1.472975457952567,0.21997807798827249,running
MPC,34.810000000001644,9.19333783041204,-5.383587649716884,4.702723195495759,0.3371000781880835,5.302483640440676,-0.00281489525517692,5.028485777574103,0.042748881920217856,0.017950914752937308,0.5567999999982476,2,optimal,175.55439711245964,0,0,0.8665423582073906,0.38821979102376686,366,-0.755746061167748,1.4968938320979042,0.22600293112750477,running
MPC,34.910000000001624,9.646746367315897,-5.223084553703464,4.900981225842727,0.3381621696552779,5.140992945304156,0.007734576232534018,5.216822490026175,0.07640831479456303,0.00934756760338118,0.4676999999979614,2,optimal,176.1543090736598,0,0,0.8632690598208954,0.36625868392185235,361,-0.7775254865616312,1.448429981995581,0.22094939445953415,running
MPC,35.010000000001604,10.118966165215094,-5.053180145903923,5.118741784465734,0.3564475844792958,5.646709460833117,0.00411368749548279,5.465652171926039,0.02638569879545653,0.012918439030258355,0.6553000000000253,2,optimal,176.55425006041736,0,0,0.8703678008835009,0.35990293906017146,725,0.8080166821130677,1.4331309571994326,0.2144087504700342,running
MPC,35.110000000001584,10.609784080794993,-4.871946839365615,5.328637667394743,0.35632045877085927,5.442771985063835,-0.01116717410906404,5.663018982972118,0.05098976272117079,0.01716250470187397,0.47120000000155926,2,optimal,177.1541618848122,0,0,0.8458963723089525,0.3356501753498283,708,0.7339666357738648,1.498084116111649,0.22234991952811328,running
MPC,35.210000000001564,11.121700380734517,-4.685592207503256,5.54935698408824,0.3370331832042077,5.723432478511845,-0.015892367414661778,5.900980915245928,0.09405856958235732,0.0003648186858473679,0.5039000000000016,2,optimal,177.5541033833453,0,0,0.8871535178394754,0.3275756855415722,711,0.7470342910101948,1.5057311263040072,0.22502164647011186,running
MPC,35.310000000001544,11.65598738206648,-4.498951599693398,5.75338173300665,0.3183518868466475,5.29052867629803,-0.005836545043449067,6.0784098517180425,0.06023118794075122,0.016573654812733096,0.46779999999913,2,optimal,178.15401553880207,0,0,0.8603040356547594,0.31242181186998086,369,-0.742678405931418,1.5012965546205679,0.2241197071405647,running
MPC,35.410000000001524,12.211834528336718,-4.312034656954547,5.958843743446561,0.31936870562142516,5.327798043544617,0.0033484238624129268,6.286161537361112,0.04635788100307039,0.012001739731623218,0.44860000000035427,2,optimal,178.75392758214483,0,0,0.8601962992658986,0.30529479901619644,355,-0.803660797034291,1.4344359554645545,0.21530714918272373,running
MPC,35.510000000001504,12.787461434961969,-4.11927051549954,6.1655258420015775,0.3219734535399539,5.359435926668082,-0.001395621245141548,6.49478733611337,0.05346060792202336,0.0037110570004994514,0.4915999999983711,2,optimal,179.35383959391427,0,0,0.8754836321548263,0.3015050466082912,363,-0.7688137164040778,1.5142272561864683,0.22293077345441883,running
MPC,35.610000000001484,13.383760284125735,-3.923788561006218,6.3687269061435705,0.3022173282513627,5.269169856091309,-0.008932757918400838,6.692442827610709,0.08117164467943423,0.016142660216681648,0.6123000000002321,2,optimal,179.95375107762743,0,0,0.8744537605178442,0.2818885836086035,369,-0.742678405931418,1.5044282307340984,0.2241197071405647,running
MPC,35.710000000001465,14.001533949611252,-3.73033114882238,6.56297841098969,0.282186069275121,5.0371004608534715,-0.003737307997330019,6.8724369522289175,0.07214174765378974,0.024151049757737297,0.478900000000948,2,optimal,180.75363204614214,0,0,0.8794433176069054,0.2674241179080529,359,-0.7862372567191844,1.4223181947455699,0.21901940157552577,running
MPC,35.810000000001445,14.641189401713937,-3.541616439214191,6.759687585990318,0.2637056072687485,5.10082985887134,-0.0017815505803239354,7.073061396876824,0.020405189638374382,0.031297866124802454,0.4718000000014655,2,optimal,181.35354400377034,0,0,0.8740885428672112,0.25763945695173757,355,-0.803660797034291,1.3889078171083,0.21530714918272373,running
MPC,35.910000000001425,15.300958379358901,-3.3565756609777027,6.931136998607645,0.265267135093608,4.445823552264983,0.002443204888681552,7.2042699412168165,0.08676650908362062,0.017686446433213376,0.5203000000015834,2,optimal,181.953454406456,0,0,0.8375324320106861,0.24836195615859236,361,-0.7775254865616312,1.4173840429180176,0.22094939445953415,running
MPC,36.010000000001405,15.976047154812992,-3.169169529726729,7.070107285526042,0.2698368084237006,3.6036132478670932,-0.004463726732738541,7.291498323394355,0.03573981439920515,0.00627485719966181,0.5044000000005155,2,optimal,182.75333251643414,0,0,0.8533258419762046,0.2501410271908746,348,-0.8341519925857275,1.3740055051040356,0.20925385860619156,running
MPC,36.110000000001385,16.66487573737805,-2.982306001148341,7.194484316090493,0.2479965584594468,3.2251981701355694,-0.019930273301987367,7.392627102539599,0.09974110584970307,0.001602929632639416,0.9101000000004689,2,optimal,183.3532443202957,0,0,0.8393708782171139,0.24769024515535804,347,-0.8385078776645043,1.379235493344065,0.2084324073070941,running
MPC,36.210000000001365,17.366661659858035,-2.8021614067841685,7.2888942038128866,0.2240958691361734,2.4481256365674535,-0.020352353259599783,7.439296879747239,0.02383260914343117,0.0016929595628845107,0.6088999999978029,2,optimal,184.15311898282937,0,0,0.869794954338762,0.24086263845364184,355,-0.803660797034291,1.4180592020425387,0.21530714918272373,running
MPC,36.310000000001345,18.080118685877142,-2.6331270609275963,7.369083818537078,0.20148170189917147,2.0793823224322696,-0.023048752994782123,7.496832436056113,0.045508105650791705,0.004357790460948863,0.5642000000012359,2,optimal,184.9529985377465,0,0,0.8668684143853251,0.23410656405020375,721,0.7905931417979613,1.4183801340311537,0.21807316453493353,running
MPC,36.410000000001325,18.803703231148567,-2.4773102587197915,7.429757240125499,0.17915880795684602,1.573311465909601,-0.02540850227026754,7.526414965128038,0.09789913908026909,0.0017929150503253055,0.594100000000708,2,optimal,185.5529076823692,0,0,0.8718521002342741,0.23062959885979328,705,0.7208989805375348,1.4964855510985606,0.2197779812188762,running
MPC,36.510000000001305,19.53508570576985,-2.3361021798478214,7.4654651000357095,0.15612839319257565,0.9259340243067617,-0.03125590534736784,7.522350642556176,0.05709476784102442,0.003116680667535121,0.7163999999999504,3,optimal,186.35278380860748,0,0,0.8385912629448605,0.22518457044073203,742,0.8820667284522705,1.2640921874786073,0.20076314597215372,running
MPC,36.610000000001286,20.272306714885808,-2.2127746768602097,7.483073157863828,0.11457723238512552,0.45659134672343304,-0.03672649405424668,7.511124234708053,0.05709727537788882,0.022038106656101064,0.7430999999993304,3,optimal,187.15266387919112,0,0,0.8092722987435763,0.22788199851216376,741,0.8777108433734941,1.288436546214252,0.2014875443267371,running
MPC,36.710000000001266,21.012611319449476,-2.117917198797839,7.454428735982555,0.05409651998165366,-0.3259777576951713,-0.0276404011704113,7.450475382094311,0.08888023080682943,0.05799799966079888,0.7255999999973284,3,optimal,187.9525378100675,0,0,0.8423600825059638,0.23151777086647188,724,0.8036607970342913,1.417769038074722,0.2153071491827237,running
MPC,36.810000000001246,21.748003624352823,-2.0547707010711935,7.3443331675991725,0.017931284479705933,-1.2529038520150633,-0.008123968610500175,7.329138350781049,0.0806685931594682,0.07235005789674354,0.5131000000009323,2,optimal,188.55244942844917,0,0,0.8326557944276448,0.2368631513160072,715,0.7644578313253012,1.4983340635708566,0.2239412608755995,running
MPC,36.910000000001226,22.46934074296263,-2.0187396147351677,7.160487438260097,0.005745554555047772,-2.0921915917935485,0.004225899686725925,7.1351140084198175,0.028776040027546253,0.05207367318896239,0.576099999998192,2,optimal,189.35231767954815,0,0,0.8896985181447044,0.2485076372846309,360,-0.7818813716404078,1.515065474356843,0.21997807798827249,running
MPC,37.010000000001206,23.170240272852997,-1.995604918621595,6.9375196797973455,0.028223830456728827,-2.5374060696098777,0.0018270514165710486,6.90674683129911,0.09146775540708314,0.003988227263317157,0.5232999999993382,2,optimal,189.95222133079156,0,0,0.8411856244918398,0.23217884518449353,702,0.7078313253012047,1.4804357445326979,0.21730154451353453,running
MPC,37.110000000001186,23.84651041452172,-1.974066214381015,6.67872306389522,0.03633773558058628,-2.945143766578479,-0.017493021834844944,6.643005303139498,0.049302868112166894,0.047432707327949686,0.4828000000003385,2,optimal,190.75209320295914,0,0,0.8792718250133283,0.2254848522541497,725,0.8080166821130677,1.2952399995487436,0.2144087504700342,running
MPC,37.210000000001166,24.502024923454297,-1.9594101399569448,6.494955654563086,-0.020289453607725605,-2.091300298530552,-0.0670007920004459,6.469593034042165,0.06902847047890431,0.023047861534102765,0.6720999999973998,3,optimal,191.35198921505886,0,0,0.8383899465664413,0.23450096419996866,729,0.8254402224281745,1.273155405984809,0.21092842571338707,running
MPC,37.310000000001146,25.13924132657411,-1.9764934381670416,6.314758730384005,-0.13494112115709456,-2.050667649392081,-0.05694445411613693,6.289888889623878,0.10383316752315744,0.05311331451802559,0.6656000000013762,3,optimal,191.95188103672152,0,0,0.7940047653166588,0.24893679865030896,720,0.7862372567191844,1.3613335949973295,0.21901940157552577,running
MPC,37.410000000001126,25.755281044281777,-2.0394941403852,6.132509973277824,-0.21581339469679772,-2.074017811581188,-0.005140048304496621,6.107356949225887,0.11543710095820241,0.09255549472407054,0.5394000000009669,2,optimal,192.55177956304627,0,0,0.792082160853823,0.26603223715357927,712,0.7513901760889712,1.4535277306447836,0.22593517874601313,running
MPC,37.51000000000111,26.35512680798234,-2.1407614059691578,6.059106154925365,-0.22642568285584197,-0.835346309727494,0.019497157489272283,6.0489753423050745,0.10867936575996275,0.06614962655848444,0.775499999999596,3,optimal,193.15166983741247,0,0,0.7879854099601961,0.27615550920618903,723,0.7993049119555145,1.3969525940328131,0.21621722807816315,running
MPC,37.61000000000109,26.9499498299902,-2.2607054116247536,6.075720688660933,-0.2195408189505912,0.4308284540837551,-0.0024931632164737873,6.10218900033374,0.10372057914119268,0.027989421305896656,0.45579999999922904,2,optimal,193.75156492277978,0,0,0.7881848878632279,0.2683067303155178,734,0.8472196478220577,1.2831459604889308,0.20682039817249392,running
MPC,37.71000000000107,27.546206897036217,-2.3919892437683523,6.1307854188098405,-0.2373247847762796,1.4278735077473428,-0.025713396626059693,6.218508039435667,0.10714357571572049,0.024427033025940403,0.4760000000008091,2,optimal,194.35147475982927,0,0,0.8204858795199909,0.2702738035000549,727,0.8167284522706209,1.336849162133151,0.2126462795560751,running
MPC,37.81000000000105,28.146984377099315,-2.5352250049794876,6.214978968726395,-0.25821556049906746,2.1832076380644945,-0.01619039019336107,6.34910618261629,0.11037996478180195,0.03452936789145156,0.45139999999932456,2,optimal,195.15135605090785,0,0,0.8389523802320027,0.27759109785531616,724,0.8036607970342913,1.39652131760533,0.2153071491827237,running
MPC,37.91000000000103,28.756194575581677,-2.6900253498507904,6.3459614008959715,-0.25795410780587247,3.3964816384188863,0.01242720412549711,6.554627132568284,0.07774561151769493,0.036446918791311234,0.530100000000644,2,optimal,195.7512682226194,0,0,0.8577955907288358,0.2790376412001233,364,-0.7644578313253012,1.475622939040826,0.2239412608755995,running
MPC,38.01000000000101,29.37899190904395,-2.8477833638599015,6.491747433943152,-0.23426925778327945,3.7803511217566883,0.02359603528137819,6.72399651307164,0.03162385130294871,0.02077667497792035,0.48229999999982454,2,optimal,196.35117997185998,0,0,0.8583286876663397,0.2739185954543126,344,-0.8515755329008341,1.3512039908152038,0.20602954162158948,running
MPC,38.11000000000099,30.017893309249384,-3.000934790925954,6.6368066928861165,-0.21197277327109543,3.7615052745742994,0.01972880652941159,6.8678979614005815,0.031791251051577665,0.00725161825879006,0.5021000000002829,2,optimal,196.95109032097423,0,0,0.870239701488442,0.2693313263883607,360,-0.7818813716404078,1.4606457086628626,0.21997807798827249,running
MPC,38.21000000000097,30.67296401928817,-3.1457733412206625,6.770517645074436,-0.1917782295085093,3.467234395030711,0.01586203684185308,6.983530132389188,0.09793041265634081,0.0016505904833188367,0.5095000000014949,2,optimal,197.7509729490948,0,0,0.8504217732805552,0.2629268820754718,375,-0.7165430954587582,1.5348089979742412,0.21894209497805295,running
MPC,38.31000000000095,31.343679623649916,-3.28090982791225,6.902961626649171,-0.1722037342968541,3.43438081036156,0.025861594727844286,7.113955726110593,0.021130701797152786,0.012275878826187636,0.736800000000315,3,optimal,198.35088366155668,0,0,0.8749236045655411,0.25844228924745144,358,-0.790593141797961,1.4489158350419777,0.21807316453493358,running
MPC,38.41000000000093,32.02800142847576,-3.405281868154961,7.0001153049207065,-0.1518630729314081,2.519274370527191,0.007939385952263503,7.15488906370189,0.08382645425822426,0.024402685107935085,0.66670000000002,3,optimal,198.95079491785089,0,0,0.8664920997062981,0.2567798208043307,731,0.8341519925857277,1.4000578226082125,0.20925385860619153,running
MPC,38.51000000000091,32.72067743856931,-3.522040436101765,7.0452386347286815,-0.16840836184315844,1.1700848626683766,-0.06093312431296659,7.117123791187544,0.021258066091134772,0.004523195845255401,0.8221000000006029,3,optimal,199.7506769817565,0,0,0.8717073282673102,0.24516225595632196,347,-0.8385078776645043,1.3558136721452632,0.2084324073070941,running
MPC,38.61000000000089,33.41329665806343,-3.647507679732144,7.035807242679344,-0.21362856871376312,-0.10733063648237656,0.0126525367966927,7.034505571080444,0.0927608298431956,0.05807302518945612,0.7478000000009644,3,optimal,200.3505882025851,0,0,0.829828325614559,0.21711835500727206,364,-0.7644578313253012,1.3279784119209468,0.2239412608755995,running
MPC,38.71000000000087,34.09662759818147,-3.775560240217908,6.909785857957854,-0.1601747722244813,-1.4341419974689822,0.09604314716006099,6.892393042932446,0.05672120672397009,0.016688186737955135,0.5889999999979523,3,optimal,201.15046962112535,0,0,0.84022340090178,0.22695134605384468,362,-0.7731696014828544,1.364754193702684,0.22193355627601147,running
MPC,38.81000000000085,34.76722994887549,-3.871659323909814,6.707400695256863,-0.021347293634871534,-2.3031730855484525,0.05383224000987168,6.679468549403009,0.08206034270842417,0.11303350921590294,0.612500000000793,3,optimal,201.75038142566072,0,0,0.8204218033810803,0.24937305521935738,725,0.8080166821130677,1.4049663374212238,0.2144087504700342,running
MPC,38.91000000000083,35.418315006710976,-3.9153349633077776,6.435019106541256,0.05872996529636332,-3.09974276649699,-0.022075003438688484,6.397426418607164,0.09121783012274336,0.17273916378755594,0.47509999999739705,2,optimal,202.550258650904,0,0,0.8410598131499532,0.2323581135444998,719,0.781881371640408,1.3258862318849245,0.21997807798827246,running
MPC,39.01000000000081,36.04165213562702,-3.922864146580179,6.13146998266328,0.021788909047999905,-3.4544339265150343,-0.06735744526029622,6.089575713889753,0.07836512488666217,0.1011905933145858,0.6097999999976622,3,optimal,203.15016496503367,0,0,0.8462330137533787,0.25628805777147956,714,0.7601019462465248,1.420262396280638,0.22496523842325897,running
MPC,39.11000000000079,36.63279380793098,-3.935672833827657,5.801886854039173,-0.0928090408206459,-3.750704751115516,-0.04367855647607397,5.756399507551728,0.09686958229167152,0.06348162917892886,0.6436000000000774,3,optimal,203.75003182330846,0,0,0.8458178781448973,0.27396780208367033,352,-0.8167284522706209,1.362670727101588,0.2126462795560751,running
MPC,39.21000000000077,37.189149184257225,-3.9756286401313123,5.464331215168372,-0.14436580954549472,-3.8414330969062433,0.05450764967499853,5.417743544348549,0.08928584708157229,0.15642390471323964,0.7049999999999557,2,optimal,204.14991581992197,0,0,0.8917965918130809,0.2576096480145129,382,-0.6860518999073215,1.369844000249149,0.21337555590733343,running
MPC,39.31000000000075,37.710821273271186,-4.0207288607525085,5.120265923914488,-0.049941603608563145,-3.915513903843367,0.130792954927447,5.0727798247840346,0.04545680060092987,0.13368490589372684,0.6926000000007093,3,optimal,204.7497797103211,0,0,0.8485649803316868,0.25507355894318345,361,-0.7775254865616312,1.2142478103383303,0.22094939445953415,running
MPC,39.41000000000073,38.20190375922777,-4.0176429498871915,4.811798133788591,0.19055703350382336,-3.510409075917372,0.1657385529679036,4.769225016322751,0.13292706358392653,0.04792703009937327,0.7306000000006918,3,optimal,205.14970050853782,0,0,0.7854827128498256,0.3047302202358609,351,-0.8210843373493977,1.2750138029852625,0.21178185999974475,running
MPC,39.51000000000071,38.65779761208387,-3.9284293342678014,4.57186140258812,0.4131535722925972,-2.7305154891806285,0.0756797057636693,4.538746584870529,0.10455928232357503,0.21837934669947323,0.45330000000021187,2,optimal,205.7495696944149,0,0,0.7840234692164193,0.3295089728566293,722,0.7949490268767376,1.3275198310262488,0.21713917065507293,running
MPC,39.61000000000069,39.08121194915337,-3.7674959603912703,4.512080841250814,0.4766513068879954,-0.6803116299315006,-0.11210913730642548,4.50383023959497,0.020269972358439192,0.26159589459279076,0.6246000000000862,3,optimal,206.14949565254236,0,0,0.8504583831132589,0.30850248765505905,699,0.6947636700648747,1.2984164681149557,0.21491658495418042,running
MPC,39.71000000000067,39.49983106067833,-3.597672812958137,4.524008789177892,0.32303580464666215,0.30930144941796994,-0.194809245739555,4.543010986192611,0.0681829868618034,0.10219253076573409,0.6394000000007338,3,optimal,206.54943659595693,0,0,0.8452069667624159,0.3267880619704583,724,0.8036607970342913,1.2387180821441166,0.2153071491827237,running
MPC,39.81000000000065,39.93761744208265,-3.4795393506001973,4.5505606106556105,0.12097332674127603,0.6885104561113485,-0.09308943795379626,4.592859834789027,0.1184636534125382,0.10396778880055635,0.6460999999990946,3,optimal,206.94937794376094,0,0,0.7952911078859787,0.36565187099150415,372,-0.729610750695088,1.4545876867960694,0.22148173646210823,running
MPC,39.91000000000063,40.38965368593482,-3.4142500138166705,4.583820174079183,0.0657740278707104,0.8624476931665181,0.09441163517627364,4.636805379972262,0.059773131193752924,0.19186087513466354,0.6361999999988655,3,optimal,207.5492781899554,0,0,0.8460892742153157,0.3246187498760231,390,-0.6512048192771085,1.382475400713696,0.20758050283462462,running
MPC,40.01000000000061,40.84499102111115,-3.3507543259459105,4.611192722398877,0.20617152119425297,0.7097925746576831,0.19462853388971915,4.6547994315449515,0.03296306644613724,0.0908960429150305,0.6963999999989312,3,optimal,207.94917351024102,0,0,0.8254334646037134,0.32373205851721615,368,-0.7470342910101946,1.3137914205511345,0.22502164647011183,running
MPC,40.11000000000059,41.289456600699694,-3.2294362225551763,4.6129187732804295,0.4265260130919004,0.044757911645630095,0.13719366346826786,4.61566851356344,0.0869898609321533,0.07999670238660883,0.6500000000020378,3,optimal,208.3490682625738,0,0,0.8375865437877598,0.3624729379396753,352,-0.8167284522706209,1.3569249491051008,0.2126462795560751,running
MPC,40.21000000000057,41.70820602444152,-3.039713723789384,4.594766335505535,0.5630223994878372,-0.20657742673556995,0.0071616809395401385,4.592261030606872,0.09013028177667264,0.15501830159897345,0.44919999999848415,2,optimal,208.94897023341593,0,0,0.8310276503835784,0.3450233144639881,727,0.8167284522706209,1.3022465215814658,0.2126462795560751,running
MPC,40.31000000000055,42.10904065381756,-2.8123832195682925,4.620065942952329,0.5508326268231145,0.6560395217046288,-0.08456509406470926,4.660370287675998,0.02350975362364299,0.11083309708620526,0.7336999999996152,3,optimal,209.3488804790883,0,0,0.8602601260277795,0.3508086604005537,722,0.7949490268767376,1.3459755080709963,0.21713917065507293,running
MPC,40.41000000000053,42.515746581045505,-2.5875116232370843,4.671370093943428,0.4563934630585722,1.3303586132095866,-0.07895860708898167,4.753101804273288,0.04968816018514336,0.009387220942670638,0.7117999999994851,3,optimal,209.7487993005489,0,0,0.8471736734942681,0.38160770699144786,364,-0.7644578313253012,1.4964382146009882,0.2239412608755995,running
MPC,40.51000000000051,42.94022367570581,-2.3835712836783944,4.742419684145728,0.39674157027840984,1.842374008041595,0.0016380536948348472,4.855607494747587,0.08805451606341588,0.09850505675627375,0.546999999999187,2,optimal,210.3487025390349,0,0,0.8717947984532111,0.34480968342621865,372,-0.729610750695088,1.4221772373645643,0.22148173646210823,running
MPC,40.61000000000049,43.37700616234926,-2.1832638552288324,4.8588800479317715,0.44687394139723224,3.019912523007504,0.08426922908551171,5.044410936446478,0.02349689119890005,0.06181262802213894,0.669099999999645,3,optimal,210.74864292625622,0,0,0.8584662085322213,0.33566821816821046,372,-0.729610750695088,1.4081227679526866,0.22148173646210823,running
MPC,40.71000000000047,43.815524335651034,-1.9583680324640202,4.98891711311599,0.5407156994699323,3.3719674989717463,0.07067943502887512,5.196076797828946,0.09442318497722242,0.02221207599477637,0.7767000000029611,3,optimal,211.1485815468656,0,0,0.8450506636998655,0.3443391598583101,366,-0.755746061167748,1.443620255448984,0.22600293112750477,running
MPC,40.81000000000045,44.24889964476131,-1.6973616168686274,5.120160618476323,0.6059449628319356,3.403251479870125,0.014176935643184705,5.329242261103003,0.035642317910765955,0.07432315862184247,0.5435000000009182,2,optimal,211.74848994446222,0,0,0.863389029914812,0.3423837935392702,713,0.755746061167748,1.469107645520285,0.22600293112750477,running
MPC,40.91000000000043,44.68279244319515,-1.4101991554239772,5.274007459109793,0.606496486543445,3.9893744579718353,-0.0273693038693835,5.519098064273506,0.09124287224101109,0.060054849410464684,0.4796000000002465,2,optimal,212.3484019851387,0,0,0.865853698020453,0.33312192866244783,717,0.7731696014828544,1.4426595318890907,0.22193355627601147,running
MPC,41.01000000000041,45.12829342705852,-1.1107828532943262,5.447501052474454,0.5835068616869523,4.498830831630053,-0.02329990011810565,5.723890542272798,0.04732249779056903,0.02642974290773914,0.4705999999998767,2,optimal,212.74834061935744,0,0,0.8602414017769471,0.3281679221282962,734,0.8472196478220577,1.3527037069985393,0.20682039817249392,running
MPC,41.11000000000039,45.59093649141226,-0.8071771764646178,5.607159922787525,0.5630456297264432,4.1400851430746455,-0.004702507751468136,5.861509566781919,0.020524429017317873,0.010596938494169095,0.49749999999981753,2,optimal,213.34824849589606,0,0,0.8692292738369952,0.32542103978403475,373,-0.7252548656163114,1.5472132940610772,0.22062447658991918,running
MPC,41.21000000000037,46.07082756553173,-0.5011435289855057,5.7636869126379695,0.5596357698686223,4.0588729201159195,0.013797797003389345,6.0130472147991165,0.03347990090296771,0.03361212032787719,0.4492000000002605,2,optimal,213.94815697949835,0,0,0.8738670583316922,0.30460302239537607,361,-0.7775254865616312,1.4381283539839465,0.22094939445953415,running
MPC,41.31000000000035,46.5631312089134,-0.1862712830799941,5.912183548496519,0.5807954836442981,3.8506392705211008,0.014962566584352504,6.14875083969008,0.04735873168661603,0.02735392538023973,0.44519999999792503,2,optimal,214.5480676481633,0,0,0.8713231505459519,0.29357474860985067,366,-0.755746061167748,1.4574260553574625,0.22600293112750477,running
MPC,41.41000000000033,47.063161071942474,0.14245171544948526,6.0453795957186935,0.6019677721215357,3.453882487953732,0.008049920161494578,6.2575717972918925,0.05421966778375874,0.00941553101055348,0.6912999999997282,3,optimal,215.14797972735624,0,0,0.873518231315121,0.2979570237932107,359,-0.7862372567191844,1.4635965389444743,0.21901940157552577,running
MPC,41.51000000000031,47.56751025257134,0.484278218818732,6.1330896864315125,0.6063957158695561,2.2743944182106866,-0.018888375021876406,6.2728190375397626,0.05077693682218547,0.003384825467955821,0.7074999999989728,3,optimal,215.74789158592483,0,0,0.8519281690073921,0.2870440661711673,347,-0.8385078776645043,1.3686009904036647,0.2084324073070941,running
MPC,41.61000000000029,48.07687986373097,0.8295596604195087,6.171226873971762,0.5835515880883881,0.9889284774747704,-0.027163298793574483,6.231982534178989,0.03926175744388129,6.325878620039305e-05,0.536000000000314,2,optimal,216.34779900274768,0,0,0.8565883083173041,0.2882229322803719,368,-0.7470342910101946,1.521993714234254,0.22502164647011183,running
MPC,41.71000000000027,48.591075375171826,1.1686517985097458,6.153464558901416,0.5584592089448344,-0.20213777265626492,-0.026603362913674596,6.151013096706136,0.02498884618767667,0.003478406412275703,0.5079999999999529,2,optimal,216.94769829889597,0,0,0.8720692735601442,0.28252071444853005,728,0.8210843373493977,1.3998511823736228,0.21178185999974475,running
MPC,41.81000000000025,49.10571237688282,1.4934911598403215,6.051510311747981,0.5320547712249453,-1.1602544122667438,-0.024587545056080455,6.037439117674742,0.0092839967512837,0.015297191631223228,0.47709999999945296,2,optimal,217.54759303918868,0,0,0.870804706301562,0.2776177781014814,713,0.755746061167748,1.4692435850082841,0.22600293112750477,running
MPC,41.91000000000023,49.616318582934014,1.7988833860643492,5.897945408766009,0.5040053185250568,-1.7475913091291357,-0.022524711138679522,5.876751180835067,0.01732507514206441,0.02682119874872768,0.4734000000006233,2,optimal,218.14749108142374,0,0,0.8741160495210608,0.2661048193812055,709,0.7383225208526416,1.414231519490858,0.2232291878884924,running
MPC,42.01000000000021,50.12635742262242,2.0826598582404987,5.806056194185349,0.4564748535002159,-1.0457128529082935,-0.05666184615349604,5.793374123475179,0.049692425139576585,0.016355019913893543,0.483499999999637,2,optimal,218.7473815721603,0,0,0.8161974641905072,0.2734546998392996,716,0.768813716404078,1.3821231743267115,0.22293077345441878,running
MPC,42.11000000000019,50.64322531335619,2.3380579157891845,5.745603019050266,0.3852263033987233,-0.6879660744339077,-0.06284564642796817,5.737259586741958,0.08059247276662938,0.01289449293937217,0.6014999999983672,3,optimal,219.34727131333042,0,0,0.7782178957292125,0.27290969943516796,729,0.8254402224281745,1.2856091659405808,0.21092842571338707,running
MPC,42.21000000000017,51.16829474915787,2.5580176472552667,5.667493314676165,0.31177032553422634,-0.8888999886832961,-0.04058126551750162,5.656713020181937,0.1102881816325412,0.04309417025482887,0.6015000000001436,2,optimal,219.94716719012987,0,0,0.8161385208429769,0.28597874228555087,723,0.7993049119555145,1.361809208126868,0.21621722807816315,running
MPC,42.31000000000015,51.703393275830884,2.742933873827923,5.659510217944423,0.2649534824328912,-0.0908488215563523,-0.028898583600811902,5.658408432520529,0.10895519042595249,0.0625910277276045,0.5351999999998469,2,optimal,220.34708478914712,0,0,0.797282551953846,0.29672323712646326,712,0.7513901760889712,1.4548047513668119,0.22593517874601313,running
MPC,42.41000000000013,52.246273198743665,2.9029482024595596,5.6604848252540245,0.24457413448360965,0.025272364979804538,-0.017880086977001594,5.6620374544424035,0.07647669928567644,0.04637789615276944,0.5033000000000953,2,optimal,220.94697947391214,0,0,0.8126029956912963,0.30031664193679647,718,0.7775254865616312,1.4322042549258076,0.22094939445953415,running
MPC,42.51000000000011,52.79428664566621,3.0460998821482574,5.667331499894053,0.22519319571460894,0.17753987549244726,-0.025303686220755277,5.6782388128032695,0.052254810397398,0.03030611816227946,0.49019999999977415,2,optimal,221.54688785937512,0,0,0.8480260449063457,0.29080753828009315,718,0.7775254865616312,1.3940535570451358,0.22094939445953415,running
MPC,42.61000000000009,53.346951156130814,3.173539374751848,5.675955788430312,0.18431637171613513,0.2236348582984574,-0.03210276317532847,5.689694985723899,0.04942310536138217,0.03985473164475195,0.48560000000108516,2,optimal,222.14677963262324,0,0,0.8234208180506576,0.30528652202935597,734,0.8472196478220577,1.352306368451474,0.20682039817249392,running
MPC,42.71000000000007,53.905388625518,3.2796095131703735,5.691856591792011,0.13979275790976065,0.4123208415018538,-0.025368002802221044,5.717187872580498,0.06264141883781496,0.05959332904762604,0.5401000000002654,2,optimal,222.74668369471058,0,0,0.8452814789986833,0.3112841552160031,345,-0.8472196478220575,1.3765878833726122,0.20682039817249398,running
MPC,42.81000000000005,54.46676856604367,3.366406732872414,5.675053302208744,0.11703183816227325,-0.19122392076752762,-0.006307857353100112,5.672734199715259,0.08811015328768937,0.056128986585815,0.5146000000006978,2,optimal,223.3465939500332,0,0,0.8594609372046933,0.2975989914346539,357,-0.7949490268767376,1.4034067155177024,0.21713917065507293,running
MPC,42.91000000000003,55.02365325485111,3.438646472470409,5.585212598602546,0.11049294924649988,-1.0224004950315435,0.0017552152701781855,5.57281325270559,0.07434660143650841,0.04021669314079013,0.6135000000000446,2,optimal,223.74652810014726,0,0,0.8695783185208988,0.3057609051719153,704,0.7165430954587584,1.5274299747448044,0.21894209497805303,running
MPC,43.01000000000001,55.56675727392202,3.5065985532715356,5.416362056610484,0.13221909133151266,-1.9215441419040373,0.008755624714741601,5.3930581844121415,0.023749099855985275,0.032333577287907644,0.5325000000002689,2,optimal,224.34637605202497,0,0,0.8488436864799146,0.300947268486049,728,0.8210843373493977,1.3571631595362579,0.21178185999974475,running
MPC,43.10999999999999,56.090914121248986,3.5762007166208307,5.221908190960992,0.14124989531557208,-2.212913752014735,-0.029432591454759918,5.19507068140901,0.055769033092631044,0.1030134757565051,0.5859000000008052,2,optimal,224.94626877872466,0,0,0.835694034673313,0.2859215147723482,719,0.781881371640408,1.3188864694454483,0.21997807798827246,running
MPC,43.20999999999997,56.60016506723357,3.6369380731107284,5.0817538765613275,0.07098116352313122,-1.5949768275538836,-0.10158067433610357,5.062410508205604,0.0930581965258489,0.0680038826672611,0.6678000000004403,3,optimal,225.3461920000655,0,0,0.842762397218543,0.279565068549308,716,0.768813716404078,1.272186921858058,0.22293077345441878,running
MPC,43.30999999999995,57.10373535593727,3.6577144289900736,5.022229883469652,-0.07790197486714368,-0.677391845348203,-0.11988041822697879,5.014014692026508,0.10861536341053382,0.050902294932763326,0.7733999999999241,3,optimal,225.94608945778072,0,0,0.8091218170295952,0.33058208127045713,724,0.8036607970342913,1.3813108637664233,0.2153071491827237,running
MPC,43.40999999999993,57.60643826972166,3.62319020226818,5.056530730475752,-0.17324878611757155,0.8894490284590372,-0.025244494912840858,5.111174786315556,0.10313521580668263,0.13523274324101742,0.46540000000128146,2,optimal,226.34602716844842,0,0,0.7880063739610349,0.34253728173858466,365,-0.7601019462465246,1.4717805043389551,0.22496523842325905,running
MPC,43.50999999999991,58.110696901398995,3.5550166610627203,5.116052263709567,-0.16364867991344,1.5434420583781807,0.0543768529228315,5.21087493631357,0.048957987546242726,0.11487703685176065,0.6973000000005669,3,optimal,226.94593877514654,0,0,0.8801757068121275,0.31783193001825333,369,-0.742678405931418,1.408025656715201,0.2241197071405647,running
MPC,43.60999999999989,58.62341222160804,3.4881094434811133,5.2176964915643875,-0.0864511692383858,2.6357179954729206,0.06849788392434535,5.379624063256859,0.0831550288640554,0.032127133011154996,0.6252000000017688,3,optimal,227.3458796990563,0,0,0.8877481302929905,0.33426045597499104,365,-0.7601019462465246,1.464382812770267,0.22496523842325905,running
MPC,43.70999999999987,59.149564658870304,3.447198349683258,5.329409843055882,-0.015304065620247886,2.896818610116063,0.02529151447191233,5.507378352575994,0.017217624209960727,0.045493163681129545,0.4913999999995866,2,optimal,227.94579088432081,0,0,0.8599572357467369,0.32465074104136904,709,0.7383225208526416,1.4760567679806655,0.2232291878884924,running
MPC,43.80999999999985,59.6896409067496,3.4271929250570947,5.468637776636174,-0.012802797664777987,3.6102942366213346,-0.030198687804143004,5.690439266718015,0.0487548810243441,0.051820146210232565,0.48450000000066495,2,optimal,228.54570306589264,0,0,0.8874118769972646,0.319037988074961,713,0.755746061167748,1.4634018807260596,0.22600293112750477,running
MPC,43.90999999999983,60.24508336548062,3.408693698874829,5.633337615687993,-0.0553545969668936,4.270801587084751,-0.03802114102036626,5.895717935344649,0.09499731119188339,0.010298171631847097,0.7108999999996257,3,optimal,229.14561529924518,0,0,0.8495764307939699,0.3172115793932868,724,0.8036607970342913,1.419331270832535,0.2153071491827237,running
MPC,44.00999999999981,60.817236630897725,3.3745283177130543,5.81588404885828,-0.09602985968834732,4.7335783749918035,-0.009307166167818555,6.106695453187173,0.08292130510548935,0.030913955977407426,0.5354999999998,2,optimal,229.54555679559397,0,0,0.8764374191648676,0.31606326892205727,362,-0.7731696014828544,1.4962320986628854,0.22193355627601147,running
MPC,44.10999999999979,61.405748964127554,3.3255737244023567,5.981818978293026,-0.09784933641881866,4.302828491288004,0.02030882072064406,6.24616689798708,0.07133603787402719,0.03593151943232442,0.4705000000004844,2,optimal,230.14546885858528,0,0,0.8868817474026639,0.29146903627284965,351,-0.8210843373493977,1.366904611146975,0.21178185999974475,running
MPC,44.20999999999977,62.010485452165106,3.273709830113388,6.144321300217629,-0.07443418046804195,4.213818169926667,0.030611371155576203,6.403200795285692,0.0776926975940812,0.01822280419587763,0.47230000000197947,2,optimal,230.7453808923859,0,0,0.8880461041763078,0.28803050602888297,365,-0.7601019462465246,1.473697781410637,0.22496523842325905,running
MPC,44.309999999999754,62.63162825091446,3.2278185452684096,6.300052762890593,-0.0526300170872136,4.0382442494887,0.023424735770237473,6.548145725166499,0.10189179324648895,0.007894459747067373,0.49940000000070484,2,optimal,231.54526172949892,0,0,0.8632414571995666,0.2739087122661578,366,-0.755746061167748,1.4508108608597892,0.22600293112750477,running
MPC,44.409999999999734,63.26936207547367,3.194270953013351,6.459939827570867,-0.013552213150720416,4.1460024097291175,0.03255624368603823,6.714653003863505,0.06746066218056657,0.020060971631988167,0.6529999999980163,3,optimal,232.14517299383337,0,0,0.845348836449021,0.27897367099728393,724,0.8036607970342913,1.4351795377012122,0.2153071491827237,running
MPC,44.509999999999714,63.922632208312926,3.1784561558063156,6.5983546229984515,-0.000256804652625231,3.58920889899683,-0.06376396375322117,6.8188607174705504,0.026133490463306062,0.022568228602262153,0.6459000000003101,3,optimal,232.74508452651364,0,0,0.8518523974013077,0.2741960624858352,712,0.7513901760889712,1.5202886800072941,0.22593517874601313,running
MPC,44.609999999999694,64.58606413442784,3.1553212204086334,6.673645643120757,-0.10824845610713618,1.9523577562841787,-0.1299801089935735,6.793590398626869,0.06568584967476576,0.09113328391254427,0.8331000000012523,3,optimal,233.34499584011627,0,0,0.884945794835766,0.2351479924356014,371,-0.7339666357738648,1.374441557874718,0.22234991952811328,running
MPC,44.709999999999674,65.24955880172672,3.0785576920740483,6.688586834216769,-0.2706915699573984,0.3874373102799939,0.13440479962655108,6.712389374148756,0.1285945021284042,0.2515034601859476,0.8196000000015857,3,optimal,234.14487882698097,0,0,0.7808368510696557,0.18133026960283152,385,-0.6729842446709917,1.1574171783938125,0.21113476830746442,running
MPC,44.809999999999654,65.9067040352871,2.973078690873456,6.638969877021422,-0.11969168918729745,-0.5646483115363936,0.17682344392315638,6.63212200306313,0.19265048031414286,0.09182313815357901,0.7117000000018692,3,optimal,234.74478957568206,0,0,0.6881702273483645,0.1910777121287441,367,-0.7513901760889712,1.159850754228411,0.22593517874601313,running
MPC,44.909999999999634,66.55791400744444,2.91932216400728,6.487261776732901,0.13644272712256145,-1.7264606198451151,0.07343540641681648,6.466323815036911,0.2259600843862321,0.1779458848180493,0.7379999999983511,3,optimal,235.34469886568385,0,0,0.6843464393470842,0.26261771348729646,337,-0.8820667284522707,1.3088636080405769,0.2007631459721537,running
MPC,45.009999999999614,67.18973039992862,2.956718832287235,6.256263571091386,0.27654829485411536,-2.628793746256768,-0.08986017482769902,6.224382402107224,0.16725630177920353,0.3421251647041945,0.6591000000000236,3,optimal,235.94460794347899,0,0,0.7169320859674531,0.2267347203310764,695,0.6773401297497683,1.3580504369945312,0.21187243445594103,running
MPC,45.109999999999594,67.79142932848289,3.040554078489879,5.983017604678007,0.13580717709077117,-3.1095795125444297,-0.22640273114350518,5.945305619836943,0.06805677251586753,0.23584028926722134,0.7457999999971321,3,optimal,236.54449984596835,0,0,0.850980550650777,0.21976280275829377,686,0.6381371640407787,1.3098753202613873,0.2055510376980303,running
MPC,45.209999999999575,68.36857794652559,3.066398004678556,5.684985407971806,-0.2404821360700824,-3.391650479312738,-0.2100445911048511,5.643852556746733,0.08816421679836714,0.09865819169775847,0.9064999999992551,3,optimal,237.14438479366945,0,0,0.7937842574467244,0.28327572425888076,729,0.8254402224281745,1.3604282232878648,0.21092842571338707,running
MPC,45.309999999999555,68.90358161529005,2.9565382423585618,5.376062404515325,-0.6025372124535213,-3.515589470948264,-0.009041965953303593,5.3334264608769795,0.06590767488565719,0.40323811515002816,0.46280000000109567,2,optimal,237.74427250851514,0,0,0.7901994672059608,0.23510146072779708,371,-0.7339666357738648,1.2147682525533074,0.22234991952811328,running
MPC,45.409999999999535,69.36985849362037,2.731684827263292,5.086515707006797,-0.6859628192243168,-3.295084243385686,0.2567677421950783,5.046553980176757,0.09716129768366516,0.44479922105792014,0.6997000000019682,3,optimal,238.14420703784933,0,0,0.801152105683579,0.2146382741157798,372,-0.729610750695088,1.08164446891134,0.22148173646210823,running
MPC,45.509999999999515,69.80606742834702,2.4991947067841185,4.87426650012791,-0.35818835795684745,-2.4154273672457456,0.32093795194007346,4.844972970282222,0.1592301684534107,0.04764790767824678,0.6928999999971097,3,optimal,238.74400681542573,0,0,0.7420971278958559,0.2798391698684572,351,-0.8210843373493977,1.1817307873024434,0.21178185999974475,running
MPC,45.609999999999495,70.26722412377508,2.3720383666568834,4.762959172679013,0.05594122735449325,-1.2666938494072308,0.055987539233279704,4.747597115187187,0.13834510179927026,0.410225813512227,0.7091000000016834,3,optimal,239.1439019598929,0,0,0.7353624812531621,0.28471798059528575,665,0.546663577386469,1.3788055692286008,0.19326585456320453,running
MPC,45.709999999999475,70.73564732132967,2.3565459243409648,4.6548461392528955,0.13405125918901506,-1.2303423109722516,-0.25817172612569955,4.639924941581787,0.10388098609687138,0.5314995223505807,0.7646000000036679,3,optimal,239.54384237831758,0,0,0.791181812855723,0.22672573445285488,684,0.629425393883225,1.077181741733615,0.2042391938838802,running
MPC,45.809999999999455,71.19226283750936,2.338098254615529,4.535961656961491,-0.20690045101159837,-1.3529229922228008,-0.41887902047863906,4.519553840030615,0.22645349097206327,0.25760201897176493,0.6611000000020795,3,optimal,240.14371058621856,0,0,0.6395593196689011,0.2238596189892164,712,0.7513901760889712,0.9873902911767499,0.22593517874601313,running
MPC,45.909999999999435,71.61967474937327,2.195221715590538,4.52715451409462,-0.6664496616333051,-0.10022658845563048,-0.35307453798785665,4.525938998115928,0.2830146447461716,0.15962048126355732,0.6633000000029199,3,optimal,240.5435933569059,0,0,0.5829575663586318,0.3089591933130454,719,0.781881371640408,1.2144155112815445,0.21997807798827246,running
MPC,46.009999999999415,71.96914281163367,1.9095196936793823,4.5418561498803784,-1.0043064405357645,0.38122544507652545,-0.05878754903600055,4.565277058602272,0.20534192975982257,0.45522246847725256,0.5094999999997185,2,optimal,240.94349178030947,0,0,0.6342013859351326,0.3364367545475032,367,-0.7513901760889712,1.3389269886195343,0.22593517874601313,running
MPC,46.109999999999395,72.24253090011706,1.547599669140418,4.538101040619448,-1.0549095041861798,-0.04273369879315773,0.2190840487123816,4.537582780001062,0.04632273621716536,0.46350329214909536,0.6814999999953386,3,optimal,241.34343327884258,0,0,0.8126020910845692,0.2848769098476239,405,-0.5858665430954588,1.276239275777195,0.19814379270187343,running
MPC,46.209999999999376,72.51674659684257,1.1916917284929511,4.4767205968223305,-0.7764303662985124,-0.6985185289566181,0.3235608153057754,4.468249187723787,0.09169091542882064,0.14249741490079337,0.8420999999998457,3,optimal,241.74337121766982,0,0,0.7949603346487506,0.31035320567500196,362,-0.7731696014828544,1.2299364424154051,0.22193355627601147,running
MPC,46.309999999999356,72.85873476920158,0.9092831365730736,4.4323015470617735,-0.4387851145039767,-0.505495356125979,0.12311570336986952,4.4261710612097325,0.12637764637738141,0.23801326556112912,0.8273999999950377,3,optimal,242.14326514356028,0,0,0.7878931049964876,0.3297758365780504,713,0.755746061167748,1.3004055196909,0.22600293112750477,running
MPC,46.409999999999336,73.25240616628415,0.7076393389310632,4.425078910544479,-0.3273681043256036,-0.08219467183920393,-0.1910435619891098,4.424082079877853,0.08618441132668796,0.4178924891181097,0.7719000000037113,3,optimal,242.7430731631311,0,0,0.848047936457079,0.2679645073509249,674,0.5858665430954586,1.1877745293346076,0.1981437927018734,running
MPC,46.509999999999316,73.65050673428844,0.5141364376586409,4.4331180691172545,-0.5536460198986686,0.20846195958110658,-0.39426585374106127,4.44592510650259,0.15464884633526046,0.23597518615415147,0.7367000000009227,3,optimal,243.1430146616642,0,0,0.7240500096595291,0.25863808278102646,695,0.6773401297497683,1.103710712512908,0.21187243445594103,running
MPC,46.609999999999296,73.99172512998523,0.2364698722097992,4.406909519316016,-0.9675763963295565,-0.2982571731439155,-0.31721046194732083,4.403292351802863,0.19815790452391757,0.1328091944688925,0.7201999999999487,3,optimal,243.54294786317573,0,0,0.7095491967884154,0.3380613880809957,719,0.781881371640408,1.2834152461196966,0.21997807798827246,running
MPC,46.709999999999276,74.22830895725109,-0.13253427447484342,4.396800303831058,-1.2814374725394218,-0.11504436743401056,-0.05218708994529117,4.395405082572615,0.1324070370558413,0.4006450347098962,0.5330999999983987,2,optimal,243.9428344523224,0,0,0.7433458533967108,0.33363643593819425,383,-0.6816960148285449,1.3543191934742023,0.21261932153731194,running
MPC,46.809999999999256,74.38172226679559,-0.5447745994196206,4.404995819416519,-1.323961583159417,0.21251642485427924,0.20014136546673014,4.418051946316486,0.0033905038571672937,0.39629816375122573,0.7222000000020046,3,optimal,244.3427051833871,0,0,0.8503897138481418,0.2823798716693985,371,-0.7339666357738648,1.144243040252551,0.22234991952811328,running
MPC,46.909999999999236,74.54043733288711,-0.9554459802325512,4.40666466203015,-1.0880844756081065,0.04327445444949339,0.2688610710816777,4.409323264861468,0.11338127410870179,0.11300202590724062,0.7841999999946836,3,optimal,244.74259544634754,0,0,0.7615917948452532,0.32534189324715124,361,-0.7775254865616312,1.2422716024887137,0.22094939445953415,running
MPC,47.009999999999216,74.76986588639528,-1.3265230447818925,4.352330608202622,-0.8158603600398,-0.6183295688982458,0.13153702532044315,4.344831705140326,0.1351691777200966,0.2119404399440814,0.7059999999974309,3,optimal,245.14253464496463,0,0,0.7746560815899118,0.3501982602220956,707,0.729610750695088,1.3718400634004604,0.22148173646210823,running
MPC,47.1099999999992,75.06019827196728,-1.6447839008148009,4.290380679501525,-0.701486727095912,-0.7049993513942152,-0.13410472009023838,4.2818306730632,0.09955819021348943,0.3723214167779858,0.6288000000012062,3,optimal,245.54242531036124,0,0,0.8562037102528974,0.28554703840470724,690,0.6555607043558851,1.1934453226446293,0.2082738731989199,running
MPC,47.20999999999918,75.35669522378201,-1.9539559692532107,4.28280804019761,-0.8774084475796333,-0.08617775531851712,-0.35436943943817467,4.281762903969674,0.14609473675255605,0.26155555343531844,0.7868000000001985,3,optimal,246.1422708847316,0,0,0.7649575074833712,0.2724732190803222,718,0.7775254865616312,1.0540490140998076,0.22094939445953415,running
MPC,47.30999999999916,75.58520521573425,-2.3167634506132164,4.318236823989591,-1.2544330041062426,0.9186973522157813,-0.3349564809558943,4.374677775419188,0.1899057223995494,0.07041298238616278,0.7495000000012908,3,optimal,246.5421601983229,0,0,0.6891433503883453,0.33403180948356054,713,0.755746061167748,1.2671322122581619,0.22600293112750477,running
MPC,47.40999999999914,75.6961407122199,-2.733597302255377,4.336860316010838,-1.5702909741697,0.48292238619844247,-0.09040168830735476,4.366529062609435,0.13811702493246128,0.33632177716391176,0.6687999999961391,3,optimal,246.9420929783786,0,0,0.7487998793167013,0.35054282264180314,379,-0.6991195551436515,1.3743219921714198,0.2157016455530536,running
MPC,47.50999999999912,75.7203310409739,-3.1668796589805215,4.346216888474782,-1.6187545469178048,0.2426235797116638,0.1667643896326195,4.361122673982004,0.041247516278321156,0.33937158026123093,0.6355000000013433,3,optimal,247.3419927094722,0,0,0.8512539378713266,0.3054804841357326,369,-0.742678405931418,1.200066028812219,0.2241197071405647,running
MPC,47.6099999999991,75.74694344152172,-3.601513376739504,4.365078281240889,-1.4198960484217396,0.48909134716745634,0.2236037289513169,4.395126023191527,0.08101959123706784,0.09608452498490472,0.682500000003472,3,optimal,247.74187119662497,0,0,0.8002585395895437,0.34947534606883585,338,-0.8777108433734939,1.1719309598080176,0.20148754432673713,running
MPC,47.70999999999908,75.83333835361512,-4.030544958217683,4.392667466415701,-1.2389466228149648,0.7154101455672589,0.05605419807096733,4.436619295797614,0.09708415807894229,0.12927849582780837,0.6868000000004315,3,optimal,248.14175790358482,0,0,0.764977848977547,0.3768924559643219,726,0.8123725671918445,1.3450303183200154,0.2135218524542555,running
MPC,47.80999999999906,75.9634734509097,-4.450637459914824,4.403301446469999,-1.2219651984535669,0.2757478037282032,-0.11650189205897882,4.420242246788521,0.07948973928439106,0.19073984582133718,0.6876999999967381,3,optimal,248.5416827813648,0,0,0.8419416629422202,0.3267272619734561,700,0.6991195551436515,1.3142199954436022,0.2157016455530536,running
MPC,47.90999999999904,76.08265477030162,-4.871938811084507,4.368107734044944,-1.3776638123461686,-0.400509652763784,-0.17701085880386414,4.36325048119362,0.10140925291944772,0.10514506950430125,0.631299999998447,3,optimal,249.14155777801057,0,0,0.873436776210758,0.34097005181634416,703,0.7121872103799816,1.3545733218439424,0.21811666573475305,running
MPC,48.00999999999902,76.1438758473701,-5.304935368946799,4.3866562901128905,-1.5806660456033357,0.48097923561536216,-0.16396729738073706,4.41620565760648,0.08450656934926587,0.05281283530197456,0.6836000000021158,3,optimal,249.54143515248143,0,0,0.8086332491249751,0.3710254400144047,715,0.7644578313253012,1.393678913936742,0.2239412608755995,running
MPC,48.109999999999,76.13093447649155,-5.744870597932843,4.421399279501001,-1.7387724706215084,0.9009141421936925,-0.0537741110244419,4.47674770433226,0.040120392120729584,0.1655329926233815,0.5114999999982217,2,optimal,249.94131661015126,0,0,0.8822312952298195,0.3649958935084384,371,-0.7339666357738648,1.4112125668126652,0.22234991952811328,running
MPC,48.20999999999898,76.07112369084044,-6.183706939354873,4.436427975447992,-1.7568136618555354,0.3897063826639806,0.06541107235315241,4.460369917767399,0.02414260791060666,0.13789883216268883,0.8155999999992503,3,optimal,250.341235798795,0,0,0.8614664008609536,0.34893286196258866,369,-0.742678405931418,1.3606176021211789,0.2241197071405647,running
MPC,48.30999999999896,76.01334153351047,-6.62158690571481,4.407575731881853,-1.6522612254812619,-0.3283427992070563,0.09960311609951922,4.403593695527286,0.07192544212214604,0.01203977734837025,0.7063000000009367,3,optimal,250.7411772973281,0,0,0.8399816227593765,0.38536525964244767,705,0.7208989805375348,1.504085098941207,0.2197779812188762,running
MPC,48.40999999999894,75.98778185766835,-7.060533045188016,4.39272927018218,-1.5608701607904982,-0.1689549300253459,-0.02038394254466198,4.390680238879319,0.09841691525388807,0.14796706817081073,0.6188999999992006,2,optimal,251.14108342715906,0,0,0.8617647781582888,0.33357396201646855,697,0.6860518999073215,1.3509880002197816,0.21337555590733343,running
MPC,48.50999999999892,75.97486506443316,-7.500182038702025,4.4035987146624676,-1.6169790901345613,0.2818535889554673,-0.16797660843680357,4.420914629077727,0.08456401821156606,0.1598368488208859,0.7064999999961685,3,optimal,251.74088169760745,0,0,0.8374166850969941,0.30516169825816847,708,0.7339666357738648,1.2176970247343126,0.22234991952811328,running
MPC,48.6099999999989,75.92111147649764,-7.938825163778621,4.440311681943767,-1.827004833538346,0.951997280836627,-0.20872495443257127,4.49879844274613,0.09835811123732159,0.008016121940316978,0.7576999999976408,3,optimal,252.14080575686813,0,0,0.7910045865324405,0.34573753810814745,711,0.7470342910101948,1.3420830506542818,0.22502164647011186,running
MPC,48.70999999999888,75.79397963275704,-8.364856876236006,4.459557739851111,-2.0137360752483615,0.49906602901990404,-0.08418926539319346,4.490218284845757,0.08429512668046929,0.15319347380774673,0.6801999999979103,3,optimal,252.54074725540124,0,0,0.7823966164238227,0.38757178846854606,371,-0.7339666357738648,1.5001876567543149,0.22234991952811328,running
MPC,48.80999999999886,75.61397972187561,-8.7744422763482,4.488059305592785,-2.0546455206810363,0.7390689201926746,0.0411860277217921,4.533464631870379,0.06537122148995744,0.15300189689684807,0.6902000000010844,3,optimal,252.94065734797218,0,0,0.8524196960266553,0.3745178721832887,368,-0.7470342910101946,1.4504477119550292,0.22502164647011183,running
MPC,48.90999999999884,75.42391587580403,-9.183548479631025,4.530818055727094,-1.980953619111928,1.1087693769871745,0.06532028262238262,4.598936243291502,0.0997412060963553,0.015938341311048987,0.7394999999981167,3,optimal,253.54047088633817,0,0,0.8749415686659411,0.38495874856458673,716,0.768813716404078,1.4647036399367785,0.22293077345441878,running
MPC,49.00999999999882,75.24746606537076,-9.605314940879053,4.607220547114659,-1.931851158972321,1.9811791156188068,-0.02699067278617927,4.728935967288975,0.04381949604877966,0.07052169978322098,0.5157999999987339,2,optimal,253.94039863625295,0,0,0.8649514956320994,0.3429527670573931,722,0.7949490268767376,1.3053378088145036,0.21713917065507293,running
MPC,49.1099999999988,75.07245111306887,-10.035007652441955,4.667515679065966,-1.9754489553026198,1.5635021060955971,-0.08251912482876005,4.763570757724219,0.04355444488973342,0.060356571070698806,0.6307999999997094,3,optimal,254.34034013478606,0,0,0.8323967066794572,0.326919635308226,717,0.7731696014828544,1.2999152529529148,0.22193355627601147,running
MPC,49.20999999999878,74.87527188244209,-10.462087341262013,4.736657116515927,-2.06815663849788,1.7928940458873686,-0.09318286492536035,4.8468050836547025,0.10877785569954496,0.003236813138125072,0.6710999999945955,3,optimal,254.74026609885482,0,0,0.8097904393975175,0.3350555132175609,713,0.755746061167748,1.3641300703164407,0.22600293112750477,running
MPC,49.30999999999876,74.64473809350983,-10.880785123924047,4.818047787019445,-2.1424765820355014,2.1105266815163803,-0.05669758410265192,4.947709784667564,0.07861035332998123,0.04094462294985313,0.47769999999758284,2,optimal,255.34014478023113,0,0,0.8232936014335532,0.35155265581556683,725,0.8080166821130677,1.3649405411235078,0.2144087504700342,running
MPC,49.40999999999874,74.38392540350323,-11.293648038062614,4.939944360041079,-2.1800303690991174,3.1608778764937955,-0.01692119019853057,5.134135574668825,0.0772958186313589,0.060883028492126456,0.5741000000014651,2,optimal,255.74008276046493,0,0,0.8256801445352941,0.3623522744856357,739,0.8689990732159409,1.3300567232146676,0.20296376061118723,running
MPC,49.50999999999872,74.10341005922423,-11.708964781609751,5.072984705594533,-2.1768607948642678,3.4498450162858245,0.007544352018958832,5.284928861669662,0.06412357553381282,0.038128558430175374,0.4594999999980587,2,optimal,256.3399933275008,0,0,0.8268506136149518,0.355148326867638,709,0.7383225208526416,1.520790608035781,0.2232291878884924,running
MPC,49.6099999999987,73.81407920129014,-12.136321282307616,5.235755723031562,-2.1557203919447425,4.220785664415543,0.005970276881035451,5.495063272036087,0.07268536306826091,0.009576935358920124,0.5664999999979159,2,optimal,256.7399332729694,0,0,0.8448644943088083,0.336860627569886,723,0.7993049119555145,1.4076633367301978,0.21621722807816315,running
MPC,49.70999999999868,73.51904068538428,-12.579423721681588,5.398081720149755,-2.154862431778217,4.2092459234242225,-0.010635395677781304,5.656680315373984,0.02535429822008627,0.00018144077120041402,0.5828999999977214,2,optimal,257.33984447726607,0,0,0.8603185633391556,0.32737495924740584,727,0.8167284522706209,1.3861048851572724,0.2126462795560751,running
MPC,49.80999999999866,73.21257486853791,-13.035531488802285,5.577681096844788,-2.174694076213878,4.6571587892520565,-0.014373650729668817,5.863797599074961,0.0565725960816015,0.01293294699817693,0.5118000000017275,2,optimal,257.93975637173907,0,0,0.8612167472269073,0.32244341757186284,723,0.7993049119555145,1.4297557511664996,0.21621722807816315,running
MPC,49.90999999999864,72.88944187058675,-13.503054047041134,5.773257111494105,-2.193759593646345,5.071446083788929,-0.0016545358962466936,6.084825705223681,0.0850658861720457,0.026921748137242574,0.5480999999996072,2,optimal,258.53966819049964,0,0,0.8676670021604993,0.31038053370698,355,-0.803660797034291,1.4168939602651949,0.21530714918272373,running
MPC,50.00999999999862,72.54915409615914,-13.983053037600413,5.978023481638423,-2.1927438547830147,5.309759521494108,0.012566849967155447,6.304233063643515,0.09527254279472963,0.023176573965173475,0.5306000000011579,2,optimal,259.13958033473716,0,0,0.883286815034555,0.29974154326419233,349,-0.8297961075069509,1.3782085315641315,0.21008581223244965,running
MPC,50.1099999999986,72.19840992367914,-14.480779567107875,6.183472617422124,-2.1711209443203807,5.327464193174841,0.01528904112988212,6.510769900955907,0.08632666010347603,0.0007781587011557178,0.5138999999978466,2,optimal,259.73949257136576,0,0,0.8754131769681887,0.2952331707240868,370,-0.7383225208526414,1.5285548055561482,0.22322918788849236,running
MPC,50.20999999999858,71.84276772155589,-14.99962344651496,6.381433376826773,-2.150982890645573,5.133284466537187,0.006470874334747834,6.696801064075843,0.05734336742707825,0.018129766680269555,0.5615999999974974,2,optimal,260.33940477774036,0,0,0.8698484760619669,0.28507289524323276,728,0.8210843373493977,1.4129625495475515,0.21178185999974475,running
MPC,50.30999999999856,71.4853284035249,-15.540134358622504,6.564258312427519,-2.132371273546496,4.740800170889497,0.001064784412723866,6.8555133939157225,0.00963180414590101,0.03372173998723049,0.5279999999991958,2,optimal,260.9393168753639,0,0,0.8552459944089142,0.26692757375851156,709,0.7383225208526416,1.4830470813069812,0.2232291878884924,running
MPC,50.40999999999854,71.12594876205463,-16.099812964326453,6.7254014864215,-2.133632462679176,4.178574352005531,-0.0009456111626181832,6.982115747628072,0.05879975853311475,0.026935581156099175,0.5105000000042992,2,optimal,261.53922894324177,0,0,0.8723580294685042,0.2589052381886795,734,0.8472196478220577,1.3320211832977085,0.20682039817249392,running
MPC,50.50999999999852,70.76040603053747,-16.67240242209701,6.85101455852065,-2.137789206098326,3.2572497384824994,0.0028978546470565824,7.05112646026975,0.07066785958747832,0.012743063753639206,0.5689000000010935,2,optimal,262.3391109871059,0,0,0.8733602628731839,0.25063151669317,713,0.755746061167748,1.4527135457749267,0.22600293112750477,running
MPC,50.6099999999985,70.39272350723925,-17.256255739061846,6.941445020698825,-2.115872982841729,2.3449358761658705,0.008055427402456784,7.085508146137237,0.04618564662789674,0.023258846909277153,0.578299999997256,2,optimal,262.93902062934666,0,0,0.8489064516307395,0.24099285331108508,709,0.7383225208526416,1.4443402007945332,0.2232291878884924,running
MPC,50.70999999999848,70.030059870668,-17.85056382192982,6.980107953357915,-2.0910772695943245,1.002561478580653,0.0001251023784600777,7.04170116855689,0.08954853593971615,0.02687601869887324,0.5716999999982875,2,optimal,263.7389025487129,0,0,0.8213174182098711,0.2402126662034778,727,0.8167284522706209,1.3541799676443353,0.2126462795560751,running
MPC,50.80999999999846,69.67577560147028,-18.452053748357386,6.981330952430162,-2.0881563918438384,0.031713366623950315,-0.006848410127895059,6.98327929002031,0.05446146457877161,0.007571262352247032,0.48139999999818883,2,optimal,264.338802579009,0,0,0.8432804694192242,0.24331517219307808,724,0.8036607970342913,1.3941022640432665,0.2153071491827237,running
MPC,50.90999999999844,69.32545590278255,-19.049565967495912,6.898343430998135,-2.1143950219942984,-0.9444102682616632,-0.008701128759100908,6.886889925603996,0.09089509263033232,0.05429865175164039,0.5502999999968949,2,optimal,265.13867961042183,0,0,0.849997816445346,0.24383685412915532,370,-0.7383225208526414,1.482252196723183,0.22322918788849236,running
MPC,51.00999999999842,68.97532396895807,-19.635470942811942,6.788394330378355,-2.1219681611125742,-1.2512370272017759,0.029897645629566268,6.773219728277957,0.007780812227778053,0.09343917199492324,0.5372999999977424,2,optimal,265.7385776893958,0,0,0.8633860943484297,0.21833844466374083,360,-0.7818813716404078,1.288742506187611,0.21997807798827249,running
MPC,51.1099999999984,68.63176680359588,-20.216517603076042,6.730945067993085,-2.0663008461344723,-0.6537811030438636,0.0823094487143075,6.723016220073969,0.09766649633402098,0.061307565760928995,0.6510999999989053,3,optimal,266.3384813527178,0,0,0.8340727966130296,0.22374942750854307,354,-0.8080166821130677,1.2638672938683395,0.2144087504700342,running
MPC,51.20999999999838,68.3179645594526,-20.811281033981867,6.723670305996315,-1.9420388318263666,-0.08278786750532434,0.07561854852280636,6.722666281242553,0.1261039863070024,0.04260082609833482,0.8388999999979774,3,optimal,267.1383610768273,0,0,0.7565418286457574,0.24287389858954514,351,-0.8210843373493977,1.3257605004430093,0.21178185999974475,running
MPC,51.30999999999836,68.0513134688148,-21.43000091382288,6.75159764753886,-1.8698724131034647,0.7241788168683874,-0.007166436707999439,6.796088187683154,0.1079886980751918,0.11170583814971202,0.7088999999993462,3,optimal,267.7382731009892,0,0,0.7562441851525853,0.2604971092666453,720,0.7862372567191844,1.4564749311698395,0.21901940157552577,running
MPC,51.40999999999834,67.8134883458065,-22.063490361005293,6.779625543593075,-1.9130532678772076,0.7267862776315818,-0.05381462825476412,6.824276275302019,0.11390451289129332,0.07394086692146296,0.6824999999999193,3,optimal,268.33818450105235,0,0,0.8099764291465059,0.25432216474502484,705,0.7208989805375348,1.5096708987908218,0.2197779812188762,running
MPC,51.50999999999832,67.57202752124661,-22.697501559820292,6.788617056898405,-1.9781092198460422,0.23315729703059904,-0.027557213951283892,6.802941273296135,0.044654100322155846,0.022902941148350564,0.7364000000009696,3,optimal,269.1380672503678,0,0,0.8485944883371517,0.2581925048011345,355,-0.803660797034291,1.4302513582754985,0.21530714918272373,running
MPC,51.6099999999983,67.31426468719951,-23.32073486859939,6.722203924704965,-2.0118601062142525,-0.7557912672723396,-0.01842214214437648,6.713037930171171,0.041305881876077886,0.0021460186875472687,0.8286999999995714,3,optimal,269.7379776591169,0,0,0.8771961194245379,0.26179536928546,364,-0.7644578313253012,1.5066696634971162,0.2239412608755995,running
MPC,51.70999999999828,67.04218263816219,-23.923128106054666,6.553043313733094,-2.0436561322029188,-1.9250727727553807,-0.013238315392612724,6.529696647429427,0.0983103726726437,0.02772465930016743,0.7095000000028051,3,optimal,270.5378604256378,0,0,0.8725134953146051,0.2620752965063709,361,-0.7775254865616312,1.4764445873358405,0.22094939445953415,running
MPC,51.80999999999826,66.76268800103684,-24.498213712394023,6.313155966017821,-2.055679101944403,-2.7299534978149533,0.009810706869065954,6.280047963951599,0.05863266122098377,0.03848880261096532,0.7111000000037393,3,optimal,271.137772655694,0,0,0.8771919191688385,0.25924509455714856,363,-0.7688137164040778,1.4439513171105607,0.22293077345441883,running
MPC,51.90999999999824,66.48903258772006,-25.044734142420968,6.009494864350728,-2.0352830116835405,-3.4557082503173753,0.014739275933205695,5.967585140986084,0.047330842749267014,0.020152810199389748,0.8074999999969634,3,optimal,271.7376848415877,0,0,0.8724750242963691,0.2733482659928327,373,-0.7252548656163114,1.5120109193325755,0.22062447658991918,running
MPC,52.00999999999822,66.23357550823329,-25.56308325542573,5.661213424395009,-2.0054040292418978,-3.9634942996646,0.0001816315611575848,5.613145434384268,0.07060734599650446,0.0027232204647766878,0.6937000000029059,3,optimal,272.3375966100932,0,0,0.8681046173098639,0.2913557078797094,349,-0.8297961075069509,1.3919896194608448,0.21008581223244965,running
MPC,52.1099999999982,66.001785172228,-26.052267974708748,5.286770628317904,-1.9942890067671564,-4.261214401751548,-0.020676785093437962,5.235091984219854,0.07426439949046301,0.006820176382715815,0.4542000000000712,2,optimal,272.7375381086263,0,0,0.8520804750018804,0.3116712390582099,343,-0.8559314179796107,1.361864487057101,0.20524858980469116,running
MPC,52.20999999999818,65.78878606331271,-26.507213473523915,4.889064561214802,-2.0135462972796314,-4.525953866808359,-0.030546308405726443,4.834175241637068,0.03601768762598935,0.019904805602616094,0.623499999999666,2,optimal,273.3374488116968,0,0,0.8724935593940895,0.3291245864272658,711,0.7470342910101948,1.5016767041588444,0.22502164647011186,running
MPC,52.30999999999816,65.58816931248185,-26.92427513492547,4.495009445067483,-2.0395241712535115,-4.484405504933428,-0.025658367490536925,4.440624010721459,0.05113683944102696,0.021240574640838616,0.5551000000032502,2,optimal,273.737360878245,0,0,0.8502188053007876,0.3484393517713844,690,0.6555607043558851,1.5586826412200374,0.2082738731989199,running
MPC,52.40999999999814,65.39613853555093,-27.302462506005213,4.1123506485139245,-2.0660332563093475,-4.354713702370642,-0.023270432328137313,4.059538074830419,0.07243075369852689,0.013298993707802964,0.5044000000005155,2,optimal,274.13730237677805,0,0,0.8588373857733733,0.34855396302943226,703,0.7121872103799816,1.4040461232256471,0.21811666573475305,running
MPC,52.50999999999812,65.21018267923938,-27.642178959300338,3.7511094208522864,-2.105763883191073,-4.110978600590325,-0.04874000843784397,3.701252788454892,0.05320333335340443,0.078238905680724,0.5459999999999354,2,optimal,274.5371769231932,0,0,0.877605343214124,0.33954346154293213,708,0.7339666357738648,1.2591513963265417,0.22234991952811328,running
MPC,52.6099999999981,65.01935052140195,-27.94204736457996,3.456665168647266,-2.20710373177092,-3.3508191402102345,-0.15195552240704935,3.416027506831263,0.04283681827456,0.11842614624245584,0.5164000000021929,2,optimal,274.9365964751595,0,0,0.8269942743511192,0.35058067528504633,692,0.6642724745134383,1.2451245817225232,0.20968660597172056,running
MPC,52.70999999999808,64.8013681410327,-28.19690118540195,3.3088689847813093,-2.391421121909021,-1.6819424323598167,-0.2808657266467595,3.2884709254112843,0.10822600816294317,0.07928437260629906,0.7091000000016834,3,optimal,275.3358792532652,0,0,0.7948363492370185,0.3810720213657595,713,0.755746061167748,1.1846364332743144,0.22600293112750477,running
MPC,52.80999999999806,64.54082676402855,-28.39233062673937,3.2409311958299956,-2.6291394531302545,-0.7731420866830699,-0.25441589332658493,3.2315547761130023,0.09445524325458729,0.08659072403412083,0.6501000000014301,3,optimal,275.5354124014125,0,0,0.7945463853036926,0.4560367896863727,716,0.768813716404078,1.3074789196796288,0.22293077345441878,running
MPC,52.90999999999804,64.25221693231786,-28.524873187264618,3.148880222583331,-2.8136917953368483,-1.0475536904525309,-0.08210057159383363,3.1361758267847426,0.062163237395331174,0.1528564731146922,0.5080000000035056,2,optimal,275.9352027602317,0,0,0.8410579697070282,0.5458571185939741,705,0.7208989805375348,1.5487372882244905,0.2197779812188762,running
MPC,53.00999999999802,63.9574693286765,-28.623808440880154,3.0891184352198215,-2.845756363924967,-0.6800979793329016,0.04519660738967667,3.080870424650041,0.06531648776487169,0.130204484784203,0.5930000000020641,3,optimal,276.1351735094982,0,0,0.8688081129776509,0.5477503852445754,719,0.781881371640408,1.4438776969888343,0.21997807798827246,running
MPC,53.109999999998,63.66597417820424,-28.72229624563813,3.0706961667174855,-2.8054208167460484,-0.2096481403234812,0.05944708051941981,3.0681536211874736,0.028506000405105092,0.008729357236186175,0.770400000000393,3,optimal,276.53500508693804,0,0,0.8602283768590437,0.5298227146076105,714,0.7601019462465248,1.4111785926885838,0.22496523842325897,running
MPC,53.20999999999798,63.375578464869356,-28.827248258677535,3.1024026397242523,-2.7937873087210296,0.8221747878913042,-0.05281396056060642,3.152913645506616,0.08058071103526082,0.05415257806363449,0.46800000000146724,2,optimal,276.73497583620457,0,0,0.8743593477710849,0.47134195093743453,704,0.7165430954587584,1.3103591746356125,0.21894209497805303,running
MPC,53.30999999999796,63.07799833163003,-28.922900653358333,3.1468254088149203,-2.8608891987404106,1.1519187500567807,-0.1200625839797883,3.2175945147299303,0.029809132093914767,0.06104111066725082,0.678199999999407,3,optimal,277.1347348483693,0,0,0.8590162474168778,0.4811494466222012,707,0.729610750695088,1.3342053522461983,0.22148173646210823,running
MPC,53.40999999999794,62.766932854418386,-28.99328770823367,3.2283505247075293,-2.9718274901402513,2.114012960461225,-0.14885858424728354,3.358226704861043,0.09956085661838585,0.014766577712391538,0.6698000000007198,3,optimal,277.5345462558215,0,0,0.8315382666066937,0.5115380983390574,722,0.7949490268767376,1.3444608971939254,0.21713917065507293,running
MPC,53.50999999999792,62.440352075897835,-29.031017394900434,3.340446074872838,-3.0809506496685057,2.906729334450156,-0.10678259829842011,3.519023458152545,0.045115265457052786,0.0618432552605821,0.486699999999729,2,optimal,277.7344857040922,0,0,0.8680850731891872,0.5280094182361617,716,0.768813716404078,1.4480877496895468,0.22293077345441878,running
MPC,53.6099999999979,62.101746805469936,-29.0405638184186,3.4283107447871033,-3.1501093537452367,2.2784027833837586,-0.011628098024407552,3.568286353211214,0.02756700325509016,0.07814873215300011,0.520800000000321,2,optimal,278.1344272026254,0,0,0.8548654186468633,0.5100149222117915,365,-0.7601019462465246,1.4597322680716742,0.22496523842325905,running
MPC,53.70999999999788,61.75298039450553,-29.039813925440065,3.538249864455563,-3.1500313857956885,2.850811327235321,0.02436597894069506,3.7133918775106354,0.07920293604701269,0.032145924285327254,0.498199999999116,2,optimal,278.534324521308,0,0,0.8917416951722551,0.510904683820326,337,-0.8820667284522707,1.3139664484992684,0.2007631459721537,running
MPC,53.80999999999786,61.39168584608954,-29.037818124859683,3.6766886038948683,-3.1505156014821267,3.589829786812229,-0.002086544429302813,3.897232843136786,0.08516036686366964,0.009925072258015533,0.7182000000014455,2,optimal,278.73424532186453,0,0,0.8850374206204306,0.49401862969787264,717,0.7731696014828544,1.4729505356392574,0.22193355627601147,running
MPC,53.909999999997844,61.01705578108512,-29.03195030494548,3.8064862748785675,-3.1653334096796417,3.365759811475473,-0.01430117993554327,4.013264585042416,0.06070750583694106,0.008196121692776615,0.49329999999869756,2,optimal,279.13415909055504,0,0,0.8474996843384666,0.4660282209494162,705,0.7208989805375348,1.5069362742863106,0.2197779812188762,running
MPC,54.009999999997824,60.62891719747864,-29.02068882303326,3.9482669346937826,-3.1806989600072852,3.676488516580982,-0.027360110466926008,4.174135126536665,0.047984201383302935,0.017564347838796124,0.48769999999720426,2,optimal,279.53409444903673,0,0,0.8808940502385764,0.4562424674353154,742,0.8820667284522705,1.3045225011735369,0.20076314597215372,running
MPC,54.109999999997804,60.22618031855877,-29.003140764046908,4.101887781853425,-3.196172773410417,3.983514262283442,-0.031244106157250512,4.346618360922127,0.05043086619825043,0.018554166914881876,0.47249999999721126,2,optimal,279.9340359475699,0,0,0.8847657567580866,0.43002799977896017,718,0.7775254865616312,1.4309358981144105,0.22094939445953415,running
MPC,54.209999999997784,59.80805828012205,-28.978673028361467,4.2621105559822325,-3.2118843168186975,4.154707630413319,-0.027688444054821595,4.517358544894757,0.07009167808154264,0.011104332144560303,0.5082000000022902,2,optimal,280.3339756285609,0,0,0.8893598003917061,0.419798933163845,714,0.7601019462465248,1.4729887919676041,0.22496523842325897,running
MPC,54.309999999997764,59.37438510572992,-28.946689498085803,4.422178997242112,-3.2279133009260734,4.15070565284397,-0.02072515764389553,4.67718112126663,0.0971425947333802,0.005231713067399113,0.5075000000012153,2,optimal,280.9338875082725,0,0,0.8509905133804819,0.415536406736577,700,0.6991195551436515,1.5712886781697009,0.2157016455530536,running
MPC,54.409999999997744,58.924442883402754,-28.906520137078616,4.598435754951117,-3.2440981471358104,4.570481943951346,-0.019554445091582613,4.879227191637247,0.045619348252753614,0.02096571959109461,0.5366000000002202,2,optimal,281.3338289379851,0,0,0.8847471511890659,0.40173636550344716,361,-0.7775254865616312,1.4870107390333922,0.22094939445953415,running
MPC,54.509999999997724,58.4582252444648,-28.85755007131183,4.764050660714766,-3.26065208565368,4.294530015647073,-0.016833786115260454,5.027888756515824,0.0246035033640156,0.032451044148816166,0.5084000000010747,2,optimal,281.73377043651817,0,0,0.893084819026482,0.3798688287612648,364,-0.7644578313253012,1.4847093872382706,0.2239412608755995,running
MPC,54.609999999997704,57.97752138368799,-28.79929017691487,4.90888893588771,-3.2777519109238624,3.7557749846046327,-0.017988661354923535,5.139628159175229,0.0919509695939537,0.031485610998936764,0.5284000000003175,2,optimal,282.333676044861,0,0,0.8949754968231153,0.36128509830887695,363,-0.7688137164040778,1.4600051317075853,0.22293077345441883,running
MPC,54.709999999997684,57.48507008148675,-28.731357223074117,5.024286746101192,-3.2955125381218235,2.992359639469875,-0.019375904028866336,5.208124899834697,0.025875956288407113,0.030608369734849816,0.5675999999965597,2,optimal,282.7336052925723,0,0,0.8888739868354056,0.3475708366729811,341,-0.8646431881371641,1.3108802075688935,0.2037158366078793,running
MPC,54.809999999997665,56.98484771895462,-28.65358467906034,5.0948391584401715,-3.3141631540820033,1.829481779245505,-0.011721568800743576,5.207234924025743,0.09246025998900277,0.012652376437779722,0.4744000000016513,2,optimal,283.3335070343486,0,0,0.8534591576691427,0.33838527287304626,345,-0.8472196478220575,1.3324341687336778,0.20682039817249398,running
MPC,54.909999999997645,56.48089864680376,-28.5659007415366,5.13268617968013,-3.3336022294613197,0.981404227888687,-0.011112865443428809,5.19297958122904,0.04142840823548322,0.0024682705709917485,0.4598999999956277,2,optimal,283.7334360416721,0,0,0.8468580471650535,0.3453874234006056,728,0.8210843373493977,1.4108861892862454,0.21178185999974475,running
MPC,55.009999999997625,55.97610741082629,-28.468217889774238,5.149262141605039,-3.353579745179449,0.4298282554731933,-0.012743016894803116,5.17566900522745,0.0612070596482103,0.03139580350543092,0.49690000000524037,2,optimal,284.33331329528284,0,0,0.8454664174800612,0.32830753761047105,721,0.7905931417979613,1.4034123881273326,0.21807316453493353,running
MPC,55.109999999997605,55.470812438659195,-28.358202422770447,5.1905338900876306,-3.3887928495778614,1.0702102074656898,-0.05553617531890468,5.256283162351608,0.05899518683840471,0.028605804920083244,0.5144999999977529,2,optimal,284.7332213916803,0,0,0.8732273463967491,0.3187306816876808,697,0.6860518999073215,1.4832806957304832,0.21337555590733343,running
MPC,55.209999999997585,54.96649159739486,-28.227121494458363,5.2289036948518195,-3.448421763609119,0.9949604324232098,-0.05894901201363133,5.290029933329952,0.03592787485090892,0.015508562410047944,0.6541999999996051,3,optimal,285.33311661352565,0,0,0.8438748855603915,0.3110034247249054,713,0.755746061167748,1.4008069617385928,0.22600293112750477,running
MPC,55.309999999997565,54.46615239780477,-28.068970956978127,5.264380267892033,-3.5092492688287438,0.9199365665244928,-0.04697365096435008,5.320897351504269,0.1091815817606951,0.003163774333820868,0.5023000000008437,2,optimal,285.93300309487313,0,0,0.8243973795296254,0.30783109071839904,722,0.7949490268767376,1.3443894940021224,0.21713917065507293,running
MPC,55.409999999997545,53.970749692676854,-27.88071679230135,5.331057768857948,-3.56792362018093,1.7290021568174063,-0.04254129701198387,5.437280483573773,0.06099363587912935,0.03756293523967358,0.6618000000031543,2,optimal,286.3329263194828,0,0,0.8192428219985732,0.319723484704164,720,0.7862372567191844,1.4081842772806004,0.21901940157552577,running
MPC,55.509999999997525,53.47980356705184,-27.663178393625227,5.403720118007447,-3.6101984290507017,1.884194167131823,-0.02170544793202683,5.51947718557113,0.0583024126957394,0.047012690936869106,0.47410000000169816,2,optimal,286.9328286912422,0,0,0.8245022166121772,0.31845259323823605,722,0.7949490268767376,1.4060668084434,0.21713917065507293,running
MPC,55.609999999997505,52.98974567835648,-27.42379218829931,5.49722676908741,-3.627514673877501,2.4247039713842145,-0.01610145782603984,5.646190515145869,0.09699926121156802,0.0318058183405423,0.5011000000010313,2,optimal,287.5327380283769,0,0,0.832656055785438,0.3226383963775657,723,0.7993049119555145,1.4317578979318235,0.21621722807816315,running
MPC,55.709999999997486,52.49725213473521,-27.167751955998156,5.596505619249798,-3.6444761009052815,2.5743818165121146,-0.022756303125216468,5.754664950738622,0.0700635078845852,0.028241789833236552,0.5051999999956536,2,optimal,287.93266793225655,0,0,0.846852135509204,0.31112266751518675,710,0.742678405931418,1.4840378601823403,0.2241197071405647,running
MPC,55.809999999997466,52.001947178076065,-26.89752433859564,5.6813755475568914,-3.6632147193270517,2.200746683156562,-0.027475508765295874,5.816580287565454,0.036586634808170294,0.01585832049235414,0.526699999994662,2,optimal,288.532558903537,0,0,0.8574023793882581,0.30423558984709315,707,0.729610750695088,1.490699420749539,0.22148173646210823,running
MPC,55.909999999997446,51.50583076412553,-26.61218624893209,5.759221572180585,-3.6986398717484295,2.018611113557374,-0.035125938805729236,5.883236658912629,0.02391792811235136,0.021338241836515337,0.5547000000021285,2,optimal,289.1324696841765,0,0,0.8542355589837827,0.302883093032425,732,0.8385078776645041,1.3589081887962908,0.20843240730709414,running
MPC,56.009999999997426,51.01461577373278,-26.30608390789761,5.812770930391812,-3.7451233828271677,1.3885786734978074,-0.028993099667448542,5.898079439530366,0.028694454401895594,0.04176935429481787,0.5816999999979089,2,optimal,289.7323731505079,0,0,0.87464929113956,0.3070599681050536,362,-0.7731696014828544,1.4875973788908488,0.22193355627601147,running
MPC,56.109999999997406,50.52976337350487,-25.981453422539683,5.854243462269569,-3.7667359536014544,1.0754166851870295,-0.021750020386919453,5.920312598910515,0.03992297715608141,0.03589650756418017,0.4901999999979978,2,optimal,290.33226842259154,0,0,0.8555083119687905,0.30540355664952773,364,-0.7644578313253012,1.5052351027415785,0.2239412608755995,running
MPC,56.209999999997386,50.051836852644335,-25.64286117164265,5.85982894763669,-3.787090075846451,0.14483620571744268,-0.021190463481014096,5.868727082841313,0.05329748065798841,0.029865765474724526,0.7935000000038883,3,optimal,290.9321799304228,0,0,0.8684371075741574,0.2975244118842147,354,-0.8080166821130677,1.4178632569834333,0.2144087504700342,running
MPC,56.309999999997366,49.58667237592899,-25.296804409134104,5.7662142948355495,-3.811067038322294,-1.0653485950602872,-0.028556403304649727,5.753294088130661,0.07394648324200923,0.030948140845652006,0.7324000000004105,3,optimal,291.5320855284271,0,0,0.8615520482526678,0.2864928325210083,352,-0.8167284522706209,1.3619680703085904,0.2126462795560751,running
MPC,56.409999999997346,49.1423841638454,-24.949294133798993,5.576659931379799,-3.8386073440323774,-2.157156692383433,-0.029079821804719595,5.550498625597206,0.09280021014918127,0.042954088857117156,0.6697000000031039,3,optimal,291.9320191135418,0,0,0.85162432362073,0.28818757860751604,366,-0.755746061167748,1.4353592047312667,0.22600293112750477,running
MPC,56.509999999997326,48.726325583977356,-24.605439098718442,5.306565264824624,-3.869022057216548,-3.07371725406141,-0.022310502556593614,5.269288205973658,0.04410565109068061,0.049778255028897433,0.7561000000002593,3,optimal,292.5319260091134,0,0,0.855730507672354,0.29672326619202394,358,-0.790593141797961,1.3820460210904542,0.21807316453493358,running
MPC,56.60999999999731,48.34337152404168,-24.26913800068571,4.989825526484879,-3.9007504191502056,-3.6045450700630193,-0.020019219588934753,4.946110757818323,0.07383512787912679,0.0486861180672733,0.6644999999991796,3,optimal,293.13182332211335,0,0,0.8351145964401498,0.3178206261795686,358,-0.790593141797961,1.4044227399689295,0.21807316453493358,running
MPC,56.70999999999729,47.9957652709819,-23.94349240738337,4.647864502082383,-3.9320001963354345,-3.8915670358405543,-0.02707886857477666,4.600668822900824,0.06186915213903394,0.03653701375104035,0.5257000000007395,2,optimal,293.53169477047186,0,0,0.8318786244563539,0.3541907208132606,709,0.7383225208526416,1.5303587404487744,0.2232291878884924,running
MPC,56.80999999999727,47.684615193536494,-23.630805874759222,4.2909645728893375,-3.969609487590885,-4.061573981912971,-0.03206999459805247,4.241707103891086,0.08884317292227355,0.010604364156654,0.5129000000003714,2,optimal,293.9315115434596,0,0,0.8284669896191316,0.36435010267138507,715,0.7644578313253012,1.446201811317147,0.2239412608755995,running
MPC,56.90999999999725,47.412276401966274,-23.330144821265048,3.9380012273917537,-4.027178537343964,-4.0167750772136674,-0.04074250850224745,3.889287065167971,0.08997993874662359,0.014563627709701876,0.5239999999986367,2,optimal,294.33140950786196,0,0,0.8593400227531054,0.37957314976180495,681,0.6163577386468955,1.5313614156997775,0.2023310757067991,running
MPC,57.00999999999723,47.18023913907708,-23.040236117566447,3.599766691637273,-4.091234304567168,-3.849159043855542,-0.047414888510508645,3.5530853230061994,0.05484164091293736,0.04772117528035302,0.5932000000008486,2,optimal,294.731351006395,0,0,0.8440269335790423,0.3912731196530402,710,0.742678405931418,1.3591903390169486,0.2241197071405647,running
MPC,57.10999999999721,46.98704031125749,-22.756530604447903,3.3495399162544692,-4.1808161665271735,-2.8476177139364456,-0.13705113678106975,3.3150049202436285,0.011675262461972579,0.06676832006806777,0.5486999999959608,2,optimal,295.13106155227905,0,0,0.8702657610492557,0.4021741054791324,702,0.7078313253012047,1.317250973950693,0.21730154451353453,running
MPC,57.20999999999719,46.843781518170694,-22.464202580820846,3.21476442306912,-4.3608392477076965,-1.533765046574214,-0.2505142651506521,3.196163411597048,0.08635015108221836,0.007303380140140092,0.6502000000025987,3,optimal,295.5305488763164,0,0,0.8581772805866579,0.457855116589515,695,0.6773401297497683,1.4069218009010034,0.21187243445594103,running
MPC,57.30999999999717,46.764629793239905,-22.16083510144274,3.102627261335918,-4.568047718184929,-1.2761374863002246,-0.19693979097790779,3.0871506744390973,0.029838312733924108,0.12338235231795736,0.6377000000021837,3,optimal,295.7300411600286,0,0,0.8658367032226695,0.5146016694731524,711,0.7470342910101948,1.4388104287748358,0.22502164647011186,running
MPC,57.40999999999715,46.743166365812996,-21.861091476937272,2.959234339475747,-4.718956890851379,-1.6318326594644186,-0.03323740697560567,2.939443995389476,0.08189170205235613,0.13575415557002835,0.6301000000021872,3,optimal,296.12991542658636,0,0,0.8463527619957166,0.5646255021878541,326,-0.9299814643188138,1.2406861725853688,0.1933611363769019,running
MPC,57.50999999999713,46.74310985091563,-21.5753622588405,2.8053812697924676,-4.7221264605257005,-1.7508706888116328,0.06825057766739884,2.7841472705945836,0.06583794988748118,0.05901091221677213,0.6695999999983826,3,optimal,296.3298861758529,0,0,0.8335356911572552,0.5618322397741099,699,0.6947636700648747,1.492129075480666,0.21491658495418042,running
MPC,57.60999999999711,46.737251381394955,-21.301759025967627,2.7016468429692146,-4.687496051688588,-1.1805131202087933,-0.01346001372659967,2.6873299577715883,0.11293635855259386,0.1327690757139557,0.4518000000004463,2,optimal,296.729265763766,0,0,0.8402948372896648,0.5229946727710347,701,0.7034754402224284,1.3353808867356054,0.21649658541768402,running
MPC,57.70999999999709,46.73968989810501,-21.03272563999955,2.686416225764306,-4.750676102540309,-0.1733266764938826,-0.24774797116494943,2.6843141753198263,0.040224766496462686,0.14420509774338086,0.65680000000512,3,optimal,296.9292365130326,0,0,0.845020336910083,0.516073063393056,686,0.6381371640407787,1.3254198989774704,0.2055510376980303,running
MPC,57.80999999999707,46.78592263621591,-20.768445577887903,2.690162731298833,-4.956556352435595,0.09714995397077353,-0.32437553669791963,2.6961312211613833,0.046659239255301424,0.03920013722919791,0.8267999999986841,3,optimal,297.1282018436344,0,0,0.8577016786693503,0.5300678127947479,702,0.7078313253012047,1.2992062146179424,0.21730154451353453,running
MPC,57.90999999999705,46.89128602675789,-20.52070780053475,2.7025484299736178,-5.184847505880161,0.3211713008461733,-0.2540582443653937,2.7222798613834502,0.08584418436403755,0.0016738617423115443,0.6346999999990999,3,optimal,297.52710346408355,0,0,0.8566735379837797,0.5835068890973181,698,0.6904077849860983,1.4243805508069172,0.21414126651260781,running
MPC,58.00999999999703,47.03705918931706,-20.294202257737265,2.691500883419852,-5.32903418075979,-0.12572271378198796,-0.1121450569187051,2.689976158595419,0.04167673003351871,0.05988530678293458,0.6554999999970335,2,optimal,297.7270742133501,0,0,0.8484013761992729,0.6098679358927577,712,0.7513901760889712,1.4303400468098468,0.22593517874601313,running
MPC,58.10999999999701,47.20176974555717,-20.080985732238922,2.697186805549425,-5.390652344899378,0.1474406131470404,-0.03536921837548109,2.706244944734556,0.08808139452214678,0.038607998717081315,0.4868999999985135,2,optimal,297.92670361317636,0,0,0.8320455844685316,0.6351028304094426,736,0.8559314179796109,1.3257733995421224,0.20524858980469113,running
MPC,58.20999999999699,47.37223308684672,-19.873399361739224,2.6804137902932954,-5.402212634222588,-0.19087939444694,0.007564327415461488,2.678098866104731,0.08011113744705163,0.06768686374593003,0.6218000000011159,3,optimal,298.32664511170947,0,0,0.8594248374472201,0.5924371258018456,715,0.7644578313253012,1.3772477419349713,0.2239412608755995,running
MPC,58.30999999999697,47.54541709361551,-19.665367053859104,2.729683329631728,-5.418050823679096,1.2775994682988747,-0.08843049551224534,2.808173737123183,0.02760649246176225,0.10405300539566475,0.7565999999954443,2,optimal,298.5265207533675,0,0,0.8699941461483218,0.5810879831206133,696,0.6816960148285451,1.422069779353257,0.21261932153731197,running
MPC,58.40999999999695,47.734882277494734,-19.463528712390776,2.8025161298215275,-5.492055869424917,1.888614102073029,-0.12507832542803046,2.918544739839031,0.08803563644753308,0.05234914735151186,0.7327000000003636,3,optimal,298.726491502634,0,0,0.8708088013298734,0.5768491478317188,713,0.755746061167748,1.3719452246581056,0.22600293112750477,running
MPC,58.50999999999693,47.94451496252614,-19.270920053366247,2.8854462777817655,-5.565078479850971,2.150446591598206,-0.09496264773681652,3.0175607889813483,0.02779017331894273,0.02481151844405005,0.4940000000033251,2,optimal,299.12636114794054,0,0,0.8594464602800975,0.5837734759090505,720,0.7862372567191844,1.3748994358295694,0.21901940157552577,running
MPC,58.60999999999691,48.173868224669725,-19.08532532558751,3.0065888562796177,-5.628436422846942,3.1413261815598235,-0.0775571572738374,3.199578895937748,0.06765201722305188,0.017423299481084342,0.4939999999962197,2,optimal,299.3262912781054,0,0,0.8700579215020185,0.5821334008341583,722,0.7949490268767376,1.393478874263269,0.21713917065507293,running
MPC,58.70999999999689,48.423399230489196,-18.905877930490497,3.1310796135356664,-5.681507325151163,3.2281471963019714,-0.03591717861052603,3.329403575909815,0.025866970720601276,0.03303995185869546,0.5355000000015764,2,optimal,299.72621641366237,0,0,0.8767816691284411,0.5879516762894194,699,0.6947636700648747,1.5728948490414403,0.21491658495418042,running
MPC,58.80999999999687,48.69041507549361,-18.727705596095664,3.277385822496421,-5.706840836130313,3.79383970881326,-0.026327758313000788,3.5104635844169927,0.09716626881662493,0.03881996571500501,0.4764000000001545,2,optimal,299.9261871629289,0,0,0.8590942118077359,0.5627757132801522,725,0.8080166821130677,1.4318997242118994,0.2144087504700342,running
MPC,58.90999999999685,48.97233156325657,-18.546639159392832,3.412927961237236,-5.720557894638852,3.514718560647806,-0.02059673503562263,3.6288576785612014,0.03827698983290872,0.011512768694132092,0.5935999999984176,2,optimal,300.3261047182303,0,0,0.8613085527715868,0.5218570048056668,718,0.7775254865616312,1.439816546875271,0.22094939445953415,running
MPC,59.00999999999683,49.26975511200363,-18.364215366792862,3.5542815188523673,-5.750084558139267,3.665413407069813,-0.05324790558176472,3.779469301944217,0.029790146671084657,0.0014301474847080442,0.5623999999997409,2,optimal,300.72599912912864,0,0,0.8446125743440881,0.5035722935147383,722,0.7949490268767376,1.4207502948822335,0.21713917065507293,running
MPC,59.10999999999681,49.58685231811306,-18.1870877958801,3.6993028283023017,-5.8065888771543435,3.7605212131690173,-0.07277595070132847,3.9303336401692692,0.06069485586839121,0.01793771204343031,0.5206999999991524,2,optimal,301.125891639869,0,0,0.8478410941123775,0.4906643249360072,729,0.8254402224281745,1.3937400003708131,0.21092842571338707,running
MPC,59.20999999999679,49.92646002429465,-18.022234686947353,3.8403721506048387,-5.868314981914493,3.6580429528476133,-0.062357547267800045,4.0651071235870635,0.08507161295052316,0.03958630626582149,0.6388999999984435,2,optimal,301.52580469681567,0,0,0.8449856963047448,0.4640297425576547,331,-0.9082020389249306,1.2525836435573507,0.19660096634514493,running
MPC,59.30999999999677,50.284117885036906,-17.86742384499887,3.9459772423149992,-5.898554239276811,2.738426436094352,-0.024088279611138186,4.1142147942142735,0.09933808679080797,0.02947777868638113,0.4787999999997794,2,optimal,301.9257461953488,0,0,0.8237266550963276,0.4425553219069013,345,-0.8472196478220575,1.3320584388985752,0.20682039817249398,running
MPC,59.40999999999675,50.653491795878544,-17.718227413659687,4.015906532171374,-5.914277629674958,1.8133237034211818,-0.012169527226918577,4.127309612657117,0.1022278066737208,0.002988544959020345,0.49450000000206273,2,optimal,302.3256728566371,0,0,0.8206545212037147,0.4427935680550508,359,-0.7862372567191844,1.4534769584095604,0.21901940157552577,running
MPC,59.50999999999673,51.032708813330245,-17.575570866474802,4.08240134968191,-5.947529823591524,1.7242650253444585,-0.04366178740934331,4.18833303470582,0.09469149777548752,0.010062540106954287,0.5363000000002671,2,optimal,302.7255559019366,0,0,0.836950189907006,0.4292995148689748,714,0.7601019462465248,1.4744808029366854,0.22496523842325897,running
MPC,59.60999999999671,51.42258247215738,-17.446098961271602,4.130597242605061,-5.997950303983627,1.24975893827315,-0.04681154494376362,4.207377243509225,0.07995998661196446,0.011127907741034448,0.5865000000007115,2,optimal,303.12541468833734,0,0,0.824816972316615,0.4234091208447156,711,0.7470342910101948,1.493253576731193,0.22502164647011186,running
MPC,59.70999999999669,51.82092598948842,-17.33298725144632,4.150237180899169,-6.041016722175971,0.5092796697289491,-0.03200855827008734,4.1815252095779565,0.0597042139542369,0.02836023635600604,0.5094999999997185,2,optimal,303.5252987982461,0,0,0.8620258274812108,0.4052752018309585,708,0.7339666357738648,1.4653552131402636,0.22234991952811328,running
MPC,59.80999999999667,52.22527573181489,-17.236249164812442,4.164551197657471,-6.084710857523426,0.37117416653746066,-0.042969417451871744,4.187354597552916,0.03500507777404389,0.040106890927637195,0.45880000000408927,2,optimal,303.9252127148527,0,0,0.8425882739928984,0.40612342838631205,719,0.781881371640408,1.4159966602342218,0.21997807798827246,running
MPC,59.90999999999665,52.63575032286305,-17.15842432489269,4.190001928901581,-6.136588768217561,0.65995828542134,-0.049441086408795284,4.230547026199605,0.010412492822773529,0.0170101331546455,0.4446000000015715,2,optimal,304.32513216382483,0,0,0.8816299736071208,0.41091314756904757,723,0.7993049119555145,1.4093227054290338,0.21621722807816315,running
MPC,60.00999999999663,53.05326199868323,-17.098324762549893,4.242507865969804,-6.170467421026039,1.3615219095131155,-0.026456955011712323,4.326154119852893,0.013258166978731755,0.009013290710292665,0.4983000000002846,2,optimal,304.7250733407348,0,0,0.8817438306926206,0.4148044756446427,352,-0.8167284522706209,1.4025192452489523,0.2126462795560751,running
MPC,60.10999999999661,53.478731535040076,-17.04738655966597,4.32137148919262,-6.172730974183841,2.044998277850691,0.0076124463049945905,4.447007693754873,0.04158506757110702,0.01958260104809284,0.563700000000722,2,optimal,305.1250112081366,0,0,0.881478900445773,0.3970017725374521,347,-0.8385078776645043,1.3344989458420233,0.2084324073070941,running
MPC,60.20999999999659,53.91312512075918,-16.994892066356808,4.421702600956805,-6.154905465781208,2.6016678208267385,0.02747801091283538,4.581538271275294,0.07938791347584782,0.016703077309003334,0.5316999999998018,2,optimal,305.5249527066697,0,0,0.8565078657595868,0.38837160454525244,361,-0.7775254865616312,1.4169911917209528,0.22094939445953415,running
MPC,60.30999999999657,54.35728565004778,-16.933149679675694,4.537969316553999,-6.119629458500914,3.0148910670240348,0.03227540057179887,4.7231917076592085,0.0745597797828886,0.005899134283321672,0.5048000000016373,2,optimal,306.12485605889907,0,0,0.8484162044046408,0.3782258872666888,360,-0.7818813716404078,1.4066966691291913,0.21997807798827249,running
MPC,60.40999999999655,54.81282104099259,-16.85483114015355,4.6941979995238325,-6.085801642549855,4.0511375786214385,0.03126844827303862,4.943083074416143,0.021284964379800098,0.012687279484582703,0.5678000000060024,2,optimal,306.5247901953149,0,0,0.8639450039670397,0.37906407601991976,362,-0.7731696014828544,1.4530682273844024,0.22193355627601147,running
MPC,60.50999999999653,55.28210712948178,-16.762342888698452,4.859039947785804,-6.069685240766431,4.274486595180416,0.018866781698735353,5.121646659041874,0.06953744847331313,0.013820830054644517,0.5226999999941029,2,optimal,306.9247271088276,0,0,0.8775234692815932,0.3651945056699083,352,-0.8167284522706209,1.3862691924687545,0.2126462795560751,running
MPC,60.60999999999651,55.76549759868744,-16.65764977196846,5.02013902973499,-6.053395424068443,4.177431009207061,0.019263756465181827,5.27678304870651,0.041891118354867904,0.007102110157594765,0.5123000000004652,2,optimal,307.52463825602837,0,0,0.8741651634141069,0.3530095725547848,366,-0.755746061167748,1.4743207715209652,0.22600293112750477,running
MPC,60.70999999999649,56.26356946662097,-16.54098437226438,5.196884056049969,-6.036487669894131,4.583143148414703,0.02523968260599802,5.47845334457646,0.07491724383225598,0.009739084305209644,0.6398999999994714,2,optimal,307.92457440357913,0,0,0.862563011917224,0.3371017875187917,352,-0.8167284522706209,1.371209509766998,0.2126462795560751,running
MPC,60.80999999999647,56.776115373594,-16.411952412937694,5.360869557591358,-6.0190870523618525,4.252278230955096,0.026421212840698777,5.6221118791454785,0.01764428736285466,0.0071836530090472195,0.5072999999988781,2,optimal,308.52448037345596,0,0,0.8653442368838892,0.33023094890586574,354,-0.8080166821130677,1.400169560750128,0.2144087504700342,running
MPC,60.90999999999645,57.30215487772923,-16.270108721287922,5.522844087572642,-6.001366489014758,4.200132092987231,0.030923316002312438,5.780882766890081,0.05727588692355598,0.0037118387093499905,0.490400000000335,2,optimal,309.12438836108936,0,0,0.8501277587889318,0.3148101415156878,368,-0.7470342910101946,1.4632670648697814,0.22502164647011183,running
MPC,61.00999999999643,57.84008707068309,-16.112512331431294,5.676163858954037,-5.964458794174159,3.9757071210076935,0.047903799419819565,5.920414799673411,0.09592349817625231,0.020066893126827523,0.6895000000035623,3,optimal,309.7242960524573,0,0,0.8501670478045278,0.3158367856717107,355,-0.803660797034291,1.4259958562296398,0.21530714918272373,running
MPC,61.10999999999641,58.38660923327984,-15.934471279386262,5.809219098310066,-5.940659307177569,3.4502312247729843,-0.006407116742829647,6.0211869814313355,0.08189023593996934,0.031172065647519176,0.8474999999954491,3,optimal,310.12423234329253,0,0,0.8708067704207836,0.309971751565502,725,0.8080166821130677,1.4300721293983967,0.2144087504700342,running
MPC,61.20999999999639,58.941014896672854,-15.747860502451022,5.884172016981999,-5.963040586833696,1.94359050903508,-0.007227358082474466,6.003578149213574,0.06679739830878384,0.008961847258809996,0.6841000000044062,3,optimal,310.7241409589887,0,0,0.8723420089710843,0.29262361447898966,364,-0.7644578313253012,1.4508678171578906,0.2239412608755995,running
MPC,61.30999999999637,59.49963623460989,-15.559850511264345,5.902770413584431,-5.94258238498003,0.48227164145502993,0.10475855904234273,5.9323991811275025,0.05899809565244649,0.00938103152601677,0.718799999997799,3,optimal,311.32405300504337,0,0,0.8504868673930509,0.2843549157107259,357,-0.7949490268767376,1.388911788205683,0.21713917065507293,running
MPC,61.40999999999635,60.044975298599645,-15.347394541080828,5.82890000206265,-5.809964288870035,-0.8406562090063836,0.07147722368243468,5.818704792683793,0.04357437668039073,0.09637381807860734,0.6776999999971167,3,optimal,311.9239479930626,0,0,0.8559331993378049,0.2781229330273525,716,0.768813716404078,1.4028766246568254,0.22293077345441878,running
MPC,61.50999999999633,60.55814290026339,-15.096305964811874,5.656361267038104,-5.711684866320787,-1.9635163241201632,-0.0020256345576128284,5.6325483696506335,0.019074269470626896,0.1640059816990984,0.6801999999943575,3,optimal,312.52384885376756,0,0,0.8657077672526845,0.2594243695193196,726,0.8123725671918445,1.253551456179732,0.2135218524542555,running
MPC,61.60999999999631,61.036836741713664,-14.826464136191065,5.4132136244392255,-5.73259079617775,-2.7670561358080628,-0.05797241951907386,5.379655653457298,0.07646589938590993,0.10159866634988823,0.6347000000062053,3,optimal,313.1237602213404,0,0,0.8064691018350391,0.2742531820097275,722,0.7949490268767376,1.303529920539434,0.21713917065507293,running
MPC,61.70999999999629,61.49099537303914,-14.569010892083325,5.122521553439928,-5.803497756634423,-3.3081187631184092,-0.03688547286689882,5.082401748127385,0.1225915789399145,0.00043322403722179104,0.6965000000000998,3,optimal,313.52368109367904,0,0,0.7851384221225043,0.31652085524364165,746,0.8994902687673774,1.2637014726829936,0.19795406078248534,running
MPC,61.80999999999627,61.92575204368249,-14.341794111418388,4.7951490638211,-5.847210746978211,-3.7255473522683427,0.02146401265464968,4.749966818213094,0.08021160995637043,0.10125275772337439,0.6151000000045315,2,optimal,314.1235135250236,0,0,0.8098271717046784,0.3201825853849057,372,-0.729610750695088,1.4440993692545692,0.22148173646210823,running
MPC,61.90999999999625,62.333088168285656,-14.133372877571027,4.464000482672644,-5.785157802149499,-3.7685198323826894,0.10138055417433428,4.418297080582831,0.053387862353384254,0.0935464914336972,0.6859000000076776,3,optimal,314.52342892182776,0,0,0.8416279401262658,0.32193140899569683,381,-0.6904077849860983,1.4043199539091065,0.21414126651260781,running
MPC,62.00999999999623,62.69650901616213,-13.913852566638889,4.137576281237834,-5.633631276351522,-3.7147556924765457,0.10517201492013258,4.092524913424989,0.061735840965825885,0.01573527441990663,0.6658000000037134,3,optimal,314.9233704203608,0,0,0.8661225883834714,0.3438755980831379,381,-0.6904077849860983,1.3976522642836449,0.21414126651260781,running
MPC,62.10999999999621,63.00615643584907,-13.670243478497925,3.8432456949928038,-5.499156567555048,-3.3495256047736555,0.0674670596812951,3.8026237207604687,0.059441612020728986,0.02607578864028426,0.49149999999897886,2,optimal,315.3231853845788,0,0,0.8692381212323393,0.36691510553011053,368,-0.7470342910101946,1.3388913212505187,0.22502164647011183,running
MPC,62.20999999999619,63.26652874052217,-13.406354902989726,3.6410385417443423,-5.399849644252286,-2.3011473116499754,0.08788487330438008,3.6131309638278064,0.04368374516621702,0.021493037603644183,0.9212999999981264,2,optimal,315.72279386655487,0,0,0.8335186597552497,0.3991915569357967,385,-0.6729842446709917,1.4108186221060863,0.21113476830746442,running
MPC,62.30999999999617,63.48688168014539,-13.124636026669597,3.546831864902861,-5.297912732472552,-1.0720859162033658,0.1230821326342522,3.5338299501240056,0.048502071982882485,0.02407373418906289,0.47740000000118243,2,optimal,316.1224190536156,0,0,0.8272062464561485,0.41794771219694493,367,-0.7513901760889712,1.3379496643913753,0.22593517874601313,running
MPC,62.40999999999615,63.67132126285667,-12.827173940189997,3.4781734401022506,-5.202374345617212,-0.7813430292345439,0.09492624393172298,3.4686975619794067,0.08472642432038817,0.025276880999900442,0.6370000000046616,2,optimal,316.5222722094434,0,0,0.8599054270724963,0.45657423923924206,361,-0.7775254865616312,1.3750117925268723,0.22094939445953415,running
MPC,62.50999999999613,63.82632661160872,-12.518383495228802,3.4449000086599586,-5.124256704341977,-0.3786565711585806,0.06957726388731131,3.4403077829863924,0.07104427458956954,0.06847552189724837,0.6449000000010585,2,optimal,316.72224295870996,0,0,0.8691463558102526,0.4768254312892367,355,-0.803660797034291,1.3664193098995243,0.21530714918272373,running
MPC,62.60999999999611,63.95638545115437,-12.2012163907361,3.420190850046419,-5.06091441273151,-0.28119387965872106,0.03729671367833071,3.4167806206940865,0.01216972086315497,0.05844709125022973,0.47770000000113555,2,optimal,317.12206885131366,0,0,0.8685815128096677,0.4857339709731661,363,-0.7688137164040778,1.4255952510977163,0.22293077345441883,running
MPC,62.70999999999609,64.06698704307931,-11.876984605881596,3.4316904488979225,-5.002412354236035,0.2981940074051269,0.06482100580640938,3.4500102507869315,0.048713266158061944,0.04387781935217916,0.4805999999994981,2,optimal,317.5218394587932,0,0,0.8742612468905983,0.4870328798493922,363,-0.7688137164040778,1.4201619222840367,0.22293077345441883,running
MPC,62.80999999999607,64.15510894310133,-11.544404100082748,3.4495041779051503,-4.9278175548674366,0.461924568681758,0.0801365017114483,3.4778829057660983,0.09926894715193747,0.07468580386610846,0.47940000000323835,2,optimal,317.7216566895887,0,0,0.8462610262563981,0.4969371145889445,360,-0.7818813716404078,1.4300648309122523,0.21997807798827249,running
MPC,62.90999999999605,64.22142406528377,-11.207444456445545,3.4268992300062453,-4.875249948934844,-0.2572476505004562,0.026966516814789485,3.4237794128551045,0.05843412502828598,0.04687155450045921,0.49119999999902575,2,optimal,318.121556795585,0,0,0.8472179501708926,0.5030648517743146,372,-0.729610750695088,1.515051345494011,0.22148173646210823,running
MPC,63.00999999999603,64.2757534513315,-10.874283462316585,3.3495928957008343,-4.858211025825026,-0.8797575184782136,0.001069747897952871,3.338923478158424,0.04462710970358885,0.021290438969504777,0.5277999999968586,2,optimal,318.52149829411815,0,0,0.8341147941837236,0.4765643621097716,392,-0.6424930491195551,1.513716746682983,0.20621919386478796,running
MPC,63.10999999999601,64.31846907982158,-10.544806820908812,3.3090515142405956,-4.813956693851448,-0.4613669173373491,0.08076397663172279,3.3034562039670994,0.0867038513048818,0.06638577717857608,0.5873000000029549,2,optimal,318.9213118257055,0,0,0.8526080571866341,0.46618414444297507,365,-0.7601019462465246,1.3567066344847356,0.22496523842325905,running
MPC,63.20999999999599,64.33533995774417,-10.213893840293709,3.320721691536672,-4.701998438247729,0.3026172460433493,0.18055790319428047,3.3393132388449307,0.05195374789724465,0.005621321166721316,0.6626000000053978,3,optimal,319.1210408753662,0,0,0.8426020673132794,0.4758816290309598,371,-0.7339666357738648,1.3916138814088466,0.22234991952811328,running
MPC,63.30999999999597,64.3091420047655,-9.882495263535388,3.3317559274377255,-4.5575408662403785,0.28612676533131587,0.1541658379549127,3.349334368069804,0.024728285726462625,0.04477694627198936,0.6650999999990859,3,optimal,319.52070854269914,0,0,0.8522239091381718,0.5115045513585629,373,-0.7252548656163114,1.491711726282567,0.22062447658991918,running
MPC,63.409999999995954,64.24233992696547,-9.556064460362096,3.3348437560945388,-4.447992698403505,0.08006992358999815,0.09123379689029777,3.3397629197967253,0.08960686105691305,0.059698247420165274,0.4515000000004932,2,optimal,319.9204673380454,0,0,0.8611294248241481,0.5335833258591482,380,-0.6947636700648749,1.5806079737370278,0.21491658495418048,running
MPC,63.509999999995934,64.15025663270961,-9.23889967948576,3.2867610867822368,-4.395419639291741,-0.5471878884967187,0.01977274481807701,3.2801249672448667,0.07673552782275313,0.0689825868648164,0.5139999999990152,2,optimal,320.1204380873119,0,0,0.8369733942808761,0.5197814414720052,375,-0.7165430954587582,1.526057894849984,0.21894209497805295,running
MPC,63.609999999995914,64.04895766397466,-8.931271516605273,3.2144281341979006,-4.379221431649539,-0.8231596988986168,0.0059880402819017286,3.204445116892375,0.063197368329703,0.019336212924466523,0.4808999999994512,2,optimal,320.5202968582761,0,0,0.83202702903621,0.5066001286358269,377,-0.7078313253012047,1.4823806778377204,0.21730154451353453,running
MPC,63.709999999995894,63.93969226207912,-8.632844593912251,3.16003282139714,-4.336018383056437,-0.6190267050742072,0.0731445477822165,3.15252546369048,0.10796082028712531,0.07299643914222997,0.45529999999871507,2,optimal,320.91993429583613,0,0,0.8449231318512851,0.4956668775705136,377,-0.7078313253012047,1.4278380179620895,0.21730154451353453,running
MPC,63.809999999995874,63.808146588638465,-8.345307922682807,3.167056176685629,-4.227534821937397,0.18212134927042373,0.18106858521933253,3.1782449563241824,0.04864909116192955,0.007040170911869481,0.6499000000026456,3,optimal,321.11990504510266,0,0,0.819952740959043,0.5126705416572851,382,-0.6860518999073215,1.4668987218554392,0.21337555590733343,running
MPC,63.909999999995854,63.64107243763377,-8.077070047555129,3.1598251749197868,-4.088102011982064,-0.08228986960494915,0.14062087310383944,3.158827189725134,0.06967589909870348,0.021663291631542236,0.5510999999991384,2,optimal,321.51949191035055,0,0,0.8537765261281522,0.530389997108674,365,-0.7601019462465246,1.4424086058820706,0.22496523842325905,running
MPC,64.00999999999584,63.446529770522254,-7.833211676465476,3.100493073160042,-3.988955362592592,-0.6752080936089134,0.05938746281316802,3.0923043655588955,0.08627385937628247,0.05162155870574736,0.4563999999973589,2,optimal,321.71930938170806,0,0,0.8315714841569068,0.5388780112637012,393,-0.6381371640407785,1.5732197670911832,0.20555103769803026,running
MPC,64.10999999999589,63.2456289395893,-7.607167519616852,2.985338445297873,-3.971714185967336,-1.3104766971496842,-0.027024386082361258,2.9694454034450737,0.06295973953660633,0.0509996043712615,0.6414000000027897,3,optimal,322.11925088024117,0,0,0.8356152572805359,0.5029537882340166,363,-0.7688137164040778,1.3437310620009806,0.22293077345441883,running
MPC,64.20999999999594,63.04566130118267,-7.389198620629445,2.9443586898127476,-3.9552072374893656,-0.4663556785787769,0.08226313807084698,2.938702877439995,0.07308894524274971,0.0988193403830735,0.5026999999984127,2,optimal,322.3190515011462,0,0,0.8349987639666931,0.4982011952604812,362,-0.7731696014828544,1.2863944667911318,0.22193355627601147,running
MPC,64.309999999996,62.83249863131985,-7.185991459121949,2.9478246463698703,-3.8632395709818335,0.08987508943629621,0.15975604995927056,2.9533461987563774,0.03685310516335325,0.10678411408771993,0.702199999999209,3,optimal,322.71873748040724,0,0,0.8643848907423531,0.5007739992717395,367,-0.7513901760889712,1.3033816515917525,0.22593517874601313,running
MPC,64.40999999999605,62.59429777849053,-7.008609657538513,2.993996109372529,-3.7182720804957436,1.1972638140085616,0.20624495376680316,3.0675510277707265,0.06170326994358019,0.00037089659314659684,0.8015999999990697,3,optimal,322.91870822967377,0,0,0.8482757922201898,0.5242636821325896,355,-0.803660797034291,1.2879580857824389,0.21530714918272373,running
MPC,64.5099999999961,62.32804662121008,-6.865887249637395,3.0473919728595478,-3.575399091017631,1.3845984297068539,0.12401476903969602,3.1324559523432143,0.03949098592618537,0.06368800690112764,0.557600000000491,2,optimal,323.3184459332996,0,0,0.8726447690153716,0.5691446593980806,378,-0.7034754402224281,1.5159775401479372,0.216496585417684,running
MPC,64.60999999999615,62.04338172094351,-6.745992890929725,3.1250365973934975,-3.507490786360176,2.013388644441011,0.054247121092035604,3.2487308373036488,0.07220447222842587,0.08894832484359583,0.5565000000018472,2,optimal,323.5182854138992,0,0,0.8777159646422292,0.5777205877583581,732,0.8385078776645041,1.385482958628883,0.20843240730709414,running
MPC,64.7099999999962,61.748192367984295,-6.634865565801993,3.178961035248254,-3.4938586363441253,1.3983047955516708,-0.013555066886553398,3.2648670769486645,0.04041325699545837,0.027142077992412084,0.5883000000004301,2,optimal,323.9182269124323,0,0,0.8483510140347178,0.5496572773883811,358,-0.790593141797961,1.4263436869586317,0.21807316453493358,running
MPC,64.80999999999625,61.44925544595923,-6.521649249453296,3.2116050229336786,-3.5076294306264533,0.8464853106008619,-0.012341597233897366,3.26360956630834,0.09702536785116049,0.06494356897874987,0.555900000001941,2,optimal,324.31814845204804,0,0,0.8330380859302533,0.49643838416763997,370,-0.7383225208526414,1.390432878580396,0.22322918788849236,running
MPC,64.9099999999963,61.14527752495321,-6.407299627218714,3.278933582625812,-3.4862793639247585,1.7458846422966054,0.1033689680999538,3.386193487163339,0.03422957799467159,0.09038049723350206,0.5541000000022223,2,optimal,324.51793831762745,0,0,0.8636435546984882,0.46122220364595684,382,-0.6860518999073215,1.3595078314209008,0.21337555590733343,running
MPC,65.00999999999635,60.827158371453045,-6.313048646876172,3.353609399687648,-3.3774656008954134,1.9364050375556146,0.1481221618502446,3.4725740863813734,0.03894011201194026,0.06017437441182949,0.7479000000003566,3,optimal,324.9176820709,0,0,0.8777286826500568,0.4734223805046476,366,-0.755746061167748,1.355719842683418,0.22600293112750477,running
MPC,65.1099999999964,60.49152431069906,-6.253373134254087,3.459905916552436,-3.249110864865859,2.756355656090755,0.13114565256675922,3.6292449652967234,0.09846796298920406,0.007478790658129952,0.5477999999996541,2,optimal,325.3175634398643,0,0,0.882403351801705,0.4962425453010219,346,-0.8428637627432809,1.3148619516892754,0.20762130414308752,running
MPC,65.20999999999646,60.13918186114298,-6.2307358942225095,3.5930403645936555,-3.1501885289161864,3.452285170789995,0.04788800015548188,3.8051344336314354,0.057632370865447535,0.08285567489820522,0.5320000000033076,2,optimal,325.51753418913086,0,0,0.8797634959792007,0.4866547335403954,723,0.7993049119555145,1.390157059035888,0.21621722807816315,running
MPC,65.3099999999965,59.77309019592628,-6.22596338806663,3.7193706517970107,-3.1442938186778386,3.275847712973235,-0.04018876730162961,3.920625135890979,0.025223956563210307,0.06245615747319988,0.7222999999960678,3,optimal,325.9174738233554,0,0,0.8837888516434086,0.45214528431217726,704,0.7165430954587584,1.444003635060922,0.21894209497805303,running
MPC,65.40999999999656,59.39361620171212,-6.215437877453918,3.8619127546139036,-3.1900813557047,3.696233356641298,-0.0635258089943758,4.088993987461141,0.026359287353303246,0.016665590173829514,0.6693999999995981,3,optimal,326.31741531854243,0,0,0.8394075902131214,0.45251086980856536,720,0.7862372567191844,1.4081204400870808,0.21901940157552577,running
MPC,65.50999999999661,58.99963863235574,-6.189829150688597,4.022020489869621,-3.236689130069019,4.151724578307127,-0.03464942234161029,4.277085212444616,0.027141854541499033,0.026366673977994637,0.4844999999988886,2,optimal,326.7173562569029,0,0,0.883505038022055,0.4529394527852355,732,0.8385078776645041,1.377909072869799,0.20843240730709414,running
MPC,65.60999999999666,58.590042294506134,-6.14958079791543,4.195546212687791,-3.2532817134617185,4.499663974648481,0.004143555848735905,4.471986887334469,0.017339487664105292,0.03942266026872687,0.49080000000145674,2,optimal,327.11729749894573,0,0,0.8443993259962039,0.42038483482757294,367,-0.7513901760889712,1.4614687082163726,0.22593517874601313,running
MPC,65.70999999999671,58.16283185309336,-6.106535352125228,4.377382245460533,-3.236297249431248,4.715157111420656,0.02281941378947218,4.6670619238298565,0.037144432248847455,0.019659588307670006,0.5274999999969054,2,optimal,327.5172389974789,0,0,0.8632197230880119,0.4166684945348186,367,-0.7513901760889712,1.5033807022186285,0.22593517874601313,running
MPC,65.80999999999676,57.71688961949135,-6.0664516069228425,4.562655581300795,-3.219229943814761,4.804289192426791,0.013133015668151872,4.857811164703212,0.08468507790397196,0.0005717899634447576,0.47999999999603915,2,optimal,327.9171804954922,0,0,0.8911469526861969,0.4002049383693431,346,-0.8428637627432809,1.373175473217289,0.20762130414308752,running
MPC,65.90999999999681,57.251974812922825,-6.031551465451196,4.747123684023906,-3.2026951800261303,4.783408838842316,0.0005668845786417702,5.040996465185027,0.04902166040157631,0.01759033037786395,0.5078000000011684,2,optimal,328.5170926746598,0,0,0.8892374190495445,0.38776667711521556,704,0.7165430954587584,1.553096134883911,0.21894209497805303,running
MPC,66.00999999999686,56.76692581946282,-6.000883847674135,4.95647404015133,-3.20041836491437,5.428626028738586,-0.012309935702601254,5.289986286897765,0.03774514679498081,0.019873924878105242,0.5038999999982252,2,optimal,328.91703417175773,0,0,0.8591518665947792,0.36069453767236886,722,0.7949490268767376,1.4162721763176664,0.21713917065507293,running
MPC,66.10999999999692,56.26129003801161,-5.967050850607929,5.162404401952902,-3.218748275318378,5.3399427775662955,-0.0164249802407622,5.490468317907959,0.05771317526657551,0.00017514567783116775,0.6306000000009249,2,optimal,329.516946416793,0,0,0.8688779144161085,0.3480064420991492,721,0.7905931417979613,1.4313983417766722,0.21807316453493353,running
MPC,66.20999999999697,55.73478973974607,-5.925154875190431,5.383297266616136,-3.236693193357985,5.727932719367304,-0.00031709207004484573,5.735197673889632,0.07301816257139211,0.019770811169804503,0.5762999999987528,2,optimal,329.9168878246296,0,0,0.8868844917419295,0.333669885769328,357,-0.7949490268767376,1.4234695901332612,0.21713917065507293,running
MPC,66.30999999999702,55.18754120951909,-5.874927811493078,5.591056188611512,-3.239237672707286,5.387358839553586,0.015494923943974304,5.922033150571495,0.021705965503917315,0.02640662901116464,0.5740999999979124,2,optimal,330.5167998082428,0,0,0.8923700159499252,0.3155095835111002,367,-0.7513901760889712,1.467084785008343,0.22593517874601313,running
MPC,66.40999999999707,54.61921669019823,-5.824131224884235,5.803752153661607,-3.2191513938415515,5.515380405542903,0.026642071249630847,6.142594229165803,0.012878031823557904,0.012669198135920823,0.6218000000011159,2,optimal,331.11671163902975,0,0,0.8768617955546008,0.30904980430442114,354,-0.8080166821130677,1.4082831022673221,0.2144087504700342,running
MPC,66.50999999999712,54.02884848020876,-5.778743506277088,6.0211599708362025,-3.199851033436819,5.637562586456188,0.022887983336518144,6.367508412307226,0.02519767854730526,0.0014611783348321694,0.5039999999958411,2,optimal,331.71662320480533,0,0,0.8450508436107229,0.28834082543401907,361,-0.7775254865616312,1.413542462018354,0.22094939445953415,running
MPC,66.60999999999717,53.416153941963906,-5.741475480719221,6.23814398385124,-3.182123349305808,5.626572997834436,0.01982306384652443,6.583817270619646,0.024743498850522273,0.007184326134172636,0.4843000000001041,2,optimal,332.316534146675,0,0,0.8869009373181723,0.2901053664345907,353,-0.8123725671918443,1.4149125224744687,0.21352185245425553,running
MPC,66.70999999999722,52.781594819758624,-5.713439386333033,6.448706602680686,-3.1646480523340363,5.460060992497942,0.018289409205103555,6.784150083101034,0.04182958447534738,0.012803912734117517,0.5307999999999424,2,optimal,332.91644479772214,0,0,0.8584710927016551,0.2773465233416947,371,-0.7339666357738648,1.5070099655272975,0.22234991952811328,running
MPC,66.80999999999727,52.126257183993,-5.695469302220182,6.647231649554987,-3.14687853093279,5.147916902335798,0.017619267567163317,6.963498292914266,0.09188634692662109,0.016950011422940392,0.5572999999969852,2,optimal,333.51635525571237,0,0,0.8900589806397514,0.26946503927360105,356,-0.7993049119555145,1.4277513279899263,0.21621722807816315,running
MPC,66.90999999999732,51.4520856108376,-5.688446596743539,6.823021872050676,-3.1285166621399974,4.558384304142269,0.017062736505548088,7.103070079969214,0.045188550718842584,0.015010267957039858,0.4898000000039815,2,optimal,334.3162319900502,0,0,0.8616335059947939,0.26291704576173736,361,-0.7775254865616312,1.4664296376594976,0.22094939445953415,running
MPC,67.00999999999738,50.76095005273194,-5.693300981751146,6.987074184645991,-3.1097213843935383,4.254010696249409,0.01723524168441508,7.248422941675617,0.058261063821890335,0.01617480910449487,0.5121999999992966,2,optimal,334.9161434433545,0,0,0.888554784064114,0.24936321592760335,350,-0.8254402224281743,1.3648822040356163,0.21092842571338713,running
MPC,67.10999999999743,50.0550809087222,-5.710907512437014,7.123935478487929,-3.090252146783958,3.548925331777168,0.016619026442760136,7.341966717823707,0.049227103016835826,0.011316058220653957,0.5150999999976591,2,optimal,335.716019007342,0,0,0.8678971844594086,0.2420828011928237,368,-0.7470342910101946,1.4660510336662482,0.22502164647011183,running
MPC,67.20999999999748,49.33663400215364,-5.742134703034928,7.248783656122093,-3.0702744633519705,3.237415399154519,0.016021273467480987,7.447677018403381,0.0828772088810085,0.015603307679477041,0.4926999999987913,2,optimal,336.3159279561972,0,0,0.8850543237977229,0.23667040641113402,364,-0.7644578313253012,1.440842613274973,0.2239412608755995,running
MPC,67.30999999999753,48.607857337038574,-5.787754885822912,7.3475956053035025,-3.049580859521315,2.562274692048282,0.013878243777852784,7.505011125326921,0.03440729993630695,0.0157759706012488,0.5284000000003175,2,optimal,337.1158085285983,0,0,0.852388957551061,0.234163282653173,351,-0.8210843373493977,1.3684370455180834,0.21178185999974475,running
MPC,67.40999999999758,47.87080794858629,-5.848514893247069,7.436522645272473,-3.0283794365051175,2.3059509081531915,0.010543930517035007,7.5781906961188215,0.06411918873992495,0.02089948767816452,0.5149000000024273,2,optimal,337.9156877168882,0,0,0.8560425471579994,0.2367504771851226,369,-0.742678405931418,1.5055740454690787,0.2241197071405647,running
MPC,67.50999999999763,47.12662252203217,-5.925104627083901,7.519426340540397,-3.0069786874037066,2.149760651642437,0.004942261236016227,7.651498710436717,0.09893379412350757,0.031895112345363685,0.4884999999994477,2,optimal,338.5155994985223,0,0,0.8428297523212994,0.23872954156916737,344,-0.8515755329008341,1.3756064256538976,0.20602954162158948,running
MPC,67.60999999999768,46.376943165191626,-6.015930492863864,7.579112163176738,-3.002246179231508,1.5477022170103452,-0.003356305757108088,7.674196562241431,0.053840724856936376,0.025481364191412226,0.47989999999842325,2,optimal,339.31548113321435,0,0,0.8706683885393884,0.234769862082399,734,0.8472196478220577,1.3755945026768692,0.20682039817249392,running
MPC,67.70999999999773,45.62209922343207,-6.11035185718178,7.631256486338315,-3.029433534932167,1.352144965034567,-0.004030365604865339,7.714326659680195,0.020336971109721283,0.009663647125613295,0.5431000000015729,2,optimal,340.11536350139306,0,0,0.8755590898065452,0.2216214728551584,358,-0.790593141797961,1.3996099879820314,0.21807316453493358,running
MPC,67.80999999999779,44.86150399638626,-6.199123443528598,7.680037704171655,-3.040498779807245,1.2649368921180415,0.013938057574023095,7.757750175550119,0.03493653833299029,0.025856747312836603,0.6398000000018556,2,optimal,340.91524639346096,0,0,0.8464772032445358,0.2190938012883254,368,-0.7470342910101946,1.451751448434133,0.22502164647011183,running
MPC,67.90999999999784,44.09602618118057,-6.286929153372667,7.72622559843712,-3.0153420128051205,1.1976898900975002,0.024748352963002693,7.799806693181405,0.06499791677454116,0.003866527161758171,0.6902999999951476,3,optimal,341.7151292361573,0,0,0.8420184670103883,0.2174289224181211,363,-0.7688137164040778,1.4231209028308478,0.22293077345441883,running
MPC,68.00999999999789,43.327124904089644,-6.383547329358836,7.769442491512286,-2.9867475800017265,1.1206493983046473,0.015559772344922835,7.838290538267584,0.08949848055530331,0.019641902837209457,0.491799999998932,2,optimal,342.5150120649163,0,0,0.8351428493037258,0.22090800762112592,357,-0.7949490268767376,1.4124368821597064,0.21713917065507293,running
MPC,68.10999999999794,42.5561310921943,-6.495513750223443,7.809293550925359,-2.9609299868548273,1.0333705774588686,0.004637553063929301,7.872779549258173,0.10573897332084417,0.040639026972856485,0.5425000000016666,2,optimal,343.11492397109845,0,0,0.8401731534553245,0.22600326011567098,335,-0.8907784986098239,1.3034753117667595,0.19934114321212795,running
MPC,68.20999999999799,41.78465994194481,-6.623102937638374,7.828327814847333,-2.9541206302087213,0.493574037685529,-0.007581708092674701,7.858650954693911,0.08392503585603056,0.038549491772247535,0.5303000000012048,2,optimal,343.9148062250685,0,0,0.8558005984936721,0.22500362916492891,713,0.755746061167748,1.504764267290146,0.22600293112750477,running
MPC,68.30999999999804,41.01242924709501,-6.755584541319967,7.840918594263058,-2.981979206351975,0.32648921225960986,-0.008145164363113917,7.860976736073295,0.06526549562760231,0.0006293998417383762,0.637699999998631,2,optimal,344.7146877912681,0,0,0.8568105986745664,0.2200615650221851,372,-0.729610750695088,1.5056512466584253,0.22148173646210823,running
MPC,68.40999999999809,40.2381818366767,-6.8826793626227,7.850538000671138,-2.994777588369767,0.24943907893874667,0.01473159157712705,7.865862502156932,0.050873632205479385,0.026604949979930126,0.6492999999991866,2,optimal,345.5145687520713,0,0,0.8729659368649609,0.21397548933469668,355,-0.803660797034291,1.3798030670664325,0.21530714918272373,running
MPC,68.50999999999814,39.46331914972097,-7.010984807941265,7.857342639034712,-2.947002329619669,0.17644984044912682,0.03358260341567693,7.868182984716051,0.04380430998198312,0.005848008739498312,0.6863000000016939,3,optimal,346.31445100140417,0,0,0.8420104554183121,0.21644891827071305,346,-0.8428637627432809,1.3381728978846583,0.20762130414308752,running
MPC,68.6099999999982,38.691675910908266,-7.159549343396433,7.859517124292671,-2.885363344152063,0.056386181943125724,0.020047668853745537,7.862981257229025,0.03915472295767427,0.050045088311181374,0.5658000000003938,2,optimal,347.1143294520995,0,0,0.8349440531952246,0.22545591849843336,353,-0.8123725671918443,1.4319099822615986,0.21352185245425553,running
MPC,68.70999999999825,37.92616564105038,-7.3336557480596944,7.8464246963506925,-2.8728497423293273,-0.14899376643038745,-0.0027835377707357313,7.844617747649632,0.028857018902367106,0.04163095426354069,0.5024000000020123,2,optimal,347.91420980116146,0,0,0.8704265014258213,0.22251574796061452,358,-0.790593141797961,1.4482674554699153,0.21807316453493358,running
MPC,68.8099999999983,37.166299167809235,-7.519480566015687,7.8104383251125205,-2.9020027501853813,-0.4095302272961932,-0.0013504152973904504,7.805471673621073,0.02967373969571314,0.00879709243065463,0.46419999999969264,2,optimal,348.7140858218902,0,0,0.8518815572757621,0.21334498213132017,340,-0.8689990732159407,1.283680521578908,0.20296376061118726,running
MPC,68.90999999999835,36.411082269774845,-7.702201697087266,7.749490484003729,-2.917582694401554,-0.6935954463788498,0.0226642011634958,7.741078780474635,0.05687577973689858,0.04726626091045816,0.542400000000498,2,optimal,349.5139665397402,0,0,0.8429754114794401,0.20061238530659165,364,-0.7644578313253012,1.3548422630235795,0.2239412608755995,running
MPC,69.0099999999984,35.666443383314295,-7.88469623535395,7.624689233824839,-2.869958702449218,-1.4202566859087822,0.04696180661676171,7.607464815412851,0.10462387394336213,0.0236716217431443,0.7175000000003706,3,optimal,350.3138436229653,0,0,0.7814062241125378,0.1978177139046464,369,-0.742678405931418,1.3534093754658707,0.2241197071405647,running
MPC,69.10999999999845,34.94386682960199,-8.086521673835133,7.441103071183043,-2.773396392474248,-2.089237684387001,0.03294758318568099,7.415765465386139,0.12319323903414392,0.06341897860809809,0.6932000000006155,3,optimal,350.91375232756343,0,0,0.7650597721260165,0.22756884435930946,351,-0.8210843373493977,1.3941560062021563,0.21178185999974475,running
MPC,69.2099999999985,34.25534271462771,-8.322591417461673,7.197442567654156,-2.7009116704453797,-2.772892569046848,-0.018912207418893285,7.163813814278358,0.07276825978862138,0.16054340056003014,0.6025999999970111,2,optimal,351.7136339467822,0,0,0.8149903166374253,0.21538335201782352,699,0.6947636700648747,1.4461108791896975,0.21491658495418042,running
MPC,69.30999999999855,33.600399721138245,-8.577517517471787,6.941781898216959,-2.7590721884029996,-2.9094562319818156,-0.11213091447189608,6.9064969444559745,0.09483103553522447,0.14814552320247465,0.738999999999379,3,optimal,352.513481824887,0,0,0.8814623571959244,0.20575161221887514,702,0.7078313253012047,1.342439343662224,0.21730154451353453,running
MPC,69.4099999999986,32.95589194702734,-8.802615186708813,6.771118129915327,-2.9547593229615,-1.9421789254942823,-0.10065008152963117,6.747564005667531,0.08017645978550597,0.05337733559718316,0.8051999999985071,3,optimal,353.1133938466667,0,0,0.8337971541844424,0.2519136764043599,365,-0.7601019462465246,1.492384744583879,0.22496523842325905,running
MPC,69.50999999999866,32.30708826285949,-8.951517629897973,6.604834271062851,-3.1231754677528967,-1.892334908147326,-0.016682947227748757,6.581884639100594,0.07739435495470015,0.26197246093490634,0.6676999999974953,3,optimal,353.71327710584654,0,0,0.8281349139847067,0.21234299319700967,386,-0.6686283595922151,1.33860820468397,0.2104061992652272,running
MPC,69.6099999999987,31.660075747679755,-9.027625199046055,6.471063318687952,-3.12771526469756,-1.5223332235735239,0.13736823488318967,6.4526009487054985,0.11467658854463074,0.30510743709273136,0.7178000000003237,3,optimal,354.31316610900325,0,0,0.8132232744107912,0.18190377540547184,391,-0.6468489341983319,1.1656323610073607,0.20689564634075194,running
MPC,69.70999999999876,31.02022425002884,-9.107464905770472,6.44099651790061,-2.8514692143904323,-0.34216464002483027,0.2930220083594796,6.436846854685468,0.21955819976194915,0.06664860096585024,0.6985000000021557,3,optimal,355.1130389509909,0,0,0.6654413212181487,0.19417517844644225,341,-0.8646431881371641,1.0190862119315598,0.2037158366078793,running
MPC,69.80999999999881,30.405690058817775,-9.30395666466623,6.48956845405319,-2.468999473155218,1.2595100468977947,0.13235644724748413,6.5669475225903895,0.24096080694873093,0.3050372317895693,0.8015000000014538,3,optimal,355.71294924467287,0,0,0.6183087460766656,0.2643995429653261,709,0.7383225208526416,1.4827630807580234,0.2232291878884924,running
MPC,69.90999999999886,29.84866190471213,-9.643094546347047,6.57097130828887,-2.311793673937724,2.1108426156602698,-0.12315542250671048,6.700652715619217,0.12233050792099386,0.46258884851745563,0.7209999999986394,3,optimal,356.31286101533004,0,0,0.7393335176500729,0.20709061500972195,702,0.7078313253012047,1.2383832517238953,0.21730154451353453,running
MPC,70.00999999999891,29.325790834284348,-10.050307443773434,6.675958865124156,-2.4997528769239725,2.7224132515103006,-0.2665274059511786,6.8432126334399,0.08141132327872895,0.2830661889796371,0.804500000000985,3,optimal,356.9127731310709,0,0,0.8014977556574113,0.18471266421989163,710,0.742678405931418,1.1182344795598365,0.2241197071405647,running
MPC,70.10999999999896,28.757764459901658,-10.410986693612928,6.790158827576906,-2.867839819921481,2.96129846693276,-0.2089909085002677,6.972088711817432,0.23303058477138977,0.07953734106587262,0.9635000000010052,3,optimal,357.51268491311237,0,0,0.6656906300317682,0.21977484028119598,719,0.781881371640408,1.261092809909266,0.21997807798827246,running
MPC,70.20999999999901,28.11602077521193,-10.647026150418323,6.9039634111987915,-3.1123762524324325,2.9510459703421206,-0.012741189915554186,7.085263424611117,0.21491527907576308,0.32231424397469155,0.7227999999983581,3,optimal,358.31256776880974,0,0,0.6487645724711469,0.23685849129328432,373,-0.7252548656163114,1.4241693087232812,0.22062447658991918,running
MPC,70.30999999999906,27.430565060819696,-10.775490966065492,7.039169819814841,-3.0747163814875096,3.506012803811996,0.1598473703872084,7.254564691579991,0.11733607131022637,0.28894407236802877,0.8756000000040842,3,optimal,358.91248000085545,0,0,0.7746450935197846,0.20833512399575868,374,-0.7208989805375348,1.300275738958286,0.2197779812188762,running
MPC,70.40999999999912,26.73081291439957,-10.898572046235182,7.163938020997161,-2.8239726725348295,3.235341544319979,0.16578730756083054,7.362703974246839,0.050051383067844304,0.04918666137533201,0.7452000000007786,3,optimal,359.7123612964758,0,0,0.8281909145079139,0.22870399188163962,368,-0.7470342910101946,1.4062067544439998,0.22502164647011183,running
MPC,70.50999999999917,26.039577837349817,-11.10702233662773,7.278656757236313,-2.614108702092803,2.974750695684499,0.050512866086068975,7.461413090565611,0.12450230507252971,0.15043104824620812,0.7176999999991551,3,optimal,360.31227256563017,0,0,0.7954207905290692,0.23665696229812,712,0.7513901760889712,1.464829669669775,0.22593517874601313,running
MPC,70.60999999999922,25.36971590608748,-11.402986986619167,7.365882812051783,-2.603141350420389,2.261842971345273,-0.054930411250144105,7.50484105437084,0.0710372209833605,0.14820299958786265,0.6896000000011782,3,optimal,361.1121544022223,0,0,0.7965481309011394,0.2253803928833564,707,0.729610750695088,1.444341132066427,0.22148173646210823,running
MPC,70.70999999999927,24.70643485031257,-11.732275056977896,7.438778436828021,-2.6996229521921276,1.890243195003605,-0.05721674628459376,7.554907131552143,0.05191196239290115,0.03837819359095462,0.7360999999974638,3,optimal,361.91203486642473,0,0,0.8637195483888997,0.23689145854478416,706,0.7252548656163116,1.5263971868071224,0.2206244765899192,running
MPC,70.80999999999932,24.031528911428726,-12.052503958652593,7.497432475330285,-2.750910826329585,1.5209472101887416,0.002063593055889537,7.590873157846895,0.09978387261005103,0.02347927973307229,0.6547999999959586,3,optimal,362.51194704802776,0,0,0.8714972327473449,0.23257995774602236,361,-0.7775254865616312,1.4539156650468863,0.22094939445953415,running
MPC,70.90999999999937,23.34667478623157,-12.360933658790117,7.5226596038931985,-2.7274450055665955,0.654160084942073,0.027101029240494245,7.562848483824492,0.05110797293114605,0.013576790136058392,0.6375000000033992,3,optimal,363.3118274966202,0,0,0.8768138715274912,0.22653711352735764,364,-0.7644578313253012,1.4498082926841807,0.2239412608755995,running
MPC,71.00999999999942,22.660925394662808,-12.67040439439411,7.524206044235524,-2.6950103756490535,0.040100463402732434,0.01679327751987727,7.526669650233472,0.006492863941716475,0.004366917345501875,0.6556999999993707,3,optimal,364.1117090817536,0,0,0.8703566529794042,0.23359392162578133,357,-0.7949490268767376,1.4477768065108274,0.21713917065507293,running
MPC,71.10999999999947,21.984898902160094,-12.988944984635227,7.447327980921166,-2.6634300088175418,-0.8748837312561054,0.012924808049404397,7.436717671109913,0.05060285176137922,0.022068218259931882,0.6907000000033747,3,optimal,364.9115895108595,0,0,0.8746947212450953,0.23243185768903346,718,0.7775254865616312,1.4672810288138296,0.22094939445953415,running
MPC,71.20999999999952,21.329042447979795,-13.317811704354005,7.2809319602626275,-2.6291522116298744,-1.8936113260897351,0.019840288605486953,7.257966848312193,0.08486845998672682,0.046515341501889296,0.7395999999992853,3,optimal,365.51150048805465,0,0,0.8726819546184788,0.2342194711693525,726,0.8123725671918445,1.4132194890786158,0.2135218524542555,running
MPC,71.30999999999958,20.70236617275825,-13.653579615150331,7.022450128431104,-2.6081455848097264,-2.941561477296525,-0.010238180468469273,6.986775812532975,0.006039029091393905,0.05352186642595136,0.6883000000001971,3,optimal,366.3113823909835,0,0,0.8670480527712565,0.2302431892155292,716,0.768813716404078,1.42780898247679,0.22293077345441878,running
MPC,71.40999999999963,20.106825763909598,-13.984854152346822,6.708885252688871,-2.625213793837131,-3.56841466412161,-0.026787175572926737,6.665608662018943,0.07922043906873728,0.027983818790376702,0.6662999999988983,3,optimal,366.9112934877583,0,0,0.8469738131317128,0.24178392392460615,729,0.8254402224281745,1.3625116905119836,0.21092842571338707,running
MPC,71.50999999999968,19.54114332093376,-14.298461763504932,6.34515089319469,-2.6558065500218917,-4.1393508095942,-0.017859646437725335,6.294950171729451,0.080782855252694,0.014059927739673128,0.6473000000006834,3,optimal,367.7111755721691,0,0,0.8434212477297464,0.2643221977640734,733,0.8428637627432809,1.3874516092009863,0.20762130414308752,running
MPC,71.60999999999973,19.00362447115215,-14.583971815401286,5.954682541814489,-2.6939778687876497,-4.443587591379043,-0.0033334795204547365,5.900792134056786,0.06977971473657296,0.059329879678012176,0.6865999999980943,3,optimal,368.31108730985545,0,0,0.8526935624730756,0.2653905565914854,344,-0.8515755329008341,1.3154090177415954,0.20602954162158948,running
MPC,71.70999999999978,18.495173779337946,-14.836868684587827,5.538179871668308,-2.717958665566047,-4.7398619895718905,0.01908933349160406,5.4806963428573,0.10033317538026185,0.09340742041724681,0.7744000000009521,3,optimal,368.9109969176908,0,0,0.8699345526368434,0.26483247770099694,372,-0.729610750695088,1.3970260643372188,0.22148173646210823,running
MPC,71.80999999999983,18.02258685788902,-15.065810483885036,5.104898432718597,-2.6818651798637383,-4.930806860239227,0.045144400850479494,5.045099185644385,0.05089363237294894,0.06905834576895842,0.6883999999942603,3,optimal,369.3109357684497,0,0,0.8332446907773519,0.273828815139767,362,-0.7731696014828544,1.3073029802015288,0.22193355627601147,running
MPC,71.90999999999988,17.595746411223683,-15.287284799798087,4.657514306291648,-2.602931837215211,-5.094356171857986,0.03492646126124486,4.595462815532799,0.12307248649368074,0.01679212679585973,0.6906000000022061,3,optimal,369.91084317481796,0,0,0.8115499616159333,0.3069034928419477,352,-0.8167284522706209,1.285231671099882,0.2126462795560751,running
MPC,72.00999999999993,17.219373220548558,-15.50808586490341,4.2137004624047245,-2.554366259250813,-5.052364634096882,-0.014085711482016502,4.15227784288196,0.10632299367507528,0.02528812187750873,0.6115999999991573,3,optimal,370.31078361247535,0,0,0.7999383877737313,0.38077395486014365,687,0.6424930491195551,1.626059238789136,0.20621919386478796,running
MPC,72.10999999999999,16.884756139998608,-15.713457329128893,3.7795925835810875,-2.597379494182473,-4.940211868240051,-0.07239843428875589,3.7196792755807193,0.11166345393807252,0.0336056617624525,0.6582000000001642,2,optimal,370.7105966476498,0,0,0.81097658024389,0.3899001437581898,691,0.6599165894346619,1.506955830341898,0.20897586948035746,running
MPC,72.21000000000004,16.578286048317636,-15.882738074817995,3.3603200121120884,-2.69207874276054,-4.771383876311002,-0.08711157086922389,3.3024541959499873,0.12131526768497002,0.027488985188115933,0.49729999999570396,2,optimal,370.91056739691635,0,0,0.8031214628669473,0.39609796717195933,687,0.6424930491195551,1.4047952294524064,0.20621919386478796,running
MPC,72.31000000000009,16.29547997490173,-16.00880645190935,2.9634679355490507,-2.7822959794101796,-4.516235328151979,-0.0774081703129111,2.9086964792968906,0.05894317292520916,0.10133260071084216,0.8610000000004447,3,optimal,371.31025759851525,0,0,0.859319328971036,0.39732024599603777,674,0.5858665430954586,1.3106128385138442,0.1981437927018734,running
MPC,72.41000000000014,16.033031514033535,-16.090353123904347,2.6439682908721287,-2.9127982841931095,-3.63595321238723,-0.25622011398202116,2.599872614310328,0.09970106631066969,0.13259237088788467,0.5313999999998487,2,optimal,371.51022834778183,0,0,0.8830963995207555,0.4080541879101718,639,0.43341056533827604,1.2793667836340958,0.18192061655778843,running
MPC,72.51000000000019,15.789517227590862,-16.109889843796616,2.350292855307867,-3.140528142185143,-3.3420698931256805,-0.3105555790213466,2.3097613015595604,0.06589122036278544,0.2613030504511258,0.4296999999979789,2,optimal,371.90823186126215,0,0,0.8355510758521415,0.44860792381789455,700,0.6991195551436515,1.1235572891012022,0.2157016455530536,running
MPC,72.61000000000024,15.568512576417604,-16.069594977560506,2.2055254780125075,-3.3803374281918015,-1.647474165607283,-0.4188790204786391,2.1855454387471385,0.07474224984746684,0.20266015095557144,0.7131999999998584,3,optimal,372.10588303392655,0,0,0.7922337322003383,0.51769338229296,684,0.629425393883225,1.187803091668952,0.2042391938838802,running
MPC,72.71000000000029,15.373428959435875,-15.970697565996792,2.188259501485924,-3.6449029081410993,-0.19648936661671695,-0.4188790204786391,2.1858765413508356,0.06703678458060548,0.06770299647390488,1.0657999999992285,3,optimal,372.3058537831931,0,0,0.8055186316156211,0.5855509120971022,692,0.6642724745134383,1.2265277813178634,0.20968660597172056,running
MPC,72.81000000000034,15.209013201554008,-15.825489422520482,2.20651011688816,-3.8869217649088763,0.47325339037290104,-0.34960498501709053,2.235584840523214,0.044272340778939705,0.02614378086051694,0.4631999999986647,2,optimal,372.50374161508995,0,0,0.8499868666380537,0.6792171203329034,708,0.7339666357738648,1.3259647900918563,0.22234991952811328,running
MPC,72.9100000000004,15.073900364295994,-15.648456467930458,2.247836267522913,-4.07045343027098,1.071620899784106,-0.19760106999737642,2.3136722068665705,0.00697054747298055,0.1183383338174,0.4448999999979719,2,optimal,372.7037123643565,0,0,0.8920482073021239,0.7502007089127671,720,0.7862372567191844,1.3885286912671704,0.21901940157552577,running
MPC,73.01000000000045,14.95495118212025,-15.454014317506125,2.3069789882831033,-4.166807611440545,1.533619140985683,-0.06275671290442134,2.4011981816214814,0.04076352761602843,0.1159225026271109,0.486699999999729,2,optimal,372.90282194553527,0,0,0.8660045734843831,0.784904099934542,350,-0.8254402224281743,1.4075602025370963,0.21092842571338713,running
MPC,73.1100000000005,14.83843645933968,-15.251779718567459,2.357033710465109,-4.185302662853131,1.2979599018839123,0.026547375074131768,2.4367749784714947,0.07632006479226527,0.0676701932828827,0.5467000000010103,2,optimal,373.1027926948018,0,0,0.8271672296736955,0.7542985369905665,364,-0.7644578313253012,1.479908595072822,0.2239412608755995,running
MPC,73.21000000000055,14.714862482867229,-15.047385182486778,2.415321226252641,-4.1645518885192025,1.5114429763000443,0.01624411094624521,2.5081780080951135,0.10797113026439116,0.059886012293020485,0.5394000000009669,2,optimal,373.5027120383625,0,0,0.8488731046716559,0.7278883983890846,714,0.7601019462465248,1.4684150688970554,0.22496523842325897,running
MPC,73.3100000000006,14.585123736741302,-14.837813802261259,2.5069976778708822,-4.161980909584701,2.377245401838543,-0.039014910198752265,2.6530457664364953,0.05993543451580088,0.07510206113683715,0.47039999999753945,2,optimal,373.7026827876291,0,0,0.8504514086997155,0.7005072877082258,719,0.781881371640408,1.420567527442616,0.21997807798827246,running
MPC,73.41000000000065,14.454916995234587,-14.617459665587246,2.604288441814152,-4.184143909721692,2.5228291141612735,-0.04323561094350407,2.75928058928701,0.016943081585813504,0.06989354296247186,0.5004999999975723,2,optimal,373.902631749816,0,0,0.8755218896249608,0.7114032451775575,753,0.9299814643188138,1.2596163435856174,0.1933611363769019,running
MPC,73.5100000000007,14.32323790592009,-14.387125240133145,2.6948146907529527,-4.194000156127469,2.3474197052434183,0.007204380124332103,2.8390304123384937,0.07093725378151317,0.053731996533393556,0.5205999999979838,2,optimal,374.10260249908254,0,0,0.8579998687026092,0.6524047650309348,369,-0.742678405931418,1.4757418414692556,0.2241197071405647,running
MPC,73.61000000000075,14.185187373364316,-14.15081922966043,2.7727401753547114,-4.173439061451721,2.020671575804226,0.06679230597124644,2.896881848333375,0.05658906729657692,0.028481325351386033,0.9003999999990242,2,optimal,374.5024988319531,0,0,0.8785884477917587,0.6194664387757016,376,-0.7121872103799816,1.4817029746412007,0.21811666573475305,running
MPC,73.7100000000008,14.030961744272432,-13.916095968409412,2.840486136097624,-4.103412628458939,1.7567081930686181,0.12718836902778505,2.948410994661573,0.038737563390095604,0.045784491597695265,0.5338000000030263,2,optimal,374.7022536715725,0,0,0.8525513050442011,0.6047007579572261,385,-0.6729842446709917,1.5222383547077698,0.21113476830746442,running
MPC,73.81000000000085,13.854556012012136,-13.691026607238111,2.8772347207630093,-4.016629466835953,0.952920868748793,0.08697492134256277,2.9357782229725036,0.09750675422793253,0.03392209472441543,0.5346999999993329,2,optimal,375.1021700312387,0,0,0.8387313799245931,0.6105919633470414,379,-0.6991195551436515,1.543210335493596,0.2157016455530536,running
MPC,73.9100000000009,13.66204669734511,-13.476609484823108,2.8857164561417727,-3.9603412913228837,0.219938338284947,0.03392941058204485,2.899228554591504,0.058326422126809156,0.03249787605358634,0.4729999999995016,2,optimal,375.3021407805052,0,0,0.807895496028417,0.5978903348827346,384,-0.6773401297497683,1.55238053256399,0.21187243445594103,running
MPC,74.01000000000096,13.461866643846333,-13.268457800726223,2.8899374660302555,-3.933563446227534,0.10945424011714318,0.04392401050904057,2.896661880153487,0.11575886509940132,0.048107528579649284,0.4902000000015505,2,optimal,375.7018183579172,0,0,0.8335632127239595,0.5591408004557804,392,-0.6424930491195551,1.4980119009468733,0.20621919386478796,running
MPC,74.11000000000101,13.250945851260104,-13.069254497575676,2.9127334583283813,-3.8639894325271094,0.5911187323952195,0.15720279378820562,2.9490493392697776,0.05720733153667195,0.02638803944592638,0.7096999999944842,3,optimal,375.90178910718373,0,0,0.8349919868145002,0.5568171477402565,366,-0.755746061167748,1.3970902335620017,0.22600293112750477,running
MPC,74.21000000000106,13.01605436207516,-12.895489295391908,2.9341178285384695,-3.7199611447034986,0.55451421663696,0.18411475547567197,2.9681848799920774,0.1111544143846185,0.052993469493021195,0.854199999999139,3,optimal,376.1013438534322,0,0,0.8071844898344505,0.5620285468505786,364,-0.7644578313253012,1.40548705714732,0.2239412608755995,running
MPC,74.31000000000111,12.758271060029825,-12.754584895934238,2.944011755451708,-3.5884849170755806,0.25655762025524587,0.11405190030028332,2.959773590563994,0.08108401365658513,0.0629760793551224,0.6172999999982665,2,optimal,376.50087806933055,0,0,0.8117270084671415,0.5902154173501037,371,-0.7339666357738648,1.5082232729087632,0.22234991952811328,running
MPC,74.41000000000116,12.49026837508104,-12.639446718216293,2.9036606459911756,-3.517820589151651,-0.4592015938382932,0.02765247007169677,2.8980915960678786,0.13220723388575303,0.07783041878061425,0.658900000001239,3,optimal,376.7008488185971,0,0,0.7786705640003834,0.5787443793467426,373,-0.7252548656163114,1.4956524319931743,0.22062447658991918,running
MPC,74.51000000000121,12.224894739188693,-12.5365936488434,2.8167672967282296,-3.5020887715643076,-0.9888591666734847,-0.010498757761457759,2.804774729323827,0.09288844982172122,0.05336325572181799,0.6801000000002944,3,optimal,377.10060966524014,0,0,0.7892979278823317,0.5586893101817813,387,-0.6642724745134383,1.4869856977350429,0.20968660597172056,running
MPC,74.61000000000126,11.963393855958564,-12.44154584548958,2.765324191043827,-3.472971436570702,-0.585430151440451,0.10559166974749547,2.7582242815841846,0.10550992593075637,0.0979028076128472,0.5237999999998522,2,optimal,377.30058041450667,0,0,0.8076909375591484,0.5244235433870876,416,-0.5379518072289158,1.4607961737307342,0.19225396296252786,running
MPC,74.71000000000132,11.702136845901991,-12.36797170387716,2.6896547949861467,-3.3832069745013507,-0.8611289191057941,0.14194237836565732,2.6792112991332475,0.06181075593198633,0.15643994675849093,0.5381999999976017,2,optimal,377.700232996218,0,0,0.8570165019689335,0.511489967427925,366,-0.755746061167748,1.2553726727798908,0.22600293112750477,running
MPC,74.81000000000137,11.436195131507716,-12.32469190593479,2.703480347444221,-3.251912861187813,0.35850788756200896,0.26494156825266635,2.7255055837423474,0.02251900955884201,0.10773245571008161,0.6938000000040745,3,optimal,377.8996002872702,0,0,0.8919108252419334,0.5300544944810971,367,-0.7513901760889712,1.2677254115052121,0.22593517874601313,running
MPC,74.91000000000142,11.164592428145095,-12.329896916375153,2.7352141766079106,-3.0579236057929515,0.8228841554236125,0.25072679160969946,2.785768762986582,0.09374141858228341,0.03094915523623598,0.7047000000000025,3,optimal,378.0995710365367,0,0,0.856929592696323,0.5747289336612097,378,-0.7034754402224281,1.4013982252787442,0.216496585417684,running
MPC,75.01000000000147,10.894305256936972,-12.382140603915769,2.7714977039291404,-2.9023640851722003,0.9408615512962784,0.1397179274235235,2.8293003317375383,0.03382716763743117,0.07188530231621115,0.48519999999996344,2,optimal,378.49906513324277,0,0,0.8522376855259466,0.6204691935681412,369,-0.742678405931418,1.4743171010406715,0.2241197071405647,running
MPC,75.11000000000152,10.62610310229004,-12.46149423561604,2.81953501530575,-2.827151385746372,1.245646789016958,0.05988292652223223,2.896062382830836,0.06698531819730617,0.09183390237688549,0.7162000000029423,2,optimal,378.69890757609244,0,0,0.8450744176706896,0.6334768220699932,763,0.9735403151065802,1.1748026132481841,0.1874511996174365,running
MPC,75.21000000000157,10.358155388182688,-12.553574744254384,2.8450440356553326,-2.802341902467699,0.661469769619486,-0.01508559375122419,2.8856819922676986,0.08774404801922933,0.02933690074478079,0.6938999999981377,3,optimal,379.09884907462555,0,0,0.8169569451970091,0.6171155326923758,371,-0.7339666357738648,1.5143247906050519,0.22234991952811328,running
MPC,75.31000000000162,10.08851215078985,-12.65135221909734,2.8882999289023084,-2.780603194113123,1.121660704670309,0.06593323463322101,2.9572101061223637,0.0690030371576531,0.004034047208378411,0.48690000000206624,2,optimal,379.29869066459656,0,0,0.8081079706802499,0.5942572209798361,361,-0.7775254865616312,1.4258209334232608,0.22094939445953415,running
MPC,75.41000000000167,9.820861407811263,-12.765217290384449,2.9274786696853807,-2.7079842444744933,1.0159368052793478,0.12525394261703662,2.989893609430243,0.10180167490411485,0.014881219920281907,0.5021999999996751,2,optimal,379.69835463750144,0,0,0.829331510248459,0.5822679031078647,381,-0.6904077849860983,1.510758670414423,0.21414126651260781,running
MPC,75.51000000000172,9.563049601334466,-12.907780397966162,2.9658286925914665,-2.582207391591732,0.994447472656716,0.18678083890501473,3.0269234169510524,0.0826299480490011,0.0634778411997825,0.7604000000007716,3,optimal,379.89832538676797,0,0,0.8072798651895842,0.5975688655041604,369,-0.742678405931418,1.5128105073467235,0.2241197071405647,running
MPC,75.61000000000178,9.323760033773386,-13.083464912001336,2.9732539516982297,-2.4600946360666436,0.1925430441234509,0.10144459614660659,2.9850829970038117,0.12373078091692595,0.06048720856790624,0.5506000000004008,2,optimal,380.2978434873674,0,0,0.7903512988524926,0.587992964658422,752,0.925625579240037,1.2426529063394762,0.19399319420125352,running
MPC,75.71000000000183,9.10180900125551,-13.27582746766863,2.919206083485531,-2.3998145979093493,-0.6150727342728683,0.028116100610677413,2.911746678270943,0.1292176066239269,0.040749615600647715,0.6184999999945262,3,optimal,380.4974497582871,0,0,0.7834559030634102,0.5879040585938352,382,-0.6860518999073215,1.565886757932796,0.21337555590733343,running
MPC,75.81000000000188,8.8927418204648,-13.468329617059274,2.802553178806239,-2.393874923941333,-1.3275273089328983,-0.018148485559798914,2.786453352592241,0.137387879954839,0.09755109230586712,0.6139000000011663,3,optimal,380.8973912568202,0,0,0.7679188282307625,0.5500296299004144,400,-0.607645968489342,1.5193269794518505,0.20109762184866747,running
MPC,75.91000000000193,8.692676653667103,-13.655244154577142,2.7054182280466987,-2.3755682014251955,-1.1054101065006203,0.1032524291995885,2.692012168156177,0.08036374808775282,0.16145503122504223,0.492199999996501,2,optimal,381.0972354577472,0,0,0.8265686973349341,0.5263583983310386,370,-0.7383225208526414,1.3142461756110488,0.22322918788849236,running
MPC,76.01000000000198,8.513877521761131,-13.853696147392789,2.6570965177817376,-2.2596109304156076,-0.5499082098936104,0.22782967976128854,2.6504274070573377,0.09756418780922896,0.10438635532444884,0.7316000000017198,3,optimal,381.29720620701374,0,0,0.8253614952717284,0.5294415824013167,408,-0.5727988878591288,1.4001949660653645,0.1964570360022162,running
MPC,76.11000000000203,8.372309867129378,-14.076838891493216,2.6411734105908105,-2.0760277041054116,-0.18120731495830558,0.2482466162392203,2.638975786285907,0.05403451719286792,0.06273002294691388,0.6449999999986744,3,optimal,381.69656706475774,0,0,0.8518123900850788,0.5686589961810606,390,-0.6512048192771085,1.4093460739714319,0.20758050283462462,running
MPC,76.21000000000208,8.275442724191041,-14.323620553268892,2.6671203575728124,-1.883431597936117,0.6728255655178559,0.24741993274348337,2.708455967142596,0.044390458013116196,0.04230098663839321,0.6431999999989557,3,optimal,381.89581112307695,0,0,0.8430875593625807,0.6253754064705364,347,-0.8385078776645043,1.3127313746841884,0.2084324073070941,running
MPC,76.31000000000213,8.220922286404074,-14.585085418259041,2.676942460378797,-1.7359759352571271,0.2546951623863416,0.09500984063999277,2.6925898738114467,0.11015426952048146,0.12412719211372547,0.5626000000020781,2,optimal,382.0957818723435,0,0,0.8242653232321078,0.6490996226098102,389,-0.6555607043558851,1.5806281833596425,0.2082738731989199,running
MPC,76.41000000000219,8.185587295308158,-14.849369599786565,2.661121378185357,-1.6932616620018286,-0.1800462553967755,-0.02426953900967538,2.658937834839119,0.0794456277843027,0.001984930710525745,0.7840000000030045,3,optimal,382.49534385284215,0,0,0.8353997164324768,0.6278128652043161,359,-0.7862372567191844,1.4063988562268845,0.21901940157552577,running
MPC,76.51000000000224,8.152053541763873,-15.113941262759521,2.6718941395593525,-1.6900594573881507,0.2793465169013937,0.019372332911780074,2.689056029875496,0.0816156096607182,0.05614865763461374,0.49680000000051905,2,optimal,382.6953146021087,0,0,0.7953447940625518,0.6072643743346849,369,-0.742678405931418,1.414565198387277,0.2241197071405647,running
MPC,76.61000000000229,8.1266114684565,-15.380791809154811,2.6884404425179222,-1.6521222120150987,0.4290591742084749,0.07469446556616655,2.7148000569802,0.09688573947854502,0.11794184074955893,0.4942000000021096,2,optimal,383.09512992624957,0,0,0.8544287267432904,0.582428446130843,366,-0.755746061167748,1.358533806861206,0.22600293112750477,running
MPC,76.71000000000234,8.11695091665777,-15.653265194488391,2.7606886479791575,-1.5761456398409055,1.873455082435082,0.14540680748615314,2.8757859507614305,0.023642214139940297,0.08248175650470913,0.6505000000025518,2,optimal,383.29496124557227,0,0,0.8958457400293197,0.5804569910039478,357,-0.7949490268767376,1.310007172447824,0.21713917065507293,running
MPC,76.81000000000239,8.1363196376485,-15.933508094939588,2.852465227945467,-1.4658834761608843,2.3798418118308278,0.1154510556395459,2.99867282916224,0.06936850139933581,0.006608883962003986,0.5348000000005015,2,optimal,383.4949319948388,0,0,0.8604641799186615,0.6303960057739664,351,-0.8210843373493977,1.3976894688568149,0.21178185999974475,running
MPC,76.91000000000244,8.179592895701,-16.220775224341462,2.950392195206883,-1.4003459776779494,2.5393263867541793,0.02677520981429111,3.1063978666208847,0.0463764323408325,0.03905299885433777,0.5135000000002776,2,optimal,383.89483559327795,0,0,0.8819420028828701,0.5915576736459408,727,0.8167284522706209,1.3678548230339178,0.2126462795560751,running
MPC,77.01000000000249,8.232004035940598,-16.51847845285764,3.0845258586466566,-1.3954394904847063,3.47819564365114,-0.022754480121988996,3.298211759571997,0.07006402404505156,0.03049142301618879,0.5400000000044258,2,optimal,384.0947946986875,0,0,0.8588261087460407,0.5807944596847269,739,0.8689990732159409,1.3092305086338587,0.20296376061118723,running
MPC,77.11000000000254,8.28206499959354,-16.830281634844226,3.2206264812292553,-1.421431227935043,3.529200503627132,-0.029092172720898153,3.43744590900937,0.040507288278010686,0.016374277272804605,0.5223999999977025,2,optimal,384.4947361972206,0,0,0.8626230132905163,0.5684549236115839,360,-0.7818813716404078,1.4641815661342057,0.21997807798827249,running
MPC,77.2100000000026,8.328909139869607,-17.15770533512489,3.3816500367299125,-1.4337075830739034,4.175472546599578,0.012872677329974587,3.6381737358892132,0.09374634880442521,0.04517214562401328,0.5175000000008367,2,optimal,384.8946757714132,0,0,0.8666928071435379,0.5242517887969745,360,-0.7818813716404078,1.4180620197280578,0.21997807798827249,running
MPC,77.31000000000265,8.378554173953312,-17.50235575420475,3.567668573343094,-1.421282664843615,4.823612858205671,0.04343083919622083,3.8640113225504797,0.05791174688665776,0.040446185082936736,0.5303000000012048,2,optimal,385.094641629352,0,0,0.8741301329764233,0.5008205286539691,349,-0.8297961075069509,1.353310029926081,0.21008581223244965,running
MPC,77.4100000000027,8.438019228696067,-17.863595000407166,3.740675977524507,-1.3924532840286665,4.4862235482993995,0.0444443908521811,4.016290928173034,0.023560586732813093,0.020893102732074453,0.49120000000257846,2,optimal,385.4945808257568,0,0,0.8571642830925261,0.47859578343323406,360,-0.7818813716404078,1.431581071111713,0.21997807798827249,running
MPC,77.51000000000275,8.510252099224719,-18.240576258271275,3.9218410891619797,-1.3627354685140562,4.697759577422968,0.027224624238150634,4.2104519352668035,0.011095905063012045,0.00389161888145928,0.4597999999980118,2,optimal,385.8945220733881,0,0,0.8757641303468117,0.4665161654102906,728,0.8210843373493977,1.4009321913120794,0.21178185999974475,running
MPC,77.6100000000028,8.595351378378606,-18.633971512892515,4.112828882621723,-1.345727286266451,4.952469754175385,0.0013148629524651287,4.417088064579518,0.011149456203821809,0.020292208433120962,0.4789999999985639,2,optimal,386.2944635719212,0,0,0.8630170129520235,0.44183163975419776,710,0.742678405931418,1.5005991701878343,0.2241197071405647,running
MPC,77.71000000000285,8.685752217743417,-19.04611325001866,4.31021450764796,-1.3627263184904552,5.118370761519367,-0.01905620187785849,4.62466595877366,0.03165617109820262,0.0062471847208023235,0.46449999999964575,2,optimal,386.69440505882596,0,0,0.8728522052288727,0.42730557973383965,707,0.729610750695088,1.5315332041973644,0.22148173646210823,running
MPC,77.8100000000029,8.774430257423509,-19.478909298567487,4.5096074812399065,-1.3787826982730977,5.1704229522780984,-0.011769221763650225,4.8272568028757705,0.07350753694739214,0.005131525452117813,0.4996999999988816,2,optimal,387.09434594107495,0,0,0.8722920311005009,0.41087512097056034,720,0.7862372567191844,1.4702259593504856,0.21901940157552577,running
MPC,77.90000000000295,8.854992747606259,-19.885631628082596,4.691208097847061,-1.3784627022985307,5.115937551447686,-0.0019198042380893755,5.021201236384675,0.08819506214661986,0.000692966042482368,0.5063000000014029,2,optimal,387.49428685341115,1,0,0.8656156651657237,0.38676813978866253,356,-0.7993049119555145,1.4322633042921205,0.21621722807816315,lap_complete
