controller,time_s,x_m,y_m,speed_mps,yaw_rad,accel_command_mps2,steer_command_rad,speed_command_mps,cross_track_error_m,heading_error_rad,controller_update_ms,controller_iterations,controller_status,progress_m,lap_count,collision,minimum_clearance_m,minimum_ttc_s,critical_beam_index,critical_beam_angle_rad,critical_scan_range_m,critical_side_distance_m,termination_reason
Pure Pursuit,0.10999999999999999,8.914924842519492,-20.2061432096612,0.28888366911729985,4.90148584576068,8.0,-0.0013225341665851487,0.8,0.014290754716872038,0.0006784020779910804,0.13020000000096843,0,not_applicable,0.0,0,0,0.8675566918055154,nan,911,1.6182113067655237,1.0227310891423531,0.15517439733683772,running
Pure Pursuit,0.21000000000000005,8.92330724054432,-20.250913913988075,0.5973968804074414,4.899367969853941,8.0,-0.0010249487906728943,1.0888836691172998,0.05983931313317834,0.0027962779847303665,0.07769999999851507,0,not_applicable,0.0,0,0,0.8786791307202032,6.091301148535606,746,0.8994902687673774,1.2924895621697379,0.19795406078248534,running
Pure Pursuit,0.3100000000000001,8.937279346887042,-20.32602553391643,0.905910091697583,4.898539815151321,8.0,1.5169086340620041e-05,1.3973968804074415,0.06373652640908709,0.002420011778639264,0.08230000000253312,0,not_applicable,0.19997074926651615,0,0,0.8670211856466453,2.945579285583625,728,0.8210843373493977,1.410876994523608,0.21178185999974475,running
Pure Pursuit,0.4100000000000002,8.957736662442832,-20.431307367303546,1.2144233029877245,4.902044127636657,8.0,0.0005466977998511794,1.7059100916975831,0.04351984237679579,0.0010843007066974053,0.08300000000005525,0,not_applicable,0.19997074926651615,0,0,0.8621224261980309,1.921940863803021,735,0.8515755329008341,1.35306759415691,0.20602954162158948,running
Pure Pursuit,0.5100000000000002,8.983669793211192,-20.56695153982214,1.5229365142778661,4.899890835386562,8.0,-0.0014497323286458137,2.0144233029877245,0.01835176497535797,0.00016474069102301314,0.09449999999944225,0,not_applicable,0.39994148441392774,0,0,0.871528732374795,1.459846010995085,349,-0.8297961075069509,1.4068202046068876,0.21008581223244965,running
Pure Pursuit,0.6100000000000003,9.01358944179864,-20.73323518557193,1.8314497255680078,4.892448760232092,8.0,-0.0005836455788405882,2.322936514277866,0.04940429677898512,0.0067829713135161285,0.09319999999846118,0,not_applicable,0.5999122336804532,0,0,0.8655661810732169,1.134739804368848,356,-0.7993049119555145,1.421083051628309,0.21621722807816315,running
Pure Pursuit,0.7100000000000004,9.049240231241694,-20.929832758938215,2.1399629368581494,4.894441951059842,8.0,0.004017896220884494,2.631449725568008,0.04964436941465562,0.004152260390533513,0.0780000000020209,0,not_applicable,0.7998829508690226,0,0,0.8618526451952793,0.9472781789593168,365,-0.7601019462465246,1.4823558432043795,0.22496523842325905,running
Pure Pursuit,0.8100000000000005,9.092962276533205,-21.15630710264009,2.4484761481482904,4.904024676413589,8.0,0.0036106993101334152,2.9399629368581497,0.01897475783967509,0.005622712843795341,0.08049999999926172,0,not_applicable,0.9998537001356073,0,0,0.8758991387781755,0.8157857091148935,724,0.8036607970342913,1.42699106226599,0.2153071491827237,running
Pure Pursuit,0.9100000000000006,9.143034866977928,-21.412975558494384,2.7569893594384314,4.9023134748290085,8.0,-0.001696861599847596,3.24847614814829,0.04267017513299893,0.003952478106826973,0.11000000000294108,0,not_applicable,1.1998244492345342,0,0,0.871855767250442,0.7104148822438461,726,0.8123725671918445,1.4098663461661254,0.2135218524542555,running
Pure Pursuit,1.0100000000000007,9.195996691238578,-21.700496679714252,3.0655025707285724,4.890861916758467,8.0,-0.000976107988388118,3.5569893594384316,0.0649332812337209,0.00815298647130902,0.13249999999942474,0,not_applicable,1.599765926247806,0,0,0.8675991354839303,0.6347440238654958,368,-0.7470342910101946,1.508996404211752,0.22502164647011183,running
Pure Pursuit,1.1100000000000008,9.253156114846803,-22.018612503405656,3.3740157820187133,4.89229912915583,8.0,0.005812240471371507,3.865502570728572,0.05847380819010929,0.007132837126119895,0.1487000000004457,0,not_applicable,1.7997366755143855,0,0,0.8555066485763424,0.5661209627892455,367,-0.7513901760889712,1.4940954322072275,0.22593517874601313,running
Pure Pursuit,1.2100000000000009,9.318975249368313,-22.366501378920113,3.6825289933088543,4.905472928664557,8.0,0.0063924084712109345,4.174015782018714,0.013304127550436778,0.004399809028855728,0.07950000000178647,0,not_applicable,2.199678171280145,0,0,0.8634071408839605,0.5182206941513425,715,0.7644578313253012,1.4859236697383709,0.2239412608755995,running
Pure Pursuit,1.310000000000001,9.394990150575738,-22.743831844288504,3.9910422045989953,4.919339117971049,8.0,0.0005114890586426397,4.482528993308854,0.0028520861657690367,0.016977457984991062,0.09460000000061086,0,not_applicable,2.5996196286524333,0,0,0.8667075526042485,0.46501938879670757,723,0.7993049119555145,1.4101443902006783,0.21621722807816315,running
Pure Pursuit,1.410000000000001,9.48007995780161,-23.150796239754364,4.299555415889138,4.918052930715704,8.0,-0.00799765678521408,4.7910422045989955,0.0142087909441163,0.014571320920255815,0.2480000000026905,0,not_applicable,2.9995610884666215,0,0,0.8591344990630186,0.42958581614605507,711,0.7470342910101948,1.4829590458452102,0.22502164647011186,running
Pure Pursuit,1.5100000000000011,9.56840485653007,-23.588589396331624,4.60806862717928,4.902372263872656,8.0,-0.008080938937537533,5.099555415889138,0.06044386900174056,0.002060352787312425,0.1983000000009838,0,not_applicable,3.399502567477403,0,0,0.8701124094108093,0.40566509270898543,359,-0.7862372567191844,1.4513052808124405,0.21901940157552577,running
Pure Pursuit,1.6100000000000012,9.657013313449697,-24.05775919354649,4.916581838469423,4.886815834491601,8.0,-0.0015771880061409907,5.40806862717928,0.06291088058619863,0.01879558569543427,0.09839999999883275,0,not_applicable,3.999414815057698,0,0,0.877896688878433,0.3748996987197187,368,-0.7470342910101946,1.492547437565145,0.22502164647011183,running
Pure Pursuit,1.7100000000000013,9.7467266212406,-24.558098553679795,5.225095049759565,4.888288800995894,8.0,0.007708902934902015,5.7165818384694225,0.04573175342059465,0.017825184009652162,0.09950000000102932,0,not_applicable,4.3993563075677775,0,0,0.8713154408615131,0.35375516162214626,348,-0.8341519925857275,1.3777034444400782,0.20925385860619156,running
Pure Pursuit,1.8100000000000014,9.844600542626104,-25.08830861869125,5.533608261049707,4.906489279259797,8.0,0.009713188238910344,6.025095049759565,0.017317352102716108,5.8043000857210814e-05,0.12849999999886563,0,not_applicable,4.999268552350134,0,0,0.8740949540462997,0.33803165685993164,369,-0.742678405931418,1.5252434327875053,0.2241197071405647,running
Pure Pursuit,1.9100000000000015,9.955092273461997,-25.647513987535167,5.84212147233985,4.923421154872207,8.0,0.0038185036455098973,6.333608261049707,0.04570681883051581,0.016817638035309557,0.0973000000001889,0,not_applicable,5.599180799837199,0,0,0.8707583162130736,0.31494623443113057,709,0.7383225208526416,1.512193595253098,0.2232291878884924,running
Pure Pursuit,2.010000000000001,10.077747834243137,-26.235734518839386,6.150634683629992,4.921453286292759,8.0,-0.005719218584570153,6.642121472339849,0.04409549107969737,0.015186672401046764,0.16929999999959477,0,not_applicable,6.1990930457669275,0,0,0.8662580752676969,0.29693722583336485,714,0.7601019462465248,1.4822478401209769,0.22496523842325897,running
Pure Pursuit,2.109999999999999,10.204493754977118,-26.854610870651307,6.459147894920134,4.900689653030033,8.0,-0.00797826524265193,6.950634683629992,0.013000230083477778,0.0048840737715458715,0.12359999999844717,0,not_applicable,6.799005286055204,0,0,0.8683486928456774,0.28167835069534264,717,0.7731696014828544,1.4618852918770013,0.22193355627601147,running
Pure Pursuit,2.209999999999997,10.331807698957707,-27.504839200184655,6.7676611062102765,4.901004586196117,8.0,0.00010090041021859322,7.259147894920134,0.05057883154484032,0.0033896666159716204,0.09500000000173259,0,not_applicable,7.398917519095597,0,0,0.8715258303624884,0.27278183742148865,736,0.8559314179796109,1.3602262415749102,0.20524858980469113,running
Pure Pursuit,2.3099999999999947,10.464439729380224,-28.185463382053108,7.076174317500419,4.904470671790435,8.0,-0.0008962500549477173,7.567661106210276,0.0563938299239865,0.002007110888655461,0.11140000000153805,0,not_applicable,8.198800492721054,0,0,0.8739171402090611,0.25537894287959517,717,0.7731696014828544,1.4588918781835876,0.22193355627601147,running
Pure Pursuit,2.4099999999999926,10.599252926170363,-28.89708169103719,7.384687528790561,4.884527894562868,8.0,-0.004019391480602694,7.876174317500419,0.06837391181208045,0.01670977473117219,0.11650000000074101,0,not_applicable,8.798712703254315,0,0,0.8646189802279531,0.2443442670860601,359,-0.7862372567191844,1.440596717402836,0.21901940157552577,running
Pure Pursuit,2.5099999999999905,10.732708908225801,-29.636415793077912,7.621977561840183,4.884250931599176,6.153124712094389,0.006415910704541967,8.0,0.019869707227687092,0.016200206665541117,0.08319999999883976,0,not_applicable,9.598595699511861,0,0,0.8626070716493238,0.23141915226538762,368,-0.7470342910101946,1.478896512743157,0.22502164647011183,running
Pure Pursuit,2.6099999999999883,10.870868368472578,-30.39398886877391,7.7677587072607,4.909930217695089,3.780224381598174,0.008909037375563067,8.0,0.013657394681319357,0.009409752262463655,0.09139999999874249,0,not_applicable,10.39847869577965,0,0,0.870160334410918,0.23092178426538698,368,-0.7470342910101946,1.5164054809991743,0.22502164647011183,running
Pure Pursuit,2.709999999999986,11.018347363478643,-31.1615602720809,7.8573205910321695,4.913989929675901,2.322412927392996,-0.0006367143503955779,8.0,0.029624004330136115,0.012449954620263881,0.1755999999986102,0,not_applicable,11.198361687236243,0,0,0.8634388928372074,0.22542904299281238,370,-0.7383225208526414,1.5183243700460938,0.22322918788849236,running
Pure Pursuit,2.809999999999984,11.167483385482901,-31.93603385747121,7.912343694339226,4.886925049096265,1.426794089678305,-0.002437679934490453,8.0,0.04046332324720248,0.016555374328190098,0.11519999999975994,0,not_applicable,11.998244631118956,0,0,0.8699039832612536,0.21850684546592034,352,-0.8167284522706209,1.3880375513516892,0.2126462795560751,running
Pure Pursuit,2.909999999999982,11.310662744540387,-32.71606030535991,7.946147604775769,4.88050639289083,0.8765630566077398,0.013208458623915556,8.0,0.04934673214351602,0.025754500989526363,0.08250000000131763,0,not_applicable,12.798127557354105,0,0,0.8720607475944443,0.21477875476063082,352,-0.8167284522706209,1.376073992785671,0.2126462795560751,running
Pure Pursuit,3.00999999999998,11.451039590811668,-33.485069887426064,7.751409295109794,4.90810432982048,-2.21615076699333,0.0219591193079543,7.724532528076436,0.07065536186827724,0.001794504469522451,0.1660999999977264,0,not_applicable,13.598010488878353,0,0,0.8339368408562176,0.2145544738333153,375,-0.7165430954587582,1.5045602795802255,0.21894209497805295,running
Pure Pursuit,3.1099999999999777,11.595223946009844,-34.21983164363484,7.35350185950393,4.950571144856674,-4.528245470153438,0.013671869192101083,7.29858474809445,0.08965764190554615,0.0377222649849589,0.08689999999944575,0,not_applicable,14.197922519629856,0,0,0.8510199523587605,0.22254487341564297,714,0.7601019462465248,1.4752125803504486,0.22496523842325897,running
Pure Pursuit,3.2099999999999755,11.749275050259397,-34.91553402946216,7.009517899069962,4.97516542472321,-3.9145883470833986,-0.007325655446040293,6.96204302479559,0.020113879567274475,0.06299554609424618,0.07989999999935549,0,not_applicable,14.997805516261577,0,0,0.8508255713023253,0.22427692220004591,725,0.8080166821130677,1.3539107370560113,0.2144087504700342,running
Pure Pursuit,3.3099999999999734,11.905710135116918,-35.567732204542466,6.550342886577977,4.963551168798272,-5.233033554358126,-0.028780960367500958,6.48621454363415,0.066985296787814,0.05675370061996077,0.3895000000007087,0,not_applicable,15.597717097101608,0,0,0.8822489008527851,0.22748815798042502,711,0.7470342910101948,1.3949781567335684,0.22502164647011186,running
Pure Pursuit,3.4099999999999713,12.051718589663176,-36.17966604631906,6.159057362947711,4.917350486128063,-4.452887132449597,-0.03654950483531654,6.105054173333017,0.1011222741186108,0.019194467371303148,0.07769999999851507,0,not_applicable,16.197628179500306,0,0,0.8476994540056048,0.25049344337029744,718,0.7775254865616312,1.3902809841183508,0.22094939445953415,running
Pure Pursuit,3.509999999999969,12.16728949876744,-36.75723860949701,5.754316028693253,4.820788955413524,-4.606016247550109,-0.03324367629063611,5.6984557381927,0.09543477622455067,0.06326983722280133,0.08060000000043033,0,not_applicable,16.7975396647075,0,0,0.8480341845297826,0.28050848256537314,721,0.7905931417979613,1.4333559273370007,0.21807316453493353,running
Pure Pursuit,3.609999999999967,12.236806885767152,-37.29935273008637,5.320408945481999,4.723571316597725,-4.93792678447222,-0.003172877163585612,5.260523350246031,0.04092274077874471,0.13746877310557615,0.07779999999968368,0,not_applicable,17.397440074209978,0,0,0.8412165453461458,0.28792966912626256,355,-0.803660797034291,1.365278776195329,0.21530714918272373,running
Pure Pursuit,3.709999999999965,12.263595874138286,-37.7996244228437,4.848957598668519,4.67940231318972,-5.377420490251774,0.02496407790539998,4.7826668964568215,0.07218654774987017,0.1391266459049838,0.07909999999711204,0,not_applicable,17.99732357510349,0,0,0.8509269374895776,0.3057153584872928,360,-0.7818813716404078,1.3741466358695729,0.21997807798827249,running
Pure Pursuit,3.8099999999999627,12.267575856778324,-38.2505870383458,4.326776684928649,4.694613298469053,-5.975067127572364,0.034771688988967396,4.251450885911282,0.04855830779028128,0.07388148453743426,0.0725999999993121,0,not_applicable,18.397241686385126,0,0,0.8412787876588556,0.3448037230130149,361,-0.7775254865616312,1.4124591931596275,0.22094939445953415,running
Pure Pursuit,3.9099999999999606,12.27119854005286,-38.655900350822996,3.9138637392655493,4.737512946736892,-4.699010394012064,0.0051672478341811875,3.856875645527442,0.05334667645419841,0.03396518500413137,0.09499999999817987,0,not_applicable,18.797126515030747,0,0,0.850105784706638,0.383994725382543,696,0.6816960148285451,1.502751135857306,0.21261932153731197,running
Pure Pursuit,4.009999999999959,12.277672122480807,-39.040872622137414,3.8178773785055515,4.725701075567201,-1.0923389824222918,-0.058905086150609534,3.80462984102332,0.03897282876997047,0.09851593275211101,0.10770000000093205,0,not_applicable,19.196895921593953,0,0,0.8921930939158755,0.3810474820478912,713,0.755746061167748,1.3113609600109857,0.22600293112750477,running
Pure Pursuit,4.109999999999957,12.27011405663019,-39.424663652506254,3.8577950500821006,4.646334113739664,1.0350978853611092,-0.10909314214998092,3.9213871670416625,0.04094658701592041,0.10854236496077263,0.13499999999666557,0,not_applicable,19.5965754636156,0,0,0.860556696454436,0.371775466098471,699,0.6947636700648747,1.3053015255941416,0.21491658495418042,running
Pure Pursuit,4.209999999999955,12.227537020256142,-39.78746885485356,3.5525233891662564,4.497319802944841,-3.4740366527797972,-0.12912564890077416,3.510391384804121,0.08664336448279578,0.055424552714463005,0.11149999999915394,0,not_applicable,19.99631567519498,0,0,0.8172425958192814,0.3842362745801653,713,0.755746061167748,1.3047651796508362,0.22600293112750477,running
Pure Pursuit,4.3099999999999525,12.144208155961554,-40.10084451134553,3.086146182584633,4.340998592503027,-5.317741473601858,-0.10289476734245921,3.0207492418060706,0.06589874634649862,0.05711122905017163,0.0838000000022987,0,not_applicable,20.196286424461565,0,0,0.8260742012620841,0.449325994007536,720,0.7862372567191844,1.346784817263371,0.21901940157552577,running
Pure Pursuit,4.40999999999995,12.024035049929223,-40.387848381766695,3.1351491842026125,4.264479269709497,1.2706879271214078,-0.05539967354696345,3.213214975296774,0.061929369476091345,0.04235483195969536,0.07270000000048071,0,not_applicable,20.59618070927304,0,0,0.8253283827243523,0.5371449417840816,709,0.7383225208526416,1.4492676028507545,0.2232291878884924,running
Pure Pursuit,4.509999999999948,11.883492964899697,-40.669516182230645,3.15926851078963,4.222922646821502,0.6254338732829057,-0.037362784580502996,3.197692571530903,0.06797663086178939,0.05658534569957929,0.13689999999755287,0,not_applicable,20.79615145853957,0,0,0.8509547436784011,0.5344225355856387,717,0.7731696014828544,1.421085879809545,0.22193355627601147,running
Pure Pursuit,4.609999999999946,11.727413947794215,-40.94944637309746,3.244429517276804,4.182010393781702,2.2082945785315866,-0.03464700894923295,3.3800979686427888,0.019984523717796236,0.03532518638659177,0.07380000000267728,0,not_applicable,21.19596294534468,0,0,0.8516244253801456,0.5247938285577793,711,0.7470342910101948,1.4414822074733757,0.22502164647011186,running
Pure Pursuit,4.709999999999944,11.552772398035899,-41.23448425726722,3.427079073007494,4.141512212889775,4.736252427359857,-0.0350163518096984,3.7180547600127896,0.08225163724729531,0.02177063595316575,0.06759999999772504,0,not_applicable,21.59581686093425,0,0,0.8504523222400198,0.510192520734728,715,0.7644578313253012,1.41865503660354,0.2239412608755995,running
Pure Pursuit,4.809999999999942,11.357587636642767,-41.52635514763021,3.5832937284731132,4.099360811667554,4.0507738339596155,-0.041888125875437145,3.8321564564034554,0.06974055935066978,0.030992576798754,0.07550000000122736,0,not_applicable,21.795745420911672,0,0,0.864050884443855,0.4858423887559744,717,0.7731696014828544,1.4135895650833077,0.22193355627601147,running
Pure Pursuit,4.90999999999994,11.145855458280792,-41.816285746421954,3.5964684764975834,4.0533839609994065,0.34163199609834827,-0.0559916639804892,3.617456928082948,0.03196321097408787,0.007202703021411239,0.07499999999893703,0,not_applicable,22.19568691944478,0,0,0.8723862261613811,0.4419986491508866,705,0.7208989805375348,1.4095568325186736,0.2197779812188762,running
Pure Pursuit,5.009999999999938,10.935092149634693,-42.07442966539912,3.199115208669684,3.98022992534588,-4.521938958875373,-0.0746738130079798,3.144274580610046,0.038140037613044346,0.008435198927559284,0.07339999999800284,0,not_applicable,22.595560841165813,0,0,0.8734071302944368,0.43519392609519875,710,0.742678405931418,1.3771112196706332,0.2241197071405647,running
Pure Pursuit,5.1099999999999355,10.715492788602042,-42.30386488458378,3.165311911873227,3.906211433282617,-0.3846865172593228,-0.08152095460535964,3.160646556943752,0.08171490987185116,0.010307230789170063,0.06600000000034356,0,not_applicable,22.79528785730215,0,0,0.8786261925527797,0.4911463764979202,713,0.755746061167748,1.3694841876662212,0.22600293112750477,running
Pure Pursuit,5.209999999999933,10.47740943419793,-42.51798146478892,3.2345508218767627,3.8369885592307202,1.795421588955417,-0.0846654228813927,3.344854070768769,0.0025007295854208096,0.024936935064966192,0.0897000000001924,0,not_applicable,23.194884910167247,0,0,0.8699452576445617,0.49778067573775814,701,0.7034754402224284,1.4180707095846448,0.21649658541768402,running
Pure Pursuit,5.309999999999931,10.216087111774272,-42.72212395677656,3.386673285609788,3.7688878616719728,3.944659954026064,-0.0887860251499275,3.629016817279369,0.06680531792786923,0.05330023824087782,0.07830000000197401,0,not_applicable,23.594601040957567,0,0,0.8765209719491298,0.46664067922284325,715,0.7644578313253012,1.3133428754948275,0.2239412608755995,running
Pure Pursuit,5.409999999999929,9.94552811216039,-42.90260829247917,3.1856033752355497,3.6766922397529247,-2.2882053195360896,-0.0982122114209004,3.157852753656179,0.06262641203375352,0.0011657153632569361,0.06790000000123086,0,not_applicable,23.79457179022415,0,0,0.8560647800300578,0.44057967341560006,698,0.6904077849860983,1.3645295901918935,0.21414126651260781,running
Pure Pursuit,5.509999999999927,9.66945699664212,-43.05098162714247,3.109408715457068,3.5866156090496197,-0.8671064979382503,-0.09084448119300498,3.0988927254417247,0.04095392434814077,0.012572332825222077,0.07889999999832753,0,not_applicable,24.194482338020734,0,0,0.8601490693045835,0.4878994066472213,706,0.7252548656163116,1.38371997171989,0.2206244765899192,running
Pure Pursuit,5.609999999999925,9.388708411256477,-43.1738469134484,3.0428343852308855,3.5148380258708807,-0.7576257247271423,-0.08168188851132825,3.0336461429843538,0.07893980405249483,0.02259387391059775,0.07319999999921833,0,not_applicable,24.394453087287253,0,0,0.8590019235715299,0.5011981051861829,700,0.6991195551436515,1.4085379455634743,0.2157016455530536,running
Pure Pursuit,5.709999999999923,9.098244679532483,-43.27635861391547,3.1132170415756844,3.4476696158540068,1.8250798674189017,-0.07268196256380949,3.2253423719727756,0.03200791072291904,0.0022724846402120136,0.07930000000300197,0,not_applicable,24.79416646767927,0,0,0.8656785631155594,0.5233385197136331,711,0.7470342910101948,1.3934007799762254,0.22502164647011186,running
Pure Pursuit,5.809999999999921,8.789114758009632,-43.36262885205061,3.29240435423966,3.3819180034699388,4.6464736317682975,-0.06732541751689484,3.577864404752514,0.10260796757248332,0.011348941701214699,0.09999999999976694,0,not_applicable,25.19390054772471,0,0,0.8572739329127101,0.5004593302756708,710,0.742678405931418,1.3718641969597622,0.2241197071405647,running
Pure Pursuit,5.909999999999918,8.455111031822003,-43.43538617852664,3.526200135712032,3.3299411524271427,6.062515909634696,-0.05203694821129799,3.8986559452031297,0.047420059391786576,0.006147044831990911,0.09650000000149817,0,not_applicable,25.39379196742536,0,0,0.8683952947045037,0.4889948102518433,713,0.755746061167748,1.397673828360968,0.22600293112750477,running
Pure Pursuit,6.009999999999916,8.101325979712941,-43.49660665014609,3.645628697097268,3.2865841316334556,3.096880315388999,-0.04084601415059609,3.835888167250932,0.025339462393536998,0.00024414109544146356,0.06859999999875299,0,not_applicable,25.793733465958464,0,0,0.8536584701152107,0.4704306052568574,701,0.7034754402224284,1.4815199542366466,0.21649658541768402,running
Pure Pursuit,6.109999999999914,7.729672578681882,-43.54480636656365,3.8350714398471437,3.2430453266508006,4.912405325079319,-0.03623916356378454,4.1368692296052,0.03802969797143498,0.010798289909349279,0.0952000000005171,0,not_applicable,26.193674429778184,0,0,0.8769117606256852,0.4616330955969351,735,0.8515755329008341,1.3147500436011974,0.20602954162158948,running
Pure Pursuit,6.209999999999912,7.335700908180736,-43.580900052006164,4.059637580963601,3.2120834451028926,5.823183783342474,-0.02303377458915889,4.417389818181391,0.03944624340892567,0.018911075723249127,0.0708999999972093,0,not_applicable,26.59360249633447,0,0,0.8648989057233506,0.4500560189365011,714,0.7601019462465248,1.4759087788883603,0.22496523842325897,running
Pure Pursuit,6.30999999999991,6.917811319680228,-43.609994258796064,4.299307692016244,3.197737517078901,6.214842082136807,-0.013113456190804843,4.681121789177282,0.023419355445288687,0.015179826676313013,0.07469999999898391,0,not_applicable,26.993532506884744,0,0,0.8483829166465303,0.4250295041189914,741,0.8777108433734941,1.3039114484407697,0.2014875443267371,running
Pure Pursuit,6.409999999999908,6.475368620764429,-43.633701361652406,4.542825321900025,3.182960051090331,6.314611393539682,-0.01009001995704988,4.930768831370212,0.03366687342129416,0.016106039074820444,0.0741000000026304,0,not_applicable,27.393468636058554,0,0,0.8839440652737146,0.41318808581510896,358,-0.790593141797961,1.467651273292105,0.21807316453493358,running
Pure Pursuit,6.509999999999906,6.008414935332157,-43.65184178313466,4.784063168674367,3.1674099232133375,6.255494752151014,-0.0033714285143222845,5.168374797115127,0.09767782025249029,0.02135185181311705,0.0800000000005241,0,not_applicable,27.793409604103292,0,0,0.8518929249383982,0.3901777478288805,719,0.781881371640408,1.4777314842670632,0.21997807798827246,running
Pure Pursuit,6.6099999999999035,5.517480003398301,-43.666050481553604,5.019870158720059,3.168661071352939,6.114668193549155,0.005218539882575816,5.395529988029282,0.011941353164731825,0.014893215733469134,0.07109999999954653,0,not_applicable,28.393321406182462,0,0,0.8772511034535695,0.3512949828305626,350,-0.8254402224281743,1.3507794990324011,0.21092842571338713,running
Pure Pursuit,6.709999999999901,5.001227058964111,-43.68363902655597,5.289627060373388,3.1868225781298385,6.995017179984213,0.008954779585344434,5.719371876718481,0.09505898283267356,1.1638029628002755e-05,0.07120000000071514,0,not_applicable,28.99323314174846,0,0,0.8932734077754849,0.3521791434513134,711,0.7470342910101948,1.5221378725630106,0.22502164647011186,running
Pure Pursuit,6.809999999999899,4.457532416902162,-43.70909285384879,5.573539329086928,3.2038560434123777,7.362077430040035,0.003304930557054667,6.025834803377392,0.04932340128365053,0.012594251689892033,0.09750000000252612,0,not_applicable,29.393174560723413,0,0,0.8905965011411572,0.33442455274822513,357,-0.7949490268767376,1.455994098952159,0.21713917065507293,running
Pure Pursuit,6.909999999999897,3.8876166149878144,-43.741798488518555,5.823521248693759,3.202377282584753,6.482235715260467,-0.0042251283266093315,6.221762900612974,0.02024576239975433,0.007205990503532433,0.06709999999898741,0,not_applicable,29.993086764392178,0,0,0.8931414021658519,0.3108527397399062,714,0.7601019462465248,1.4806581588153787,0.22496523842325897,running
Pure Pursuit,7.009999999999895,3.2919371850226726,-43.77371455492004,6.0861730642920415,3.1819683558495293,6.810776485063261,-0.006356514689597016,6.504598897200085,0.016902844719665352,0.010594824795248314,0.07019999999968718,0,not_applicable,30.592998918548073,0,0,0.8795218944500878,0.2987494065868637,349,-0.8297961075069509,1.3844785266644228,0.21008581223244965,running
Pure Pursuit,7.109999999999893,2.6694849446842897,-43.79911326700706,6.352059634422859,3.163441461092713,6.894656316828209,-0.0015537118139597836,6.7756386959748625,0.03997381627163908,0.019617897774587334,0.07229999999935899,0,not_applicable,31.19291002415538,0,0,0.8698047997210255,0.289278387960463,346,-0.8428637627432809,1.378995986113127,0.20762130414308752,running
Pure Pursuit,7.209999999999891,2.020307355868174,-43.818062332569305,6.615909987961356,3.1653651247818946,6.841855554519087,0.0005211352944990416,7.0362451898747675,0.08960692267375951,0.0019515606581528289,0.07670000000103983,0,not_applicable,31.792819973139608,0,0,0.8862220036200466,0.276375151141243,718,0.7775254865616312,1.4720459979579803,0.22094939445953415,running
Pure Pursuit,7.309999999999889,1.3495858277155908,-43.83672955235812,6.789796960226983,3.168955736911024,4.509031468402069,-0.011458084929711664,7.066813134801563,0.03999576566945563,0.031364771205330655,0.07209999999702177,0,not_applicable,32.592688788742926,0,0,0.8921988808824443,0.2545343788113116,712,0.7513901760889712,1.4564851450746432,0.22593517874601313,running
Pure Pursuit,7.4099999999998865,0.681862889673977,-43.84906376993912,6.6217461665170445,3.1259525913640984,-1.9124428881657884,-0.03404528768312209,6.598552671410404,0.04109594464265186,0.016260684641842715,0.08889999999794895,0,not_applicable,33.192597519269924,0,0,0.8935013037232108,0.24011759687777617,695,0.6773401297497683,1.4823101910780176,0.21187243445594103,running
Pure Pursuit,7.509999999999884,0.04168676865867675,-43.836926061969756,6.292536297269947,3.030456193007879,-3.7464570041978007,-0.037997880712516065,6.247100466097264,0.08303201396160886,0.047036391376384046,0.07120000000071514,0,not_applicable,33.79250136526944,0,0,0.8400034181785072,0.2552485958495964,726,0.8123725671918445,1.3759984457848058,0.2135218524542555,running
Pure Pursuit,7.609999999999882,-0.5594008407863271,-43.78448168292246,5.9040098580159786,2.9296661696592747,-4.421488344161775,-0.019078834749391836,5.850387462853769,0.08435724627725058,0.10855903286246615,0.0780999999996368,0,not_applicable,34.39237574627674,0,0,0.8380241638650627,0.2704473991182754,357,-0.7949490268767376,1.4089457616534284,0.21713917065507293,running
Pure Pursuit,7.70999999999988,-1.1144465777266221,-43.6937944505713,5.48288329453844,2.8806151828939113,-4.792482579585009,0.008469574146142458,5.424761600057478,0.042388295127718204,0.11447511447339309,0.08719999999939887,0,not_applicable,34.99228038766156,0,0,0.851077981521745,0.28675967832951643,364,-0.7644578313253012,1.4459001593187242,0.2239412608755995,running
Pure Pursuit,7.809999999999878,-1.6361238297209273,-43.579904776587114,5.267006416304744,2.8885299490076703,-2.456710803818396,0.017059297493092557,5.2372122141566,0.0394382518500279,0.06059949401891096,0.07540000000005875,0,not_applicable,35.59217474974226,0,0,0.884317311202256,0.3155236592195283,347,-0.8385078776645043,1.3650502379946357,0.2084324073070941,running
Pure Pursuit,7.909999999999876,-2.152335284984361,-43.458057138989645,5.335460426676343,2.913000939340313,1.7750684992798327,0.003835596106667506,5.444513266232727,0.09150698004401815,0.004397102985763013,0.0686000000023057,0,not_applicable,35.99208455101426,0,0,0.8801470954232439,0.32226679113306383,704,0.7165430954587584,1.4989044772811102,0.21894209497805303,running
Pure Pursuit,8.009999999999874,-2.672793954369496,-43.33701194443317,5.35033604497418,2.9163390902507214,0.38573695397046137,-0.02735424100217923,5.374034122073389,0.027033059162076545,0.04923002247885222,0.08099999999799934,0,not_applicable,36.59195575961416,0,0,0.872444293253481,0.2982500167433531,703,0.7121872103799816,1.4226272009267547,0.21811666573475305,running
Pure Pursuit,8.109999999999872,-3.1677095915385096,-43.21709691354951,4.961001323680541,2.8753283501170857,-4.430686713323118,-0.05492067673483212,4.907267373641869,0.07819467807024437,0.05908821831409483,0.09380000000192013,0,not_applicable,37.19185071195401,0,0,0.8349235940421043,0.2889430654934481,717,0.7731696014828544,1.3283655233874214,0.22193355627601147,running
Pure Pursuit,8.20999999999987,-3.648147735904692,-43.07837284577765,5.035943388587855,2.79621570447294,1.943309062037768,-0.07009244248094497,5.155332229884317,0.07524690546213077,0.01280375807118439,0.0669999999978188,0,not_applicable,37.59175897306466,0,0,0.8279688969073608,0.3137337334603625,708,0.7339666357738648,1.3780380616410846,0.22234991952811328,running
Pure Pursuit,8.309999999999867,-4.128103301632983,-42.90376626744845,5.169790382591641,2.722363357392341,3.470762070617708,-0.05845839079170601,5.383019595649626,0.10596778419981444,0.013591570548449283,0.10840000000200689,0,not_applicable,38.19163804000582,0,0,0.790662991036295,0.31191428881103533,730,0.8297961075069509,1.2704052970034845,0.21008581223244965,running
Pure Pursuit,8.409999999999865,-4.596171205694276,-42.698644148004504,5.081439494473933,2.6578129486959434,-1.0054461744196352,-0.05360202398813717,5.069245765149677,0.10157541049753598,0.042560627578863475,0.07570000000001187,0,not_applicable,38.59156367999972,0,0,0.7877306185333567,0.303953033079893,717,0.7731696014828544,1.3465664829966166,0.22193355627601147,running
Pure Pursuit,8.509999999999863,-5.044639172145599,-42.46638780660957,5.035936007054899,2.5934538007156855,-0.5178364170744576,-0.04098869383046468,5.029655852766488,0.0998225195680548,0.05721075885450411,0.10430000000027917,0,not_applicable,39.19146122336256,0,0,0.8056742934081562,0.3216942535635518,718,0.7775254865616312,1.3858995593182863,0.22094939445953415,running
Pure Pursuit,8.60999999999986,-5.478823893014584,-42.207155959960694,5.075640919676055,2.550101526765327,1.0295808715644483,-0.030745059744479584,5.138894094211344,0.08494336572877585,0.06770216157244313,0.07270000000048071,0,not_applicable,39.59137032977083,0,0,0.8222494621988371,0.3316599085399873,720,0.7862372567191844,1.3990505250662715,0.21901940157552577,running
Pure Pursuit,8.709999999999859,-5.909013336320037,-41.92654944340377,5.188108788600042,2.533740645253941,2.9163838645008155,-0.021551849556721417,5.367279306126137,0.06745113061033604,0.032777729324852345,0.10170000000186974,0,not_applicable,40.19123182137005,0,0,0.8208444794718054,0.33166865671224444,730,0.8297961075069509,1.3464458549556442,0.21008581223244965,running
Pure Pursuit,8.809999999999857,-6.328601747348645,-41.63728287583572,5.049751414328436,2.512579444507282,-1.574527383118074,-0.03137402700592116,5.0306560502882345,0.08290149590725765,0.021388042937140028,0.06550000000160594,0,not_applicable,40.5911733199031,0,0,0.8325197939079503,0.31614151810679747,714,0.7601019462465248,1.4137090931378173,0.22496523842325897,running
Pure Pursuit,8.909999999999854,-6.7287141995718365,-41.3450966113746,4.906228904519975,2.4728577795314615,-1.6333073894828232,-0.0373190911541405,4.886420675380154,0.0643891017657494,0.010076015802761518,0.06640000000146529,0,not_applicable,41.19104263539868,0,0,0.8324833229304593,0.3199346169047391,722,0.7949490268767376,1.3485712212486394,0.21713917065507293,running
Pure Pursuit,9.009999999999852,-7.11719698827286,-41.03421241906038,5.035633740646847,2.4173148595920795,3.3555732822131557,-0.04059576760191527,5.2417862327412905,0.0757990952743864,0.03310522632106583,0.07400000000146179,0,not_applicable,41.59095084218631,0,0,0.842273587075554,0.33963200818872213,708,0.7339666357738648,1.4596257133529444,0.22234991952811328,running
Pure Pursuit,9.10999999999985,-7.500533356325438,-40.696905938458215,5.166727832364195,2.37840055628586,3.3993770618545227,-0.03144714917949791,5.375571446832299,0.05967797737356134,0.023884933799052988,0.06750000000010914,0,not_applicable,42.19084419991088,0,0,0.8235302507856235,0.3284047671251542,731,0.8341519925857277,1.3202371018277834,0.20925385860619153,running
Pure Pursuit,9.209999999999848,-7.86835069534117,-40.34826652734025,5.018117084453164,2.33840093606375,-1.6912122916717998,-0.03397770234919847,4.997606603197015,0.08508317436068703,0.02810155310599427,0.06920000000221194,0,not_applicable,42.590774981226716,0,0,0.835626066056629,0.3182656127433046,732,0.8385078776645041,1.3078286635236998,0.20843240730709414,running
Pure Pursuit,9.309999999999846,-8.212796008290603,-39.988295892146375,4.964785836643426,2.2752220236079315,-0.6069174880946093,-0.03352947879232191,4.957425335643703,0.05515787984843389,0.04417512146179803,0.07079999999959341,0,not_applicable,43.19065599893163,0,0,0.8391591637220281,0.326778958487629,711,0.7470342910101948,1.428165757424737,0.22502164647011186,running
Pure Pursuit,9.409999999999844,-8.54110939042846,-39.60644718947187,5.097161195843096,2.234839355608352,3.4326013760280283,-0.02250425887884434,5.3080459742462285,0.0768566006809569,0.051377716895068204,0.06909999999749061,0,not_applicable,43.590562609592475,0,0,0.8597779234946149,0.33203159764058543,716,0.768813716404078,1.40774243335507,0.22293077345441878,running
Pure Pursuit,9.509999999999842,-8.860822975767645,-39.206789156392695,5.136138339739019,2.2170980051222586,1.010709233045226,-0.019059616739991462,5.198232119147619,0.03417020051974795,0.016510483613954463,0.08049999999926172,0,not_applicable,44.19045385666062,0,0,0.8507899292019134,0.323388460178994,707,0.729610750695088,1.450227518735177,0.22148173646210823,running
Pure Pursuit,9.60999999999984,-9.157383899178827,-38.81611447515443,4.787089255457943,2.190428336102876,-3.972230205626488,-0.03093115877052742,4.73891531917637,0.07507631184698017,0.009604740792449107,0.06819999999763127,0,not_applicable,44.59038552399245,0,0,0.8435313770558954,0.31423102968175654,710,0.742678405931418,1.4130401874161844,0.2241197071405647,running
Pure Pursuit,9.709999999999837,-9.437737190031463,-38.42303153653972,4.863670352702286,2.1559983422919964,1.9858105116237112,-0.03737399920746693,4.985670306620314,0.0636582458347735,0.008390050327884424,0.06640000000146529,0,not_applicable,45.19023063947062,0,0,0.8317999705901381,0.32985796470160944,702,0.7078313253012047,1.4170294484858263,0.21730154451353453,running
Pure Pursuit,9.809999999999835,-9.708763817318003,-38.00747333958873,5.045208876067958,2.10440147465729,4.707442449067614,-0.04576170655163469,5.334414597609047,0.06458361951118465,0.010019298097518003,0.06620000000268078,0,not_applicable,45.590150474370574,0,0,0.8198885472601579,0.3319668626905631,720,0.7862372567191844,1.3597396447769468,0.21901940157552577,running
Pure Pursuit,9.909999999999833,-9.96419844148474,-37.57166249470616,5.05790577861477,2.046334384199433,0.3292410718806149,-0.04136667415789883,5.07813298325602,0.07534090915230582,0.01612936594540848,0.06639999999791257,0,not_applicable,46.190054541547944,0,0,0.8155699999420467,0.32105594556755923,721,0.7905931417979613,1.3574751143431303,0.21807316453493353,running
Pure Pursuit,10.009999999999831,-10.190468549625269,-37.131178873096054,4.899169304846427,1.9774050893358295,-1.80644454958518,-0.037723950897371086,4.877261323656252,0.06621465506777359,0.05202954967243656,0.06910000000104333,0,not_applicable,46.589965755056554,0,0,0.8443411738629389,0.3326980532043946,725,0.8080166821130677,1.3770809464739446,0.2144087504700342,running
Pure Pursuit,10.109999999999829,-10.389821041917262,-36.678741856141926,4.983304101281198,1.9348908144318768,2.1816841122086394,-0.022072676164823467,5.117337716067291,0.07907328855389313,0.047268875718755154,0.10819999999966967,0,not_applicable,47.18984289004534,0,0,0.8467335518773238,0.3494131155192526,725,0.8080166821130677,1.3971723303719144,0.2144087504700342,running
Pure Pursuit,10.209999999999827,-10.574457482919586,-36.21132689319168,5.061985306885311,1.9182567597638145,2.040268039740223,-0.018293566897931084,5.18733090525522,0.0475992321400603,0.029857362606536597,0.07409999999907768,0,not_applicable,47.589761647624485,0,0,0.8407442483655726,0.3381050690234507,701,0.7034754402224284,1.5013840570941654,0.21649658541768402,running
Pure Pursuit,10.309999999999825,-10.744582925424249,-35.7465144222614,4.8925752614210705,1.8963942885850331,-1.9279113741714404,-0.027179160202350797,4.869194169468167,0.07862174356435452,0.00024394714840525467,0.1123000000013974,0,not_applicable,48.18966748064757,0,0,0.8506019775304376,0.3231967920015848,731,0.8341519925857277,1.3083402806200883,0.20925385860619153,running
Pure Pursuit,10.409999999999823,-10.900723807416641,-35.28159156653393,4.914969770435852,1.8611923755762243,0.5807079423570016,-0.038329515695968805,4.950646055656771,0.0420191423344705,0.0018638848163909927,0.07180000000062137,0,not_applicable,48.58957892230215,0,0,0.8386044788968678,0.3339532402989624,729,0.8254402224281745,1.3190883407166811,0.21092842571338707,running
Pure Pursuit,10.50999999999982,-11.039367342576275,-34.804191760456575,5.020002159139589,1.8059234035409988,2.7235757785415338,-0.04169782927812731,5.1873273482900055,0.09841936449440394,0.003930888924497111,0.1066999999999041,0,not_applicable,49.189428381806195,0,0,0.8389661510007954,0.3267777466581607,723,0.7993049119555145,1.3360003610814366,0.21621722807816315,running
Pure Pursuit,10.609999999999818,-11.153077351893591,-34.32248259666316,4.91449588919118,1.7416110590267797,-1.2006769570395814,-0.040543165782137375,4.899934463435631,0.047278636554915536,0.03396341727298591,0.07840000000314262,0,not_applicable,49.58936988033929,0,0,0.8408936733218986,0.3322783737736795,702,0.7078313253012047,1.484633075936697,0.21730154451353453,running
Pure Pursuit,10.709999999999816,-11.234838763560283,-33.85877151874769,4.604555193391303,1.6808161518440214,-3.527170960339072,-0.029249121561936823,4.561778793157273,0.08642965783339492,0.06015561508885803,0.07460000000136802,0,not_applicable,49.98930862350987,0,0,0.8272711256496448,0.3445699235323254,707,0.729610750695088,1.4837902058422134,0.22148173646210823,running
Pure Pursuit,10.809999999999814,-11.29302207701879,-33.397564012161524,4.686721658006675,1.661348919112863,2.1306436576059173,-0.01833952987685065,4.817619559151895,0.07191381325018878,0.02521601580322219,0.07360000000034006,0,not_applicable,50.58915226096735,0,0,0.8372759418617989,0.3718513671571585,714,0.7601019462465248,1.4659165485870496,0.22496523842325897,running
Pure Pursuit,10.909999999999812,-11.338942557034121,-32.920883274761714,4.876061157237552,1.6475931314244825,4.909728136155911,-0.0261210284673222,5.177694471622266,0.03636159290422187,0.005128230421624025,0.0686999999999216,0,not_applicable,50.989065667498934,0,0,0.8485728356041912,0.3515794567976221,714,0.7601019462465248,1.4192017060246394,0.22496523842325897,running
Pure Pursuit,11.00999999999981,-11.37480246262308,-32.43131247226091,4.937081533202087,1.6152864809547807,1.582308276766753,-0.0364302351208371,5.034291984914227,0.10333093599344535,0.013535405951316193,0.0686999999999216,0,not_applicable,51.588975084762005,0,0,0.8781253408117455,0.33651992283187987,723,0.7993049119555145,1.3602554162023854,0.21621722807816315,running
Pure Pursuit,11.109999999999808,-11.39138247817693,-31.944071090228185,4.8443972259269,1.5532159659110394,-1.0547611253711153,-0.04345096376445465,4.8316054206649754,0.047410684525614075,0.016777136713985286,0.1010999999984108,0,not_applicable,51.98889460615372,0,0,0.8455035547475488,0.329255000709457,714,0.7601019462465248,1.4031146085172432,0.22496523842325897,running
Pure Pursuit,11.209999999999805,-11.381962500985953,-31.455006661657688,4.93288276244446,1.4961080818799313,2.294502362411821,-0.034986517291565926,5.073847462168082,0.09072451253050756,0.0434406417431763,0.12830000000008113,0,not_applicable,52.388806406693355,0,0,0.8375620071928819,0.3465135966257826,724,0.8036607970342913,1.3804174028523744,0.2153071491827237,running
Pure Pursuit,11.309999999999803,-11.346746836683868,-30.955242827835182,5.076400206459109,1.458438213471263,3.721524751941425,-0.022190054338236082,5.305035237638602,0.04400943423937803,0.039047178454946874,0.06829999999879988,0,not_applicable,52.988695839287345,0,0,0.8430857065280005,0.3458488338832435,729,0.8254402224281745,1.3680163718774256,0.21092842571338707,running
Pure Pursuit,11.409999999999801,-11.294114478205682,-30.447354005843305,5.131650455528945,1.4409253606729981,1.4326841651620725,-0.01892807434697439,5.219668622975316,0.09326334425361907,0.024788439328354173,0.07099999999837792,0,not_applicable,53.38863371059193,0,0,0.848561393473684,0.33003688056386327,715,0.7644578313253012,1.4331736369925925,0.2239412608755995,running
Pure Pursuit,11.509999999999799,-11.229254513762223,-29.937273331578854,5.150766059480937,1.4221410429087706,0.4956832512177911,-0.024762395158885266,5.181218780650724,0.03232163922481742,0.004199554449121123,0.06989999999973406,0,not_applicable,53.988529312055576,0,0,0.8375785216024448,0.3178501433604385,716,0.768813716404078,1.3952580323109547,0.22293077345441878,running
Pure Pursuit,11.609999999999797,-11.151035259147326,-29.42046293235135,5.292249645901105,1.389429868141653,3.6687851603764443,-0.03495561682111781,5.517644575518581,0.08693100456323372,0.004199853142592858,0.06649999999908118,0,not_applicable,54.58840129592981,0,0,0.8440131585886355,0.32009232851172353,724,0.8036607970342913,1.3596445392866023,0.2153071491827237,running
Pure Pursuit,11.709999999999795,-11.050786075838458,-28.89375640329857,5.421504332553066,1.3335558718975729,3.351679783473571,-0.036011102789024634,5.627417624248462,0.07137655929937979,0.026390612979801276,0.0665000000026339,0,not_applicable,54.98834127747397,0,0,0.8467550085355826,0.31191513819843136,724,0.8036607970342913,1.3610410742973236,0.2153071491827237,running
Pure Pursuit,11.809999999999793,-10.92638096519975,-28.371254540082973,5.345992008767983,1.2836302045490053,-0.8593414134116895,-0.025026749117511807,5.335570191211897,0.04353678086322253,0.03768291623395825,0.07109999999954653,0,not_applicable,55.58823954059986,0,0,0.8218410905637276,0.3128516112483297,731,0.8341519925857277,1.3487218402036414,0.20925385860619153,running
Pure Pursuit,11.90999999999979,-10.7808789880771,-27.85000739059354,5.468179772206624,1.2649109219141077,3.1684286822642616,-0.01707192798442632,5.662834876994409,0.07762100002652018,0.022507780746593653,0.06769999999889365,0,not_applicable,56.188133351649576,0,0,0.8243102170416075,0.3154986604692413,722,0.7949490268767376,1.3983381667609847,0.21713917065507293,running
Pure Pursuit,12.009999999999788,-10.61708001682926,-27.317318213565454,5.662547308020355,1.250457296505472,5.040109238782344,-0.020554002158340447,5.9721906960848585,0.09672256179636501,0.014003463332718624,0.07839999999958991,0,not_applicable,56.588061555261135,0,0,0.8290028956720065,0.3053362679585031,711,0.7470342910101948,1.4500438271044946,0.22502164647011186,running
Pure Pursuit,12.109999999999786,-10.437629229284122,-26.77055452280357,5.833122959383032,1.2338562880805672,4.42316620800419,-0.024775308666871634,6.104863928820774,0.07633448206121,0.0007830244987818702,0.12199999999751299,0,not_applicable,57.18797283823753,0,0,0.8383293125095959,0.2898258605814864,718,0.7775254865616312,1.390519509842706,0.22094939445953415,running
Pure Pursuit,12.209999999999784,-10.243883780322774,-26.212933002951395,5.963047803878165,1.2153168155689316,3.3690575246826793,-0.027086765766052515,6.1700287118513,0.07414900342537847,0.002754776577129192,0.08310000000122386,0,not_applicable,57.78787430085246,0,0,0.8327140069596222,0.28275482442298777,716,0.768813716404078,1.4083734008417408,0.22293077345441878,running
Pure Pursuit,12.309999999999782,-10.034748641639167,-25.643583237506625,6.152813925167111,1.1973163854145814,4.92079079519173,-0.02672693882595924,6.455126883397338,0.08464327509725264,0.002275472025957015,0.07149999999711554,0,not_applicable,58.38778462574304,0,0,0.8291812537908116,0.2794011222402225,712,0.7513901760889712,1.4434090610051489,0.22593517874601313,running
Pure Pursuit,12.40999999999978,-9.808274878690368,-25.058639223123613,6.374690913974634,1.1802433139241058,5.753451863657357,-0.023255590714016765,6.728159111532847,0.10732585478185327,0.014103065633788603,0.07300000000043383,0,not_applicable,58.987696728224215,0,0,0.8129312040112505,0.26687085506551544,723,0.7993049119555145,1.3610327922320586,0.21621722807816315,running
Pure Pursuit,12.509999999999778,-9.563352098455432,-24.4562387973495,6.612186457883794,1.1634641985718948,6.158453776835051,-0.016189440264822896,6.990536291658139,0.08602911729263212,0.03387942845695946,0.08229999999898041,0,not_applicable,59.78757951543165,0,0,0.8300246969137304,0.269196358072877,723,0.7993049119555145,1.4126516767629316,0.21621722807816315,running
Pure Pursuit,12.609999999999776,-9.2985603222053,-23.834178348813737,6.887373586907764,1.1472944316104168,7.135827418817939,-0.0043017512102255795,7.325769199765588,0.03898892941937586,0.05399625806883357,0.0762000000023022,0,not_applicable,60.38749150356602,0,0,0.8419367602437652,0.2613133785593049,360,-0.7818813716404078,1.4460436667557797,0.21997807798827249,running
Pure Pursuit,12.709999999999773,-9.015445717212343,-23.190816652152105,7.149640986508174,1.150219965641515,6.800808263702143,0.014470733312084426,7.567454413277979,0.08545992240030245,0.05458125747794007,0.07329999999683423,0,not_applicable,61.18737444830654,0,0,0.8667194650151955,0.24355612767399598,375,-0.7165430954587582,1.4838837816948645,0.21894209497805295,running
Pure Pursuit,12.809999999999771,-8.722732678997433,-22.5219257652678,7.430594500548823,1.1742369732010371,7.28535450046385,0.027090504490153367,7.878176436554559,0.05357558072451911,0.03208633977807196,0.07360000000034006,0,not_applicable,61.787286634919575,0,0,0.8703523065282324,0.23220936206385864,346,-0.8428637627432809,1.3122072333238242,0.20762130414308752,running
Pure Pursuit,12.90999999999977,-8.428762589747855,-21.826604899799907,7.650180899501261,1.1954908884474897,5.69405499451177,0.026759702589040497,8.0,0.057684054664812225,0.011289231218530205,0.07709999999860884,0,not_applicable,62.587169631487875,0,0,0.8361880226057072,0.22080005530703992,367,-0.7513901760889712,1.4248434484726191,0.22593517874601313,running
Pure Pursuit,13.009999999999767,-8.141781013151896,-21.1096256970512,7.785085667083129,1.2327435314176287,3.498191004987392,0.0323671426909297,8.0,0.07624332948461827,0.026298141576116763,0.06589999999917495,0,not_applicable,63.387052627187174,0,0,0.8072275566320087,0.2197725760482163,340,-0.8689990732159407,1.288396324860832,0.20296376061118726,running
Pure Pursuit,13.109999999999765,-7.874633242773712,-20.37366852954628,7.867965555833707,1.285997452982134,2.1491433291687123,0.016444196194744902,8.0,0.0738612823724941,0.0799724719339725,0.06600000000034356,0,not_applicable,64.1869356226752,0,0,0.8235554488591602,0.2202077301478873,707,0.729610750695088,1.4994059813463394,0.22148173646210823,running
Pure Pursuit,13.209999999999763,-7.62845908408301,-19.62349825567123,7.918883518797022,1.2877125176780608,1.3203444416629306,-0.018020797052009332,8.0,0.06074517883237804,0.08214745825709535,0.07099999999837792,0,not_applicable,64.98681861725784,0,0,0.8517279528216218,0.20624594183541248,711,0.7470342910101948,1.4156346930546015,0.22502164647011186,running
Pure Pursuit,13.30999999999976,-7.387230257929006,-18.867477055059982,7.950165401427631,1.2374267790606486,0.8111648120297765,-0.03497918503101216,8.0,0.06961581763951542,0.032351134895417744,0.08620000000192363,0,not_applicable,65.78670161180618,0,0,0.874208328431778,0.20807234695189158,711,0.7470342910101948,1.4339514821966757,0.22502164647011186,running
Pure Pursuit,13.409999999999759,-7.1272497740268825,-18.11511174998661,7.969383691476277,1.170783080814024,0.4983459857236916,-0.027378342288459704,8.0,0.08630609142931082,0.03376192254044419,0.07469999999898391,0,not_applicable,66.58658460773866,0,0,0.8456462744840227,0.21519443421857665,729,0.8254402224281745,1.3712716177766355,0.21092842571338707,running
Pure Pursuit,13.509999999999756,-6.839614751987154,-17.37125579085059,7.981190611051905,1.1402370777335231,0.3061630852372321,-0.003724381527513762,8.0,0.08709826968954645,0.06373669940513693,0.07180000000062137,0,not_applicable,67.38646759988406,0,0,0.8160519005703224,0.21423124654869882,358,-0.790593141797961,1.419022377361001,0.21807316453493358,running
Pure Pursuit,13.609999999999754,-6.529276061515723,-16.63553330494748,7.988444292285382,1.140582929502099,0.1880938894809514,0.012662495986832348,8.0,0.07728288647020329,0.0627324507266902,0.08200000000258001,0,not_applicable,68.18635059428915,0,0,0.8333465651846776,0.2115891939286542,363,-0.7688137164040778,1.436684432411942,0.22293077345441883,running
Pure Pursuit,13.709999999999752,-6.211781233201045,-15.902230137660263,7.9929006529050906,1.1723405903964106,0.11555707714618002,0.02258442009279399,8.0,0.0754947112101366,0.03033503094986756,0.12459999999947513,0,not_applicable,68.98623358511246,0,0,0.864990262900102,0.21063797136910342,362,-0.7731696014828544,1.4262212632291555,0.22193355627601147,running
Pure Pursuit,13.80999999999975,-5.901222867742995,-15.165589363235222,7.995638455867983,1.2046607166382288,0.07099347094909447,0.019060384744448967,8.0,0.08277682310332118,0.002604342792192682,0.06919999999865922,0,not_applicable,69.78611658073993,0,0,0.8309722227379714,0.21532687462814756,364,-0.7644578313253012,1.4661486024269947,0.2239412608755995,running
Pure Pursuit,13.909999999999748,-5.605582480571937,-14.422611639579788,7.997320448350924,1.2331669029360781,0.04361544132017059,0.011921592112336905,8.0,0.0864186443217032,0.031704447724093754,0.06810000000001537,0,not_applicable,70.58599957398692,0,0,0.8711770534529417,0.2171041595404132,713,0.755746061167748,1.489311720753853,0.22600293112750477,running
Pure Pursuit,14.009999999999746,-5.326593665300015,-13.673074910538904,7.998353794706016,1.2479408244651498,0.02679551649076295,1.4467992257453127e-05,8.0,0.08206387834406817,0.04706236215008275,0.06789999999767815,0,not_applicable,71.38588256719396,0,0,0.8406387905674556,0.21776909275105796,717,0.7731696014828544,1.4683756836094446,0.22193355627601147,running
Pure Pursuit,14.109999999999744,-5.057923411540689,-12.919678807044425,7.998988639808129,1.2343913983319186,0.01646205293983627,-0.012209965709070215,8.0,0.07697832814370803,0.034075595603534126,0.07830000000197401,0,not_applicable,72.18576556130446,0,0,0.8759877512445737,0.2169599321954245,715,0.7644578313253012,1.4764235310636749,0.2239412608755995,running
Pure Pursuit,14.209999999999742,-4.787616583210702,-12.166817132439427,7.999378662283836,1.2036831044981366,0.010113601918710913,-0.01441634340366858,8.0,0.07775572456363787,0.0038808588251271203,0.06959999999978095,0,not_applicable,72.98564855516696,0,0,0.8513665089554459,0.2176388515528611,729,0.8254402224281745,1.391658880831819,0.21092842571338707,running
Pure Pursuit,14.30999999999974,-4.505746950499159,-11.418185434291201,7.999618275901472,1.1736444688654002,0.006213377161641276,-0.007215061298476474,8.0,0.07965969545552791,0.025669298030450705,0.07210000000057448,0,not_applicable,73.78553155162413,0,0,0.8744357099247047,0.22028705553574715,729,0.8254402224281745,1.4060841420515193,0.21092842571338707,running
Pure Pursuit,14.409999999999737,-4.209941450415479,-10.674921576081257,7.999765484560802,1.1692026398699675,0.0038172409852776923,0.004478118514386878,8.0,0.07828600473417481,0.029648206280830536,0.08230000000253312,0,not_applicable,74.58541454541289,0,0,0.8710484126879389,0.21460721627267543,353,-0.8123725671918443,1.3942826120857112,0.21352185245425553,running
Pure Pursuit,14.509999999999735,-3.9100434869195495,-9.933281016159993,7.999855923449858,1.198325637972204,0.0023451543919783546,0.00883981394763468,8.0,0.07690498381931242,5.858324152185901e-05,0.0801999999993086,0,not_applicable,75.38529754115596,0,0,0.8685900385127859,0.21557534340052004,717,0.7731696014828544,1.4561965872327551,0.22193355627601147,running
Pure Pursuit,14.609999999999733,-3.6152116166419574,-9.189605071372632,7.999911485348802,1.2069396926971314,0.00144076550141925,-0.0025094228335621614,8.0,0.07661013997563014,0.008963818446160232,0.07570000000001187,0,not_applicable,76.1851805357353,0,0,0.8617573223919278,0.2182674928238068,725,0.8080166821130677,1.420853722641029,0.2144087504700342,running
Pure Pursuit,14.70999999999973,-3.3212079533142127,-8.445596336629373,7.999945620272911,1.1803956532293278,0.0008851465119796842,-0.005592362287288106,8.0,0.07648236182723789,0.017197282294826977,0.08550000000084879,0,not_applicable,76.98506353207186,0,0,0.8731891006976358,0.2142014977337347,366,-0.755746061167748,1.4730875143256168,0.22600293112750477,running
Pure Pursuit,14.809999999999729,-3.0213177666659683,-7.703938236258131,7.999966591353202,1.1727781930607821,0.0005437972708932648,0.009034816998878268,8.0,0.07698779720731273,0.024457112030310313,0.07099999999837792,0,not_applicable,77.7849465280141,0,0,0.8648037189350724,0.20914595859217788,357,-0.7949490268767376,1.388885916606157,0.21713917065507293,running
Pure Pursuit,14.909999999999727,-2.7205283460244254,-6.96264219634737,7.999979475114337,1.1995863858477773,0.0003340864679834965,0.016329811237994814,8.0,0.07862850438910128,0.002687800005585217,0.08889999999794895,0,not_applicable,78.58482952359748,0,0,0.874692387584863,0.21681864296571748,370,-0.7383225208526414,1.5060939889329055,0.22322918788849236,running
Pure Pursuit,15.009999999999724,-2.4283690573237933,-6.217911113827341,7.999987390362321,1.2301393387804698,0.00020524885663064651,0.006112433262607703,8.0,0.07848688223971412,0.0335621936635242,0.07100000000193063,0,not_applicable,79.38471251992578,0,0,0.8493244696628623,0.21765730891829066,719,0.781881371640408,1.4555530277699165,0.21997807798827246,running
Pure Pursuit,15.109999999999722,-2.1487979308508955,-5.46835776139124,7.999992253162088,1.2353791839104686,0.00012609637678906438,-0.009902099750588946,8.0,0.07639589028472714,0.03907983488446298,0.07350000000272416,0,not_applicable,80.1845955159652,0,0,0.8740357881568502,0.2116780515529558,712,0.7513901760889712,1.463387138908618,0.22593517874601313,running
Pure Pursuit,15.20999999999972,-1.8729086761133462,-4.717436141679243,7.99999524066439,1.2066593933656136,7.746837911604132e-05,-0.018369810215167214,8.0,0.07746939513735514,0.010612374081988563,0.06610000000151217,0,not_applicable,80.98447851296021,0,0,0.8727925955695166,0.21351027858494695,719,0.781881371640408,1.4320135222443708,0.21997807798827246,running
Pure Pursuit,15.309999999999718,-1.58911472959533,-3.969475477060937,7.999997076061781,1.1752762251578859,4.759335610060589e-05,-0.010935687091376309,8.0,0.07967705412437219,0.020543732758682154,0.07749999999973056,0,not_applicable,81.78436150925282,0,0,0.8526270915422194,0.21869760464519564,718,0.7775254865616312,1.4677902952370265,0.22094939445953415,running
Pure Pursuit,15.409999999999716,-1.2928748951281013,-3.226351376678987,7.999998203653743,1.1697867782422842,2.9239382186574403e-05,0.001235647369424257,8.0,0.07866311876134156,0.02581860168931449,0.0761000000011336,0,not_applicable,82.5842445060459,0,0,0.8624954777457576,0.22036305897143896,365,-0.7601019462465246,1.5026575954413006,0.22496523842325905,running
Pure Pursuit,15.509999999999714,-0.9929589432641582,-2.484698254258022,7.9999988963994335,1.1984638766694555,1.7963462566328303e-05,0.005365640046248616,8.0,0.0771042370979995,0.003030913423764048,0.072699999996928,0,not_applicable,83.384127502689,0,0,0.870831664959265,0.2158106521745553,719,0.781881371640408,1.4450729819724257,0.21997807798827246,running
Pure Pursuit,15.609999999999712,-0.6981692312959695,-1.7409934182099274,7.999999321993627,1.2069485416603642,1.103600566487728e-05,-0.006629398448528794,8.0,0.07675735098411662,0.011662832537098211,0.0724999999981435,0,not_applicable,84.18401049962502,0,0,0.8771134075281534,0.2140711812150819,730,0.8297961075069509,1.3661149087039233,0.21008581223244965,running
Pure Pursuit,15.70999999999971,-0.4041918165857834,-0.9969668449214539,7.999999583461032,1.1803834758342342,6.7800637282289244e-06,-0.010454723028009106,8.0,0.07656493311382381,0.01478042868861884,0.06739999999894053,0,not_applicable,84.98389349659527,0,0,0.8735526135523703,0.21365573146162312,367,-0.7513901760889712,1.4749503509931288,0.22593517874601313,running
Pure Pursuit,15.809999999999707,-0.10431122115180641,-0.2553002657702629,7.999999744095752,1.1727693161786972,4.165389677623921e-06,0.0034758959610880387,8.0,0.0758710186737338,0.022297592295554836,0.07709999999860884,0,not_applicable,85.78377649352134,0,0,0.8634476441019773,0.21678456735865365,353,-0.8123725671918443,1.406319167962865,0.21352185245425553,running
Pure Pursuit,15.909999999999705,0.196476353539794,0.4859993581386827,7.999999842783053,1.1995824467052407,2.559042480143603e-06,0.010156020119945222,8.0,0.07584667765459624,0.004589014267732949,0.09360000000313562,0,not_applicable,86.58365949056504,0,0,0.8693882668299977,0.21577807972001312,350,-0.8254402224281743,1.3817118273548221,0.21092842571338713,running
Pure Pursuit,16.009999999999703,0.49132284308585117,1.22968156408333,7.999999903412434,1.2072333970447384,1.5721694701653632e-06,-0.0006022987799972562,8.0,0.07581967113863225,0.012282015864293783,0.08500000000211116,0,not_applicable,87.38354248760761,0,0,0.8747446234389868,0.21815538598616271,365,-0.7601019462465246,1.489857671010709,0.22496523842325905,running
Pure Pursuit,16.10999999999972,0.7852234860563989,1.9737385160738499,7.99999994066061,1.1804107092064613,9.658756638941668e-07,-0.004045188586593149,8.0,0.07572447320664806,0.014523889262520129,0.08009999999813999,0,not_applicable,88.18342548467372,0,0,0.8507871429836,0.2162626323696398,359,-0.7862372567191844,1.4413586287915563,0.21901940157552577,running
Pure Pursuit,16.209999999999734,1.0850516842186362,2.715426286166784,7.999999963544343,1.1727494654428567,5.933939029034718e-07,0.009952067536745612,8.0,0.07644979756567848,0.02219358946828187,0.10729999999981032,0,not_applicable,88.98330848173869,0,0,0.8593112929447138,0.20907552519001388,368,-0.7470342910101946,1.4522233666359545,0.22502164647011183,running
Pure Pursuit,16.30999999999975,1.3858179645383653,3.4567345800122355,7.999999977603158,1.1995672751791955,3.6455657159706334e-07,0.016628985506428023,8.0,0.07800863786816242,0.004586786975167456,0.07989999999935549,0,not_applicable,89.78319147879881,0,0,0.8722380594275185,0.2173974228705784,347,-0.8385078776645043,1.3712010944607966,0.2084324073070941,running
Pure Pursuit,16.409999999999766,1.6779717505094418,4.201469581352169,7.99999998624031,1.2301317727220966,2.2396841714567017e-07,0.005889081292933538,8.0,0.07751616398578859,0.03508791539620759,0.10239999999939187,0,not_applicable,90.58307447580593,0,0,0.8551886520105785,0.21566674365520466,714,0.7601019462465248,1.4754282300856978,0.22496523842325897,running
Pure Pursuit,16.50999999999978,1.957542739400772,4.9510240522319195,7.999999991546617,1.235377315065322,1.375969027606061e-07,-0.010528665104432606,8.0,0.07534022220428498,0.04024497836071639,0.07179999999706865,0,not_applicable,91.38295747281131,0,0,0.8688091414784241,0.21454368920307793,721,0.7905931417979613,1.4253943481052156,0.21807316453493353,running
Pure Pursuit,16.609999999999797,2.2334326615570723,5.701946079468238,7.9999999948065925,1.2066593205988738,8.453382882578353e-08,-0.019265954572075333,8.0,0.07683976549111554,0.011413303703474043,0.07579999999762776,0,not_applicable,92.18284046980567,0,0,0.8725035233932384,0.21070177834223985,720,0.7862372567191844,1.4099281079351569,0.21901940157552577,running
Pure Pursuit,16.709999999999813,2.5172270245855812,6.449906989044794,7.999999996809385,1.1752764065615389,5.193407481840495e-08,-0.011970984285312876,8.0,0.07945310857021827,0.0201062906410705,0.07379999999912457,0,not_applicable,92.98272346659961,0,0,0.8517041991318755,0.21454992837137957,724,0.8036607970342913,1.406618714238318,0.2153071491827237,running
Pure Pursuit,16.809999999999828,2.8134670316393984,7.193031269721236,7.999999998039817,1.1697868609678195,3.190614883408216e-08,0.00017619468080957103,8.0,0.07839138106131611,0.02573933510431914,0.07280000000164932,0,not_applicable,93.78260646354933,0,0,0.8376386370995291,0.21628556681742211,358,-0.790593141797961,1.435196575780982,0.21807316453493358,running
Pure Pursuit,16.909999999999844,3.1133830520066637,7.934684517677798,7.999999998795745,1.198463895340835,1.9601831269255854e-08,0.004376392423986195,8.0,0.07657526752545823,0.0028164926587663786,0.0800000000005241,0,not_applicable,94.58248946039902,0,0,0.8656832922084814,0.21692104182568175,727,0.8167284522706209,1.4006959802163141,0.2126462795560751,running
Pure Pursuit,17.00999999999986,3.4081727972776275,8.678389434410269,7.999999999260155,1.2069485498480907,1.2042553620972285e-08,-0.007471921810210825,8.0,0.07612816465769918,0.011192233370037385,0.10340000000041982,0,not_applicable,95.38237245744224,0,0,0.8783999904107471,0.21528036325928443,706,0.7252548656163116,1.5094311772107898,0.2206244765899192,running
Pure Pursuit,17.109999999999875,3.7021502296911506,9.422416058360579,7.999999999545469,1.1803834796144286,7.39844630004427e-09,-0.011074028972962828,8.0,0.0758421490340158,0.01546949733937808,0.07330000000038694,0,not_applicable,96.18225545438602,0,0,0.8708989964919785,0.21982944215074227,709,0.7383225208526416,1.5239136096357273,0.2232291878884924,running
Pure Pursuit,17.20999999999989,4.002030835004618,10.16408266905062,7.999999999720755,1.1727693140656683,4.545306353520573e-09,0.003151036646519158,8.0,0.07493822364331483,0.023171840290448387,0.07100000000193063,0,not_applicable,96.98213845138193,0,0,0.8738149096521207,0.21408135512733278,344,-0.8515755329008341,1.33432162107851,0.20602954162158948,running
Pure Pursuit,17.309999999999906,4.302818416549057,10.905382312021388,7.999999999828444,1.199582444237933,2.7924507151055877e-09,0.010168066722927232,8.0,0.07483044853687752,0.0035693150186641986,0.0725999999993121,0,not_applicable,97.78202144838849,0,0,0.8762689064189796,0.21963819527376072,725,0.8080166821130677,1.428451965214905,0.2144087504700342,running
Pure Pursuit,17.409999999999922,4.597664911154174,11.649064529336057,7.999999999894604,1.2072333968750275,1.7155610265717769e-09,-0.0002326727252379514,8.0,0.07486268404257942,0.011162196325098961,0.07220000000174309,0,not_applicable,98.58190444542167,0,0,0.8676307846748392,0.220161511345229,719,0.781881371640408,1.4697718367416321,0.21997807798827246,running
Pure Pursuit,17.509999999999938,4.8915655573133145,12.393121488280505,7.999999999935249,1.1804107094673824,1.0539569217371536e-09,-0.0032927973502863534,8.0,0.07485415381358095,0.015706433100120876,0.07199999999940587,0,not_applicable,99.38178744247915,0,0,0.8567463331965077,0.21723007768790908,366,-0.755746061167748,1.4907339491739342,0.22600293112750477,running
Pure Pursuit,17.609999999999953,5.19139375734165,13.13480926268109,7.999999999960221,1.1727494650013717,6.475087133139823e-10,0.011107357017708866,8.0,0.07589261266003224,0.023401135005597595,0.07400000000146179,0,not_applicable,100.18167043952704,0,0,0.8533017777038137,0.2078549044056934,363,-0.7688137164040778,1.418073157586746,0.22293077345441883,running
Pure Pursuit,17.70999999999997,5.492160038930985,13.876117559122973,7.999999999975562,1.199567274634632,3.977884688310951e-10,0.018177425769126652,8.0,0.07797996381667557,0.0033947722788862933,0.07580000000118048,0,not_applicable,100.98155343659036,0,0,0.8491097948590596,0.21909540776367178,339,-0.8733549582947173,1.32794837376015,0.20222103997141733,running
Pure Pursuit,17.809999999999985,5.784313825837673,14.62085256199861,7.999999999984986,1.2301317725709362,2.4438229218048946e-10,0.0078025177811302075,8.0,0.07769320175434329,0.033952081270394174,0.07389999999674046,0,not_applicable,101.78143643365578,0,0,0.8722173276435425,0.21770129340977426,717,0.7731696014828544,1.4684051195132537,0.22193355627601147,running
Pure Pursuit,17.91,6.063884815325971,15.370407033816983,7.999999999990775,1.2353773152542251,1.5013768006610917e-10,-0.008288167657272444,8.0,0.07477684514988837,0.03920266404301742,0.07440000000258351,0,not_applicable,102.58131943072193,0,0,0.8647554617337563,0.21097650091330156,726,0.8123725671918445,1.3743619440408639,0.2135218524542555,running
Pure Pursuit,18.010000000000016,6.339774737769771,16.121329061659974,7.9999999999943325,1.2066593208138388,9.224621067005501e-11,-0.01674372331862159,8.0,0.07491551633593703,0.01050181883979917,0.11530000000092855,0,not_applicable,103.38120242778506,0,0,0.8754273259574311,0.2127219449080029,710,0.742678405931418,1.4777495124746853,0.2241197071405647,running
Pure Pursuit,18.11000000000003,6.623569100898907,16.869289971637734,7.999999999996518,1.1752764066523183,5.667466496106499e-11,-0.009208838560707304,8.0,0.07664606880785761,0.020850333106373853,0.09189999999748011,0,not_applicable,104.18108542484202,0,0,0.8706488888582392,0.21715830607913994,351,-0.8210843373493977,1.3956038574553582,0.21178185999974475,running
Pure Pursuit,18.210000000000047,6.919809107988275,17.612414252571632,7.99999999999786,1.1697868609575934,3.481659405224491e-11,0.003128258072214666,8.0,0.07571743197029517,0.02629476861110902,0.06940000000099644,0,not_applicable,104.98096842188602,0,0,0.8798964041937556,0.21833923654106668,363,-0.7688137164040778,1.478356891290941,0.22293077345441883,running
Pure Pursuit,18.310000000000063,7.219725128384468,18.354067500683726,7.9999999999986855,1.198463895315328,2.1396218130576017e-11,0.007458616985157809,8.0,0.07448965131831888,0.0024380382049074,0.06760000000127775,0,not_applicable,105.78085141891437,0,0,0.8813490941607859,0.2178251775698379,714,0.7601019462465248,1.4879431058006256,0.22496523842325897,running
Pure Pursuit,18.41000000000008,7.514514873683896,19.097772417507375,7.999999999999193,1.2069485498425863,1.3145040611561853e-11,-0.004332589925779967,8.0,0.07419820016295772,0.01099071198704138,0.07329999999683423,0,not_applicable,106.58073441596673,0,0,0.8516985458797527,0.21630576809421243,725,0.8080166821130677,1.4100320788568144,0.2144087504700342,running
Pure Pursuit,18.510000000000094,7.808492306117878,19.841799041512516,7.9999999999995035,1.1803834796158093,8.073541835074138e-12,-0.007930953583590982,8.0,0.07400956183405948,0.015493989422814991,0.07079999999959341,0,not_applicable,107.38061741293693,0,0,0.8718719940328555,0.2159566950223518,364,-0.7644578313253012,1.4708885610536562,0.2239412608755995,running
Pure Pursuit,18.61000000000011,8.10837291144379,20.583465652236296,7.999999999999695,1.1727693140635638,4.9649173661237e-12,0.0062556504372137675,8.0,0.07387152661642891,0.023008181984263132,0.08839999999921133,0,not_applicable,108.18050040994335,0,0,0.8751810576400456,0.2154853727755039,370,-0.7383225208526414,1.498210667927017,0.22322918788849236,running
Pure Pursuit,18.710000000000125,8.409160492996547,21.324765295227525,7.9999999999998135,1.1995824442357068,3.0464519795714295e-12,0.013170658919260185,8.0,0.07461710348074241,0.003911623152875521,0.13879999999844017,0,not_applicable,108.98038340683313,0,0,0.8600814022319588,0.21899023480508054,357,-0.7949490268767376,1.4440471205108654,0.21713917065507293,running
Pure Pursuit,18.81000000000014,8.701320287246665,22.069497926916792,7.999999999999885,1.230138235002069,1.865174681370263e-12,0.0025964545078505973,8.0,0.07435589259817561,0.03458628172605671,0.07369999999795596,0,not_applicable,109.78026640383575,0,0,0.86277894812179,0.21241024822568455,721,0.7905931417979613,1.4133886440250913,0.21807316453493353,running
Pure Pursuit,18.910000000000156,8.980892134570645,22.819052075985937,7.99999999999993,1.2353792211149455,1.1457501614131615e-12,-0.013743783154938698,8.0,0.07376637359289762,0.03995830475471962,0.08099999999799934,0,not_applicable,110.58014940073974,0,0,0.8735227291280602,0.2071897104478567,714,0.7601019462465248,1.426277325315222,0.22496523842325897,running
Pure Pursuit,19.010000000000172,9.256781800586692,23.569974198098247,7.999999999999957,1.2066596319195235,7.016609515630989e-13,-0.022487219744862803,8.0,0.07722301634969725,0.011384934184853535,0.06640000000146529,0,not_applicable,111.38003239754804,0,0,0.8508428152521406,0.21042454248805567,730,0.8297961075069509,1.3464224545794314,0.21008581223244965,running
Pure Pursuit,19.110000000000188,9.539673403813415,24.31535654917663,7.958765306399443,1.1741944424259958,-0.4692569120388157,-0.015279861960683823,7.953074308796076,0.08332126543791431,0.020915313760799137,0.06740000000249324,0,not_applicable,112.17991539438229,0,0,0.8419371448507873,0.21644481946457095,733,0.8428637627432809,1.3596750205573496,0.20762130414308752,running
Pure Pursuit,19.210000000000203,9.829254907263643,25.03043028466466,7.59082887767394,1.1289543449077653,-4.187170978958559,-0.0026725831063454854,7.540048208503587,0.09863187344009303,0.06603581627775945,0.06649999999908118,0,not_applicable,112.77982764195694,0,0,0.866155859905779,0.21665740781915588,371,-0.7339666357738648,1.5027017818987702,0.22234991952811328,running
Pure Pursuit,19.31000000000022,10.126337342361891,25.705092228349297,7.2603846982283144,1.1010218054604368,-3.7605036368191236,0.02316403733954687,7.2147785139920275,0.03192166206452255,0.0937771154763336,0.07009999999851857,0,not_applicable,113.57971063881051,0,0,0.8734131440710384,0.20798999072363544,346,-0.8428637627432809,1.2580514655939168,0.20762130414308752,running
Pure Pursuit,19.410000000000235,10.419230752557247,26.337302571169772,6.81795126415769,1.1297458696309772,-5.0361290756285815,0.04595975279554509,6.756771790665456,0.08409914700128238,0.06486134853857983,0.10370000000037294,0,not_applicable,114.37959363531992,0,0,0.8388494616264399,0.21313280523854072,360,-0.7818813716404078,1.3180148910705063,0.21997807798827249,running
Pure Pursuit,19.51000000000025,10.683457354415484,26.931233340638563,6.3338857461762235,1.2244028670659324,-5.525780862011489,0.05085332254040272,6.265373177956541,0.07384408318126007,0.02994273360934585,0.0992999999986921,0,not_applicable,114.97950588290773,0,0,0.8276188293742258,0.24542108463858536,350,-0.8254402224281743,1.3457955714931964,0.21092842571338713,running
Pure Pursuit,19.610000000000266,10.89819520571274,27.498188324034917,5.926161504479573,1.326781206242328,-4.639962175432624,0.014693083025675522,5.869889528632961,0.06370750159539007,0.13248440206035283,0.06780000000006225,0,not_applicable,115.57941813063616,0,0,0.8110491072626553,0.2615775541660673,720,0.7862372567191844,1.3895721320968164,0.21901940157552577,running
Pure Pursuit,19.71000000000028,11.062525219945083,28.038340421629105,5.504021808160824,1.35689001274618,-4.804012181166568,-0.04445478027812565,5.445760286362916,0.05600536509421126,0.16276689330402938,0.06979999999856545,0,not_applicable,116.17933037770541,0,0,0.8564397756344542,0.259651864079857,725,0.8080166821130677,1.2775750955001703,0.2144087504700342,running
Pure Pursuit,19.810000000000297,11.20253655612907,28.53954223831695,5.049065470019376,1.2807417934582022,-5.183416018124971,-0.0800909537952729,4.985680206348327,0.07456311729982806,0.0867332183090248,0.06780000000006225,0,not_applicable,116.57927187595726,0,0,0.830759630872353,0.27997678093389167,701,0.7034754402224284,1.3916597879520791,0.21649658541768402,running
Pure Pursuit,19.910000000000313,11.354020546495594,28.996874327444182,4.701700720676442,1.153073924001041,-3.9530622249069225,-0.07324787038081516,4.653759247528684,0.08712705578728364,0.032781008776407106,0.07129999999833103,0,not_applicable,117.1791838203866,0,0,0.7985912269886603,0.3127399547137835,714,0.7601019462465248,1.3694026523441456,0.22496523842325897,running
Pure Pursuit,20.01000000000033,11.530589084382585,29.395640944856964,4.180886951119132,1.0251201898288218,-5.9582936632008465,-0.05439677062485162,4.105871354356357,0.06333272531567036,0.11819611307489275,0.07979999999818688,0,not_applicable,117.57907458315164,0,0,0.8268070083034698,0.36084746465157963,719,0.781881371640408,1.4238647494208665,0.21997807798827246,running
Pure Pursuit,20.110000000000344,11.727991140266965,29.73158231906728,3.7546435632517143,0.9326961921413028,-4.850712797951657,-0.03686356955037094,3.6958156713239663,0.04629666563152378,0.12874699941937529,0.11489999999980682,0,not_applicable,117.97876259735312,0,0,0.8578995259871024,0.4053299533867412,696,0.6816960148285451,1.5285150242203849,0.21261932153731197,running
Pure Pursuit,20.21000000000036,11.93295821964678,30.00938344490061,3.2980971803397416,0.85813809980684,-5.202117178124146,-0.04328115511206519,3.2344318454392997,0.09289459296667377,0.08097975567963367,0.07170000000300547,0,not_applicable,118.37825169649142,0,0,0.8534096528321944,0.44803039010513634,714,0.7601019462465248,1.4441621795381099,0.22496523842325897,running
Pure Pursuit,20.310000000000375,12.12830555415802,30.231253979064206,2.7717545596513804,0.7965704209458986,-6.026127026093433,-0.060543097642404786,2.6954844777303983,0.023264121554365302,0.08323896027789424,0.08069999999804622,0,not_applicable,118.57822244575796,0,0,0.867212724167106,0.4973391515834797,718,0.7775254865616312,1.3898925238378463,0.22094939445953415,running
Pure Pursuit,20.41000000000039,12.317918688122388,30.415453591673312,2.5791776037180503,0.7399190895555954,-2.1915542418383227,-0.0821367948161684,2.552599135467548,0.08369751762673386,0.0541634444884167,0.08780000000285781,0,not_applicable,118.77805020754509,0,0,0.8720224100980203,0.5799943038808981,698,0.6904077849860983,1.4535804031461372,0.21414126651260781,running
Pure Pursuit,20.510000000000407,12.499222036886552,30.567811348992294,2.2613302118539664,0.6777580215519121,-3.6171503309987685,-0.09484990546557102,2.2174625706181734,0.09870242751946187,0.030519257393894605,0.07940000000061787,0,not_applicable,119.1779917060782,0,0,0.8399929402279263,0.6103679859085652,700,0.6991195551436515,1.4206449437788868,0.2157016455530536,running
Pure Pursuit,20.610000000000422,12.685589703903743,30.703211090748002,2.340642520785067,0.6148816571432536,2.056633065389506,-0.10746466799224395,2.466993518392917,0.06760385773610393,0.0505815250344277,0.06569999999683773,0,not_applicable,119.37751061102311,0,0,0.8497509742960132,0.68853367655021,671,0.572798887859129,1.504941762234042,0.19645703600221623,running
Pure Pursuit,20.710000000000438,12.890987912707043,30.830171411398748,2.4787378358900853,0.5403899400364529,3.580924512827983,-0.11522274868896128,2.6987349720678653,0.04409590062673839,0.037589724164785565,0.064899999998147,0,not_applicable,119.57748136028967,0,0,0.840539181533285,0.6459477998571644,708,0.7339666357738648,1.3449953430106205,0.22234991952811328,running
Pure Pursuit,20.810000000000453,13.11876488043992,30.948871368438244,2.646036956553136,0.46255958886606985,4.338203086044534,-0.12293103212848416,2.9125581444945388,0.06459797905605677,0.044890875389670626,0.06709999999898741,0,not_applicable,119.77673196880562,0,0,0.8732269941646149,0.6071510830422201,680,0.6120018535681186,1.4335265207359524,0.20171054956370096,running
Pure Pursuit,20.91000000000047,13.371580252154706,31.054979047453358,2.8253570160495256,0.3675181825690226,4.649915865748735,-0.12874378619831775,3.1110285431280094,0.07246745376335792,0.09800512212546408,0.06709999999898741,0,not_applicable,120.17610576552406,0,0,0.8755120839419993,0.5529743469060306,711,0.7470342910101948,1.298575079685467,0.22502164647011186,running
Pure Pursuit,21.010000000000485,13.62638331047394,31.13416230612377,2.589587729826595,0.2639789916647226,-2.68308934894546,-0.12632211195004034,2.5570480811549796,0.00568647755031098,0.05891513687422112,0.06700000000137152,0,not_applicable,120.37607651479061,0,0,0.8625875381571371,0.5349764019912394,711,0.7470342910101948,1.3340195736809044,0.22502164647011186,running
Pure Pursuit,21.1100000000005,13.88358687537988,31.188491061506063,2.663706393765186,0.18103388042490476,1.921957601196822,-0.10481734745845271,2.781783489946277,0.06307749800825761,0.04167512845575416,0.06859999999875299,0,not_applicable,120.57596113836622,0,0,0.8853527711913494,0.592667357359037,709,0.7383225208526416,1.3583386152379529,0.2232291878884924,running
Pure Pursuit,21.210000000000516,14.14024785905426,31.221830826014102,2.55039425430645,0.10647256519120374,-1.2895089066032384,-0.09379612279940501,2.5347555031048623,0.08041015533386192,0.06509166192820182,0.07370000000150867,0,not_applicable,120.97590263689932,0,0,0.8652415442030392,0.5708989848395657,700,0.6991195551436515,1.3796648162661278,0.2157016455530536,running
Pure Pursuit,21.31000000000053,14.403427098896593,31.239226167883977,2.712454074863933,0.048983675018916095,4.202343747414408,-0.08286157188782087,2.9706286290478907,0.031981235338118134,0.051486475015693145,0.0780999999996368,0,not_applicable,121.17575744505568,0,0,0.8919444510739989,0.6143787978149601,714,0.7601019462465248,1.3606066408615425,0.22496523842325897,running
Pure Pursuit,21.410000000000547,14.684069801711663,31.24173335307585,2.887372837441412,-0.010358970959155833,4.535786635418386,-0.0760719437711979,3.1660327384057716,0.07196973045654098,0.013936521410105485,0.06709999999898741,0,not_applicable,121.37572819432224,0,0,0.8864640735816898,0.5752217942609607,721,0.7905931417979613,1.3155991624054457,0.21807316453493353,running
Pure Pursuit,21.510000000000563,14.98204832912728,31.22720772878891,3.0658436872130492,-0.07251750537857493,4.627895162746718,-0.06867281089543542,3.3501623537160836,0.05247222719767898,0.004386536043817557,0.06570000000039045,0,not_applicable,121.77560953763573,0,0,0.8470369685460564,0.5517739725757638,698,0.6904077849860983,1.442459174767308,0.21414126651260781,running
Pure Pursuit,21.61000000000058,15.298529946241548,31.192762179869675,3.2846215076928247,-0.13668936278942212,5.673087893121691,-0.06968435076134116,3.6331524765252183,0.08214448615142872,0.04020162168001917,0.06769999999889365,0,not_applicable,121.97551433220659,0,0,0.8669366530601621,0.5152157378094903,705,0.7208989805375348,1.4063716381565154,0.2197779812188762,running
Pure Pursuit,21.710000000000594,15.624636963743711,31.136476262439427,3.331414386759566,-0.20724538851153618,1.2133776410044161,-0.07532614008368362,3.4059592717932663,0.012863752739579345,0.039078125841395916,0.0667999999990343,0,not_applicable,122.37541870060409,0,0,0.8820610245442844,0.49144298818225857,704,0.7165430954587584,1.4361822739288357,0.21894209497805303,running
Pure Pursuit,21.81000000000061,15.923525475445492,31.06267975167166,2.9510057093076876,-0.2901937363839382,-4.32910701418705,-0.08564047234226517,2.898503685340861,0.08520833111734508,0.015922268367718928,0.06789999999767815,0,not_applicable,122.77536019913718,0,0,0.8706677323176211,0.4753799638652069,708,0.7339666357738648,1.398274928638164,0.22234991952811328,running
Pure Pursuit,21.910000000000625,16.18442354822045,30.974735820741845,2.6535574473489985,-0.3644395022794793,-3.3850052155185173,-0.08917679619023974,2.612505187755836,0.01058619161817863,0.01853854174101599,0.0686000000023057,0,not_applicable,122.97502587733449,0,0,0.8795198441383961,0.5443115305838978,705,0.7208989805375348,1.4264256483230826,0.2197779812188762,running
Pure Pursuit,22.01000000000064,16.43203640221278,30.86953852043538,2.7225733731936055,-0.42492868245473403,1.789639427264622,-0.0893336400312284,2.8325213900754607,0.06205162362787088,0.018852781198386737,0.06469999999936249,0,not_applicable,123.17499662660104,0,0,0.870995889416719,0.596832730833607,714,0.7601019462465248,1.3727984925755747,0.22496523842325897,running
Pure Pursuit,22.110000000000657,16.678111500366303,30.744451949625628,2.7939975458407997,-0.4972705183954993,1.8520872373280195,-0.09788657112336586,2.9077820969264074,0.062041949630886176,0.042405771267251424,0.09079999999883626,0,not_applicable,123.5743550564548,0,0,0.8662950176928529,0.5553752320898578,716,0.768813716404078,1.309695379040042,0.22293077345441878,running
Pure Pursuit,22.210000000000672,16.924835028005926,30.59254903899557,2.9868725930737097,-0.5821835203639587,5.0014077886997255,-0.10209399807919711,3.2941383247107723,0.0297680849080633,0.024525830314038544,0.08700000000061436,0,not_applicable,123.77390934333806,0,0,0.8803168970473487,0.542298434766187,700,0.6991195551436515,1.375434568421797,0.2157016455530536,running
Pure Pursuit,22.310000000000688,17.166550001245447,30.414320785613736,3.0188571586126356,-0.6743632394521706,0.8293859547906557,-0.09624114075907869,3.0698111885527752,0.07009302846634262,0.03758968726284451,0.07590000000234909,0,not_applicable,124.17373074823861,0,0,0.8696849780055378,0.5186752633272916,690,0.6555607043558851,1.4363478078027363,0.2082738731989199,running
Pure Pursuit,22.410000000000704,17.383393699588332,30.223507630779913,2.8231053414758978,-0.761234288169292,-2.227684631914615,-0.09031080754781667,2.796088695421174,0.01975732078273304,0.0018436680718068033,0.10930000000186624,0,not_applicable,124.37370149750517,0,0,0.8690966962653872,0.5132175421774228,707,0.729610750695088,1.3764052148816373,0.22148173646210823,running
Pure Pursuit,22.51000000000072,17.58326021283847,30.01893608837431,2.8924755340270463,-0.8250835696664991,1.7988258528328416,-0.08532742057544752,3.002987926759182,0.09541123092445555,0.031645088366317964,0.11960000000144078,0,not_applicable,124.77349573162864,0,0,0.8777019942545685,0.5435344912440969,705,0.7208989805375348,1.3724800845701888,0.2197779812188762,running
Pure Pursuit,22.610000000000735,17.77642575778319,29.793611674464653,3.033025026085506,-0.8879918895848107,3.644563329283934,-0.09022015315168622,3.2569318669554397,0.004898088338841827,0.010445751059977582,0.0782000000008054,0,not_applicable,124.9734664808952,0,0,0.8798464504780592,0.5315674239963123,712,0.7513901760889712,1.3494822412440566,0.22593517874601313,running
Pure Pursuit,22.71000000000075,17.962862075025765,29.543917384173525,3.18850374633708,-0.9646734618144244,4.031690431703532,-0.10431289125219018,3.4361940692558592,0.08790887271003343,0.03944921599231499,0.09439999999827364,0,not_applicable,125.37308795531602,0,0,0.8790258156932247,0.48934250645157934,695,0.6773401297497683,1.3684148167684385,0.21187243445594103,running
Pure Pursuit,22.810000000000766,18.131891760260594,29.271947806592134,3.215845549531367,-1.0619282851831269,0.7089953283996842,-0.12032085347913034,3.2594032791770484,0.034776624673214566,0.0107360462004511,0.08320000000239247,0,not_applicable,125.57263024704424,0,0,0.870604956533741,0.46362124379982556,711,0.7470342910101948,1.3096302236335038,0.22502164647011186,running
Pure Pursuit,22.91000000000078,18.26898593596296,28.994858993103097,3.0301826617687473,-1.1678205887780733,-2.1128711234223996,-0.12504486727609468,3.004558437189127,0.06193318514315152,0.03890010017314083,0.09779999999892652,0,not_applicable,125.97226460470002,0,0,0.8563698947633769,0.45457843365833406,680,0.6120018535681186,1.3982374607053505,0.20171054956370096,running
Pure Pursuit,23.010000000000797,18.361914117062852,28.741823502079917,2.518676515199795,-1.2785669778676159,-5.848521199394239,-0.1269715313551727,2.4453305418293234,0.026812921537320393,0.0050652349984829925,0.06690000000020291,0,not_applicable,126.17223535396657,0,0,0.8474581701455277,0.5062307711443734,710,0.742678405931418,1.3541351431846393,0.2241197071405647,running
Pure Pursuit,23.110000000000813,18.422396889992392,28.49397658521053,2.5806784277361543,-1.360511568977417,1.6077603231856408,-0.11236654930311836,2.679452547518359,0.06383573100467752,0.016558478040911595,0.06899999999987472,0,not_applicable,126.37220610323313,0,0,0.8527551147374335,0.6103526791491671,705,0.7208989805375348,1.3746028864122186,0.2197779812188762,running
Pure Pursuit,23.21000000000083,18.45953593282326,28.250382958660133,2.4058087295862145,-1.4447194525165976,-1.9900430292509341,-0.10749760202894827,2.381674124811061,0.0948155968277954,0.02646867242712503,0.07830000000197401,0,not_applicable,126.77199009743046,0,0,0.8559681507272917,0.5840476692039102,715,0.7644578313253012,1.3118028092060394,0.2239412608755995,running
Pure Pursuit,23.310000000000844,18.476259980433813,28.001362720456093,2.5736226094339125,-1.5213519732934762,4.351551212888003,-0.10139393423632301,2.840963850875015,0.04641433012823679,0.017550963118313945,0.08539999999968018,0,not_applicable,126.97155895343721,0,0,0.8553771844165978,0.6303834859671139,711,0.7470342910101948,1.3377488332499439,0.22502164647011186,running
Pure Pursuit,23.41000000000086,18.475424667499645,27.73423408878271,2.755181349397135,-1.5902674006016966,4.707966681983682,-0.09305335407664009,3.0444192776322807,0.024008947521630086,0.004421682062837107,0.07590000000234909,0,not_applicable,127.17152970270376,0,0,0.8864326884026364,0.5959585952697816,718,0.7775254865616312,1.3139948836212907,0.22094939445953415,running
Pure Pursuit,23.510000000000876,18.458475087271523,27.44925555771348,2.940403399548604,-1.6504831747353261,4.80295931255343,-0.08737422925692374,3.235477280652478,0.09367780146745087,0.04230272052647521,0.0858999999984178,0,not_applicable,127.57110002632174,0,0,0.8735211722628058,0.5632458944527583,701,0.7034754402224284,1.3999311428033059,0.21649658541768402,running
Pure Pursuit,23.61000000000089,18.423422703093024,27.15366622550214,3.0083024761071058,-1.7150453346997416,1.760678611449067,-0.08910279236297952,3.1164712606935105,0.015111646573003993,0.03459889344095224,0.06690000000020291,0,not_applicable,127.7709216469593,0,0,0.8547191554463651,0.5123417325648428,717,0.7731696014828544,1.3001303289384005,0.22193355627601147,running
Pure Pursuit,23.710000000000907,18.370595543554852,26.867021634669687,2.8678599576748036,-1.7847262552142844,-1.5982566320724478,-0.079255026969139,2.848476812899861,0.09862618238102822,0.01417259194736431,0.07079999999959341,0,not_applicable,127.97089239622585,0,0,0.8288475461265242,0.5167074504412865,717,0.7731696014828544,1.3344273673933347,0.22193355627601147,running
Pure Pursuit,23.810000000000922,18.298489880967974,26.585546203723272,2.938805072318713,-1.8490584054883383,1.8396648713286945,-0.068117953747887,3.051826444807673,0.03877630343997589,0.027186346411351536,0.09449999999944225,0,not_applicable,128.3707668496564,0,0,0.8506889408313766,0.5500767317948992,711,0.7470342910101948,1.3824763126984154,0.22502164647011186,running
Pure Pursuit,23.910000000000938,18.206437370635182,26.295892666468266,3.125303274313596,-1.897936218108538,4.836050974024322,-0.05220809044779966,3.4224101697211453,0.09370586865079782,0.0030637327047493557,0.06959999999978095,0,not_applicable,128.57073759892296,0,0,0.8228734332468896,0.5523375084381683,707,0.729610750695088,1.4314792301332708,0.22148173646210823,running
Pure Pursuit,24.010000000000954,18.098223069662826,25.99233163480556,3.305831123370202,-1.9253278476102684,4.681234837280996,-0.029377173930591957,3.5934267580416956,0.04035590419028703,0.0005120912685150358,0.0819999999990273,0,not_applicable,128.97063623601906,0,0,0.8731482662211728,0.5287024999140256,714,0.7601019462465248,1.4225360630354247,0.22496523842325897,running
Pure Pursuit,24.11000000000097,17.97738344308976,25.67108086138516,3.5400071929504437,-1.93872971343069,6.0723770914305675,-0.015751839405888615,3.9130688325132588,0.06326981410122201,0.006493885297206958,0.08520000000089567,0,not_applicable,129.37057611108878,0,0,0.832081027995238,0.5175535668558173,740,0.8733549582947173,1.3010900344433078,0.20222103997141733,running
Pure Pursuit,24.210000000000985,17.843150788473547,25.32852107292777,3.797818356578615,-1.9523687634485256,6.685254418766857,-0.011955240601144257,4.2085326348271295,0.08859050551707366,0.021976563675941918,0.07490000000132113,0,not_applicable,129.77051755599547,0,0,0.8644117900027886,0.49513165704022205,366,-0.755746061167748,1.5015986836014144,0.22600293112750477,running
Pure Pursuit,24.310000000001,17.694552917795328,24.963529773249547,4.062659483556557,-1.9665970194028288,6.867547120473159,-0.0017113222519379646,4.484573068625931,0.09068299085626243,0.037744200188168264,0.0821000000001959,0,not_applicable,130.17045903428155,0,0,0.8561435208798576,0.4560472594832666,354,-0.8080166821130677,1.411095086216669,0.2144087504700342,running
Pure Pursuit,24.410000000001016,17.532906929007826,24.57537596142971,4.325636551334596,-1.9653372590461808,6.819210540211786,0.010462233517387804,4.744580537577735,0.06775157306085802,0.03753309050139464,0.09959999999864522,0,not_applicable,130.5704005023594,0,0,0.8659444544801115,0.42538642113152697,356,-0.7993049119555145,1.4211273211642237,0.21621722807816315,running
Pure Pursuit,24.510000000001032,17.364111047719817,24.162098440063343,4.582251973837674,-1.9491628348853354,6.654247873015571,0.016521472715104065,4.991061338636153,0.021662255626730697,0.022078418225396135,0.09689999999906718,0,not_applicable,130.97034198757788,0,0,0.8749535881174334,0.3953632932211892,360,-0.7818813716404078,1.4335159620077818,0.21997807798827249,running
Pure Pursuit,24.610000000001047,17.19137347249903,23.723244021862712,4.830480862471643,-1.9329890228694264,6.436778187771592,0.014557737909807454,5.225929792614833,0.05263425289061591,0.006295787393849395,0.06660000000024979,0,not_applicable,131.37028348475044,0,0,0.8745833970870609,0.37682944867872165,353,-0.8123725671918443,1.401127156343967,0.21352185245425553,running
Pure Pursuit,24.710000000001063,17.01647447007802,23.25914657847622,5.069658181608599,-1.916858881473881,6.20206358455154,0.008171681435726583,5.450687220926797,0.05586974862662924,0.009837447300743207,0.0764999999987026,0,not_applicable,131.97019573244566,0,0,0.8630529476671691,0.3650976333503111,740,0.8733549582947173,1.334906519463949,0.20222103997141733,running
Pure Pursuit,24.81000000000108,16.83992242854759,22.768360632378403,5.340292546872472,-1.9009367983444925,7.017770529362659,0.0013681993932721291,5.771435234544865,0.06917003362543843,0.02624261800437644,0.07529999999889014,0,not_applicable,132.37013722411908,0,0,0.878156763214734,0.34322876076348646,724,0.8036607970342913,1.4230357408318952,0.2153071491827237,running
Pure Pursuit,24.910000000001094,16.66016250616643,22.251463904455747,5.585336012155814,-1.902486267086073,6.354177553917202,-0.0098309171434591,5.975710302264192,0.015550504568429002,0.025924627451537674,0.07659999999987122,0,not_applicable,132.9700494471809,0,0,0.8748663825021104,0.3162671010615132,706,0.7252548656163116,1.4845237013111336,0.2206244765899192,running
Pure Pursuit,25.01000000000111,16.469770397142554,21.711250035147,5.849238226754467,-1.9222537265619195,6.843200354242622,-0.014102659518320113,6.269656047580076,0.017136244923782757,0.008339908487124958,0.09990000000215105,0,not_applicable,133.56996166213767,0,0,0.8513036725902553,0.3067959211611181,722,0.7949490268767376,1.4171802998173781,0.21713917065507293,running
Pure Pursuit,25.110000000001126,16.263285976931705,21.14840923193144,6.1196447367779205,-1.940347391300011,7.011862056543148,-0.011800261059353482,6.550424432408782,0.02194832903421878,0.006811187943100094,0.09939999999986071,0,not_applicable,134.1698737841934,0,0,0.838975556111187,0.29415839305609914,716,0.768813716404078,1.459589706681877,0.22293077345441878,running
Pure Pursuit,25.21000000000114,16.038500995534353,20.56358509349008,6.389593192750508,-1.9569928371108798,6.999984340215857,-0.0063907067090453774,6.819643170799506,0.021972863563811503,0.020050267405586908,0.07199999999940587,0,not_applicable,134.76978584627807,0,0,0.8596018137962997,0.2847985645943854,722,0.7949490268767376,1.437705123095228,0.21713917065507293,running
Pure Pursuit,25.310000000001157,15.796969007323685,19.956564256790877,6.655314463179861,-1.9546610898608394,6.890369960317999,0.001753414801271395,7.0786301887823075,0.06837645114908439,0.01351946262128223,0.07360000000034006,0,not_applicable,135.36969792793104,0,0,0.8761195168430039,0.2751126423146526,368,-0.7470342910101946,1.514774602792035,0.22502164647011183,running
Pure Pursuit,25.410000000001173,15.54737984235787,19.324511270887427,6.91491132304387,-1.9318442541884,6.731558983251977,0.0021806633908842596,7.328470361505059,0.05322515750159753,0.011447638564728635,0.10089999999962629,0,not_applicable,136.16958087673618,0,0,0.859280962113746,0.257706051614977,712,0.7513901760889712,1.4792391446252302,0.22593517874601313,running
Pure Pursuit,25.510000000001188,15.2937047928896,18.66482795689576,7.197970457621249,-1.9314791630456227,7.339954963839155,-0.0074235764152398446,7.648906819427785,0.055183154053419864,0.008926232607340268,0.10690000000224131,0,not_applicable,136.76949291107326,0,0,0.8636066029472067,0.25069614708376814,725,0.8080166821130677,1.4121708508361397,0.2144087504700342,running
Pure Pursuit,25.610000000001204,15.028966565365039,17.980219342856138,7.461254791664677,-1.9553184373951744,6.827178205884259,-0.0037817071309849725,7.880688278209675,0.01404791459716303,0.024280310150761153,0.06759999999772504,0,not_applicable,137.5693758018534,0,0,0.8681495429444435,0.23795354323570864,348,-0.8341519925857275,1.3599115822265517,0.20925385860619156,running
Pure Pursuit,25.71000000000122,14.750865526087251,17.279500594968745,7.605011595180544,-1.9575478431911852,3.7277315396563804,0.016388751985667475,7.834027945630315,0.058841147942807856,0.042273179305482245,0.06690000000020291,0,not_applicable,138.36925533322758,0,0,0.8801419528987406,0.22092142617619465,365,-0.7601019462465246,1.419633662769431,0.22496523842325905,running
Pure Pursuit,25.810000000001235,14.477208837704518,16.581856242621864,7.437494852932595,-1.9106848570057249,-1.9063653035388484,0.03552669399174814,7.414375064826659,0.09857992888232621,0.012663256787590171,0.19049999999865008,0,not_applicable,138.9691652094135,0,0,0.8697967215346863,0.2112486313232954,358,-0.790593141797961,1.348157551022245,0.21807316453493358,running
Pure Pursuit,25.91000000000125,14.23661859875543,15.900003938421039,7.126289094331084,-1.8070261281086664,-3.5415675621322507,0.034731157392523714,7.08333809671937,0.060164466334930035,0.06338874707464015,0.07159999999828415,0,not_applicable,139.76904265923702,0,0,0.8221915826350974,0.2298755515583279,362,-0.7731696014828544,1.445565599262135,0.22193355627601147,running
Pure Pursuit,26.010000000001266,14.05451447646283,15.241901850756763,6.678385117288038,-1.6815083444089378,-5.100470345324979,0.004929017047475395,6.616242059798586,0.10553017600534796,0.1625214823095451,0.06899999999987472,0,not_applicable,140.3689390246392,0,0,0.821429365220726,0.22352259394990062,713,0.755746061167748,1.385242217054828,0.22600293112750477,running
Pure Pursuit,26.110000000001282,13.936072945498184,14.610559876135705,6.295833013447328,-1.6307073751350112,-4.353499523517916,-0.044342287675635944,6.243035164936247,0.06649284337783228,0.17413070495314642,0.11759999999938486,0,not_applicable,141.16882190949332,0,0,0.8650565208057566,0.2270048466478927,715,0.7644578313253012,1.318144583041692,0.2239412608755995,running
Pure Pursuit,26.210000000001298,13.84934407798309,13.993869525802184,6.192853769238269,-1.7144034393759675,-1.1719190303631155,-0.07213717296045143,6.178641110411016,0.06351721810718237,0.057207528767783344,0.07369999999795596,0,not_applicable,141.76870889389963,0,0,0.8575369790691385,0.2562720949576498,733,0.8428637627432809,1.2810916862358486,0.20762130414308752,running
Pure Pursuit,26.310000000001313,13.745927592838926,13.379887825261934,6.2560768381999035,-1.8178224406082215,1.6394259084659257,-0.033797409011037984,6.356796360084862,0.06089521858788461,0.07623908703929949,0.1414999999980182,0,not_applicable,142.3686100481425,0,0,0.8437034571501949,0.2741164263990596,354,-0.8080166821130677,1.38731197194608,0.2144087504700342,running
Pure Pursuit,26.41000000000133,13.611355924746148,12.786200805605484,6.002394191603062,-1.87149606998742,-2.8869460394968183,0.03317557338219642,5.967382234250222,0.02032409257982299,0.1625927401571161,0.07090000000076202,0,not_applicable,142.968521641901,0,0,0.8400621300927479,0.2360172825909061,371,-0.7339666357738648,1.3187169738680444,0.22234991952811328,running
Pure Pursuit,26.510000000001344,13.468134858370144,12.202638678846172,6.014594941104065,-1.7730372595190236,0.31637541744112596,0.09792948963188569,6.034031733347175,0.05677395569535903,0.09665488778181341,0.0932000000020139,0,not_applicable,143.56840981748752,0,0,0.838511042153389,0.24282304578609032,351,-0.8210843373493977,1.2049765495404234,0.21178185999974475,running
Pure Pursuit,26.61000000000136,13.358731899671712,11.604822844750654,6.134398880845197,-1.632768662750026,3.1066141832989658,0.09216743146377844,6.325256359433961,0.11019012609026575,0.013995618297318657,0.0877999999993051,0,not_applicable,144.16831114849558,0,0,0.7839960419324143,0.2547563135811635,361,-0.7775254865616312,1.3129141615335702,0.22094939445953415,running
Pure Pursuit,26.710000000001376,13.304103298241197,10.995018888444712,6.119598053022955,-1.536130237989462,-0.16843560975064342,0.05706869209555715,6.1175553198701325,0.12676349631220685,0.07976297136417543,0.07229999999935899,0,not_applicable,144.76822202110097,0,0,0.7789864208561685,0.260769839591672,335,-0.8907784986098239,1.2052222737191578,0.19934114321212795,running
Pure Pursuit,26.81000000000139,13.300712566811017,10.381883277300988,6.143889052392961,-1.4866962141992222,0.6298854890116345,0.027793271746693115,6.182586601924118,0.11152853316885271,0.10214512224775518,0.07460000000136802,0,not_applicable,145.36811848694163,0,0,0.7918441661171787,0.2763096028908583,334,-0.8951343836886005,1.2561580857316785,0.19864329610943066,running
Pure Pursuit,26.910000000001407,13.33170506238839,9.761580759664577,6.268543746989052,-1.4740038347939066,3.232398225665838,0.006233862109458701,6.467128874959545,0.08009870539675526,0.09397558640601034,0.06660000000024979,0,not_applicable,145.9680250794757,0,0,0.7894291479699814,0.289982985976984,710,0.742678405931418,1.5365701355953167,0.2241197071405647,running
Pure Pursuit,27.010000000001423,13.380410129297566,9.132353540879397,6.3474112296947025,-1.480028576849688,2.0450983573984605,-0.008848509398614621,6.473053582728898,0.06375822291846697,0.06993515125705585,0.06780000000006225,0,not_applicable,146.56793604189878,0,0,0.8490338742061468,0.26910984844931285,710,0.742678405931418,1.4668110695733423,0.2241197071405647,running
Pure Pursuit,27.11000000000144,13.429165959495101,8.514452233976698,6.122158333184556,-1.507077761436773,-2.5634112785752095,-0.014810862172719451,6.091070101837182,0.07172709122331844,0.029230410507366855,0.09930000000224481,0,not_applicable,147.16784449970876,0,0,0.8847567078212316,0.2743350177702867,708,0.7339666357738648,1.515318524098919,0.22234991952811328,running
Pure Pursuit,27.210000000001454,13.466456856123553,7.928963808062166,5.736675505984308,-1.5415935882661094,-4.386851588821479,-0.015292654681473767,5.683473174302408,0.058866018797652055,0.008253593291950523,0.07550000000122736,0,not_applicable,147.76775670985236,0,0,0.8719617800679577,0.28418160676525217,721,0.7905931417979613,1.4418933524349793,0.21807316453493353,running
Pure Pursuit,27.31000000000147,13.486139273542463,7.384330705063788,5.304004270796166,-1.581265260453545,-4.923862651179682,-0.016979759735271365,5.2442892408663395,0.014340158970279727,0.025297014713158816,0.0745000000001994,0,not_applicable,148.36766834594815,0,0,0.8935415824459009,0.29663578167321725,715,0.7644578313253012,1.4521587047183573,0.2239412608755995,running
Pure Pursuit,27.410000000001485,13.48599611617692,6.885004106282552,4.831305895904629,-1.6230181030040898,-5.392087292120209,-0.021771190132066492,4.764795541584145,0.09948839157345564,0.019062115848353045,0.08430000000103632,0,not_applicable,148.96752477346632,0,0,0.8911170754052904,0.31487438714988053,709,0.7383225208526416,1.458429220024783,0.2232291878884924,running
Pure Pursuit,27.5100000000015,13.467112290611931,6.436316029008955,4.307138595662671,-1.6642279085994645,-5.999438063458893,-0.03127766570946734,4.23136208955874,0.052264079282770395,0.014177499313081654,0.07280000000164932,0,not_applicable,149.36740289250451,0,0,0.8515918023952923,0.34165887195840383,709,0.7383225208526416,1.4440539583378877,0.2232291878884924,running
Pure Pursuit,27.610000000001516,13.430664070751396,6.034800030422242,3.892050388187814,-1.7131505333692694,-4.723765195164482,-0.04731867956319078,3.834762076146223,0.0506188410962065,0.005050107089015654,0.07590000000234909,0,not_applicable,149.76732654458215,0,0,0.8597579395938221,0.37666205067808867,706,0.7252548656163116,1.4346675462669425,0.2206244765899192,running
Pure Pursuit,27.710000000001532,13.375754400478295,5.678973054138811,3.452689451726488,-1.7796262828219085,-4.999992441116503,-0.06215226448383919,3.392051144076164,0.09094295219719677,0.0018761644438605174,0.07529999999889014,0,not_applicable,150.16726804311526,0,0,0.8565081915893613,0.4080511907609316,711,0.7470342910101948,1.3902629729556877,0.22502164647011186,running
Pure Pursuit,27.810000000001548,13.299106531480934,5.346479356812281,3.3928124839615337,-1.845381668045058,-0.6814087493372334,-0.06510004138441113,3.3845485767927648,0.05599010982813966,0.024436305141996684,0.0934999999984143,0,not_applicable,150.36712320348425,0,0,0.8762912783395091,0.46109171764062323,725,0.8080166821130677,1.314379487960574,0.2144087504700342,running
Pure Pursuit,27.910000000001563,13.19669353836457,5.019515672709168,3.4562411856943767,-1.9184428442959955,1.6447581344759055,-0.06567194356062027,3.5572882974091242,0.018052245136423475,0.017463045432325686,0.10239999999939187,0,not_applicable,150.76686191895485,0,0,0.8708376705800704,0.47187582417462476,714,0.7601019462465248,1.3853052315388823,0.22496523842325897,running
Pure Pursuit,28.01000000000158,13.068597741126919,4.689071400811087,3.6195772972063374,-1.9740103193572196,4.235439016149001,-0.06081615274235254,3.8797850873092767,0.05479875953460634,0.006335595756180368,0.07959999999940237,0,not_applicable,151.1666234448716,0,0,0.872419162077615,0.4624152994942139,706,0.7252548656163116,1.416620172330095,0.2206244765899192,running
Pure Pursuit,28.110000000001595,12.92019037578343,4.361311486735024,3.5878862465179537,-2.0379057316192437,-0.3606488441352518,-0.06863654500964794,3.583512412792812,0.09546553905192368,0.021503944769481365,0.08270000000010214,0,not_applicable,151.5665030160315,0,0,0.8737730268701593,0.43477391032272533,725,0.8080166821130677,1.3017293686760574,0.2144087504700342,running
Pure Pursuit,28.21000000000161,12.761985557755128,4.071025333070408,3.1637750913518077,-2.129831544043035,-4.826447674440848,-0.07495918197550841,3.105241479073869,0.04014243364277992,0.02895787113377679,0.10740000000097893,0,not_applicable,151.76647376529806,0,0,0.8765757476411468,0.4401448479435961,698,0.6904077849860983,1.4316749762395182,0.21414126651260781,running
Pure Pursuit,28.310000000001626,12.585260523345626,3.805480857589923,3.2135217537745095,-2.201495220214282,1.2899716602649525,-0.06433046769361003,3.292772257378303,0.04813996381465232,0.016205486607971054,0.14459999999871798,0,not_applicable,152.16629805729568,0,0,0.8369309475015032,0.5216751399564176,710,0.742678405931418,1.4399494706060572,0.2241197071405647,running
Pure Pursuit,28.41000000000164,12.386965267038192,3.5475264841389382,3.2884752145149068,-2.255447540951889,1.9436045653139233,-0.0584676219671881,3.407882210305902,0.07855130459984447,0.03449014576397147,0.07379999999912457,0,not_applicable,152.36626880656223,0,0,0.8692700810492016,0.4972038240918383,718,0.7775254865616312,1.359606576290607,0.22094939445953415,running
Pure Pursuit,28.510000000001657,12.168933988261285,3.2933784560861072,3.400742297047171,-2.3126123010431328,2.911177309076276,-0.0656105161814358,3.5795929454225344,0.013789791709866016,0.007065540912009283,0.06940000000099644,0,not_applicable,152.76599209859606,0,0,0.8719521015487688,0.47556399300525826,711,0.7470342910101948,1.372451943672291,0.22502164647011186,running
Pure Pursuit,28.610000000001673,11.92680237763747,3.0455480257878635,3.5205421731995807,-2.3837555969567186,3.106508811118487,-0.0736437630788973,3.7113931781590197,0.040722637085454656,0.010055184070282053,0.076399999997534,0,not_applicable,153.16570820611238,0,0,0.8741530574450479,0.45201635666068524,718,0.7775254865616312,1.316431174437785,0.22094939445953415,running
Pure Pursuit,28.71000000000169,11.675246458621453,2.822274929584062,3.2847309296207294,-2.4668384708057673,-2.68356682986159,-0.07675327343592188,3.2521854902134217,0.09620583637177176,0.021798446090015133,0.07540000000005875,0,not_applicable,153.36555993446598,0,0,0.8627559542640656,0.43928241802491724,710,0.742678405931418,1.363373280397377,0.2241197071405647,running
Pure Pursuit,28.810000000001704,11.425963463284601,2.6353309007588672,3.031292142498575,-2.5482723351989676,-2.8841708826065604,-0.06710180140437956,2.9963138413600734,0.010093245744914922,0.01702837687086678,0.07679999999865572,0,not_applicable,153.76550143299906,0,0,0.8464469809871431,0.4959443488972385,726,0.8123725671918445,1.3339424198537295,0.2135218524542555,running
Pure Pursuit,28.91000000000172,11.169399266745678,2.471409098287994,3.0566449624521383,-2.6018157251279095,0.6574193655446559,-0.05052048730867227,3.0970340790530404,0.08910135379377686,0.004300668705035093,0.0782000000008054,0,not_applicable,154.1653764655309,0,0,0.8542663321104158,0.5343837593743241,726,0.8123725671918445,1.3276351845053755,0.2135218524542555,running
Pure Pursuit,29.010000000001735,10.896931514460134,2.31513985711196,3.213268882777301,-2.6409408947889235,4.061386406635674,-0.04451594363901361,3.4627836031157058,0.026203591396775285,0.0018470997148938295,0.09299999999967667,0,not_applicable,154.36523178253861,0,0,0.8689478407480187,0.5339350915320212,724,0.8036607970342913,1.3480738116278184,0.2153071491827237,running
Pure Pursuit,29.11000000000175,10.604316883296866,2.1625243546087547,3.3746734994175354,-2.6811699164647824,4.185353773740124,-0.04005159600353226,3.631804260151313,0.04596052588255764,0.013152498380451405,0.07599999999996498,0,not_applicable,154.76509729672776,0,0,0.8589481907820045,0.512246359219255,722,0.7949490268767376,1.3698574842259401,0.21713917065507293,running
Pure Pursuit,29.210000000001767,10.288450276496457,2.0131822744825096,3.595893668184528,-2.722085108728295,5.736419982584038,-0.035710500218031065,3.948315497675939,0.09665311391720864,0.010308665048126997,0.06919999999865922,0,not_applicable,155.16501671374212,0,0,0.8494738494104005,0.5014718788866744,733,0.8428637627432809,1.3335577879072553,0.20762130414308752,running
Pure Pursuit,29.310000000001782,9.945904308496406,1.8655105630429556,3.844793056682309,-2.751518564087793,6.454164797855708,-0.02426153655311911,4.241310147970099,0.07808668853261619,0.0034984087793894503,0.07500000000248974,0,not_applicable,155.36498746300865,0,0,0.855232357740463,0.474499131603983,717,0.7731696014828544,1.443096569165665,0.22193355627601147,running
Pure Pursuit,29.410000000001798,9.579578950375053,1.7160803802674651,4.0513731537457325,-2.7660244101938756,5.356790944531569,-0.014264556674733144,4.380472151135466,0.07418863619904985,0.0028856392549734267,0.06889999999870611,0,not_applicable,155.76492501842756,0,0,0.8473752367758153,0.45227453099199094,716,0.768813716404078,1.4727421863078083,0.22293077345441878,running
Pure Pursuit,29.510000000001813,9.190602650350906,1.5643458246101958,4.280804046750814,-2.7807476910278064,5.949330780244972,-0.00877433138548547,4.64630623177023,0.0915447868315925,0.006081780668694137,0.06880000000109021,0,not_applicable,156.16486571961744,0,0,0.842635529278231,0.42134269003566166,715,0.7644578313253012,1.45599357673417,0.2239412608755995,running
Pure Pursuit,29.61000000000183,8.777550614759408,1.4100649965710947,4.518718142182241,-2.7959874810360428,6.169307160274062,-0.0007040827254940285,4.89773476277822,0.07058791108781791,0.027075046902371724,0.10530000000130713,0,not_applicable,156.76477697322116,0,0,0.8600553849849311,0.4047399556947361,359,-0.7862372567191844,1.4431329675711158,0.21901940157552577,running
Pure Pursuit,29.710000000001845,8.338410298787396,1.2507374259476702,4.8016404496483505,-2.7946612346113437,7.336406924889465,0.010277747570614627,5.252358834671187,0.0024422645836289286,0.030570892154884177,0.07159999999828415,0,not_applicable,157.16471824018387,0,0,0.8681030784732183,0.3740005543885357,353,-0.8123725671918443,1.3758689228854188,0.21352185245425553,running
Pure Pursuit,29.81000000000186,7.874805376386422,1.0795341055013854,5.061713633330129,-2.7771540378161528,6.7439104495837565,0.014773772664327903,5.476031494606726,0.09254983334692433,0.013133844986125354,0.07090000000076202,0,not_applicable,157.56465973864718,0,0,0.8699601813732961,0.3628569046306232,371,-0.7339666357738648,1.5160545267367462,0.22234991952811328,running
Pure Pursuit,29.910000000001876,7.390040920619689,0.8934015990248507,5.3043617114503325,-2.7600260546133994,6.292063204826714,0.004592468642311332,5.6909199538128,0.018564401616731657,0.010976074522757173,0.06899999999987472,0,not_applicable,158.1645714026533,0,0,0.8762538291751674,0.3433240992812783,719,0.781881371640408,1.453107975165538,0.21997807798827246,running
Pure Pursuit,30.01000000000189,6.883438351796897,0.6927309135829381,5.572180038130809,-2.7613817356404287,6.944748344760008,-0.01059554366363977,5.998836545926333,0.044188845226226535,0.026501411205211767,0.09610000000037644,0,not_applicable,158.7644780215771,0,0,0.870255158422254,0.3182820229892809,731,0.8341519925857277,1.3434526034627943,0.20925385860619153,running
Pure Pursuit,30.110000000001907,6.350594022348807,0.4841880209730318,5.849656521511481,-2.7810044142426866,7.195192250479492,-0.02343439073594438,6.291699263178758,0.07208039332643158,0.0324404050592868,0.08499999999855845,0,not_applicable,159.3643879891576,0,0,0.8681227072862907,0.2928489329029134,717,0.7731696014828544,1.3898187827795103,0.22193355627601147,running
Pure Pursuit,30.210000000001923,5.799448204872503,0.2767246713696776,5.922618962998674,-2.8019148019645335,1.8919758069893966,-0.029130433745071602,6.03885410221042,0.08969718251715228,0.03239296711469741,0.09740000000135751,0,not_applicable,159.96429266255768,0,0,0.839002999047404,0.2791811182129238,714,0.7601019462465248,1.4085901161835463,0.22496523842325897,running
Pure Pursuit,30.31000000000194,5.257613116318408,0.08404288160368477,5.66327275362329,-2.8300385074312997,-2.9513982215924184,-0.02785542887933363,5.627479140839432,0.10600053839405443,0.00806054491655317,0.10770000000093205,0,not_applicable,160.36423330780588,0,0,0.812442109849658,0.28561903301949026,715,0.7644578313253012,1.444875792700083,0.2239412608755995,running
Pure Pursuit,30.410000000001954,4.737615370168165,-0.08647653843677079,5.375369484471524,-2.8618191477855452,-3.276381785612541,-0.009430588975446722,5.335634575062036,0.06972495617736083,0.04218345217971731,0.0801999999993086,0,not_applicable,160.96414445229757,0,0,0.8246652125877487,0.30418204585669006,364,-0.7644578313253012,1.4672886733433763,0.2239412608755995,running
Pure Pursuit,30.51000000000197,4.251235992349809,-0.23285129108348895,4.92732086214597,-2.875613730221409,-5.102171577027059,0.028689038855776283,4.865152326768818,0.06060976832846301,0.09999351775334375,0.07449999999664669,0,not_applicable,161.56402064944206,0,0,0.8483524782389266,0.2968093869432549,355,-0.803660797034291,1.3226776513118843,0.21530714918272373,running
Pure Pursuit,30.610000000001985,3.811013678969318,-0.3645265889473816,4.417152035901871,-2.8284010758643205,-5.832792433872118,0.07435630628764517,4.344041618758758,0.011547861623330038,0.09662419178789605,0.07309999999804973,0,not_applicable,161.96389408213474,0,0,0.8707050267904741,0.2969933505631225,380,-0.6947636700648749,1.339093627918056,0.21491658495418048,running
Pure Pursuit,30.710000000002,3.4212568539511516,-0.5066832980288771,4.014344481599761,-2.700030989683086,-4.58400954567443,0.10413919490000485,3.9587510813344284,0.04773343988712067,0.02385863553728207,0.07369999999795596,0,not_applicable,162.36376882146791,0,0,0.8258686897245041,0.3404786583846899,379,-0.6991195551436515,1.366835582473212,0.2157016455530536,running
Pure Pursuit,30.810000000002017,3.089080277776599,-0.6763692712947742,3.5902096070515226,-2.5430146814060697,-4.826717604517299,0.10082748522797196,3.5316727211480314,0.053216322773135274,0.06177781806263383,0.11169999999793845,0,not_applicable,162.76371032000102,0,0,0.8056173830472165,0.38563069767169383,366,-0.755746061167748,1.3526151606671482,0.22600293112750477,running
Pure Pursuit,30.910000000002032,2.8227949902714067,-0.866858147569932,3.1125703322927216,-2.4094663929949265,-5.450199214922962,0.08106395611266935,3.0451896855592264,0.09511228750025297,0.10032342242007886,0.0762999999999181,0,not_applicable,163.16359994384905,0,0,0.8282515355592315,0.46150432870023167,381,-0.6904077849860983,1.4915864992351882,0.21414126651260781,running
Pure Pursuit,31.010000000002048,2.6023638647814202,-1.0728176334078836,2.970153101765598,-2.3306840317220576,-1.6207291477835906,0.06623267108502028,2.9504974175143626,0.013867884168338656,0.11409990696120254,0.07709999999860884,0,not_applicable,163.36322103748435,0,0,0.8678989405783938,0.5373327490149178,405,-0.5858665430954588,1.5917147464134607,0.19814379270187343,running
Pure Pursuit,31.110000000002064,2.402096685664935,-1.29702561405712,3.038325192600374,-2.265108095307352,1.7677580950182037,0.07698345262224716,3.1469289112674184,0.09022986357433406,0.03243817846648156,0.10130000000074801,0,not_applicable,163.76243409314057,0,0,0.8637144239836574,0.5374853942113255,373,-0.7252548656163114,1.4152695166237417,0.22062447658991918,running
Pure Pursuit,31.21000000000208,2.2161224006071363,-1.5371480174418892,3.037498167834686,-2.1974452578153043,-0.009411664155574151,0.08666549987359268,3.0373840261848164,0.03892713438091678,0.02958735285205094,0.0706000000008089,0,not_applicable,163.96240484240712,0,0,0.829877110948857,0.5209169407480663,405,-0.5858665430954588,1.5169146386479573,0.19814379270187343,running
Pure Pursuit,31.310000000002095,2.0576802263892424,-1.7771506845624179,2.794980682758215,-2.112043664605027,-2.7598848499988904,0.10750387230993771,2.761509682834797,0.09286690413957574,0.050099472400317424,0.11049999999812599,0,not_applicable,164.36160506908675,0,0,0.8731611337454251,0.4998922225165974,361,-0.7775254865616312,1.3030551073082413,0.22094939445953415,running
Pure Pursuit,31.41000000000211,1.932361658199389,-2.0140158905452314,2.62258400104708,-2.019132126475398,-1.961899736402981,0.11432531238739403,2.598790709117917,0.037701250688202514,0.039440546452350844,0.06889999999870611,0,not_applicable,164.56143075309723,0,0,0.8553974391376471,0.5374102729819286,371,-0.7339666357738648,1.337658058114447,0.22234991952811328,running
Pure Pursuit,31.510000000002126,1.840337463830637,-2.237483369568446,2.313187512179591,-1.9304848675094801,-3.5209778049569573,0.11442724244645651,2.2704862205513843,0.034779812912295476,0.028318550094198258,0.06799999999884676,0,not_applicable,164.76140150236378,0,0,0.8704704054915644,0.5889185329261037,384,-0.6773401297497683,1.4154033358609701,0.21187243445594103,running
Pure Pursuit,31.61000000000214,1.7706875641894002,-2.4625342594877937,2.3932897158278186,-1.8554025548176662,2.0771156817111613,0.10914109633003735,2.520899080350707,0.06931855240312902,0.009349078376857278,0.06989999999973406,0,not_applicable,164.9613722516303,0,0,0.867156864409513,0.6795536808549422,370,-0.7383225208526414,1.3858302148922677,0.22322918788849236,running
Pure Pursuit,31.710000000002157,1.7163229154329105,-2.7014054698371246,2.498970289615499,-1.7791344899864079,2.7403837481252724,0.1054639608953853,2.667328090640346,0.08944878588921594,0.05425430164092582,0.06899999999987472,0,not_applicable,165.36095449741634,0,0,0.8598705560833846,0.640176335444421,380,-0.6947636700648749,1.3919045795627658,0.21491658495418048,running
Pure Pursuit,31.810000000002173,1.6773762150726734,-2.9605201410750124,2.724649344340126,-1.7013288206204518,5.852042543808902,0.10740492831085734,3.0841745439963892,0.02836237906105439,0.04386492277311582,0.06730000000132463,0,not_applicable,165.5604721883643,0,0,0.8843070451542312,0.6157261946983296,371,-0.7339666357738648,1.3648567877813145,0.22234991952811328,running
Pure Pursuit,31.91000000000219,1.6563950872694788,-3.2435480309175007,2.9359222703657517,-1.6186135141050748,5.478479839281398,0.1067958710225905,3.272497328268266,0.061377744676366766,0.010370566811165105,0.09680000000145128,0,not_applicable,165.76044293763084,0,0,0.8473800679916389,0.5568786928776959,384,-0.6773401297497683,1.3942163899361832,0.21187243445594103,running
Pure Pursuit,32.0100000000022,1.6583120755620087,-3.5398473799285295,2.987822678569704,-1.5281399744486936,1.3458200506076157,0.10931046062735905,3.0705042754265133,0.04174812519295375,0.036926291106883724,0.06899999999987472,0,not_applicable,166.16007927161363,0,0,0.8645090913759562,0.5221393746645601,367,-0.7513901760889712,1.3461316859394048,0.22593517874601313,running
Pure Pursuit,32.11000000000218,1.6859992811064697,-3.8260423951413247,2.819623240242179,-1.43047356714656,-1.9141344858993703,0.11116451232122994,2.796409229979767,0.046123606546214974,0.0035501299751317106,0.0762000000023022,0,not_applicable,166.36005002088018,0,0,0.8753727507410065,0.5054192288573445,371,-0.7339666357738648,1.3436366349440323,0.22234991952811328,running
Pure Pursuit,32.21000000000216,1.7369696078525658,-4.083953511266113,2.5335086166231333,-1.3345725052134592,-3.256026734898505,0.10482251148866356,2.4940205667523285,0.09100960457155918,0.022992313163733513,0.1335000000004527,0,not_applicable,166.75996790693998,0,0,0.872303698110088,0.5543094149746662,386,-0.6686283595922151,1.4368054556338896,0.2104061992652272,running
Pure Pursuit,32.31000000000214,1.8117210764335763,-4.332802114069146,2.655020903956398,-1.2538986409404789,3.1509130341647085,0.09734562600528684,2.848599920039604,0.03074379157558392,0.007237422528879378,0.154699999999508,0,not_applicable,166.9596309592862,0,0,0.8629225742442976,0.6187364309699056,381,-0.6904077849860983,1.422719532178367,0.21414126651260781,running
Pure Pursuit,32.41000000000212,1.910151535387458,-4.58821026451132,2.807973258525329,-1.1828705043872931,3.966179702433208,0.09061528576179374,3.051638874199719,0.043948242066873734,0.013148710450320067,0.07429999999786219,0,not_applicable,167.1596017085527,0,0,0.8547959324363708,0.5797944109650688,357,-0.7949490268767376,1.295189939513635,0.21713917065507293,running
Pure Pursuit,32.5100000000021,2.0301555600275756,-4.851996502515944,2.9754566800965425,-1.1215647108165498,4.342982159391644,0.0950581906173864,3.2422714744644936,0.06591661889582352,0.041613661476755937,0.10510000000252262,0,not_applicable,167.5591228671157,0,0,0.8758301765522416,0.5426105939867378,398,-0.6163577386468952,1.4456018335314849,0.20233107570679906,running
Pure Pursuit,32.61000000000208,2.173390056859172,-5.1190973328990905,3.0794383855423817,-1.0449620475850194,2.696330701975671,0.11006863102799985,3.2450897502941096,0.03778613232798414,0.030821694165910074,0.07369999999795596,0,not_applicable,167.75871760221287,0,0,0.8591490767705142,0.5037951177849552,379,-0.6991195551436515,1.363065597930408,0.2157016455530536,running
Pure Pursuit,32.71000000000206,2.338784652816647,-5.3724594926529505,2.999928184696073,-0.9474292195210534,-0.9048378456790562,0.11719053450009004,2.988954600974476,0.061005972767810876,0.05115355482569939,0.07499999999893703,0,not_applicable,168.15850627791207,0,0,0.8800242282650289,0.49032913512862863,400,-0.607645968489342,1.440748399356787,0.20109762184866747,running
Pure Pursuit,32.81000000000204,2.510866867875098,-5.586730874379292,2.6217951003337157,-0.8431977363794969,-4.303210428254078,0.11759194423422761,2.569607141870665,0.024819979964928744,0.007446511561106206,0.0724000000005276,0,not_applicable,168.35847702717862,0,0,0.8414306600385422,0.5036481231484935,379,-0.6991195551436515,1.372164514196441,0.2157016455530536,running
Pure Pursuit,32.91000000000202,2.6978539572393228,-5.775435772558149,2.6879469671843608,-0.758924937731722,1.7153720341248402,0.10291227196572347,2.7933323037461997,0.07943522874953993,0.020688951866738137,0.07540000000005875,0,not_applicable,168.55844777644518,0,0,0.8644459649371004,0.5822553413024788,366,-0.755746061167748,1.336968128299131,0.22600293112750477,running
Pure Pursuit,33.010000000002,2.90104951819672,-5.949514282707792,2.670158757005776,-0.6848599529165984,-0.2024324628180585,0.09464531453196141,2.667703720902555,0.05731028561748012,0.016443485783064204,0.07859999999837441,0,not_applicable,168.95817333026537,0,0,0.8563426997667183,0.5785190264398519,389,-0.6555607043558851,1.4409546469718841,0.2082738731989199,running
Pure Pursuit,33.11000000000198,3.1212286921105843,-6.115286070528939,2.829999464540765,-0.6253504229941695,4.14480033102159,0.09428562382988906,3.084638790107935,0.02543291759771988,0.017598473006202653,0.07489999999776842,0,not_applicable,169.15778900251888,0,0,0.8580599005780383,0.5645536892540397,367,-0.7513901760889712,1.32748856414935,0.22593517874601313,running
Pure Pursuit,33.21000000000196,3.3654255303301994,-6.275670312251558,3.0008483760667217,-0.5526088642332789,4.430252067624596,0.10001533690256034,3.2730246713032245,0.09123140978870965,0.04424957212619063,0.07399999999790907,0,not_applicable,169.5574529250893,0,0,0.8570167557318389,0.5412828429326504,378,-0.7034754402224281,1.3846681674880568,0.216496585417684,running
Pure Pursuit,33.31000000000194,3.6324206566305954,-6.421419266748844,3.0785242794167638,-0.4611601809820929,2.0141997297351777,0.10660459327823742,3.2022683490402395,0.02625791649053995,0.006038505385008719,0.07270000000048071,0,not_applicable,169.75742367435583,0,0,0.8550765721995163,0.5085021981047985,370,-0.7383225208526414,1.3518108282423291,0.22322918788849236,running
Pure Pursuit,33.41000000000192,3.909950044258871,-6.541872444635729,3.000068941674726,-0.36304716930393255,-0.8928333475317052,0.115927941200408,2.9892409446635932,0.08733602640950988,0.007081735315956905,0.0764999999987026,0,not_applicable,170.15731687386,0,0,0.8787914945042139,0.49688143918081673,360,-0.7818813716404078,1.3054093354698904,0.21997807798827249,running
Pure Pursuit,33.5100000000019,4.183969271034381,-6.630004876879016,2.8182903617776747,-0.26352574877596613,-2.0686671253991884,0.12113050664497006,2.793202229134807,0.005729439606419089,0.02809934797196334,0.08079999999921483,0,not_applicable,170.35728762312655,0,0,0.8713736725045308,0.5107687276878459,367,-0.7513901760889712,1.3456791953075526,0.22593517874601313,running
Pure Pursuit,33.61000000000188,4.440867367858295,-6.684581127212465,2.5301867589720426,-0.1674319830129578,-3.278661612224125,0.12103022071148539,2.490424200555262,0.06453318777032198,0.042452983255509835,0.07580000000118048,0,not_applicable,170.5568141591386,0,0,0.8669050354213225,0.5395552314432033,373,-0.7252548656163114,1.3585531058203781,0.22062447658991918,running
Pure Pursuit,33.71000000000186,4.696163087538567,-6.713196373245297,2.6034555214017336,-0.08619154582624855,1.8999189596658228,0.11607957096859269,2.720178654938625,0.07708448624129004,0.06349773719865226,0.07540000000005875,0,not_applicable,170.95563443562477,0,0,0.8728815207916406,0.5779157872964283,368,-0.7470342910101946,1.297873886640576,0.22502164647011183,running
Pure Pursuit,33.81000000000184,4.95944005030877,-6.720674636242831,2.661047834973857,-0.003856047847885513,1.493415814027128,0.11054006112364272,2.7527971028044464,0.013963419974939679,0.05082584137412027,0.07679999999865572,0,not_applicable,171.15560518489133,0,0,0.8883870037608782,0.570652841322408,387,-0.6642724745134383,1.3794513543312916,0.20968660597172056,running
Pure Pursuit,33.91000000000182,5.231368798021848,-6.7062129512093245,2.7773855741189593,0.07938736651141642,3.0167327657340914,0.1030215978491919,2.9627211115472663,0.059686589100763104,0.03434030099090535,0.0955999999980861,0,not_applicable,171.3551599057547,0,0,0.8708586366098306,0.5813981341526858,373,-0.7252548656163114,1.3783875561293226,0.22062447658991918,running
Pure Pursuit,34.0100000000018,5.513239106288604,-6.669589674764248,2.8986883646854227,0.15368718404481907,3.14548061158741,0.08106976933049585,3.0919336352777003,0.06179330461431272,0.04079952620349303,0.07490000000132113,0,not_applicable,171.75504466672044,0,0,0.8450207234909519,0.5661900831448857,368,-0.7470342910101946,1.3787968711963607,0.22502164647011183,running
Pure Pursuit,34.11000000000178,5.809235700322822,-6.612370341956975,3.1144712628501794,0.21582387720780494,5.595427106992146,0.0675398832099443,3.4582310753846373,0.05110255020584489,0.007996243987495433,0.08240000000014902,0,not_applicable,171.955015415987,0,0,0.8241540716369491,0.5463063469693256,362,-0.7731696014828544,1.3552968739352698,0.22193355627601147,running
Pure Pursuit,34.21000000000176,6.121765007021574,-6.534400999715479,3.3123393205402354,0.26630314574082536,5.130880635227539,0.05064564214619704,3.6275593263729333,0.04732001168095042,0.008734582320087725,0.10139999999836391,0,not_applicable,172.35493312477556,0,0,0.8555259259774736,0.5145254969837059,371,-0.7339666357738648,1.4122248802127533,0.22234991952811328,running
Pure Pursuit,34.31000000000174,6.452252380010644,-6.437585219643938,3.5561077879415492,0.30637667895661513,6.3211158156092395,0.0420158247508141,3.9444509021011593,0.0979409736732972,0.005974292966604011,0.09110000000234209,0,not_applicable,172.75483624400826,0,0,0.8766224876543536,0.5070667622900903,361,-0.7775254865616312,1.417902812682906,0.22094939445953415,running
Pure Pursuit,34.41000000000172,6.803373683991686,-6.3215540889296005,3.8189585112942837,0.3353227354565158,6.815934325886257,0.03144332769227416,4.237701220530175,0.08148123209816201,0.009746810186136656,0.07279999999809661,0,not_applicable,172.95480699327481,0,0,0.8570458968507781,0.472658098963654,374,-0.7208989805375348,1.4824335939002469,0.2197779812188762,running
Pure Pursuit,34.5100000000017,7.174574970619055,-6.190933029839821,4.034153979382379,0.3497283633709589,5.58019456445809,0.02398630406498898,4.376977967740093,0.07593711763584779,0.0009662911556667098,0.15120000000123923,0,not_applicable,173.35472661935435,0,0,0.8582425207747997,0.4395994632291184,366,-0.755746061167748,1.4477753565405915,0.22600293112750477,running
Pure Pursuit,34.61000000000168,7.564938802106171,-6.046890590579072,4.268950483570445,0.3643950343368667,6.088465468462605,0.021451917105307562,4.643000526228639,0.09177514045241071,0.0029976122563688534,0.07920000000183336,0,not_applicable,173.75466331309028,0,0,0.8324711112906626,0.42356212665323223,365,-0.7601019462465246,1.4633832711102772,0.22496523842325905,running
Pure Pursuit,34.71000000000166,7.975430846557099,-5.888692469342068,4.510225527205284,0.3795916591466195,6.256459297178836,0.016278783316006237,4.894596413288329,0.08468481707049326,0.006708610849948116,0.11700000000303135,0,not_applicable,174.3545752045322,0,0,0.8676964185519203,0.40230218010887353,358,-0.790593141797961,1.4261389754624365,0.21807316453493358,running
Pure Pursuit,34.810000000001644,8.40818269423506,-5.714718153805163,4.795294563956313,0.3947750094454463,7.392073371741255,0.007806265451859981,5.2494328643794095,0.034012434158667317,0.026247722363805792,0.07290000000281793,0,not_applicable,174.75451633161728,0,0,0.8402499183087411,0.39028024360272956,720,0.7862372567191844,1.4626606231867214,0.21901940157552577,running
Pure Pursuit,34.910000000001624,8.864422576123859,-5.526215268027711,5.05673269291783,0.39335647047999656,6.77930459751102,-0.005082189887635428,5.473225023707415,0.0867035718364004,0.031799503523119554,0.0743999999990308,0,not_applicable,175.15445626905247,0,0,0.8672224530663827,0.3580568974763297,722,0.7949490268767376,1.4195823924161413,0.21713917065507293,running
Pure Pursuit,35.010000000001604,9.344973933816163,-5.330647315372755,5.300259906244157,0.3750184711307911,6.314859900046272,-0.014089299087701209,5.688218682922457,0.004781479696327574,0.022670780854618044,0.10540000000247574,0,not_applicable,175.7543678617262,0,0,0.8695880436411902,0.34500988851840125,733,0.8428637627432809,1.3683670114473718,0.20762130414308752,running
Pure Pursuit,35.110000000001584,9.85193630155242,-5.131933840903404,5.56867181776577,0.35773392718107555,6.960140485372888,-0.01321909201219902,5.996273954781445,0.053216580059886304,0.012626206791267691,0.08469999999860534,0,not_applicable,176.3542793111508,0,0,0.8646500499700194,0.3172888024586357,720,0.7862372567191844,1.407171924623588,0.21901940157552577,running
Pure Pursuit,35.210000000001564,10.387447902717804,-4.9312828028151445,5.846559882068514,0.3414852519498668,7.205864880552033,-0.013208738963474295,6.289258305820973,0.08262972784172544,0.0010701690441798917,0.07029999999730308,0,not_applicable,176.95419123093473,0,0,0.873821545913408,0.309192893118012,728,0.8210843373493977,1.3850603275174171,0.21178185999974475,running
Pure Pursuit,35.310000000001544,10.95216984687628,-4.72946944634768,6.125235594058356,0.32535709631929244,7.22628922954641,-0.009645828279110487,6.569188805023155,0.08348569982685393,0.012040905570763982,0.09740000000135751,0,not_applicable,177.5541033833453,0,0,0.8745548297497763,0.29074183038749335,718,0.7775254865616312,1.4323428071760633,0.22094939445953415,running
Pure Pursuit,35.410000000001524,11.546093568413195,-4.527409559659042,6.3999794101286005,0.30908046994209704,7.124331951200924,-0.003736607493077235,6.837668789178449,0.05569430255071144,0.02584507171728312,0.11899999999798183,0,not_applicable,178.15401553880207,0,0,0.8679829955679844,0.2899430170419565,366,-0.755746061167748,1.5184824704848587,0.22600293112750477,running
Pure Pursuit,35.510000000001504,12.16809551878415,-4.3237577117552295,6.668393067195858,0.3113884346723004,6.960185748799663,0.004905396187937524,7.095997985008567,0.005162468300961575,0.019982010680747564,0.07109999999954653,0,not_applicable,178.75392758214483,0,0,0.8754836321548263,0.27414937172760473,360,-0.7818813716404078,1.464987959566596,0.21997807798827249,running
Pure Pursuit,35.610000000001484,12.814656805247532,-4.110149843616614,6.929416204705001,0.334164929934619,6.768543529597224,0.0044030362260525,7.34524742015558,0.08213958233254157,0.008480419394166105,0.0764999999987026,0,not_applicable,179.35383959391427,0,0,0.8717583677012913,0.26563416669515716,717,0.7731696014828544,1.489691979270639,0.22193355627601147,running
Pure Pursuit,35.710000000001465,13.483588123616672,-3.8824556371282024,7.182742543953613,0.33476721784237506,6.5689592530381535,-0.008403598990044739,7.5863121300088165,0.011874015259317782,0.018753686228505373,0.08460000000098944,0,not_applicable,180.15372182689399,0,0,0.8794433176069054,0.24843569511252397,713,0.755746061167748,1.4788523272103598,0.22600293112750477,running
Pure Pursuit,35.810000000001445,14.178032668669056,-3.6474449075770705,7.457916782428958,0.311021936925048,7.13549315634479,-0.01740075207359072,7.896291859588092,0.0797164772165746,0.007683270426101174,0.07289999999926522,0,not_applicable,180.9536027954087,0,0,0.8686514646934141,0.23764168980311945,709,0.7383225208526416,1.485664185934985,0.2232291878884924,running
Pure Pursuit,35.910000000001425,14.898060652148358,-3.41352170235884,7.666966575228127,0.2892664822143418,5.420832175710419,-0.016229408658638533,8.0,0.08358316192661047,0.0022005089126384547,0.07169999999945276,0,not_applicable,181.5535147530369,0,0,0.8558005493063302,0.22742575971070925,717,0.7731696014828544,1.4358493614640477,0.22193355627601147,running
Pure Pursuit,36.010000000001405,15.63771989898644,-3.186816374382936,7.795398089407282,0.2684908945917659,3.3303342477187314,-0.018014456549804814,8.0,0.06608815910674701,0.005224326721220862,0.07650000000225532,0,not_applicable,182.35339320664988,0,0,0.8559599031241645,0.21572994421870414,712,0.7513901760889712,1.4345758860359714,0.22593517874601313,running
Pure Pursuit,36.110000000001385,16.391246203752843,-2.9711257824704185,7.874301079998604,0.2465236288426227,2.0460191059271793,-0.022087610921012742,8.0,0.06459993235410935,0.004881757922921892,0.0879999999980896,0,not_applicable,183.15327357102913,0,0,0.8137736125235977,0.21056278960982128,723,0.7993049119555145,1.3606242680413476,0.21621722807816315,running
Pure Pursuit,36.210000000001365,17.155005795443827,-2.769076009412934,7.922775801830269,0.2233244811187607,1.2569892000139582,-0.027011516634053958,8.0,0.07334697682189384,0.0043050710755654364,0.06810000000001537,0,not_applicable,183.9531482335628,0,0,0.8029302856790658,0.20698047578021744,732,0.8385078776645041,1.2980907510841937,0.20843240730709414,running
Pure Pursuit,36.310000000001345,17.92714827039167,-2.5846858343163928,7.952556658538581,0.18145495286363378,0.7722419816973058,-0.032225059172385946,8.0,0.08571802733000737,0.02231500808752429,0.09760000000014202,0,not_applicable,184.75302784463517,0,0,0.8044089223839679,0.20423136630155647,707,0.729610750695088,1.4276529591549159,0.22148173646210823,running
Pure Pursuit,36.410000000001325,18.69668741468982,-2.431912139380682,7.79196707138828,0.10876209379129653,-1.8275332539587374,-0.028081667095175664,7.769803333142708,0.08813649746642675,0.07218962921587391,0.08720000000295158,0,not_applicable,185.5529076823692,0,0,0.7993905826088902,0.21504505790111283,740,0.8733549582947173,1.3005847809935902,0.20222103997141733,running
Pure Pursuit,36.510000000001305,19.471356206376807,-2.3148392690027313,7.8721932049633985,0.08119147624530543,2.080329286117202,-0.009773705241761651,8.0,0.07562364975068069,0.07805359761480624,0.1029999999992981,0,not_applicable,186.35278380860748,0,0,0.7927669312883115,0.2267558653507166,729,0.8254402224281745,1.4092817855743878,0.21092842571338707,running
Pure Pursuit,36.610000000001286,20.255893352502206,-2.2232349973955117,7.921480810915202,0.08764307115478864,1.2780679503660153,0.0011637361480546075,8.0,0.05707704638943896,0.04897226788643749,0.06780000000006225,0,not_applicable,187.15266387919112,0,0,0.837691396178857,0.22625240903582342,713,0.755746061167748,1.5222183458827567,0.22600293112750477,running
Pure Pursuit,36.710000000001266,21.0322723061478,-2.142303850509356,7.746929687899029,0.09531879307681246,-1.986417597109451,-0.0032714179194233473,7.722839051204257,0.060117141769463124,0.01677572656563875,0.07689999999982433,0,not_applicable,187.9525378100675,0,0,0.8501150610540867,0.21639798355954146,712,0.7513901760889712,1.4785651546341094,0.22593517874601313,running
Pure Pursuit,36.810000000001246,21.77748821257158,-2.072352814949427,7.351387958715546,0.06468014997651217,-4.501323381164202,-0.014304234874761191,7.296797349782609,0.09830546964469683,0.025601192399937744,0.0762000000023022,0,not_applicable,188.55244942844917,0,0,0.8742114550431632,0.22123982762363653,711,0.7470342910101948,1.4825439627615427,0.22502164647011186,running
Pure Pursuit,36.910000000001226,22.493753578551157,-2.019861717127797,7.095730539797764,0.024527652464716887,-2.90941924059009,-0.011578226600249613,7.060446034656537,0.02717702739852273,0.03329157527929283,0.0724999999981435,0,not_applicable,189.35231767954815,0,0,0.8896985181447044,0.24416519281234825,720,0.7862372567191844,1.4871774374299092,0.21901940157552577,running
Pure Pursuit,37.010000000001206,23.17340847532146,-1.9917458964452806,6.652970609028702,-0.027834826532610712,-5.039969135424309,-0.00796402308685674,6.591733626255333,0.09552464424712345,0.060046884252656696,0.07619999999874949,0,not_applicable,189.95222133079156,0,0,0.846745131712537,0.2494887950077122,718,0.7775254865616312,1.4825603322830019,0.22094939445953415,running
Pure Pursuit,37.110000000001186,23.813302103304128,-1.9904270657672922,6.269917924257601,-0.05938699518341828,-4.359196208544764,0.0011662548120050945,6.2170509881742255,0.07045620479124053,0.048292023436054876,0.07519999999772153,0,not_applicable,190.75209320295914,0,0,0.8907303278119443,0.2644103256225838,370,-0.7383225208526414,1.5242675726966655,0.22322918788849236,running
Pure Pursuit,37.210000000001166,24.438860273556504,-2.0062469215004475,6.25138074878087,-0.03894806404359219,-0.21095579868753767,0.0017168211504030373,6.248822344388847,0.04608539146601094,0.004389251098235292,0.08370000000113009,0,not_applicable,191.35198921505886,0,0,0.8383899465664413,0.2699750028351108,736,0.8559314179796109,1.314853352142235,0.20524858980469113,running
Pure Pursuit,37.310000000001146,25.040463779672493,-2.0254367319240094,5.900638972903135,-0.03279161829323396,-3.991493286355974,-0.02955024072698832,5.852231420145273,0.053284044975540006,0.04903618834583412,0.07340000000155555,0,not_applicable,191.95188103672152,0,0,0.8602139826395984,0.24878933311090284,706,0.7252548656163116,1.3844854021454753,0.2206244765899192,running
Pure Pursuit,37.410000000001126,25.602405040371742,-2.049819752687049,5.484210601922803,-0.07686515621311596,-4.739016454075218,-0.06086287217678589,5.426737327495613,0.10446613677772663,0.04639274375961122,0.09640000000032956,0,not_applicable,192.55177956304627,0,0,0.8101990970607692,0.26221889578683205,734,0.8472196478220577,1.2312132850252713,0.20682039817249392,running
Pure Pursuit,37.51000000000111,26.154138199436876,-2.0979788928358203,5.5860790339532755,-0.16012448236318022,2.6415317931956217,-0.06636199856577299,5.748363781242365,0.11383737459680329,0.010375283102250776,0.11340000000004125,0,not_applicable,192.95169908814592,0,0,0.7812769244208195,0.28193787499000744,716,0.768813716404078,1.3342451461562823,0.22293077345441878,running
Pure Pursuit,37.61000000000109,26.713415296581847,-2.185911002966519,5.727740753518843,-0.23761010412626327,3.6734042985884496,-0.04670790346891839,5.9534194638121205,0.10377603326475719,0.055703306730851665,0.0706000000008089,0,not_applicable,193.551597376108,0,0,0.7881848878632279,0.2896589717151123,734,0.8472196478220577,1.2780870535394753,0.20682039817249392,running
Pure Pursuit,37.71000000000107,27.283235541892655,-2.311790741736191,5.92853136580528,-0.2730450938972284,5.206664867200228,-0.02018626747606682,6.2484072402388655,0.08689495647728294,0.06697771893511373,0.06959999999978095,0,not_applicable,194.1515064213129,0,0,0.7807620054003512,0.2951806742855136,731,0.8341519925857277,1.3450887210104776,0.20925385860619153,running
Pure Pursuit,37.81000000000105,27.86910599291231,-2.464171251999765,6.16051651867418,-0.2831306024903233,6.015564828456679,-0.004094457259135432,6.530087848650948,0.06444451956111674,0.06274868764823793,0.07520000000127425,0,not_applicable,194.75141469342245,0,0,0.7970644213195939,0.293205407926226,365,-0.7601019462465246,1.484809245378303,0.22496523842325905,running
Pure Pursuit,37.91000000000103,28.47538242317225,-2.6330984441906913,6.407170343646874,-0.27741645963448036,6.395935498288372,0.007810011565728237,6.800110068503018,0.055565284099049525,0.05305316908645885,0.10740000000097893,0,not_applicable,195.35132680017438,0,0,0.8625786027313015,0.2781354876167309,370,-0.7383225208526414,1.490500562096692,0.22322918788849236,running
Pure Pursuit,38.01000000000101,29.10609493501593,-2.8072210738385857,6.658856718649577,-0.25439002495156693,6.526433638292515,0.018143050656977536,7.059813707476126,0.09942041839526444,0.0354652077212787,0.07470000000253663,0,not_applicable,195.95123897188594,0,0,0.8549196136374289,0.2598769963784175,357,-0.7949490268767376,1.3832272437824655,0.21713917065507293,running
Pure Pursuit,38.11000000000099,29.763328071363546,-2.9795319782242533,6.910079145293561,-0.23472830351739127,6.514403077739743,0.023172741995863694,7.310297026423552,0.036602974196220696,0.02680915572175202,0.10059999999967317,0,not_applicable,196.75112049652188,0,0,0.8703988290430696,0.2450605095464051,367,-0.7513901760889712,1.4183743073257087,0.22593517874601313,running
Pure Pursuit,38.21000000000097,30.44948646807207,-3.1457897534514383,7.188287447707737,-0.20281566505101978,7.214168916806214,0.03214532765656795,7.631496036974182,0.0992659396840453,0.003724285724517884,0.07929999999944926,0,not_applicable,197.3510314505617,0,0,0.8229958138717017,0.2369803165248288,340,-0.8689990732159407,1.2601535016243033,0.20296376061118726,running
Pure Pursuit,38.31000000000095,31.16652285959296,-3.2973027711631406,7.448789380748536,-0.1616438155192288,6.75502827127386,0.027657227775806037,7.863790274835123,0.06712654548292896,0.026091752745962538,0.07159999999828415,0,not_applicable,198.15091392257278,0,0,0.805864618918186,0.23521784994815564,344,-0.8515755329008341,1.3199352221654193,0.20602954162158948,running
Pure Pursuit,38.41000000000093,31.91051451519288,-3.4334156816024053,7.661359078551657,-0.14714254818150962,5.512106192514636,0.014931665580720217,8.0,0.07070387692677255,0.029123209857832677,0.06979999999856545,0,not_applicable,198.95079491785089,0,0,0.8291157930213829,0.22605306187538324,363,-0.7688137164040778,1.4331539716754018,0.22293077345441883,running
Pure Pursuit,38.51000000000091,32.67093332911307,-3.5559440425398217,7.7373442110969535,-0.12942795169277854,1.9703566593480648,0.017351667026806992,7.858394744486463,0.08145710185295567,0.034457214305124495,0.06730000000132463,0,not_applicable,199.7506769817565,0,0,0.8175779578140479,0.21988033379226,351,-0.8210843373493977,1.359703329607024,0.21178185999974475,running
Pure Pursuit,38.61000000000089,33.42002984372087,-3.6609496429176573,7.476162021104309,-0.09590280000710294,-2.9722919525696767,0.009476089229209058,7.440115015839986,0.10522061656736774,0.059652743517204954,0.07330000000038694,0,not_applicable,200.3505882025851,0,0,0.8263150803877937,0.22751234429507797,729,0.8254402224281745,1.4048509428775187,0.21092842571338707,running
Pure Pursuit,38.71000000000087,34.141473879965496,-3.744894690110308,7.15464929289395,-0.07603323166629128,-3.658862400745182,-0.008615676799045301,7.110275781029791,0.02847345242957408,0.06745335382023399,0.07710000000216155,0,not_applicable,201.15046962112535,0,0,0.8828547616901796,0.22376957251206783,718,0.7775254865616312,1.413171094186464,0.22094939445953415,running
Pure Pursuit,38.81000000000085,34.82385679278372,-3.814183598494945,6.707143969324279,-0.0907112814621387,-5.095781620499107,-0.020352816936071095,6.645071130844039,0.09218274245901718,0.03991798144554082,0.10589999999766064,0,not_applicable,201.9503508773546,0,0,0.8732667897412476,0.24120384010988205,702,0.7078313253012047,1.5284649759578315,0.21730154451353453,running
Pure Pursuit,38.91000000000083,35.459075559214,-3.8790612427645232,6.2147303756725085,-0.12085901659225762,-5.6239659582362655,-0.014431025158442445,6.144747373500652,0.05776152097366028,0.006849818101064997,0.07529999999889014,0,not_applicable,202.550258650904,0,0,0.8515023744599799,0.25782956805061147,364,-0.7644578313253012,1.4720769151418525,0.2239412608755995,running
Pure Pursuit,39.01000000000081,36.049115819159006,-3.9466615409718244,5.798420138204324,-0.13503220745124,-4.737672077234301,0.012625666532950209,5.7409631679490785,0.060666120054844494,0.05563052318465367,0.08350000000234559,0,not_applicable,203.15016496503367,0,0,0.8422873833883198,0.2687992173658579,354,-0.8080166821130677,1.3686234050570054,0.2144087504700342,running
Pure Pursuit,39.11000000000079,36.59665487359356,-4.01019160190032,5.366197027483635,-0.09749737781936574,-4.918762928459701,0.04860081011273683,5.3065438453583536,0.09302939738167107,0.04824461961680093,0.07029999999730308,0,not_applicable,203.55009717407856,0,0,0.8525298411885458,0.2629741545458188,359,-0.7862372567191844,1.2963352037098341,0.21901940157552577,running
Pure Pursuit,39.21000000000077,37.11008091378817,-4.050166023792048,5.040890498256485,0.004045362688769316,-3.7020364174427733,0.0686727770932874,4.995993385739357,0.04534724491071176,0.008012732478974272,0.0761000000011336,0,not_applicable,204.14991581992197,0,0,0.8715022144979891,0.2937340457316359,371,-0.7339666357738648,1.3927409857183521,0.22234991952811328,running
Pure Pursuit,39.31000000000075,37.5823549293932,-4.047372844832912,4.558382986833282,0.13179125647752787,-5.507456516391818,0.05983398844481837,4.490144846617303,0.09517449593272169,0.07162057235454355,0.07520000000127425,0,not_applicable,204.54980896105454,0,0,0.8398325071792001,0.3239251005073066,361,-0.7775254865616312,1.3846175532549052,0.22094939445953415,running
Pure Pursuit,39.41000000000073,38.00987993114364,-4.000629207712969,4.17187036208013,0.21294423331869616,-4.398570837286915,0.031159055179626267,4.11852590310459,0.11457302661795178,0.10066578055005593,0.07399999999790907,0,not_applicable,204.94975045958762,0,0,0.848146351993927,0.37550964054318303,361,-0.7775254865616312,1.4408071382932466,0.22094939445953415,running
Pure Pursuit,39.51000000000071,38.39497871651834,-3.926395024835918,3.795510702312873,0.25169264730005025,-4.283028594061422,0.008229980310203338,3.7435675026739874,0.09900779612207687,0.09173758666031162,0.12519999999938136,0,not_applicable,205.34967125780437,0,0,0.8427490452443905,0.42296014950913563,728,0.8210843373493977,1.4141853519002157,0.21178185999974475,running
Pure Pursuit,39.61000000000069,38.76917193697979,-3.8363510418127995,3.8941913093181793,0.2503134829834748,2.558868881955334,-0.006780719541923972,4.051397590508406,0.07724159252498501,0.05553925739035037,0.1411999999980651,0,not_applicable,205.7495696944149,0,0,0.8778255279330343,0.4602185163927349,712,0.7513901760889712,1.5023667121278874,0.22593517874601313,running
Pure Pursuit,39.71000000000067,39.156486300179886,-3.741966770430085,4.065118728239049,0.23302358435364257,4.432287828610892,-0.007711112538659344,4.3374200921792685,0.0731198867724192,0.017968172058436593,0.10289999999812949,0,not_applicable,206.14949565254236,0,0,0.8692395501196354,0.45619183046802486,711,0.7470342910101948,1.5284511946471773,0.22502164647011186,running
Pure Pursuit,39.81000000000065,39.56293652834886,-3.6453731066425767,4.273601713759042,0.2333952432902877,5.40613439918916,0.001711453488038397,4.605732168157965,0.0902406809297364,0.012551969409358321,0.08629999999953952,0,not_applicable,206.54943659595693,0,0,0.8662574397811891,0.4303464011584154,356,-0.7993049119555145,1.435914371335392,0.21621722807816315,running
Pure Pursuit,39.91000000000063,39.989860803928565,-3.540759089653465,4.4994561285830175,0.2496334434457581,5.856589774667915,0.008657186495437825,4.859260691225834,0.07034939069574984,0.0167869421104907,0.10140000000191662,0,not_applicable,207.1493486930275,0,0,0.8585813220311577,0.40658600671928,346,-0.8428637627432809,1.3636856815203,0.20762130414308752,running
Pure Pursuit,40.01000000000061,40.43775331862411,-3.424866069354764,4.73465893023602,0.2658357140979959,6.09900109416853,0.014433340927786645,5.1093562379998705,0.011116716716281668,0.008200811092621052,0.06610000000151217,0,not_applicable,207.5492781899554,0,0,0.8637098550343265,0.3759397510433394,363,-0.7688137164040778,1.4386902296246342,0.22293077345441883,running
Pure Pursuit,40.11000000000059,40.89531370585341,-3.299097699385777,4.754469829165255,0.2841963111896759,0.5137128188809825,0.02806381975136098,4.7860302121241185,0.06747224523293154,0.012871252919607556,0.07960000000295508,0,not_applicable,207.94917351024102,0,0,0.8693121566463001,0.3465847669355897,345,-0.8472196478220575,1.2932502658253118,0.20682039817249398,running
Pure Pursuit,40.21000000000057,41.33323652739686,-3.168157945515239,4.477477076842835,0.3240169130907047,-3.1522184903620065,0.04703975247887191,4.439247980129054,0.07798265288044649,0.04527622643295004,0.06630000000029668,0,not_applicable,208.54903901184036,0,0,0.8677658114881492,0.32846170099583993,365,-0.7601019462465246,1.3568038611657127,0.22496523842325905,running
Pure Pursuit,40.31000000000055,41.74018541145025,-3.026050268485686,4.22613953760997,0.3897661460311479,-2.8602583708389506,0.05709266193040169,4.19145123975894,0.0605975011332811,0.018237951857715373,0.08860000000154855,0,not_applicable,208.94897023341593,0,0,0.8658745901133305,0.36500846273971294,362,-0.7731696014828544,1.3916152246704667,0.22193355627601147,running
Pure Pursuit,40.41000000000053,42.134919417184236,-2.8616419324898117,4.319619266117038,0.4422665582397487,2.4240058470405224,0.04892598150149607,4.468540122314022,0.055366154403379005,0.002267028502838997,0.08130000000150517,0,not_applicable,209.3488804790883,0,0,0.828077383306989,0.37604818594038086,351,-0.8210843373493977,1.294729112216341,0.21178185999974475,running
Pure Pursuit,40.51000000000051,42.531855929633316,-2.6707554316246185,4.477651314103767,0.49024295112220084,4.097900309056328,0.04045782203308123,4.729409297022671,0.05732516510391114,0.02446226712095978,0.07179999999706865,0,not_applicable,209.7487993005489,0,0,0.8463510112435839,0.380209810196347,368,-0.7470342910101946,1.430034177169614,0.22502164647011183,running
Pure Pursuit,40.61000000000049,42.93545674906294,-2.453976595909879,4.670077399128897,0.5242370423923015,4.989765831302799,0.022129615340175633,4.976627897234047,0.08959252939076111,0.03748355588405694,0.07319999999921833,0,not_applicable,210.14873178976833,0,0,0.8303288443167828,0.3763144707566468,357,-0.7949490268767376,1.3971838041918054,0.21713917065507293,running
Pure Pursuit,40.71000000000047,43.350521581971854,-2.216321096842467,4.879119862161119,0.5389156862611939,5.420642108856155,0.011661652050781662,5.212141610014513,0.06058867750198275,0.030229116841821835,0.07470000000253663,0,not_applicable,210.74864292625622,0,0,0.8391331635281305,0.3708691728509147,358,-0.790593141797961,1.4363946531343528,0.21807316453493358,running
Pure Pursuit,40.81000000000045,43.781341100528564,-1.959013483602549,5.13656668907802,0.5536750304933196,6.67580686973654,0.007513390248303867,5.546700549134773,0.06026240875588219,0.03517140701816324,0.12790000000251212,0,not_applicable,211.1485815468656,0,0,0.8339074486863913,0.3623136666706373,364,-0.7644578313253012,1.4998442158186283,0.2239412608755995,running
Pure Pursuit,40.91000000000043,44.229186336350345,-1.681964570183022,5.376583986912669,0.5696515500053754,6.223844919468968,0.0001585659801730656,5.7589511810249165,0.022282917466375132,0.0380297457952814,0.08610000000075502,0,not_applicable,211.74848994446222,0,0,0.8723018318751552,0.33682200173685,717,0.7731696014828544,1.460173365292178,0.22193355627601147,running
Pure Pursuit,41.01000000000041,44.69539873602401,-1.3864853468942826,5.641453509312071,0.5680746169858302,6.868283436985294,-0.00793105982581017,6.063412330611198,0.06775163724724172,0.021632979852849843,0.07289999999926522,0,not_applicable,212.3484019851387,0,0,0.8726990343218505,0.31786611740594667,729,0.8254402224281745,1.3700525142406517,0.21092842571338707,running
Pure Pursuit,41.11000000000039,45.18565843528305,-1.0785092769826274,5.9159716882983515,0.5482208478262707,7.118480996993304,-0.005155138894735284,6.353301609011401,0.08898136812764626,0.013694192524351223,0.07659999999987122,0,not_applicable,212.94831136862396,0,0,0.8692292738369952,0.30533461477046137,363,-0.7688137164040778,1.4609758009659415,0.22293077345441883,running
Pure Pursuit,41.21000000000037,45.70196136218354,-0.7603159224158378,6.191534152183597,0.5483741975676915,7.145560158876734,0.012294076265758963,6.630527704186025,0.0819175871456036,0.0324267314566935,0.0952000000005171,0,not_applicable,213.54821548096524,0,0,0.8793886182257962,0.2880936380742034,357,-0.7949490268767376,1.410734193472064,0.21713917065507293,running
Pure Pursuit,41.31000000000035,46.24042391857721,-0.4259433356660485,6.463443264773901,0.5694305078579855,7.050825770558955,0.025152508997515487,6.896616729239493,0.05298338533714445,0.030870133282750345,0.06910000000104333,0,not_applicable,214.1481276490711,0,0,0.8696793100797787,0.2676011441112799,364,-0.7644578313253012,1.4197939335986927,0.2239412608755995,running
Pure Pursuit,41.41000000000033,46.797289175155306,-0.07038892633463789,6.729294511278837,0.5884936442987594,6.893740346306663,0.029346816041768316,7.152817299404568,0.04701361165345866,0.021428416460949506,0.06620000000268078,0,not_applicable,214.74803839742987,0,0,0.8177483183596574,0.2540323355861542,361,-0.7775254865616312,1.39106892281098,0.22094939445953415,running
Pure Pursuit,41.51000000000031,47.36642906699074,0.30578095549417944,6.901474770109146,0.6072456464720908,4.464774992559581,0.02414649566155977,7.1757720105347955,0.11331432959487484,0.002264545642363558,0.07130000000188375,0,not_applicable,215.3479502083743,0,0,0.8325671916925683,0.2499628997525234,363,-0.7688137164040778,1.4318978530103708,0.22293077345441883,running
Pure Pursuit,41.61000000000029,47.932090459512196,0.6941703727982793,6.841466464162685,0.6316929830336027,-0.6829033972685128,0.016768477614349485,6.833184430382294,0.06722745411460339,0.03997979316475764,0.07180000000062137,0,not_applicable,216.14783308445794,0,0,0.8174659905383795,0.2535293066210789,353,-0.8123725671918443,1.416945108496302,0.21352185245425553,running
Pure Pursuit,41.71000000000027,48.46573337238659,1.0746760871578005,6.407585957200183,0.6464680944516537,-4.937624342830631,-0.008304099287773833,6.347704029879622,0.05301120948638211,0.08224524112580589,0.06989999999973406,0,not_applicable,216.74772754962942,0,0,0.8444056218717557,0.2394862849855104,707,0.729610750695088,1.4428285480473388,0.22148173646210823,running
Pure Pursuit,41.81000000000025,48.964392980833,1.4338982978907446,6.012260834808527,0.6089517208449613,-4.498858363835732,-0.047152549623954224,5.95770012081661,0.05193481268131931,0.07800240457652663,0.0745000000001994,0,not_applicable,217.34762474088444,0,0,0.8671547749056793,0.2447920691685488,705,0.7208989805375348,1.3980747254360033,0.2197779812188762,running
Pure Pursuit,41.91000000000023,49.441112234939794,1.7529944441312273,5.597544965766511,0.49438377088883767,-4.719527928727594,-0.06539777114659891,5.540308041935767,0.06101563741542343,0.0027204963623734812,0.07339999999800284,0,not_applicable,217.9475345377218,0,0,0.823345546631495,0.26389018744216364,715,0.7644578313253012,1.3690652033656285,0.2239412608755995,running
Pure Pursuit,42.01000000000021,49.93065328431428,2.0246626955774176,5.603132201711951,0.3951195560097349,0.1448815996455899,-0.043263691644734155,5.61203312573107,0.0801723606045438,0.05621997387272515,0.07700000000099294,0,not_applicable,218.54741082289374,0,0,0.823735858477072,0.2978748471105998,723,0.7993049119555145,1.3787147084015572,0.21621722807816315,running
Pure Pursuit,42.11000000000019,50.44405551119595,2.2575888430879454,5.669000050519705,0.3509914164385046,1.708007213883871,-0.024233307897045774,5.773932923100338,0.09450106597931851,0.0626068682329688,0.0953999999993016,0,not_applicable,219.1473043139469,0,0,0.8220649464425345,0.3037741098618432,731,0.8341519925857277,1.3527258924885397,0.20925385860619153,running
Pure Pursuit,42.21000000000017,50.954052762159314,2.4576613368884774,5.381837592568376,0.3186941386009159,-3.267951244581049,-0.018589912159213667,5.3422049260616005,0.10397393309674462,0.06458097672595109,0.06709999999898741,0,not_applicable,219.54724206259695,0,0,0.8335424104603879,0.2994446279635556,706,0.7252548656163116,1.4909539310403856,0.2206244765899192,running
Pure Pursuit,42.31000000000015,51.45827867183216,2.6324557523711745,5.314005295310495,0.29400850638778264,-0.7719415756089276,-0.015504354978796438,5.304643435007483,0.048171168414025335,0.04907259239683981,0.07920000000183336,0,not_applicable,220.14713793939643,0,0,0.8439586490581806,0.31390442744207603,728,0.8210843373493977,1.3629744951269334,0.21178185999974475,running
Pure Pursuit,42.41000000000013,51.971766442389416,2.7931469169217324,5.437294267156341,0.2768323451467247,3.1969839172922576,-0.01434463270716501,5.633703687039721,0.058100755526202225,0.024920271742066902,0.10559999999770753,0,not_applicable,220.74700872464558,0,0,0.8474124971200306,0.3193199579325009,727,0.8167284522706209,1.3743382484621238,0.2126462795560751,running
Pure Pursuit,42.51000000000011,52.504242598401994,2.947065942624592,5.632746555007263,0.2610937745541593,5.068237746670992,-0.019281984336905852,5.94411804182344,0.09874098126235528,0.004189755440734189,0.07120000000071514,0,not_applicable,221.34691711010856,0,0,0.8387316431112699,0.30975386102642816,710,0.742678405931418,1.4648191670278174,0.2241197071405647,running
Pure Pursuit,42.61000000000009,53.050927085953745,3.0944284970518523,5.687012246747871,0.24209570736940833,1.4071537880320761,-0.024202556812668648,5.773461933810471,0.08023648218375512,0.001358789831572338,0.07559999999884326,0,not_applicable,221.7468497642456,0,0,0.8721713598520779,0.29465446951555596,716,0.768813716404078,1.4158269012695852,0.22293077345441878,running
Pure Pursuit,42.71000000000007,53.60852825593254,3.233761461277189,5.799099362157643,0.22264700924041536,2.9065106143375896,-0.029090635517904077,5.97766330818163,0.06466685608588713,0.006289151130877357,0.08749999999935199,0,not_applicable,222.3467503818898,0,0,0.840860227223028,0.2869019689059658,724,0.8036607970342913,1.3477718906547527,0.2153071491827237,running
Pure Pursuit,42.81000000000005,54.18102695648849,3.363497262079315,5.931056522765969,0.18834127073277251,3.4217571443766026,-0.03485663717556269,6.141275076595304,0.06580704289710988,0.002229802165350847,0.0745999999978153,0,not_applicable,222.94665245150009,0,0,0.8090434672003013,0.2730279399188368,714,0.7601019462465248,1.3724985950141904,0.22496523842325897,running
Pure Pursuit,42.91000000000003,54.752987887926416,3.469860699501913,5.760754651773653,0.11481276905424709,-1.9380604805874224,-0.03763848410231669,5.737250474707227,0.06398454028569926,0.04714882076125804,0.07490000000132113,0,not_applicable,223.5465573508807,0,0,0.8072273491761222,0.2807305683965632,749,0.9125579240037074,1.2144754248140341,0.19593688336746243,running
Pure Pursuit,43.01000000000001,55.29795528026457,3.5388485409219643,5.358100313059559,0.03272191850684081,-4.582265929621281,-0.025345615707493167,5.302528058811525,0.06721993317603348,0.08813208154023755,0.07740000000211467,0,not_applicable,224.14644447627848,0,0,0.8429398554517722,0.30582930214007903,363,-0.7688137164040778,1.4892052640348743,0.22293077345441883,running
Pure Pursuit,43.10999999999999,55.80219120194488,3.569511583719454,4.893861439579033,-0.02631795031798312,-5.292591672667655,-0.006633090788514046,4.8288411457927936,0.0700583804788707,0.11000517136681331,0.06730000000132463,0,not_applicable,224.5463468012915,0,0,0.835694034673313,0.3158660244568978,359,-0.7862372567191844,1.4147519113119678,0.21901940157552577,running
Pure Pursuit,43.20999999999997,56.26776856700926,3.5707468928477897,4.5349050656902286,-0.047973439457217104,-4.084976626711541,0.008046936900968436,4.485363776907879,0.07505446290344066,0.06998969847134617,0.0800000000005241,0,not_applicable,225.1462395279912,0,0,0.8690637179748248,0.35510420061037484,364,-0.7644578313253012,1.4782340295837966,0.2239412608755995,running
Pure Pursuit,43.30999999999995,56.721938523440535,3.5600325270309336,4.54985738933035,-0.029221508042929223,0.387725986257621,0.01347599659315335,4.573677664315991,0.020779560699428275,0.02185817714329019,0.06919999999865922,0,not_applicable,225.54616274933207,0,0,0.8911204907187877,0.39039383853917925,366,-0.755746061167748,1.514428634204438,0.22600293112750477,running
Pure Pursuit,43.40999999999993,57.1826352624591,3.550562546775824,4.657459478471965,-0.009161369957589649,2.790210213472424,0.0006745404133202379,4.828878410677593,0.04084572409651667,0.017838309976792033,0.07560000000239597,0,not_applicable,225.94608945778072,0,0,0.8882340392760194,0.38663296240861256,713,0.755746061167748,1.5062237543120727,0.22600293112750477,running
Pure Pursuit,43.50999999999991,57.6569667481748,3.5450552690419017,4.817036197789419,-0.009160489996011378,4.137954900540848,-0.015100870201550648,5.07125496852605,0.08532274644447274,0.032987667135630616,0.07000000000090267,0,not_applicable,226.54599727661343,0,0,0.8931246904054644,0.35835639727203944,724,0.8036607970342913,1.3737410119411668,0.2153071491827237,running
Pure Pursuit,43.60999999999989,58.151043442332295,3.53685949671391,5.047452431052601,-0.027188433456330152,5.974881459361221,-0.024079846783634024,5.4145243437255415,0.02238566358318536,0.02158320960534965,0.08109999999916795,0,not_applicable,226.94593877514654,0,0,0.8811690135914322,0.3558125156998276,701,0.7034754402224284,1.5235614858178994,0.21649658541768402,running
Pure Pursuit,43.70999999999987,58.66772857755214,3.5216396362531115,5.27278576068527,-0.04465342624399504,5.843077609295753,-0.021414612308985684,5.631760191982177,0.08141525231036335,0.012374633248178668,0.09000000000014552,0,not_applicable,227.54584975162263,0,0,0.8461006900577056,0.3367643941722743,726,0.8123725671918445,1.382608576985978,0.2135218524542555,running
Pure Pursuit,43.80999999999985,59.208413099171345,3.497445677034802,5.53114890167888,-0.06107573246693487,6.699567643490827,-0.022074464892639027,5.942742525034353,0.07784497393979488,0.00027850316555699806,0.07390000000029318,0,not_applicable,227.94579088432081,0,0,0.8548624436795915,0.3153632398672312,722,0.7949490268767376,1.3816631580212357,0.21713917065507293,running
Pure Pursuit,43.90999999999983,59.773202614804475,3.463370720862426,5.766456966858334,-0.07767972091117237,6.101730663537976,-0.016699765657973823,6.141321968032678,0.053092638364154905,0.01305677703616226,0.1315999999995654,0,not_applicable,228.54570306589264,0,0,0.8495764307939699,0.320022432690542,700,0.6991195551436515,1.570545941678264,0.2157016455530536,running
Pure Pursuit,44.00999999999981,60.36190985812124,3.418556289476174,6.021459170819408,-0.09424507577625274,6.612415796256004,-0.008784580655767864,6.427698546483934,0.04246816248364182,0.0285923071775116,0.07510000000010564,0,not_applicable,229.14561529924518,0,0,0.8423483257213419,0.3061726157962106,368,-0.7470342910101946,1.520404592547003,0.22502164647011183,running
Pure Pursuit,44.10999999999979,60.97586051392974,3.364621697761592,6.283845791865076,-0.0922167420462392,6.803899773326876,0.002311965089597303,6.701849148152095,0.044809218057309294,0.02796828559212372,0.09560000000163882,0,not_applicable,229.74552747419187,0,0,0.8529888971516065,0.2942386595829326,364,-0.7644578313253012,1.5027126742760262,0.2239412608755995,running
Pure Pursuit,44.20999999999977,61.61613379064219,3.310312837040629,6.546611015485232,-0.070425687036626,6.813717247863016,0.008357189069904956,6.965217516651378,0.08192132354530836,0.009882788863421865,0.08419999999986771,0,not_applicable,230.34543960785183,0,0,0.874450666577589,0.27636824302399565,344,-0.8515755329008341,1.3501358062287898,0.20602954162158948,running
Pure Pursuit,44.309999999999754,62.28306217360823,3.262257592871187,6.805905894228129,-0.05109908802821295,6.723728365695001,0.006565703223017607,7.218983852054732,0.04980799787613498,8.850729809850577e-05,0.09689999999906718,0,not_applicable,231.14532155494237,0,0,0.8940958294017451,0.26763264516397556,370,-0.7383225208526414,1.5190701896973082,0.22322918788849236,running
Pure Pursuit,44.409999999999734,62.97791916844849,3.2231583328431594,7.090573317297081,-0.03456693930172694,7.381659200357182,0.006219601463727467,7.544071814263847,0.04724608795859469,0.007259509651550644,0.07309999999804973,0,not_applicable,231.74523247876547,0,0,0.8840955569455372,0.25435502595669107,339,-0.8733549582947173,1.314045470714099,0.20222103997141733,running
Pure Pursuit,44.509999999999714,63.70071319633131,3.1938847460113537,7.356050403287742,-0.01836305705091057,6.884038058026425,0.006751003869845292,7.778977123099724,0.033913166484756826,0.006820787412246787,0.07559999999884326,0,not_applicable,232.54511377724708,0,0,0.8363289462649688,0.24993389356742124,722,0.7949490268767376,1.4582305275956267,0.21713917065507293,running
Pure Pursuit,44.609999999999694,64.44398869238012,3.1755665047575183,7.502421773295893,0.0006529125355143606,3.795529388088248,0.005960881649291034,7.735603342096566,0.08871824348479804,0.017768084730107603,0.07700000000099294,0,not_applicable,233.34499584011627,0,0,0.8848829355914293,0.24096766428145516,721,0.7905931417979613,1.4649413810336778,0.21807316453493353,running
Pure Pursuit,44.709999999999674,65.18300633847255,3.1676929804707146,7.333600903688866,0.005868446572110386,-1.921206465773615,-0.0027446347117699157,7.310301126718532,0.053724538293291504,0.02313065511265222,0.07169999999945276,0,not_applicable,233.94490807771444,0,0,0.891842501179538,0.23788098697091994,350,-0.8254402224281743,1.421360622980133,0.21092842571338713,running
Pure Pursuit,44.809999999999654,65.89543454813985,3.1619048237580754,7.017896545227115,-0.019968466409407526,-3.592762293912388,-0.011640118540316569,6.974324674297627,0.03541897206050166,0.007900084624310466,0.08009999999813999,0,not_applicable,234.74478957568206,0,0,0.8916839036618918,0.2387078556840909,725,0.8080166821130677,1.423948863749597,0.2144087504700342,running
Pure Pursuit,44.909999999999634,66.5670565203249,3.1481067459873056,6.562805349434645,-0.06005476159536549,-5.185002133532297,-0.010620761907296593,6.499396331873886,0.03700681160911356,0.01855160389987809,0.08590000000197051,0,not_applicable,235.34469886568385,0,0,0.8887064393470842,0.2477276113851161,730,0.8297961075069509,1.3836369247857092,0.21008581223244965,running
Pure Pursuit,45.009999999999614,67.19673563738277,3.117464803835014,6.172874800152869,-0.10656076577552742,-4.437467323954731,-0.008539727317398858,6.119058617039172,0.06747303496969168,0.040983895925448266,0.0782000000008054,0,not_applicable,235.94460794347899,0,0,0.8709496853273294,0.2697239382472684,704,0.7165430954587584,1.553774740530909,0.21894209497805303,running
Pure Pursuit,45.109999999999594,67.78493225715663,3.0653253860584027,5.769174861656975,-0.15556427776752013,-4.5941650097888065,-0.005098828639315704,5.713458299173988,0.05772429490602753,0.055531165591069964,0.08030000000047721,0,not_applicable,236.54449984596835,0,0,0.8696794339755007,0.2841598688023543,364,-0.7644578313253012,1.4899644250900546,0.2239412608755995,running
Pure Pursuit,45.209999999999575,68.32811650900086,2.9912969767362028,5.336501347051992,-0.2054505838751508,-4.92388859128047,-0.0036223471401983774,5.276786002528928,0.005392573911341405,0.0636266395028251,0.06929999999982783,0,not_applicable,237.14438479366945,0,0,0.8683831545156688,0.2979586062105334,365,-0.7601019462465246,1.4708197028010068,0.22496523842325905,running
Pure Pursuit,45.309999999999555,68.82211874748037,2.8981148059630906,4.866582321329866,-0.2542845063478216,-5.3593982418026975,-0.00307729905454922,4.800561522871722,0.09234050410733899,0.05498540904432936,0.10179999999948564,0,not_applicable,237.74427250851514,0,0,0.8787157485273804,0.3254752879020233,352,-0.8167284522706209,1.4017441024427872,0.2126462795560751,running
Pure Pursuit,45.409999999999535,69.26279004365868,2.79388119220181,4.346435484728933,-0.27789316644010764,-5.9501478515407324,0.0009566136493827086,4.271567536175793,0.042633671383014334,0.0367295682737101,0.06600000000034356,0,not_applicable,238.14420703784933,0,0,0.8723351483925981,0.35682866738294383,345,-0.8472196478220575,1.3565278300666843,0.20682039817249398,running
Pure Pursuit,45.509999999999515,69.68667821812377,2.6806808803560607,4.422538012377897,-0.2780339857109082,1.9734008104409728,-0.007922878162890001,4.54377556577303,0.017882242703028052,0.0073463379824829644,0.07270000000048071,0,not_applicable,238.54409933066654,0,0,0.8492323319959629,0.3819526684404429,703,0.7121872103799816,1.474728106008123,0.21811666573475305,running
Pure Pursuit,45.609999999999495,70.1188080138593,2.554732245952347,4.568313916480408,-0.3070901494126703,3.780088469933709,-0.03455446644657838,4.800546859371268,0.052473876914411424,0.022400336399513776,0.0743999999990308,0,not_applicable,238.9439775646923,0,0,0.8792265245470714,0.36819107352708613,712,0.7513901760889712,1.4158285519033091,0.22593517874601313,running
Pure Pursuit,45.709999999999475,70.55307008296857,2.4107292697648335,4.5816541092394685,-0.3616968463075594,0.34592211343623447,-0.04907985812424313,4.602906127824031,0.09155229494115165,0.03575141685400496,0.07380000000267728,0,not_applicable,239.54384237831758,0,0,0.8778132020614806,0.3524460128630169,715,0.7644578313253012,1.386031841285444,0.2239412608755995,running
Pure Pursuit,45.809999999999455,70.95126279234556,2.255610970297556,4.113838355464507,-0.43733264698659635,-5.334660809288305,-0.05477572209656879,4.048188028310638,0.07143036656643736,0.002837228257636326,0.07130000000188375,0,not_applicable,239.9437838768507,0,0,0.8439242396819336,0.35005827503841175,728,0.8210843373493977,1.3046873835323503,0.21178185999974475,running
Pure Pursuit,45.909999999999435,71.3277053247354,2.0787784558254603,4.198916187133974,-0.49072391284936145,2.2061377874532884,-0.046799737967435515,4.334452134209836,0.06316944977388894,0.008134617357644203,0.06570000000039045,0,not_applicable,240.34368133548512,0,0,0.8308060431642654,0.39789561024945297,715,0.7644578313253012,1.405370760302127,0.2239412608755995,running
Pure Pursuit,46.009999999999415,71.70429037106369,1.874844435278794,4.354716306819451,-0.5374832123415691,4.040024581999644,-0.04538944989021901,4.602918645333938,0.04737885671125677,0.012636181978280092,0.06630000000029668,0,not_applicable,240.74356410617244,0,0,0.8274151005577262,0.38736599520606424,714,0.7601019462465248,1.403809342823379,0.22496523842325897,running
Pure Pursuit,46.109999999999395,72.08152817893293,1.645861952293357,4.4633441568279535,-0.5869643995432243,2.8168090320473738,-0.04635297478668812,4.636397210024189,0.045376239357278816,0.01951033293675941,0.0762999999999181,0,not_applicable,241.14346252957603,0,0,0.8440115887342926,0.3745013849321787,725,0.8080166821130677,1.341215885352697,0.2144087504700342,running
Pure Pursuit,46.209999999999376,72.44193266203065,1.4014471381186617,4.300037090083708,-0.6471671427060146,-1.858458573669779,-0.04280195375963076,4.277498299460976,0.06514394296685358,0.0314368286714064,0.07009999999851857,0,not_applicable,241.54340046840326,0,0,0.8545346195824076,0.37175856725421585,707,0.729610750695088,1.458370130910182,0.22148173646210823,running
Pure Pursuit,46.309999999999356,72.7801081162626,1.1425569660551447,4.238922704181502,-0.705022735270572,-0.6954907507609231,-0.03709287468497365,4.230488015007616,0.0825998223287433,0.04658357153210879,0.09239999999977044,0,not_applicable,241.94329439429373,0,0,0.8379690962243241,0.38102622477977166,713,0.755746061167748,1.4183846111051497,0.22600293112750477,running
Pure Pursuit,46.409999999999336,73.10677411482254,0.8638460618538242,4.341591681217064,-0.7415254763006818,2.6622905801983965,-0.0301126533893142,4.505151762201342,0.10239911978728332,0.02139235123394201,0.08890000000150167,0,not_applicable,242.54314548469515,0,0,0.8464582670063843,0.3806765972906672,717,0.7731696014828544,1.3768300287154307,0.22193355627601147,running
Pure Pursuit,46.509999999999316,73.43053459740077,0.5672196961737799,4.433548808752802,-0.7718022357204548,2.3845235580334556,-0.03298699239252838,4.58004403702041,0.06581940651116211,0.0069015520891717586,0.11130000000036944,0,not_applicable,242.94304391239766,0,0,0.8686851096447136,0.37494843346745477,712,0.7513901760889712,1.415488013015613,0.22593517874601313,running
Pure Pursuit,46.609999999999296,73.73530528650767,0.2629300811685072,4.242692076199163,-0.8311654111531084,-2.1719778453458005,-0.04224181012636903,4.216351024218222,0.04045030391967877,0.015983605413396162,0.07699999999744023,0,not_applicable,243.34297711390917,0,0,0.8666592758528303,0.3638563005711404,719,0.781881371640408,1.36466932051783,0.21997807798827246,running
Pure Pursuit,46.709999999999276,74.0158266868586,-0.049521940079230276,4.17762767367746,-0.8887869138967393,-0.7404425241225621,-0.03725714889198783,4.168647823786907,0.026299915954367443,0.027944430138134635,0.09610000000037644,0,not_applicable,243.74286370305583,0,0,0.8598537890032866,0.39300575434578444,723,0.7993049119555145,1.3787387961366735,0.21621722807816315,running
Pure Pursuit,46.809999999999256,74.28192323775944,-0.3787871744483689,4.281558047320862,-0.9249762321559105,2.6949996263379017,-0.03143343614516695,4.44712763631125,0.021975793403352855,0.017538449292072045,0.10229999999822326,0,not_applicable,244.14273443412054,0,0,0.8553578893417488,0.3888007295558584,712,0.7513901760889712,1.4128512728574754,0.22593517874601313,running
Pure Pursuit,46.909999999999236,74.54400864883466,-0.7270119664802768,4.424147456321396,-0.9540965198232145,3.6974600446898975,-0.03759823102774472,4.651304051789852,0.050523438494184406,0.0003888181690534509,0.07719999999977745,0,not_applicable,244.54262469708098,0,0,0.8543407859000403,0.37141971676068497,716,0.768813716404078,1.3659043117919014,0.22293077345441878,running
Pure Pursuit,47.009999999999216,74.7908722032658,-1.0849120525353524,4.3094841884981685,-1.0105356652834185,-1.3048849472313506,-0.0494545482763393,4.293658961598261,0.08419012188236201,0.009203704766648002,0.16689999999996985,0,not_applicable,244.9425661956141,0,0,0.8390060285104206,0.35882462260475667,713,0.755746061167748,1.3813169832489747,0.22600293112750477,running
Pure Pursuit,47.1099999999992,75.00375339422718,-1.4320888585798475,3.9525859767935434,-1.0788838949776096,-4.061554436640726,-0.049625831632148246,3.903328744834096,0.0920331075039905,0.031205000761222124,0.12909999999877186,0,not_applicable,245.34250539423118,0,0,0.8499181365399904,0.3733314484255532,729,0.8254402224281745,1.302115283405257,0.21092842571338707,running
Pure Pursuit,47.20999999999918,75.19089544757237,-1.7859979741469687,4.04779756130282,-1.1292095321601892,2.4689142902145855,-0.040697829720595095,4.199477405815002,0.09082340771999713,0.035671155850742764,0.07310000000160244,0,not_applicable,245.7423960596278,0,0,0.8424363578102182,0.40905836947921814,714,0.7601019462465248,1.39679435466651,0.22496523842325897,running
Pure Pursuit,47.30999999999916,75.36445327965858,-2.161484650692534,4.2129465022558055,-1.175064450720849,4.282447166845547,-0.03820540770801032,4.476042277987375,0.10111145448062502,0.03610044970589854,0.07599999999996498,0,not_applicable,246.1422708847316,0,0,0.8442834644259783,0.4099141783527974,726,0.8123725671918445,1.3547173544538529,0.2135218524542555,running
Pure Pursuit,47.40999999999914,75.52596072069561,-2.5591233410202943,4.359795131515268,-1.2227240956877017,3.8079051109771633,-0.03767165207053433,4.593737013353522,0.08041006637257765,0.013284685921373551,0.06919999999865922,0,not_applicable,246.74212222911208,0,0,0.8696168784840637,0.38617355353569255,715,0.7644578313253012,1.398189486556792,0.2239412608755995,running
Pure Pursuit,47.50999999999912,75.6638143955947,-2.9528760544959822,4.076826616608494,-1.285180686317184,-3.220223552424013,-0.037100163157783674,4.037772776272867,0.06408970011008243,0.03110341758230284,0.07839999999958991,0,not_applicable,247.14206372764517,0,0,0.8715475655977631,0.38126350564457895,712,0.7513901760889712,1.4405946337135727,0.22593517874601313,running
Pure Pursuit,47.6099999999991,75.77918350446612,-3.3492421680871565,4.172427044322442,-1.322473065083714,2.4789973126703746,-0.02762106742371338,4.324726347875531,0.050791117952171,0.023916528889451172,0.08530000000206428,0,not_applicable,247.54196345873876,0,0,0.8766676059262778,0.4112918952038565,714,0.7601019462465248,1.4402276618542336,0.22496523842325897,running
Pure Pursuit,47.70999999999908,75.88532717844318,-3.761814718055889,4.3349115908312745,-1.3371128068466307,4.213357238851589,-0.029647092448308494,4.5937627682076005,0.028141594132635096,0.00584593108814957,0.0743000000014149,0,not_applicable,247.94184194589153,0,0,0.8472699866295352,0.3885300330479127,706,0.7252548656163116,1.4337527583336631,0.2206244765899192,running
Pure Pursuit,47.80999999999906,75.98496686282448,-4.190741368226262,4.462197020735167,-1.3667238011061382,3.3006153447137176,-0.04739893029467181,4.664973125302646,0.03236327778958201,0.020641757265771332,0.07079999999959341,0,not_applicable,248.34172865285134,0,0,0.8734099351297412,0.3657419443206329,705,0.7208989805375348,1.4107948356202984,0.2197779812188762,running
Pure Pursuit,47.90999999999904,76.06750254776686,-4.62011459338205,4.327110141773613,-1.4246470164652134,-1.5373086627633015,-0.058579718539961946,4.308466154458837,0.0678201762927105,0.011633009672973316,0.07469999999898391,0,not_applicable,248.74165353063137,0,0,0.8402600054122692,0.36004785780319304,714,0.7601019462465248,1.3893771767614296,0.22496523842325897,running
Pure Pursuit,48.00999999999902,76.12641924605452,-5.044904115572795,4.269734298892747,-1.482554015033581,-0.6529455782245464,-0.06100707402090291,4.261815583951158,0.0971479162536267,0.000254866816888466,0.07540000000005875,0,not_applicable,249.14155777801057,0,0,0.843888996809685,0.3639142367611648,715,0.7644578313253012,1.3604909713243118,0.2239412608755995,running
Pure Pursuit,48.109999999999,76.16183655204986,-5.475038755832339,4.3561949456167115,-1.5340587015307392,2.241995313261409,-0.06247806956057644,4.493933830218888,0.11525960628405456,0.013249463853465926,0.07919999999828065,0,not_applicable,249.74140590174798,0,0,0.8376087581474804,0.35390865616306244,716,0.768813716404078,1.3090097831696175,0.22293077345441878,running
Pure Pursuit,48.20999999999898,76.17265536153207,-5.916534078977971,4.468955409744748,-1.6015068211406822,2.92397109754865,-0.06652414832652566,4.6485920553715765,0.09363588148241705,0.008727454693060466,0.07970000000057098,0,not_applicable,250.1412873594178,0,0,0.835189064847453,0.3520903201750224,714,0.7601019462465248,1.3365921917178032,0.22496523842325897,running
Pure Pursuit,48.30999999999896,76.15352330225392,-6.352554463573278,4.312343839454515,-1.6814330726039506,-1.7822628337179758,-0.06224665086098085,4.29072912637295,0.078786321556963,0.03873010588857184,0.07229999999935899,0,not_applicable,250.54120654806155,0,0,0.7910857359131295,0.3570304918474738,733,0.8428637627432809,1.269187000674413,0.20762130414308752,running
Pure Pursuit,48.40999999999894,76.10587326084176,-6.777062456495385,4.2521909394878925,-1.7403693306891883,-0.6845488986042891,-0.046858338783220425,4.243888949594086,0.06735771560004304,0.05037219727155673,0.0877000000016892,0,not_applicable,250.9411126778925,0,0,0.7952069935064454,0.37927771936793586,718,0.7775254865616312,1.38654525829736,0.22094939445953415,running
Pure Pursuit,48.50999999999892,76.0318722047754,-7.199706269537227,4.324627924030374,-1.7915530936485462,1.87835027847437,-0.03709798094808104,4.4400259673353295,0.05991104385261635,0.05768569252076006,0.10469999999784818,0,not_applicable,251.34099355514445,0,0,0.8432434221463871,0.39143233471695793,708,0.7339666357738648,1.4582391636457053,0.22234991952811328,running
Pure Pursuit,48.6099999999989,75.9346045407817,-7.629134083929322,4.470335075730944,-1.8262194685875963,3.778305663896875,-0.027095286963395467,4.702458490420062,0.07585540893706008,0.04940352963214778,0.08220000000136451,0,not_applicable,251.74088169760745,0,0,0.8735587167070876,0.3908037971188225,722,0.7949490268767376,1.400738654909977,0.21713917065507293,running
Pure Pursuit,48.70999999999888,75.82241707618817,-8.065181603710716,4.5300533755430665,-1.842989435764217,1.5485443767517815,-0.027569567035642412,4.625189513406122,0.09100510054957714,0.0020193613029331203,0.07280000000164932,0,not_applicable,252.3407765061347,0,0,0.8605078447958348,0.369125758378807,727,0.8167284522706209,1.3423312999500172,0.2126462795560751,running
Pure Pursuit,48.80999999999886,75.70047060713743,-8.493803494606777,4.4190473153301095,-1.8779562417685485,-1.2632653837029473,-0.04026394458937712,4.403726837172772,0.0533963434934513,0.0061738146277257044,0.07210000000057448,0,not_applicable,252.74068659870562,0,0,0.8537726086135379,0.36020846863110395,725,0.8080166821130677,1.3418489887002831,0.2144087504700342,running
Pure Pursuit,48.90999999999884,75.56050900878209,-8.91800203113294,4.508433470480315,-1.9309155664116382,2.317856140459229,-0.047426757117476674,4.650832929376032,0.03899527959319149,0.005957363738671617,0.0723000000029117,0,not_applicable,253.14057513113661,0,0,0.844754792919666,0.3610690374597343,712,0.7513901760889712,1.3918910563697442,0.22593517874601313,running
Pure Pursuit,49.00999999999882,75.39583320533862,-9.34643797509908,4.660208045289674,-1.9814926898836562,3.9356389095862276,-0.04176463043021163,4.901997361438938,0.07475507561667838,0.016477412082778642,0.072699999996928,0,not_applicable,253.54047088633817,0,0,0.830905046225848,0.35994654870676773,710,0.742678405931418,1.4195677518828382,0.2241197071405647,running
Pure Pursuit,49.1099999999988,75.20483010643524,-9.77879795792922,4.784225538755511,-2.0328601277172362,3.215875078988555,-0.03908679964699494,4.98179555318853,0.08230865020484608,0.011988887990202812,0.07550000000122736,0,not_applicable,254.1403693855195,0,0,0.8323967066794572,0.355998528865493,715,0.7644578313253012,1.4213569615878696,0.2239412608755995,running
Pure Pursuit,49.20999999999878,74.9898471524879,-10.205657932098756,4.777780675320913,-2.0900006251711796,-0.07334349912068383,-0.033630729665742626,4.776891188843442,0.04549797717888931,0.03665889991439286,0.07929999999944926,0,not_applicable,254.5402953495883,0,0,0.828577180495729,0.35365502210396177,723,0.7993049119555145,1.3958642388330198,0.21621722807816315,running
Pure Pursuit,49.30999999999876,74.75117640642488,-10.625366196159215,4.871875824911653,-2.130188362452933,2.4399642192891147,-0.017098331915805925,5.021777097249824,0.09686673669325027,0.050579026047358866,0.0745000000001994,0,not_applicable,254.94021634293836,0,0,0.8689447990520791,0.36583049454143746,718,0.7775254865616312,1.4665631596907087,0.22094939445953415,running
Pure Pursuit,49.40999999999874,74.49208391936376,-11.047328470541096,5.0197251742635265,-2.1459242312585722,3.8338546017811392,-0.006013171344059687,5.255261285089767,0.02837734514477702,0.03579925477653845,0.12790000000251212,0,not_applicable,255.54011552949768,0,0,0.8700353257891306,0.36478804047951713,706,0.7252548656163116,1.550558764106608,0.2206244765899192,running
Pure Pursuit,49.50999999999872,74.21382088788876,-11.47923574975657,5.2385795339505155,-2.1607422588667093,5.675072617390553,-0.002496804710488353,5.587232436002582,0.09865595332593927,0.03368480436807175,0.06550000000160594,0,not_applicable,255.94005350973148,0,0,0.8603807823642866,0.3423106879022641,345,-0.8472196478220575,1.3444579689724188,0.20682039817249398,running
Pure Pursuit,49.6099999999987,73.91828801581502,-11.925810705064759,5.454314962769768,-2.1588723553126243,5.594196188022922,0.003657797291543469,5.797999152752808,0.03335958457275341,0.016806819195183564,0.07150000000066825,0,not_applicable,256.5399640767673,0,0,0.8770838716078083,0.3366963684788111,347,-0.8385078776645043,1.387668941131513,0.2084324073070941,running
Pure Pursuit,49.70999999999868,73.61170561234842,-12.393102628544305,5.703515711628521,-2.1391158025949153,6.461979318594349,0.0019395421702596526,6.100512894629203,0.007742841907519539,0.01313663591377967,0.0953999999993016,0,not_applicable,257.13987372799954,0,0,0.8795262976239219,0.31952526891030775,715,0.7644578313253012,1.481814453699614,0.2239412608755995,running
Pure Pursuit,49.80999999999866,73.29520829561422,-12.884642507671469,5.967758093232833,-2.1391892315849557,6.852021163030324,-0.011120715943069707,6.388717827931553,0.0243987602331674,0.02063246125556617,0.07390000000029318,0,not_applicable,257.73978562247254,0,0,0.8728227560193265,0.29685703481228537,719,0.781881371640408,1.4214038783179717,0.21997807798827246,running
Pure Pursuit,49.90999999999864,72.96241809871832,-13.397397684704703,6.236439893731035,-2.1597352525067652,6.967138927363994,-0.017299017055141114,6.664471985969232,0.021201764876750042,0.005489675363969937,0.06989999999973406,0,not_applicable,258.33969768046427,0,0,0.8759976684899607,0.2904796247672577,719,0.781881371640408,1.4500594791579677,0.21997807798827246,running
Pure Pursuit,50.00999999999862,72.60833617911658,-13.92820375261352,6.503620507376105,-2.1784740596566223,6.928211923963294,-0.012694797448567175,6.929261086127364,0.03472777643801676,0.009605967548699468,0.07109999999954653,0,not_applicable,258.93960958547063,0,0,0.8766519452011413,0.2790783804305519,715,0.7644578313253012,1.4801284926122409,0.2239412608755995,running
Pure Pursuit,50.1099999999986,72.23103817621322,-14.475238804365949,6.766117815077175,-2.195402857921378,6.806769968867341,-0.003911247157005219,7.184297504262839,0.09287766154115362,0.024967267291176043,0.162499999998289,0,not_applicable,259.53952182209923,0,0,0.8741396794721166,0.2666364584131004,355,-0.803660797034291,1.4189058804916397,0.21530714918272373,running
Pure Pursuit,50.20999999999858,71.83215625546208,-15.038810589734597,7.022364221604358,-2.192836174715313,6.644678986824859,0.005724781569822121,7.430585713759661,0.020494243547696123,0.023723517389470317,0.07489999999776842,0,not_applicable,260.33940477774036,0,0,0.8735768072975945,0.26103917768897356,355,-0.803660797034291,1.4411992472242443,0.21530714918272373,running
Pure Pursuit,50.30999999999856,71.41894238276589,-15.625158568799208,7.3017365215737,-2.169084382646118,7.244352325816141,0.010989257699945658,7.746799454185972,0.09863200932934975,0.0029913691123901742,0.07339999999800284,0,not_applicable,260.9393168753639,0,0,0.869455812010064,0.2515729516432801,360,-0.7818813716404078,1.4735644516860957,0.21997807798827249,running
Pure Pursuit,50.40999999999854,70.99783447473402,-16.23875975136926,7.561658933696928,-2.148770366126434,6.740000819706484,0.006916929056290225,7.975736603544348,0.0444026771555643,0.009409649169082712,0.11010000000055697,0,not_applicable,261.7391995158547,0,0,0.8744087967248093,0.2349563915759824,357,-0.7949490268767376,1.418602903146902,0.21713917065507293,running
Pure Pursuit,50.50999999999852,70.57501672838961,-16.876636860817367,7.730701446203811,-2.1295903335830486,4.383410663030718,0.004801446342503118,8.0,0.01648573533381523,0.017293761228867055,0.14140000000040231,0,not_applicable,262.53908044035205,0,0,0.8714530001259334,0.2319551582251285,354,-0.8080166821130677,1.4262825943035444,0.2144087504700342,running
Pure Pursuit,50.6099999999985,70.16227391230296,-17.524340563092043,7.654851646595505,-2.1033557437867705,-0.8631819381947103,0.004216386872534581,7.64438325238434,0.027414237890490214,0.026159726774388048,0.07929999999944926,0,not_applicable,263.3389621278798,0,0,0.8536808805905056,0.23030202862751592,732,0.8385078776645041,1.3987575754688792,0.20843240730709414,running
Pure Pursuit,50.70999999999848,69.77931821511274,-18.15729503598624,7.267205973753703,-2.0597643121869327,-4.411465092120537,0.0020560204580381903,7.213705137383451,0.08504568462545814,0.04466337837080658,0.07360000000034006,0,not_applicable,264.1388392355448,0,0,0.865417296659861,0.22580113158535167,714,0.7601019462465248,1.4777041537079116,0.22496523842325897,running
Pure Pursuit,50.80999999999846,69.43664490500895,-18.764271131405494,6.818001294250054,-2.0271857781116207,-5.11576843332727,-0.006285440054973163,6.755629130420976,0.013086544563642812,0.05172416921848644,0.07159999999828415,0,not_applicable,264.73873811188867,0,0,0.859499534340652,0.24125561212961044,739,0.8689990732159409,1.3348493677268605,0.20296376061118723,running
Pure Pursuit,50.90999999999844,69.12777822084976,-19.34404861820974,6.442403993511506,-2.034794977315687,-4.274352835557131,-0.006869466799915965,6.390566010694341,0.06952147737445179,0.013982673392916922,0.07160000000183686,0,not_applicable,265.3386474137285,0,0,0.868356028880219,0.25504196870776896,372,-0.729610750695088,1.5176992496298456,0.22148173646210823,running
Pure Pursuit,51.00999999999842,68.83760456002622,-19.90549742679233,6.257642949100911,-2.0371610647135032,-2.102608012688165,0.010289843811818251,6.232143192242689,0.09965121726472098,0.0256640939710433,0.06709999999898741,0,not_applicable,266.1385106034512,0,0,0.8747618736098458,0.2598141674503175,364,-0.7644578313253012,1.4320394245529953,0.2239412608755995,running
Pure Pursuit,51.1099999999984,68.55364733893354,-20.471248614630827,6.391970810360485,-2.017247362574903,3.4832313520147817,0.026338073213062287,6.6059660843023895,0.07455179694148545,0.02432860130538117,0.06790000000123086,0,not_applicable,266.7384197992094,0,0,0.8494636284726269,0.2645384998453539,356,-0.7993049119555145,1.3703619307618051,0.21621722807816315,running
Pure Pursuit,51.20999999999838,68.27149354730095,-21.055935968323794,6.5774788359192,-1.997658613203586,4.810374888853746,0.030678487019005385,6.87300829924586,0.05763328808096059,0.01435650018589385,0.07510000000010564,0,not_applicable,267.33833182609385,0,0,0.836581621724158,0.2535197492337581,357,-0.7949490268767376,1.3520031819971312,0.21713917065507293,running
Pure Pursuit,51.30999999999836,67.99110481125857,-21.66361532184018,6.790575981213984,-1.9799088205545425,5.525783337540799,0.03189624820557713,7.13005716967328,0.08593786073984443,0.0025352547075208065,0.09470000000177947,0,not_applicable,267.93824377553955,0,0,0.8109177799432803,0.24445378839701196,354,-0.8080166821130677,1.3253536616558392,0.2144087504700342,running
Pure Pursuit,51.40999999999834,67.71227994130575,-22.2961762508741,7.017171254910027,-1.9628568097647143,5.875800851405106,0.018733766013636906,7.378156066354495,0.08902820881960727,0.031012950846930565,0.08160000000145828,0,not_applicable,268.7381259995854,0,0,0.8437925873181669,0.2481937541885555,355,-0.803660797034291,1.3850878674449223,0.21530714918272373,running
Pure Pursuit,51.50999999999832,67.43862784371144,-22.9468224032928,7.093893805335594,-1.9424740444180602,1.9894785083524802,0.007242609614246711,7.216119105745275,0.06830160323666423,0.06217539743104439,0.06880000000109021,0,not_applicable,269.3380369147511,0,0,0.8301043122749137,0.24506565797849794,711,0.7470342910101948,1.4867541961766937,0.22502164647011186,running
Pure Pursuit,51.6099999999983,67.178294859256,-23.593034260255553,6.902023636292141,-1.9362382936616234,-2.1835109024933796,-0.017140087249474755,6.875542715086256,0.054977957903789954,0.0772373291923536,0.07500000000248974,0,not_applicable,270.13791892710464,0,0,0.8747856268272853,0.2321630267628733,714,0.7601019462465248,1.418610878920694,0.22496523842325897,running
Pure Pursuit,51.70999999999828,66.93121919367283,-24.20575897989378,6.455228016292651,-1.9805318040620046,-5.087434509610178,-0.03861471068498006,6.393280185331124,0.03267752624238282,0.036403910609813295,0.10180000000303835,0,not_applicable,270.73783115839865,0,0,0.8594410606145132,0.24018143943028808,710,0.742678405931418,1.4453087880129307,0.2241197071405647,running
Pure Pursuit,51.80999999999826,66.68212336818428,-24.772804869931395,6.060678277314774,-2.060511740009497,-4.490034385902941,-0.027566220264898342,6.006224577702357,0.05767968763878759,0.043666736498474634,0.07709999999860884,0,not_applicable,271.3377434049605,0,0,0.8417560531383054,0.26926610798464884,718,0.7775254865616312,1.459662024301956,0.22094939445953415,running
Pure Pursuit,51.90999999999824,66.4256499745324,-25.291653400969096,5.649230410791757,-2.0960928744559206,-4.682337576703697,0.005379983157930539,5.592444519644404,0.044137835914856816,0.08296187455948711,0.07339999999800284,0,not_applicable,271.93765528302447,0,0,0.853396533640552,0.2757056108616119,364,-0.7644578313253012,1.42997171623208,0.2239412608755995,running
Pure Pursuit,52.00999999999822,66.17259589623092,-25.76373716197287,5.206694627944904,-2.091139188132038,-5.037332841003916,0.029175933296209867,5.145497126691366,0.06354024674204527,0.0862741718940736,0.07869999999954302,0,not_applicable,272.53756735935974,0,0,0.8708654771860447,0.28979066021122374,373,-0.7252548656163114,1.445711821019783,0.22062447658991918,running
Pure Pursuit,52.1099999999982,65.93876596509016,-26.193261500373502,4.724094274803849,-2.054059947070469,-5.50854846540628,0.04210061665535215,4.655839781404276,0.031702369607095854,0.05763828160343465,0.09629999999916095,0,not_applicable,272.93750745843425,0,0,0.8722787027491161,0.31013407335583304,356,-0.7993049119555145,1.3420455950574355,0.21621722807816315,running
Pure Pursuit,52.20999999999818,65.73588868013027,-26.59226631634497,4.350137302936478,-1.9984027171029108,-4.255685650388399,0.019701696279372547,4.298525709765009,0.08294789444973787,0.004761225425895077,0.08180000000024279,0,not_applicable,273.3374488116968,0,0,0.8600547751874054,0.37002308317599053,715,0.7644578313253012,1.485591031915168,0.2239412608755995,running
Pure Pursuit,52.30999999999816,65.56166148610481,-26.962651852432842,3.962220001977728,-1.9870239163610695,-4.414556260266873,-0.028356274916379858,3.9086816769097905,0.09368587199229948,0.03125968025160297,0.09599999999920783,0,not_applicable,273.737360878245,0,0,0.834657784483132,0.3724482889181658,712,0.7513901760889712,1.4098819142008034,0.22593517874601313,running
Pure Pursuit,52.40999999999814,65.40501526694192,-27.29550823500654,3.5344514451301374,-2.029775925549809,-4.868069446527903,-0.08286023507164249,3.4754130573249378,0.061202850121856674,0.049556324467342705,0.12289999999737233,0,not_applicable,274.13730237677805,0,0,0.8402995413607371,0.3761207365672923,709,0.7383225208526416,1.3254331248354552,0.2232291878884924,running
Pure Pursuit,52.50999999999812,65.25025380065512,-27.57731860781941,3.048588250813274,-2.135152673363425,-5.546924060868665,-0.1250244098070345,2.979759039043271,0.025357809665457174,0.04885011550837248,0.08619999999837091,0,not_applicable,274.5371769231932,0,0,0.8690208108375341,0.4225978509099228,708,0.7339666357738648,1.3314210502185302,0.22234991952811328,running
Pure Pursuit,52.6099999999981,65.08273895879746,-27.811708371228967,2.7989173945138646,-2.2574985486858266,-2.84129127254356,-0.1373405222289194,2.7644591235589178,0.06573714894733233,0.0038447891822350755,0.08659999999949264,0,not_applicable,274.73662572589296,0,0,0.8672285400625666,0.4884952121451458,696,0.6816960148285451,1.3690069273870613,0.21261932153731197,running
Pure Pursuit,52.70999999999808,64.89060807110782,-28.020035437365976,2.866063719770816,-2.3570607190765016,1.741159154284735,-0.1265617327927935,2.973033309942338,0.051284150361622705,0.049835024439085274,0.08739999999818338,0,not_applicable,275.1359085039987,0,0,0.8658593232925162,0.5274021676321224,694,0.6729842446709915,1.3654363980703559,0.2111347683074644,running
Pure Pursuit,52.80999999999806,64.67413184264504,-28.214646890220767,2.9509372862767793,-2.445749118440966,2.2008410246300736,-0.12308232414972017,3.0861478222338232,0.04262788748698861,0.024956376074353415,0.10699999999985721,0,not_applicable,275.3358792532652,0,0,0.8701197080115457,0.5098349695038181,699,0.6947636700648747,1.3374327510035948,0.21491658495418042,running
Pure Pursuit,52.90999999999804,64.43562325648517,-28.393529440537694,3.0091062948033613,-2.537078866217429,1.5083699860587751,-0.12030074712102787,3.101774284882657,0.07080466012120691,0.06209628989027571,0.09780000000247924,0,not_applicable,275.735383150679,0,0,0.8551876674646182,0.4948873780170983,710,0.742678405931418,1.299924275721617,0.2241197071405647,running
Pure Pursuit,53.00999999999802,64.18086348334543,-28.550665266478997,2.98676592316953,-2.6319906139605895,-0.2542367334714646,-0.12072446923559713,2.983682621456215,0.047994738912616575,0.028844708261566154,0.07429999999786219,0,not_applicable,275.9352027602317,0,0,0.8449670419057774,0.4756358922475211,719,0.781881371640408,1.2355697141849533,0.21997807798827246,running
Pure Pursuit,53.109999999998,63.927725133209215,-28.67497520836773,2.737023447950745,-2.7322096837124796,-2.8421063064389296,-0.10622499888138562,2.702555292525637,0.09852779193023943,0.02966322055366888,0.10429999999672646,0,not_applicable,276.3351442587648,0,0,0.8681399419409228,0.5059804719769505,706,0.7252548656163116,1.3515352058775054,0.2206244765899192,running
Pure Pursuit,53.20999999999798,63.66797268594128,-28.773516031945846,2.814366413265965,-2.807514494312678,2.0055663740761576,-0.09105464081108328,2.937580085358361,0.04727319400294217,0.006635679669557248,0.0839999999975305,0,not_applicable,276.53500508693804,0,0,0.8556056701100181,0.5531935249608064,710,0.742678405931418,1.3394991427608602,0.2241197071405647,running
Pure Pursuit,53.30999999999796,63.392457707168454,-28.857629103605326,2.938035515523423,-2.8695114634074717,3.2068410098951095,-0.07943650683612972,3.135050514255476,0.08321792475330468,0.021571576622807953,0.07399999999790907,0,not_applicable,276.73497583620457,0,0,0.8349416580188568,0.5433574297840238,711,0.7470342910101948,1.3470117451104846,0.22502164647011186,running
Pure Pursuit,53.40999999999794,63.0990077565505,-28.92782863537019,3.0856833402787895,-2.932993700543752,3.8286289041025467,-0.06778077675338193,3.3208984059336775,0.04714977713020137,0.011063391136090672,0.07499999999893703,0,not_applicable,277.1347348483693,0,0,0.8511384844248334,0.533687523628428,709,0.7383225208526416,1.3829145767461808,0.2232291878884924,running
Pure Pursuit,53.50999999999792,62.78359764334828,-28.985245385834013,3.3088127786297696,-2.9830799305146605,5.785928905096718,-0.060190718515804605,3.6642762307884613,0.09664723599523996,0.023433445367322392,0.1049000000001854,0,not_applicable,277.334575506555,0,0,0.8680850731891872,0.5293856097340708,716,0.768813716404078,1.3969977496895467,0.22293077345441878,running
Pure Pursuit,53.6099999999979,62.44532306580025,-29.03277065157336,3.507641029797195,-3.0236360837906338,5.155779237743889,-0.05276175999340355,3.8243907024041586,0.04303277299384428,0.004528689382709672,0.07560000000239597,0,not_applicable,277.7344857040922,0,0,0.8616202711363028,0.4890877409371504,714,0.7601019462465248,1.397853521708545,0.22496523842325897,running
Pure Pursuit,53.70999999999788,62.093213422597664,-29.06793764711371,3.5654664885835845,-3.0679391380095535,1.4994614601967937,-0.050809705666412915,3.6575871758168743,0.03655611732079519,0.004021483582683061,0.0669999999978188,0,not_applicable,278.1344272026254,0,0,0.844307352434029,0.46445196745725537,719,0.781881371640408,1.3759916026838694,0.21997807798827246,running
Pure Pursuit,53.80999999999786,61.7288168467192,-29.08870040529536,3.722281956951244,-3.111787507203324,4.066353404105798,-0.0518321994105618,3.9721018289941643,0.06448332366136388,0.006097954307037412,0.06950000000216505,0,not_applicable,278.534324521308,0,0,0.846551829584362,0.44787934733541696,701,0.7034754402224284,1.4342894296211939,0.21649658541768402,running
Pure Pursuit,53.909999999997844,61.34538677051079,-29.09426568455306,3.9309775066098807,-3.1553171616803812,5.411646361228097,-0.04516524321759415,4.263446593074054,0.08119834544701572,0.0007989199248221723,0.06910000000104333,0,not_applicable,278.93421607113106,0,0,0.8486415373750378,0.4419905876658329,713,0.755746061167748,1.4233236936723517,0.22600293112750477,running
Pure Pursuit,54.009999999997824,60.93986850278924,-29.08314423499792,4.164343087155781,-3.1995027642678764,6.0513604476129235,-0.03579738295946838,4.536113551371173,0.07709135792242928,0.01327588966268678,0.07280000000164932,0,not_applicable,279.33412983982157,0,0,0.8783241374565903,0.41726453888923676,723,0.7993049119555145,1.3598132433328556,0.21621722807816315,running
Pure Pursuit,54.109999999997804,60.51127247127384,-29.05502273717716,4.406898357307684,-3.2314714447854427,6.28965661827146,-0.02194890660456009,4.793308748982927,0.050874854838059286,0.022622266100219335,0.09230000000215455,0,not_applicable,279.7340651983033,0,0,0.8481888081310918,0.42050905731517546,710,0.742678405931418,1.5141172524860216,0.2241197071405647,running
Pure Pursuit,54.209999999997784,60.05924479030624,-29.014798246500828,4.650046813451734,-3.2459459143313274,6.305038416403663,-0.008806152662784788,5.03740219894805,0.03142012269678632,0.024567992634636937,0.07180000000062137,0,not_applicable,280.13400487929437,0,0,0.8628509632199217,0.4030906750086858,366,-0.755746061167748,1.5187811034161078,0.22600293112750477,running
Pure Pursuit,54.309999999997764,59.583736004446344,-28.96685271906994,4.889205491762998,-3.243985327843969,6.201580212689093,0.0014999641196731537,5.270204834720643,0.09544560786160107,0.01969273282842643,0.07640000000108671,0,not_applicable,280.5339462216012,0,0,0.8719573668665284,0.3802154865950347,332,-0.903846153846154,1.2909572626669397,0.19727332187940388,running
Pure Pursuit,54.409999999997744,59.08451490789606,-28.919140405120167,5.1221119219871705,-3.225824470879552,6.039454304085172,0.0027254416213791685,5.493150922171515,0.012230122234691904,0.003871716408481163,0.06929999999982783,0,not_applicable,281.1338582575391,0,0,0.890846632108586,0.3534049844631062,730,0.8297961075069509,1.3764430643786165,0.21008581223244965,running
Pure Pursuit,54.509999999997724,58.55993511463621,-28.873409857610408,5.38799005166766,-3.226206193369919,6.894437449045112,-0.007342499550518887,5.811555666891682,0.07856001713441127,0.001994848134945215,0.09129999999757388,0,not_applicable,281.73377043651817,0,0,0.893084819026482,0.3366846728687837,730,0.8297961075069509,1.3741931925866793,0.21008581223244965,running
Pure Pursuit,54.609999999997704,58.00835178192256,-28.822759242889212,5.667738014873952,-3.245119551452412,7.254093580924854,-0.013949398464470261,6.113399409760145,0.07618393722200126,0.006799174666760166,0.07700000000099294,0,not_applicable,282.13371112923926,0,0,0.8903722231227396,0.3219435762282298,707,0.729610750695088,1.5145328797726512,0.22148173646210823,running
Pure Pursuit,54.709999999997684,57.438314389265145,-28.762975031054886,5.7861718438324115,-3.264947367546415,3.0710860896541536,-0.01720262604676028,5.974846623839367,0.05021738182257679,4.319915944250852e-05,0.07779999999968368,0,not_applicable,282.7336052925723,0,0,0.8704643305012556,0.2951061993222694,706,0.7252548656163116,1.4722703761930471,0.2206244765899192,running
Pure Pursuit,54.809999999997665,56.877148880018595,-28.69413245842309,5.586326038104117,-3.290713517671815,-2.2742748276126434,-0.028347502876696806,5.558744361071147,0.02767930540079635,0.010797259972408213,0.07139999999949964,0,not_applicable,283.3335070343486,0,0,0.8531163873645253,0.27679664785718633,719,0.781881371640408,1.3564510735147421,0.21997807798827246,running
Pure Pursuit,54.909999999997645,56.35226988594222,-28.615012954918317,5.16676335422575,-3.3428603839526367,-4.774685398439029,-0.04158326659712878,5.108857498260214,0.07038739781886515,0.007977906440832072,0.08129999999795245,0,not_applicable,283.9334067909387,0,0,0.8481750618273715,0.28642980812962354,711,0.7470342910101948,1.3990194013030919,0.22502164647011186,running
Pure Pursuit,55.009999999997625,55.8457217733829,-28.51150899860827,5.174391381372718,-3.408157750834392,0.19780098531458457,-0.04706287219900775,5.186543452757208,0.07952561661484453,0.023182202149513387,0.09610000000037644,0,not_applicable,284.33331329528284,0,0,0.8320560471924772,0.3162169228262586,719,0.781881371640408,1.3793176112473868,0.21997807798827246,running
Pure Pursuit,55.109999999997605,55.34109739090254,-28.376661267130785,5.266376817826468,-3.465442015661507,2.385257631440405,-0.036996865565478036,5.412917144516759,0.06284498988801542,0.03074518900033496,0.07420000000024629,0,not_applicable,284.9331751149926,0,0,0.7992750281961395,0.3136431817352787,719,0.781881371640408,1.3715792346992552,0.21997807798827246,running
Pure Pursuit,55.209999999997585,54.840792654897406,-28.211307620796468,5.273009650806917,-3.525289116941826,0.1719947862903215,-0.03228439104421854,5.2835762964555,0.11240750625512201,0.045310340964292095,0.07369999999795596,0,not_applicable,285.5330805668203,0,0,0.8563590217963257,0.32362535859115665,725,0.8080166821130677,1.3919896901109294,0.2144087504700342,running
Pure Pursuit,55.309999999997565,54.34971392316344,-28.018190030197722,5.281081550048796,-3.5712123255434123,0.20931095191998317,-0.015489047726659943,5.293940745998915,0.050101104170989584,0.06512683104848804,0.07169999999945276,0,not_applicable,285.93300309487313,0,0,0.8221287615828761,0.3331827527370911,347,-0.8385078776645043,1.3830324968344643,0.2084324073070941,running
Pure Pursuit,55.409999999997545,53.8618860948852,-27.80351051282093,5.371643968773074,-3.589192817393027,2.3483576173756404,-0.0030504697146601857,5.51591731178636,0.04645899952642395,0.04875992051573519,0.08880000000033306,0,not_applicable,286.5328970687493,0,0,0.8648940196170991,0.33368861508517883,718,0.7775254865616312,1.47681032146881,0.22094939445953415,running
Pure Pursuit,55.509999999997525,53.36735173920117,-27.57030183580379,5.549589068510996,-3.6042296902697055,4.614262034194034,-0.0018145856855803348,5.833070172192477,0.09397500251855219,0.02955676619697556,0.0876000000005206,0,not_applicable,287.13279944050873,0,0,0.8739432776217595,0.3227394676094395,717,0.7731696014828544,1.4627018212708354,0.22193355627601147,running
Pure Pursuit,55.609999999997505,52.863477856328664,-27.320809161770903,5.68491192312133,-3.6214324608149844,3.509032343722076,-0.0032868625874508447,5.900492302883204,0.06852174374071399,0.025723605278026085,0.09969999999981383,0,not_applicable,287.5327380283769,0,0,0.8711936864657805,0.312907566849823,709,0.7383225208526416,1.5075484187488437,0.2232291878884924,running
Pure Pursuit,55.709999999997486,52.35087335163597,-27.055621632805074,5.845159099302547,-3.6394570122793986,4.155340395598506,-0.005465995829775951,6.100445962681181,0.04596117125830974,0.011777600611093675,0.07669999999748711,0,not_applicable,288.1326256775001,0,0,0.8738425712204602,0.3073401502596279,719,0.781881371640408,1.4597734374733702,0.21997807798827246,running
Pure Pursuit,55.809999999997466,51.826521452235916,-26.77266407069349,6.05474927872554,-3.6567683060419713,5.4348448430205565,-0.010182458630966342,6.388643583604603,0.04183143814451,0.0006687279370645172,0.10190000000065425,0,not_applicable,288.7325296528036,0,0,0.8697720947824779,0.2955219765480864,717,0.7731696014828544,1.4582154203049689,0.22193355627601147,running
Pure Pursuit,55.909999999997446,51.29385939306017,-26.47329343357881,6.157669183351482,-3.6758707930255374,2.6687973379305596,-0.017175507178051694,6.321629012518596,0.05426247374634328,0.009317630908817875,0.0934000000007984,0,not_applicable,289.332440433443,0,0,0.8734555038749383,0.27814316233182756,713,0.755746061167748,1.451614290819341,0.22600293112750477,running
Pure Pursuit,56.009999999997426,50.75855623641319,-26.159525762227346,6.245175589104773,-3.696222502455755,2.269112700551279,-0.025488085255530927,6.38458045340661,0.07925765034349144,0.01725811664426402,0.07739999999856195,0,not_applicable,289.93233367426126,0,0,0.8723906399510233,0.2668090162311516,722,0.7949490268767376,1.3677119598164156,0.21713917065507293,running
Pure Pursuit,56.109999999997406,50.22105073811967,-25.82821501319337,6.373239319941105,-3.7317420449816194,3.3207973247121547,-0.03633164567746687,6.577255321575988,0.11204365814965829,0.01598246993318142,0.08740000000173609,0,not_applicable,290.73220992112465,0,0,0.8172239723098356,0.25260614324724306,720,0.7862372567191844,1.3335932382130657,0.21901940157552577,running
Pure Pursuit,56.209999999997386,49.70685814558555,-25.48236124020597,6.107961212700278,-3.8146676390153824,-3.0189040966653646,-0.041232164607132804,6.071348910274568,0.1059186331073581,0.041323835010480536,0.06730000000132463,0,not_applicable,291.3321147791605,0,0,0.8054373718360657,0.25935047183964105,718,0.7775254865616312,1.398893150966842,0.22094939445953415,running
Pure Pursuit,56.309999999997366,49.24313170234645,-25.126158598810868,5.7163792037868015,-3.9067684732192873,-4.456261178824539,-0.01728483800514162,5.662335094817824,0.11398836478120873,0.11111521804402713,0.07869999999954302,0,not_applicable,291.9320191135418,0,0,0.8174383479635066,0.2745195424592835,366,-0.755746061167748,1.446278067194312,0.22600293112750477,running
Pure Pursuit,56.409999999997346,48.83599651367872,-24.76724355968808,5.281411493536205,-3.9500664123590252,-4.949996877053202,0.021110684872909093,5.221379516081481,0.05227007779926045,0.13922018048829798,0.07379999999912457,0,not_applicable,292.3319552598469,0,0,0.8479573421048837,0.28327310545719786,377,-0.7078313253012047,1.4476004406256622,0.21730154451353453,running
Pure Pursuit,56.509999999997326,48.47072784480149,-24.416711873741328,4.951034226527395,-3.927731926214175,-3.7597421633914063,0.037401897468909547,4.9054372771970645,0.0533157776618493,0.08956268030376968,0.08529999999851157,0,not_applicable,292.93186722237334,0,0,0.8695160098398138,0.3129004256642188,362,-0.7731696014828544,1.4046688017136413,0.22193355627601147,running
Pure Pursuit,56.60999999999731,48.135555313929885,-24.097394139258117,4.458996358481753,-3.875366796730852,-5.619546897335441,0.021471407373318638,4.389079536793851,0.04137410829756338,0.006379729380222798,0.06979999999856545,0,not_applicable,293.33179407137993,0,0,0.8654991909312418,0.3477247265366099,723,0.7993049119555145,1.4165235670379728,0.21621722807816315,running
Pure Pursuit,56.70999999999729,47.82745024052547,-23.812466328161342,4.062754632044304,-3.881006615484221,-4.50928945344824,-0.03851680802591466,4.008067413136929,0.0489392662767602,0.03836780498821035,0.06880000000109021,0,not_applicable,293.7316655197384,0,0,0.8686273884037984,0.3546074093043839,712,0.7513901760889712,1.3813771510059543,0.22593517874601313,running
Pure Pursuit,56.80999999999727,47.55636626468262,-23.54827293746223,3.64458332427738,-3.95834539061199,-4.758851332497711,-0.08092892733582373,3.586869498794533,0.02181350195999087,0.03162879988449596,0.12369999999961578,0,not_applicable,294.1314822927261,0,0,0.865215753566576,0.3837245612846816,722,0.7949490268767376,1.308924958488451,0.21713917065507293,running
Pure Pursuit,56.90999999999725,47.33708300834148,-23.297091339623563,3.1751338981940886,-4.0725281417990145,-5.3538750904146415,-0.09695129803566223,3.109195815235916,0.05113283362492441,0.018776518315814172,0.08250000000131763,0,not_applicable,294.5313802571285,0,0,0.8716860063058334,0.42540363756370664,694,0.6729842446709915,1.4235081710319812,0.2111347683074644,running
Pure Pursuit,57.00999999999723,47.16139913061281,-23.04196322194416,3.060130010990812,-4.16652791601925,-1.308761246156016,-0.08992966573790503,3.044257773578487,0.059225787374361065,0.02757243617172911,0.07869999999954302,0,not_applicable,294.731351006395,0,0,0.8713129068709878,0.48782489617365277,710,0.742678405931418,1.3651391172408622,0.2241197071405647,running
Pure Pursuit,57.10999999999721,47.015673634601434,-22.783922842300093,2.9153981171573946,-4.239219958984831,-1.6470703585621616,-0.09084098088514256,2.8954229751345957,0.044163956366704255,0.008364527610410732,0.08120000000033656,0,not_applicable,295.13106155227905,0,0,0.873237446950321,0.49559065912764766,707,0.729610750695088,1.3519858416603552,0.22148173646210823,running
Pure Pursuit,57.20999999999719,46.89007401139678,-22.512452908677385,3.057374932259579,-4.3146862708360105,3.681574983669993,-0.10523026287192197,3.283555615524394,0.05588633137059411,0.0006367922936405535,0.07670000000103983,0,not_applicable,295.3305781270499,0,0,0.876862987409967,0.5335015496708532,703,0.7121872103799816,1.3954292259149443,0.21811666573475305,running
Pure Pursuit,57.30999999999717,46.78491323640303,-22.221319887691315,3.1297325695596148,-4.407555647061127,1.8762927395543283,-0.12032147144051528,3.245004206215012,0.03398497064333098,0.03710971880584424,0.07709999999860884,0,not_applicable,295.7300411600286,0,0,0.8809554908135256,0.4842127506054122,700,0.6991195551436515,1.3488285120023888,0.2157016455530536,running
Pure Pursuit,57.40999999999715,46.71519718592411,-21.94163479611306,2.7593222494589513,-4.53122204637305,-4.215324228711639,-0.1314516061834078,2.708200146688451,0.05460921445117575,0.030058524799262187,0.10329999999925121,0,not_applicable,295.9300119092951,0,0,0.8462574814133513,0.48271813680964604,711,0.7470342910101948,1.3334908231210605,0.22502164647011186,running
Pure Pursuit,57.50999999999713,46.68556527257211,-21.678601153211797,2.592510180847365,-4.650360957158649,-1.8983460133314711,-0.12939777665322255,2.569487648125804,0.08061649961069384,0.012754591150279992,0.10960000000181935,0,not_applicable,296.3298861758529,0,0,0.8846256911572554,0.5590759084240075,689,0.6512048192771083,1.434549854328219,0.2075805028346246,running
Pure Pursuit,57.60999999999711,46.68624888723239,-21.42537834802546,2.5029196079638454,-4.745481232692637,-1.0195539704115797,-0.12174317528801103,2.490554783806207,0.03078775584978554,0.014187875904028147,0.07189999999823726,0,not_applicable,296.5298569251194,0,0,0.8913848372896649,0.6001635772364327,717,0.7731696014828544,1.3355137161400326,0.22193355627601147,running
Pure Pursuit,57.70999999999709,46.709779298232576,-21.181219830878124,2.428831672029523,-4.8338958736803,-0.8431316689943014,-0.12804101524392505,2.4186064410644152,0.02793005302174732,0.013630746277756955,0.10800000000088517,0,not_applicable,296.729265763766,0,0,0.8849145650244306,0.6224899082292265,701,0.7034754402224284,1.4046574344186549,0.21649658541768402,running
Pure Pursuit,57.80999999999707,46.757427826859946,-20.9383717903602,2.5158398539860536,-4.929313643378018,2.256193349845348,-0.13805529004443703,2.6544510070140577,0.07627455301147587,0.034432443094328136,0.1048000000025695,0,not_applicable,296.9292365130326,0,0,0.8652436520642073,0.6237323955722472,683,0.6250695088044487,1.4320949633622837,0.20359530110414154,running
Pure Pursuit,57.90999999999705,46.831341455207124,-20.693714324814472,2.5917897524557523,-5.031899593414932,1.969443010938603,-0.1385283247869564,2.712784155079914,0.07513234342635858,0.046811757030544854,0.08330000000000837,0,not_applicable,297.32817259290096,0,0,0.8494800347954155,0.5866593863199352,709,0.7383225208526416,1.3148331672179718,0.2232291878884924,running
Pure Pursuit,58.00999999999703,46.93179217054229,-20.452737642902555,2.629063575851978,-5.137841235717932,0.9665407387995861,-0.13828978747540352,2.688443826335711,0.032606315761762074,0.04868013190453979,0.07320000000277105,0,not_applicable,297.52710346408355,0,0,0.8547677929334513,0.5775190272719378,692,0.6642724745134383,1.3882215085954923,0.20968660597172056,running
Pure Pursuit,58.10999999999701,47.04925080142873,-20.23433752948141,2.405008661016964,-5.234916956609334,-2.5497780699233408,-0.12472279647743122,2.374085768859644,0.051624011858905194,0.03423191736752074,0.08839999999921133,0,not_applicable,297.7270742133501,0,0,0.8699455279776287,0.5769757223375946,702,0.7078313253012047,1.3698067296228111,0.21730154451353453,running
Pure Pursuit,58.20999999999699,47.18369930603835,-20.029764263838924,2.4858339071795355,-5.312543696246395,2.0958647657149276,-0.11266773758380574,2.6145951375884566,0.0957730203842861,0.03950064993590097,0.08509999999972706,0,not_applicable,297.92670361317636,0,0,0.8738454225263856,0.6216389732055714,704,0.7165430954587584,1.3463282134069523,0.21894209497805303,running
Pure Pursuit,58.30999999999697,47.33232438923683,-19.838612492809702,2.3894342835784954,-5.392990270971058,-1.0970419746774729,-0.10385845769653688,2.376129709711788,0.06280459151556138,0.07690922699745961,0.07970000000057098,0,not_applicable,298.32664511170947,0,0,0.8698534928232344,0.5917457479371963,706,0.7252548656163116,1.3214047403472697,0.2206244765899192,running
Pure Pursuit,58.40999999999695,47.49866425998,-19.654372264665863,2.5618352067345103,-5.458610254949759,4.470496999076783,-0.0888407969654596,2.8364839834861737,0.02125768383835143,0.06349357412500112,0.0686000000023057,0,not_applicable,298.5265207533675,0,0,0.8696237847086637,0.6574310711317182,715,0.7644578313253012,1.3577420529771667,0.2239412608755995,running
Pure Pursuit,58.50999999999693,47.68736778915434,-19.466725802341717,2.7464443929722027,-5.51560089552352,4.787067249812544,-0.0756514964311197,3.0405419317157647,0.0554104604057527,0.028804121252907322,0.07270000000048071,0,not_applicable,298.726491502634,0,0,0.8556292557781657,0.6111341647784548,709,0.7383225208526416,1.3811632965173852,0.2232291878884924,running
Pure Pursuit,58.60999999999691,47.89862412191024,-19.27581734395218,2.9336289103327697,-5.5617541121293055,4.853847693012523,-0.05982337333218206,3.231829162273455,0.07231730074778979,0.028135886165715718,0.07390000000029318,0,not_applicable,299.12636114794054,0,0,0.8309181337349418,0.5802442270761538,722,0.7949490268767376,1.333176915594551,0.21713917065507293,running
Pure Pursuit,58.70999999999689,48.13351841356305,-19.078320092178252,3.184378830692151,-5.598935286662221,6.502150603166577,-0.05586534006449182,3.5838439706494274,0.052728053407741324,0.012077836703635825,0.07949999999823376,0,not_applicable,299.3262912781054,0,0,0.8526433538644371,0.5351811128709942,718,0.7775254865616312,1.339828697707949,0.22094939445953415,running
Pure Pursuit,58.80999999999687,48.39364733320312,-18.875023139087812,3.4015294921929575,-5.638240656901867,5.630894329425313,-0.05139693600445497,3.7474682636346826,0.04751925659284424,0.010226716390601354,0.09099999999762076,0,not_applicable,299.72621641366237,0,0,0.8410357389267883,0.5005046652870402,719,0.781881371640408,1.350918754963408,0.21997807798827246,running
Pure Pursuit,58.90999999999685,48.680304095089,-18.667753469359052,3.6535369500341,-5.678862002592574,6.534759579009188,-0.052472438481245116,4.055005450093876,0.08712906630637927,0.008088676874372425,0.10209999999943875,0,not_applicable,300.1261579121955,0,0,0.8551993754677769,0.4700887922543104,715,0.7644578313253012,1.3780469384676979,0.2239412608755995,running
Pure Pursuit,59.00999999999683,48.99627579541458,-18.45729971747439,3.9185818224528655,-5.720806272809251,6.872830406462009,-0.04928416824259073,4.340819990680301,0.10778493193870287,0.0054251338136843685,0.06970000000094956,0,not_applicable,300.5260754674968,0,0,0.818443944793908,0.44503565691037494,718,0.7775254865616312,1.379688323849611,0.22094939445953415,running
Pure Pursuit,59.10999999999681,49.343009799404975,-18.2456856373835,4.1848082275999126,-5.764207155596351,6.903468516858426,-0.0472972078619139,4.608928674138708,0.1040318596535941,0.0018220171209506475,0.06720000000015602,0,not_applicable,300.92596987839516,0,0,0.8370205752816482,0.4122129976435573,719,0.781881371640408,1.3661705923166079,0.21997807798827246,running
Pure Pursuit,59.20999999999679,49.721143521460604,-18.03563398787388,4.446062456018524,-5.8090467614761305,6.77453590596258,-0.04656381383587216,4.8622618181961705,0.07771685385744519,0.0030035912869141868,0.09560000000163882,0,not_applicable,301.3258623891355,0,0,0.8224618139104903,0.3866914773901294,729,0.8254402224281745,1.3084660601625746,0.21092842571338707,running
Pure Pursuit,59.30999999999677,50.12466624622656,-17.833625774577825,4.570022349227453,-5.858764916035214,3.2143814571973373,-0.047620264635661255,4.7675006017382575,0.04829476133345879,0.01111084382143801,0.0990999999999076,0,not_applicable,301.7257754460822,0,0,0.8235242489437429,0.3551827482424927,715,0.7644578313253012,1.3637155664000844,0.2239412608755995,running
Pure Pursuit,59.40999999999675,50.538986818126034,-17.65048789012968,4.510220271374577,-5.9163855186570435,-0.6805564910611039,-0.049108564407315966,4.501966700121343,0.059570547605689535,0.02415351751176331,0.09989999999859833,0,not_applicable,302.12570210737056,0,0,0.8380229412861715,0.3535573310994378,728,0.8210843373493977,1.3128093037712976,0.21178185999974475,running
Pure Pursuit,59.50999999999673,50.95793316929605,-17.492111793951583,4.463732821943962,-5.975038158979842,-0.5290340503002877,-0.046008205877934895,4.457316866344549,0.09385765847096741,0.037982442335799504,0.06739999999894053,0,not_applicable,302.5255851526701,0,0,0.8540073552257957,0.3590777868667276,703,0.7121872103799816,1.4439869438701514,0.21811666573475305,running
Pure Pursuit,59.60999999999671,51.38592117810047,-17.35770196537947,4.506010878980392,-6.029516602971007,1.0963046116471187,-0.046236503676777535,4.573363283108674,0.08420262787186211,0.020438391246345944,0.07120000000071514,0,not_applicable,303.12541468833734,0,0,0.8290725442419383,0.3642898358184807,710,0.742678405931418,1.421996835636398,0.2241197071405647,running
Pure Pursuit,59.70999999999669,51.79511501293715,-17.254820664341118,4.074196987084692,-6.1024719363953865,-4.914105957705344,-0.04726892606934592,4.014600283209858,0.06700385270586932,0.03309497786340998,0.06750000000010914,0,not_applicable,303.5252987982461,0,0,0.85050999582301,0.35976382852627514,713,0.755746061167748,1.405774585943762,0.22600293112750477,running
Pure Pursuit,59.80999999999667,52.18949224638624,-17.182291826158018,3.977833931440962,-6.147365043111509,-1.09662582591465,-0.03104796529270582,3.964534404493227,0.06471820336552349,0.022547294660444805,0.10049999999850456,0,not_applicable,303.9252127148527,0,0,0.8319305080387771,0.41056436117263495,714,0.7601019462465248,1.4372955043087612,0.22496523842325897,running
Pure Pursuit,59.90999999999665,52.58461209685175,-17.12600481307197,4.002649687257351,-6.16422250229844,0.6434928530318551,-0.017503601802822902,4.042183216744148,0.06456498756178439,0.010623600926233934,0.06660000000024979,0,not_applicable,304.32513216382483,0,0,0.8328004929264412,0.42564089215009265,723,0.7993049119555145,1.396675363659747,0.21621722807816315,running
Pure Pursuit,60.00999999999663,52.98882824423076,-17.078040919340463,4.128438030998047,-6.179243966351333,3.261794675558285,-0.009426593062608457,4.32882915481318,0.05734868760765833,0.01778983603558615,0.0669999999978188,0,not_applicable,304.7250733407348,0,0,0.8422452918599931,0.4373178471903661,731,0.8341519925857277,1.3852034479900837,0.20925385860619153,running
Pure Pursuit,60.10999999999661,53.40904120868361,-17.033042176948012,4.309386626138078,-6.177865528895683,4.692145127486507,0.004487514471725444,4.5976525437466975,0.03536803113764894,0.024717155759935494,0.08520000000089567,0,not_applicable,305.1250112081366,0,0,0.8798774232865474,0.4205446992480836,347,-0.8385078776645043,1.3692043037601134,0.2084324073070941,running
Pure Pursuit,60.20999999999659,53.848465282004106,-16.983316751713616,4.518487151429354,-6.161121752861826,5.422147710741028,0.014926461013772227,4.851601397212181,0.021687783537218563,0.022919364389622388,0.06780000000006225,0,not_applicable,305.5249527066697,0,0,0.8677195700257967,0.39577147532288287,366,-0.755746061167748,1.4672212447767239,0.22600293112750477,running
Pure Pursuit,60.30999999999657,54.308618931026494,-16.925213772266382,4.740006663005215,-6.144675903729839,5.744182186545865,0.01960472089636493,5.09290537008394,0.08057202683756422,0.022134172510909877,0.08110000000272066,0,not_applicable,305.92489202263425,0,0,0.8677280034156503,0.36817678678895244,369,-0.742678405931418,1.4496286416505633,0.2241197071405647,running
Pure Pursuit,60.40999999999655,54.78997445717893,-16.857154670012644,4.964941475936122,-6.128480341232921,5.832743745145308,0.02548589346471979,5.323281037519746,0.037445191883760894,0.029991419198482916,0.07270000000048071,0,not_applicable,306.5247901953149,0,0,0.8639450039670397,0.3524705392418023,373,-0.7252548656163114,1.4708695617207899,0.22062447658991918,running
Pure Pursuit,60.50999999999653,55.29428502147057,-16.776168479939916,5.22961338257367,-6.098629553674863,6.863159098587497,0.034654425708987024,5.651257385794872,0.08345397272728318,0.015123482853788062,0.0743999999990308,0,not_applicable,306.9247271088276,0,0,0.8339216615269213,0.32825621885952294,360,-0.7818813716404078,1.3764472570735957,0.21997807798827249,running
Pure Pursuit,60.60999999999651,55.82037722333405,-16.673332287687764,5.4726090817709325,-6.0473467228450914,6.30107730378489,0.03366295030637257,5.859721112952159,0.04583098343049056,0.013150811380945981,0.07390000000029318,0,not_applicable,307.52463825602837,0,0,0.8275226581406677,0.3207104822481055,363,-0.7688137164040778,1.4283888837508174,0.22293077345441883,running
Pure Pursuit,60.70999999999649,56.366747785576834,-16.543728817592175,5.737388726219805,-6.011355319549318,6.865952828188249,0.020486319754853592,6.159204364589757,0.05173079917167832,0.02881134836477628,0.06810000000001537,0,not_applicable,308.12454515284566,0,0,0.8336145077739887,0.3046502700356628,359,-0.7862372567191844,1.3969407064041621,0.21901940157552577,running
Pure Pursuit,60.80999999999647,56.93528425808009,-16.39190636389895,6.0101896801302495,-5.998655683176498,7.073951945711343,0.014989205701551087,6.44478392079094,0.055566655561846146,0.01985912902026854,0.0895999999990238,0,not_applicable,308.7244468625563,0,0,0.837608950948405,0.2938978879879073,371,-0.7339666357738648,1.4743975121335606,0.22234991952811328,running
Pure Pursuit,60.90999999999645,57.52712053089451,-16.221943221651546,6.28324044608472,-5.98470023920596,7.080429776413837,0.016489633146925853,6.718232657771633,0.043326816959389496,0.01280150275361791,0.07310000000160244,0,not_applicable,309.3243587752326,0,0,0.8430293131310517,0.2799445067121669,360,-0.7818813716404078,1.4138757214859272,0.21997807798827249,running
Pure Pursuit,61.00999999999643,58.142152822241854,-16.03488725956287,6.552318882307728,-5.968710005711809,6.9774240162428836,0.01840459909523263,6.980982847709009,0.03905823033179023,0.010339566858421634,0.0724000000005276,0,not_applicable,309.92426680172383,0,0,0.8523260906035082,0.2656071559113918,359,-0.7862372567191844,1.3981006528800457,0.21901940157552577,running
Pure Pursuit,61.10999999999641,58.77450333992868,-15.831753270870326,6.7180865530025295,-5.950320377466306,4.298491335307011,0.017969401462849827,6.982168015838429,0.08945547873669335,0.009097281458920747,0.07390000000029318,0,not_applicable,310.5241702097222,0,0,0.8355204767565527,0.2564556499132413,349,-0.8297961075069509,1.344385804326295,0.21008581223244965,running
Pure Pursuit,61.20999999999639,59.40556264899567,-15.616848768835926,6.640321211385145,-5.925636633288141,-0.884981089578476,0.022480537161211355,6.629588444044682,0.06874133590943973,0.007564720165872174,0.07680000000220844,0,not_applicable,311.32405300504337,0,0,0.8276958715941244,0.247656789029701,352,-0.8167284522706209,1.3516857491935597,0.2126462795560751,running
Pure Pursuit,61.30999999999637,60.00123533584425,-15.398867476282025,6.190483403831872,-5.885700586545854,-5.123214908530667,0.02825744372358163,6.127999720532078,0.05409198356584215,0.020637520402788212,0.0686999999999216,0,not_applicable,311.9239479930626,0,0,0.8065173182769924,0.2506895783033065,364,-0.7644578313253012,1.4254219847733607,0.2239412608755995,running
Pure Pursuit,61.40999999999635,60.549919473517946,-15.177096543138195,5.779732636644975,-5.8391333602505995,-4.674404483153385,0.02849533402211998,5.723042955516534,0.06214334920244899,0.03655748776928647,0.06839999999996849,0,not_applicable,312.52384885376756,0,0,0.8386124269809108,0.269012852026671,369,-0.742678405931418,1.450893866312406,0.2241197071405647,running
Pure Pursuit,61.50999999999633,61.04991495159583,-14.949743985296546,5.346893720088864,-5.791069476177796,-4.925770889948282,0.026329785492816265,5.287155547650147,0.0977084196177317,0.04311998634984171,0.0669999999978188,0,not_applicable,313.1237602213404,0,0,0.8276383196551556,0.2911622048529286,372,-0.729610750695088,1.4759275366846232,0.22148173646210823,running
Pure Pursuit,61.60999999999631,61.49799872127791,-14.719434894838978,4.877809255662677,-5.7435060191417655,-5.349582628674199,0.02327647846357444,4.811935457221444,0.05041614800963155,0.060424961529879084,0.06730000000132463,0,not_applicable,313.52368109367904,0,0,0.8447019307137068,0.3192981609080963,349,-0.8297961075069509,1.3625265490013752,0.21008581223244965,running
Pure Pursuit,61.70999999999629,61.899487942909296,-14.48716024444886,4.516946234767602,-5.7052068533608935,-4.1066745516477265,0.023343306262412968,4.467141800497904,0.08953284447023321,0.06440842650708056,0.09240000000332316,0,not_applicable,313.9235880212965,0,0,0.8353063750806865,0.34856919139176795,343,-0.8559314179796107,1.3197912963448306,0.20524858980469116,running
Pure Pursuit,61.80999999999627,62.258205012455974,-14.255548939203958,4.1447853171612525,-5.65729461790381,-4.235246287250485,0.035470718441458576,4.093421606042553,0.09550273308479772,0.034316692811991345,0.08289999999888664,0,not_applicable,314.52342892182776,0,0,0.8546268256492309,0.3677051455073368,366,-0.755746061167748,1.4347428189806306,0.22600293112750477,running
Pure Pursuit,61.90999999999625,62.56157140494272,-14.032046936847001,3.549790602238468,-5.580408069487744,-6.868418184085523,0.05102598148814543,3.4579434987527002,0.08433091517334837,0.07776033723122744,0.07689999999982433,0,not_applicable,314.7233996710943,0,0,0.8505884946027105,0.3969925890662464,386,-0.6686283595922151,1.5015451476156445,0.2104061992652272,running
Pure Pursuit,62.00999999999623,62.82388121025216,-13.806590619159206,3.413560542688529,-5.525079483648584,-1.5503182269425597,0.054195960832636586,3.3947587795442122,0.028572850316102644,0.04466447860252032,0.06639999999791257,0,not_applicable,315.1232146353122,0,0,0.8678609576193809,0.4479597112893826,373,-0.7252548656163114,1.410591899844313,0.22062447658991918,running
Pure Pursuit,62.10999999999621,63.063625708124995,-13.570151043846977,3.344720102250598,-5.461854107108572,-0.7834143941084859,0.06576580854057407,3.3352191032776806,0.03460987633798667,0.003938204025107694,0.08259999999893353,0,not_applicable,315.5228231172883,0,0,0.8732312713414463,0.461688207317633,368,-0.7470342910101946,1.381344653558165,0.22502164647011183,running
Pure Pursuit,62.20999999999619,63.28563419854069,-13.31641563062027,3.395670357031882,-5.389096045502553,1.321181794924624,0.07011614646457116,3.4768382817430603,0.09659575243139346,0.02589371789513706,0.09200000000220143,0,not_applicable,315.922448304349,0,0,0.8807805241731468,0.4710121966372902,370,-0.7383225208526414,1.388395789391955,0.22322918788849236,running
Pure Pursuit,62.30999999999617,63.48714917852599,-13.048865039139546,3.3271548094782215,-5.3126990053931085,-0.7797170650318241,0.07145506876614659,3.3176986505286994,0.03888950164447778,0.009287461268506547,0.08610000000075502,0,not_applicable,316.1224190536156,0,0,0.8723874631669213,0.46657610258885573,368,-0.7470342910101946,1.3874622992221681,0.22502164647011183,running
Pure Pursuit,62.40999999999615,63.66392919370127,-12.772597676598291,3.256972842650381,-5.236704422928062,-0.7986811628456669,0.0683724903566827,3.247286693193655,0.032895113968905765,0.009053196310949474,0.0686999999999216,0,not_applicable,316.5222722094434,0,0,0.8723378946684727,0.4767536922045373,367,-0.7513901760889712,1.3850602246112447,0.22593517874601313,running
Pure Pursuit,62.50999999999613,63.817971371711906,-12.490427938133523,3.193923287872245,-5.178341213088904,-0.7175132587923816,0.06243130786461012,3.1852215167711426,0.08872338888839587,0.014391013150319765,0.08719999999939887,0,not_applicable,316.72224295870996,0,0,0.8612466276928379,0.4863746834076893,362,-0.7731696014828544,1.3556814081978688,0.22193355627601147,running
Pure Pursuit,62.60999999999611,63.95701876686322,-12.198908682094844,3.261171086865291,-5.128680713512965,1.7437904512893798,0.06390797690079769,3.368302333001183,0.013853572092077528,0.00931920953122578,0.08700000000061436,0,not_applicable,317.12206885131366,0,0,0.8685815128096677,0.4917256157132601,363,-0.7688137164040778,1.351729988786572,0.22293077345441883,running
Pure Pursuit,62.70999999999609,64.08366958404697,-11.888389124568564,3.433234739059564,-5.066821628324735,4.461751287077442,0.0720886395867655,3.7073462155730352,0.05541219080700381,0.020531454736522292,0.10310000000046671,0,not_applicable,317.5218394587932,0,0,0.8509327541027519,0.4776615805437107,374,-0.7208989805375348,1.3899690740218096,0.2197779812188762,running
Pure Pursuit,62.80999999999607,64.19447967862399,-11.557098184065817,3.5457023497204396,-4.995297561960282,2.916377167527018,0.07967802007532955,3.7248724558122657,0.09661235803136678,0.007205796773263273,0.07490000000132113,0,not_applicable,317.7216566895887,0,0,0.8565157278306359,0.4498169872647148,372,-0.729610750695088,1.3726757014426259,0.22148173646210823,running
Pure Pursuit,62.90999999999605,64.2825381428812,-11.216241976074993,3.508821909004063,-4.917408982833589,-0.41970487019653113,0.08242501238177478,3.5037318627007865,0.05026769404646415,0.004712520601714232,0.08669999999710853,0,not_applicable,318.121556795585,0,0,0.8648212351107067,0.4418902186895265,384,-0.6773401297497683,1.43279825990703,0.21187243445594103,running
Pure Pursuit,63.00999999999603,64.33822231958042,-10.89918653552002,3.072951906394472,-4.82614344494337,-4.960265097553154,0.08360980488831199,3.0127953992487475,0.041725749920293556,0.010777141912150512,0.07559999999884326,0,not_applicable,318.52149829411815,0,0,0.8814658677408576,0.44838410757999364,390,-0.6512048192771085,1.4589110623272379,0.20758050283462462,running
Pure Pursuit,63.10999999999601,64.36420582567638,-10.59216496733615,3.089783852281954,-4.75547059943002,0.43646612907354054,0.07770065600154473,3.116598519301826,0.07660655452685491,0.03250114240492863,0.07260000000286482,0,not_applicable,318.721341076439,0,0,0.8609262335421073,0.514949709239415,365,-0.7601019462465246,1.3718459713164244,0.22496523842325905,running
Pure Pursuit,63.20999999999599,64.36733042223184,-10.27881698559047,3.1721509345660293,-4.688222055865377,2.1358458379045064,0.07639395690082543,3.3033684360724047,0.023301260693815964,0.008155061215632031,0.12309999999970955,0,not_applicable,319.1210408753662,0,0,0.8903544532498839,0.5046346509726606,374,-0.7208989805375348,1.3910777588019958,0.2197779812188762,running
Pure Pursuit,63.30999999999597,64.34857999394384,-9.952280708718774,3.3557922226023047,-4.62174774079635,4.7619688574975205,0.07612279022008397,3.6483478203157813,0.0900160584467086,0.019429928283981823,0.06729999999777192,0,not_applicable,319.52070854269914,0,0,0.8544805362226577,0.4928975550226861,357,-0.7949490268767376,1.3121231158135445,0.21713917065507293,running
Pure Pursuit,63.409999999995954,64.30694114629287,-9.615800504949933,3.421206176892733,-4.550373338250064,1.6962373576646739,0.08142979130283176,3.525415958368772,0.05184880570507633,0.01119673917186148,0.07139999999949964,0,not_applicable,319.72067929196567,0,0,0.8602850074513853,0.4615624398706376,385,-0.6729842446709917,1.4223263422889267,0.21113476830746442,running
Pure Pursuit,63.509999999995934,64.24245700207472,-9.287629067112057,3.3065387462749185,-4.472274737753481,-1.304932320449459,0.08707055395026012,3.290712944847787,0.027594255782507352,0.007872511596925591,0.06949999999861234,0,not_applicable,320.1204380873119,0,0,0.8287715668256731,0.4512251096446112,365,-0.7601019462465246,1.343810901688406,0.22496523842325905,running
Pure Pursuit,63.609999999995914,64.15699047064106,-8.981198178639492,3.118694561961643,-4.3932190402989155,-2.1376946007960473,0.09133685216027984,3.0927692861953138,0.10152500008977458,0.020994473411576564,0.06970000000094956,0,not_applicable,320.32040883657845,0,0,0.8636255466927512,0.4684732970183852,361,-0.7775254865616312,1.3248646690275834,0.22094939445953415,running
Pure Pursuit,63.709999999995894,64.05519772266578,-8.704808424139795,2.8582580155111224,-4.3165501058425555,-2.963806418775037,0.09239730345693711,2.8223139200841394,0.02494852381288682,0.003523722187157574,0.06819999999763127,0,not_applicable,320.7202676075426,0,0,0.8582274178884075,0.49543819252247406,368,-0.7470342910101946,1.358687591567865,0.22502164647011183,running
Pure Pursuit,63.809999999995874,63.93140446078989,-8.438961309147349,2.997533677278483,-4.241757555953423,3.611531867564106,0.09847716389236272,3.219411202267533,0.08768123722126775,0.021264387960783893,0.06569999999683773,0,not_applicable,320.91993429583613,0,0,0.8418095248882136,0.5445142136409725,371,-0.7339666357738648,1.3779850816511368,0.22234991952811328,running
Pure Pursuit,63.909999999995854,63.77783845673209,-8.17191903293018,3.1528893309775397,-4.152195595851684,4.028499215301404,0.10123595730491149,3.4003835988086233,0.019105326218691585,0.005283343673369245,0.07199999999940587,0,not_applicable,321.319521161084,0,0,0.8656081726837331,0.5134572199479219,383,-0.6816960148285449,1.4077425333812486,0.21261932153731194,running
Pure Pursuit,64.00999999999584,63.59923048067517,-7.916847593198688,3.095730587250641,-4.053305674252359,-0.6504749577420998,0.09960314899385563,3.0878418352033297,0.09925898447404757,0.012728752954018319,0.07210000000057448,0,not_applicable,321.71930938170806,0,0,0.8657430964303766,0.48966150412256587,383,-0.6816960148285449,1.4114256708997273,0.21261932153731194,running
Pure Pursuit,64.10999999999589,63.420093047354015,-7.706244797424905,2.589627217982618,-3.95497477337585,-5.784976949183411,0.09198890835896716,2.5172328923323,0.024572872036175773,0.022533076461950685,0.08090000000038344,0,not_applicable,321.9192801309746,0,0,0.8707357340063029,0.49590062625477616,366,-0.755746061167748,1.3432418101838193,0.22600293112750477,running
Pure Pursuit,64.20999999999594,63.23337050518116,-7.522248183094561,2.6496339823909083,-3.8947024885763204,1.5560244997575046,0.07695860262291111,2.7452296679583683,0.03935430084409852,0.026012093019755156,0.08049999999926172,0,not_applicable,322.11925088024117,0,0,0.8653961173236271,0.6096119367656376,371,-0.7339666357738648,1.3945474712774908,0.22234991952811328,running
Pure Pursuit,64.309999999996,63.03293261464973,-7.3489263811305685,2.650761594218858,-3.834545481424773,0.02923989733170096,0.0746784880081621,2.6525579721240784,0.09546858885402482,0.02337337833851727,0.07550000000122736,0,not_applicable,322.5190222504128,0,0,0.8739747953839626,0.5881786283488788,367,-0.7513901760889712,1.364763716494951,0.22593517874601313,running
Pure Pursuit,64.40999999999605,62.815433640758265,-7.182608616385582,2.813052185739388,-3.77560479925098,4.208327827307303,0.07361746881715281,3.071594376949588,0.021325844165046987,0.01914934235686694,0.08379999999874599,0,not_applicable,322.71873748040724,0,0,0.8733396384964105,0.5937511320480996,378,-0.7034754402224281,1.4167450042660832,0.216496585417684,running
Pure Pursuit,64.5099999999961,62.574780365701855,-7.019733616151908,2.98573219153686,-3.7145636234336235,4.477733840320379,0.07007956463977902,3.260825569771426,0.07005585606683276,0.0033375604689744875,0.07360000000034006,0,not_applicable,322.91870822967377,0,0,0.8683617301401263,0.5635916478313123,363,-0.7688137164040778,1.3624239331291246,0.22293077345441883,running
Pure Pursuit,64.60999999999615,62.30996338694385,-6.862486862016442,3.16087231659655,-3.6508346325318666,4.541526745705009,0.0691020453118697,3.439884866107361,0.02160249996267111,0.011747534613107291,0.07719999999977745,0,not_applicable,323.3184459332996,0,0,0.8601590007929594,0.5425707151731716,389,-0.6555607043558851,1.4924348834396313,0.2082738731989199,running
Pure Pursuit,64.7099999999962,62.01840387236219,-6.712669924606235,3.3787073594399364,-3.5853297083784463,5.648640897611958,0.06938950453715867,3.725736406357746,0.09359092498598126,0.02143139110938108,0.07599999999996498,0,not_applicable,323.71825616316573,0,0,0.8642897515637191,0.5097563755387694,384,-0.6773401297497683,1.4674462081125808,0.21187243445594103,running
Pure Pursuit,64.80999999999625,61.712549979806646,-6.579709185594733,3.3138029618209575,-3.510657648506729,-0.7386216446638505,0.06953366218079787,3.3048451949735513,0.03998514586899243,0.01034306582980804,0.06919999999865922,0,not_applicable,323.9182269124323,0,0,0.8723159503479004,0.4721582498650318,371,-0.7339666357738648,1.4068858994142728,0.22234991952811328,running
Pure Pursuit,64.9099999999963,61.414083423123856,-6.475510743631272,3.084834668742404,-3.430813330150894,-2.605693041053705,0.06531940544281645,3.053233657715587,0.043881746360650925,0.011872531496809557,0.11549999999971305,0,not_applicable,324.31814845204804,0,0,0.8726808807929898,0.49154520660677403,355,-0.803660797034291,1.3458763350390819,0.21530714918272373,running
Pure Pursuit,65.00999999999635,61.109557964570044,-6.393007300444872,3.215517647715073,-3.3782558246546284,3.388716572004906,0.05501673419231073,3.4237063259428946,0.07187492959104391,0.01764304203662803,0.1238000000007844,0,not_applicable,324.51793831762745,0,0,0.8704225174381729,0.5261082627712331,362,-0.7731696014828544,1.3834848542630573,0.22193355627601147,running
Pure Pursuit,65.1099999999964,60.78795850041499,-6.321650227986866,3.3616729427749243,-3.337890234820632,3.7899263878822786,0.05075711918900138,3.5945102865033007,0.0017329086775232315,0.020599008337049085,0.13610000000241484,0,not_applicable,324.9176820709,0,0,0.8775972820106411,0.5067076448235224,365,-0.7601019462465246,1.4058459538881298,0.22496523842325905,running
Pure Pursuit,65.20999999999646,60.44579316319191,-6.260161283044628,3.5746520370213677,-3.297061116467224,5.52272217726578,0.047813908813569554,3.9139451605015023,0.05227645297393264,0.040471460943235726,0.1275000000013904,0,not_applicable,325.3175634398643,0,0,0.8778572225508672,0.48016105954322535,354,-0.8080166821130677,1.329675328479957,0.2144087504700342,running
Pure Pursuit,65.3099999999965,60.08049518846836,-6.209352675952677,3.785261586233319,-3.2547081785610645,5.461277935715589,0.04653568670470238,4.120779830592927,0.08712852744212968,0.03463129893260586,0.06989999999973406,0,not_applicable,325.71750493839744,0,0,0.8749505961679309,0.45313453365540857,366,-0.755746061167748,1.4048274488354733,0.22600293112750477,running
Pure Pursuit,65.40999999999656,59.69101477251156,-6.171143264383322,4.023227293322763,-3.21137549161388,6.170645492796067,0.033870063024479584,4.402326135512926,0.09963956960583448,0.004834572292169881,0.0665000000026339,0,not_applicable,326.11744457262193,0,0,0.8302848746926688,0.4527210452444735,334,-0.8951343836886005,1.270394930367174,0.19864329610943066,running
Pure Pursuit,65.50999999999661,59.276068683094685,-6.14588121750782,4.271460721962913,-3.1800350417962355,6.436895913846579,0.015389624796361983,4.666916884707421,0.0844427930514496,0.027919582994643477,0.06839999999996849,0,not_applicable,326.517386067809,0,0,0.8433967886827927,0.4314563875984415,360,-0.7818813716404078,1.4517163576485757,0.21997807798827249,running
Pure Pursuit,65.60999999999666,58.835896978990036,-6.126556340562266,4.520520135318223,-3.1820483264896295,6.458314373346736,-0.0027971919329176495,4.9172921592975865,0.04369251651853432,0.029943701839927783,0.06750000000010914,0,not_applicable,326.91732700616944,0,0,0.8562345796401303,0.40944813354729226,715,0.7644578313253012,1.486253382735552,0.2239412608755995,running
Pure Pursuit,65.70999999999671,58.37116449113015,-6.104105771804814,4.76540324271611,-3.1995092189269116,6.350019342739568,-0.007550969442906216,5.1555220695921795,0.03233492747128729,0.015763058594570722,0.10229999999822326,0,not_applicable,327.3172682482123,0,0,0.8934394342352625,0.38373183314236525,721,0.7905931417979613,1.438279643435839,0.21807316453493353,running
Pure Pursuit,65.80999999999676,57.88267007961293,-6.074303649828289,5.003658949837726,-3.216286947651438,6.178165430913696,-0.0044746387766032075,5.38321978580748,0.08149378688558576,0.002371206199876852,0.06920000000221194,0,not_applicable,327.9171804954922,0,0,0.8890933378129641,0.36092438495088774,364,-0.7644578313253012,1.465328626192764,0.2239412608755995,running
Pure Pursuit,65.90999999999681,57.36894085387749,-6.037733094283049,5.275189697889605,-3.215008494986725,7.041014468492666,0.0007767700764495543,5.707760396686993,0.03400337626860018,0.0049125762090280745,0.06880000000109021,0,not_applicable,328.31712193866747,0,0,0.8644825277668859,0.35124729486263,364,-0.7644578313253012,1.4924461003902818,0.2239412608755995,running
Pure Pursuit,66.00999999999686,56.82947350707405,-5.999402532611201,5.521632153483023,-3.2138165490456414,6.390454517337387,-0.0012442603762832876,5.914235149623344,0.02526543181083352,0.00647574074683277,0.06920000000221194,0,not_applicable,328.91703417175773,0,0,0.8712764919357103,0.33509222723631593,729,0.8254402224281745,1.4098249345925518,0.21092842571338707,running
Pure Pursuit,66.10999999999692,56.26466211809896,-5.955447146434316,5.787516088137493,-3.2319766878797953,6.8945879767701435,-0.003117016380370078,6.211090951160037,0.05865078869395979,0.013053266883586545,0.13940000000189912,0,not_applicable,329.516946416793,0,0,0.8688779144161085,0.32004438147200687,364,-0.7644578313253012,1.4994079420674855,0.2239412608755995,running
Pure Pursuit,66.20999999999697,55.6734033019901,-5.904233796526401,6.060116690785239,-3.231554018732638,7.068756673538488,0.007929825442388237,6.494391755491342,0.06526907316281484,0.015739619306966546,0.12210000000223431,0,not_applicable,330.11685857389614,0,0,0.8868844917419295,0.30068405812554994,348,-0.8341519925857275,1.378340061943971,0.20925385860619156,running
Pure Pursuit,66.30999999999702,55.054821203917754,-5.8529211888225205,6.332273076148285,-3.2108447525111288,7.057237755879342,0.012742504426287169,6.765840466373173,0.045731023210283626,0.00013694187100021793,0.14210000000147716,0,not_applicable,330.7167702007252,0,0,0.8955963465249503,0.2802721408135824,367,-0.7513901760889712,1.467084785008343,0.22593517874601313,running
Pure Pursuit,66.40999999999707,54.408729231954474,-5.807513548664882,6.600115572118875,-3.192025321519564,6.945375074228437,0.00828892669289141,7.0268105835711285,0.014073573037261807,0.011895148553261237,0.1087999999995759,0,not_applicable,331.3166823882963,0,0,0.888863567805269,0.27618791886048133,360,-0.7818813716404078,1.4609766437255753,0.21997807798827249,running
Pure Pursuit,66.50999999999712,53.73560411579485,-5.770701912126752,6.861701691361187,-3.1750620327683183,6.783142106580389,0.0038848265213427043,7.2784297827769135,0.07823427686951312,0.020722828829649487,0.07210000000057448,0,not_applicable,331.9165939540719,0,0,0.8850638009719426,0.2692960633107745,707,0.729610750695088,1.5464049173130934,0.22148173646210823,running
Pure Pursuit,66.60999999999717,53.03622285830898,-5.743591913325735,7.116199792761438,-3.158400143888246,6.599344004387726,0.0005712970312024693,7.52163609179996,0.023458671037167745,0.02367354557884127,0.0723000000029117,0,not_applicable,332.7164742880123,0,0,0.8887812738012157,0.25473585551181466,726,0.8123725671918445,1.4157039011890455,0.2135218524542555,running
Pure Pursuit,66.70999999999722,52.309905576706946,-5.724374842001652,7.393080680528099,-3.161469879329905,7.1797479688808075,-0.0030908963554747123,7.8341745896495185,0.09608055362406025,0.002358663025825436,0.07579999999762776,0,not_applicable,333.51635525571237,0,0,0.8876996789282262,0.24657350327022404,352,-0.8167284522706209,1.4139075603497895,0.2126462795560751,running
Pure Pursuit,66.80999999999727,51.55818794723787,-5.705780681846879,7.627133965833479,-3.1667063348632443,6.069193194719009,0.006015386419185912,8.0,0.05642467333200702,0.017043364141835937,0.07729999999739334,0,not_applicable,334.11626435073674,0,0,0.8907924453849715,0.23143547356194025,358,-0.790593141797961,1.4216462369096832,0.21807316453493358,running
Pure Pursuit,66.90999999999732,50.7878637772084,-5.690483881796473,7.770926587810646,-3.1442570643678636,3.728660341665213,0.02173205773177207,8.0,0.037374189164545116,0.018360870869830848,0.11560000000088166,0,not_applicable,334.9161434433545,0,0,0.8952253882830616,0.2125657299404723,366,-0.755746061167748,1.405896539317818,0.22600293112750477,running
Pure Pursuit,67.00999999999738,50.006027629840844,-5.685167170856876,7.859266805330305,-3.119135801420116,2.290734121893543,0.028332954157172262,8.0,0.054425649022041424,0.017567596415503317,0.10819999999966967,0,not_applicable,335.716019007342,0,0,0.8100209666152218,0.2052762811950368,372,-0.729610750695088,1.4105881760117542,0.22148173646210823,running
Pure Pursuit,67.10999999999743,49.21728193609775,-5.696647702086152,7.913539367608641,-3.077241477559425,1.4073319466969458,0.03541636554062548,8.0,0.08250504993535394,0.0029389971852502583,0.06830000000235259,0,not_applicable,336.5158978343613,0,0,0.8383647141930373,0.1994229329910939,366,-0.755746061167748,1.366634420943969,0.22600293112750477,running
Pure Pursuit,67.20999999999748,48.42531828607349,-5.738690807619685,7.946882176795186,-3.0014055145751897,0.8646063239135859,0.043260045415912995,8.0,0.09784374886095022,0.060291402786678105,0.06540000000043733,0,not_applicable,337.31577927786486,0,0,0.7792832655844433,0.20983777936299572,340,-0.8689990732159407,1.27500648080379,0.20296376061118726,running
Pure Pursuit,67.30999999999753,47.63410622576247,-5.823065588510765,7.967366614562259,-2.940243020734468,0.5311782320481395,0.01680089890218822,8.0,0.08485654828853545,0.10586759614288255,0.10969999999943525,0,not_applicable,338.1156584661548,0,0,0.7819609671857327,0.2200368337559247,724,0.8036607970342913,1.4289730728339132,0.2153071491827237,running
Pure Pursuit,67.40999999999758,46.84592511105478,-5.943831883692888,7.979951402733093,-2.9390730963616067,0.3263338543774097,-0.015649692360076278,8.0,0.04929069625718367,0.09370117564552238,0.07460000000136802,0,not_applicable,338.9155404120336,0,0,0.8328999352196579,0.20638414877768113,714,0.7601019462465248,1.4167252698415458,0.22496523842325897,running
Pure Pursuit,67.50999999999763,46.05910225698278,-6.079371606530633,7.987682974138939,-2.974109745149647,0.2004859726690711,-0.02825817609773323,8.0,0.028356185545313543,0.04928387522439692,0.06940000000099644,0,not_applicable,339.71542212664565,0,0,0.8878202714017795,0.20735371595261665,715,0.7644578313253012,1.4182139724165461,0.2239412608755995,running
Pure Pursuit,67.60999999999768,45.27084672945933,-6.210068607581885,7.992432930641363,-3.008382299754935,0.12317025861061204,-0.02538833922789551,8.0,0.04792763984079193,0.008472676195291129,0.0723000000029117,0,not_applicable,340.51530499992623,0,0,0.8433886583272087,0.20683839353535252,717,0.7731696014828544,1.4043851051581904,0.22193355627601147,running
Pure Pursuit,67.70999999999773,44.479838071265895,-6.325478001995683,7.995351106726222,-3.037569433410784,0.07567069358636935,-0.01937690415146469,8.0,0.060125675270856216,0.024570664651749397,0.07289999999926522,0,not_applicable,341.3151878033425,0,0,0.8369606430840044,0.21327139354369318,731,0.8341519925857277,1.3543857989175065,0.20925385860619153,running
Pure Pursuit,67.80999999999779,43.68605488792676,-6.421842676158028,7.99714391296727,-3.0639277604889825,0.04648893273778043,-0.00801655392555002,8.0,0.05380526659508498,0.05469169647846783,0.07150000000066825,0,not_applicable,342.1150706841641,0,0,0.8344715971171622,0.2143807158637801,358,-0.790593141797961,1.4237761800380275,0.21807316453493358,running
Pure Pursuit,67.90999999999784,42.89022293750894,-6.501077837726697,7.99824533869501,-3.066388377447276,0.028560870327298815,0.012224859694016604,8.0,0.03458059688848065,0.06326424826190191,0.07640000000108671,0,not_applicable,342.91495322183187,0,0,0.8868354345978096,0.20833269058107623,354,-0.8080166821130677,1.365550026995614,0.2144087504700342,running
Pure Pursuit,68.00999999999789,42.093829424378754,-6.57547104740511,7.998922008937421,-3.0365863771384705,0.01754661304990357,0.02999932989636021,8.0,0.039014660587716785,0.04161011689058469,0.09389999999953602,0,not_applicable,343.714835475802,0,0,0.8553784771015474,0.20320558257326202,375,-0.7165430954587582,1.4445404246801143,0.21894209497805295,running
Pure Pursuit,68.10999999999794,41.29844806897043,-6.660299190402389,7.9993377270429935,-2.986800111483172,0.01077991062579109,0.03632318608266422,8.0,0.06737715428956279,0.0021304339078422885,0.13279999999937786,0,not_applicable,344.51471807522887,0,0,0.8491084060216563,0.2041819049594657,357,-0.7949490268767376,1.360928282384491,0.21713917065507293,running
Pure Pursuit,68.20999999999799,40.506537912061006,-6.773024150714916,7.999593126988889,-2.92277034602449,0.006622729570064934,0.031703255648901356,8.0,0.08320825827902224,0.049434395278918686,0.07029999999730308,0,not_applicable,345.3145987652165,0,0,0.8057533343876834,0.21158259563948992,344,-0.8515755329008341,1.3210598714734212,0.20602954162158948,running
Pure Pursuit,68.30999999999804,39.71989335285985,-6.918125723927372,7.999750034112946,-2.89322270260933,0.004068730111113084,0.012447598707670779,8.0,0.07936320723571848,0.06316847736338183,0.07530000000244286,0,not_applicable,346.1144802521376,0,0,0.8387097979956916,0.21591123916145982,340,-0.8689990732159407,1.3180303203515296,0.20296376061118726,running
Pure Pursuit,68.40999999999809,38.938925043951734,-7.091335381042668,7.999846431336105,-2.871004916768084,0.0024996588705405998,0.0033186532817729643,8.0,0.06205803702322204,0.06829376273713095,0.1088999999971918,0,not_applicable,346.914358702833,0,0,0.8234778421681379,0.21939407158198412,730,0.8297961075069509,1.3948227729030123,0.21008581223244965,running
Pure Pursuit,68.50999999999814,38.16267907139689,-7.284745606237156,7.999905653788169,-2.8710368139761346,0.001535686638947098,-0.007359527967711631,8.0,0.04393670726422782,0.04915940432493748,0.06950000000216505,0,not_applicable,347.71424016167794,0,0,0.8576095656232319,0.21764185955474785,721,0.7905931417979613,1.4428054550424156,0.21807316453493353,running
Pure Pursuit,68.6099999999982,37.38783603368862,-7.483757252173458,7.999942037604151,-2.90181922151115,0.0009434621183057601,-0.007763007901799288,8.0,0.03829679724072581,0.0023748024903493814,0.06810000000001537,0,not_applicable,348.51411883504153,0,0,0.876425651971493,0.2110028560459369,366,-0.755746061167748,1.4544640752096274,0.22600293112750477,running
Pure Pursuit,68.70999999999825,36.61166975087475,-7.677552151108543,7.999964390310247,-2.910850778353052,0.0005796239584920926,0.013505264198631153,8.0,0.040199737600894396,0.03434794717082923,0.08349999999879287,0,not_applicable,349.3139957904736,0,0,0.8605908581803067,0.20311539761691919,364,-0.7644578313253012,1.3967336191278665,0.2239412608755995,running
Pure Pursuit,68.8099999999983,35.85158072271394,-7.868735080203812,7.7549756020326726,-2.864262843469652,-2.7880086459483966,0.03368262304860541,7.721163525715407,0.06610033641311018,0.013081306243579505,0.06469999999936249,0,not_applicable,350.11387287369877,0,0,0.8470769830171913,0.20289318835237483,368,-0.7470342910101946,1.415929874803329,0.22502164647011183,running
Pure Pursuit,68.90999999999835,35.13125856967292,-8.07281006619381,7.350803913859214,-2.7706010774942533,-4.599533590894174,0.02795002122534485,7.295022242943255,0.10752291513791605,0.06616273602657863,0.06690000000020291,0,not_applicable,350.71378157845055,0,0,0.8310036929235374,0.2207566698958334,704,0.7165430954587584,1.509899978051581,0.21894209497805303,running
Pure Pursuit,69.0099999999984,34.456566066454975,-8.30077006431182,7.005910520968263,-2.721253194979676,-3.924937822954524,-0.02088948178558907,6.958310131563762,0.03642927700127465,0.1298048998454675,0.07659999999987122,0,not_applicable,351.51366319751565,0,0,0.8716397440226329,0.21211647049346705,700,0.6991195551436515,1.4091478427073576,0.2157016455530536,running
Pure Pursuit,69.10999999999845,33.83014786524527,-8.539343427777764,6.5463965409073746,-2.7483276204298246,-5.237020289108054,-0.06687258490959828,6.482208492057458,0.07801306799904595,0.13785303467956211,0.08529999999851157,0,not_applicable,352.1135576183668,0,0,0.8707326978428529,0.20824810697834678,709,0.7383225208526416,1.3022796187091965,0.2232291878884924,running
Pure Pursuit,69.2099999999985,33.215390039135784,-8.763702004095649,6.543946004846386,-2.871381258401226,-0.02788746282340604,-0.08570150277614343,6.543607794625034,0.1263768984066661,0.03933342844648635,0.08529999999851157,0,not_applicable,352.9134230974002,0,0,0.7774815345348367,0.23483805954770762,727,0.8167284522706209,1.265125990692074,0.2126462795560751,running
Pure Pursuit,69.30999999999855,32.60728153794316,-8.93846858612133,6.220076643936411,-3.015243767268619,-3.6856812294273045,-0.04412789878379529,6.175377881903656,0.13133179868838926,0.1365173206850976,0.07360000000034006,0,not_applicable,353.51333286852395,0,0,0.7648663379158477,0.25820427549687874,370,-0.7383225208526414,1.4729103708883846,0.22322918788849236,running
Pure Pursuit,69.4099999999986,32.02119158186058,-9.045673230700311,5.827865730828399,-3.111882672641928,-4.463418201577136,0.04145384262086562,5.773734823778697,0.07743692002737448,0.2783280154346155,0.08259999999893353,0,not_applicable,354.1131953597367,0,0,0.8111957228466302,0.23074170539415556,385,-0.6729842446709917,1.3334352556785594,0.21113476830746442,running
Pure Pursuit,69.50999999999866,31.43771927694877,-9.118292533187084,5.924109131811125,-3.0037729641250306,2.495670135622543,0.13401950773600804,6.077432744390653,0.08557896767473658,0.202561572190481,0.07279999999809661,0,not_applicable,354.71309863152817,0,0,0.8411194864868479,0.23242275033765425,393,-0.6381371640407785,1.293517663177826,0.20555103769803026,running
Pure Pursuit,69.6099999999987,30.8465563606177,-9.228388497005266,6.094782654983206,-2.8087082372931285,4.425704104102586,0.1337354125538378,6.366679542221384,0.16946897795478902,0.027733511946861356,0.07839999999958991,0,not_applicable,355.31300970025745,0,0,0.7428291629185899,0.2391939204305677,363,-0.7688137164040778,1.2413874802109741,0.22293077345441883,running
Pure Pursuit,69.70999999999876,30.25560197694844,-9.417553012582443,6.3063322878201005,-2.670851620394698,5.485655073304283,0.07751176653582356,6.643348162313634,0.19467626299492585,0.10179195993903001,0.07210000000057448,0,not_applicable,355.9129198007425,0,0,0.6825110082527837,0.2654549907650281,327,-0.9256255792400372,1.166887158295786,0.19399319420125347,running
Pure Pursuit,69.80999999999881,29.667694023277058,-9.677989169004555,6.53872516833344,-2.6286718543034033,6.026137539887353,0.021154927023623146,6.908946041808836,0.15515656868112837,0.1472976290585013,0.06929999999982783,0,not_applicable,356.51283176459657,0,0,0.737997484632616,0.27831957866937107,716,0.768813716404078,1.4844387294598518,0.22293077345441878,running
Pure Pursuit,69.90999999999886,29.072817807683382,-9.979430927020012,6.780129232872457,-2.6501199468314756,6.2598049147915,-0.015546599716071611,7.16470565981259,0.09580808495096235,0.1345398017859445,0.06759999999772504,0,not_applicable,357.1127438803374,0,0,0.7872247331832586,0.25225801314050855,702,0.7078313253012047,1.4705071091516684,0.21730154451353453,running
Pure Pursuit,70.00999999999891,28.457456128856318,-10.294116344617033,7.02366788475061,-2.697855435011251,6.315156511054338,-0.038084012690690644,7.411644883977891,0.06448541548493153,0.09225812740121953,0.0686999999999216,0,not_applicable,357.91262627033507,0,0,0.8750087186291063,0.22970657542283687,714,0.7601019462465248,1.353744639029115,0.22496523842325897,running
Pure Pursuit,70.10999999999896,27.809729069642565,-10.601591297131339,7.295531853313538,-2.758976945937844,7.049655148991398,-0.0471499232660286,7.72863339964975,0.08225758393197699,0.02986856476805677,0.0992000000010762,0,not_applicable,358.51253851807627,0,0,0.7973956004661898,0.22244266983182387,723,0.7993049119555145,1.3055050880384929,0.21621722807816315,running
Pure Pursuit,70.20999999999901,27.124829172580988,-10.890349472646559,7.551043022304428,-2.8129896273874264,6.625613675923772,-0.034569871624762334,7.958093220905915,0.09751623854867472,0.03203329167292779,0.1505000000001644,0,not_applicable,359.31242101296596,0,0,0.8035858530955401,0.222893215502028,735,0.8515755329008341,1.2773182189041958,0.20602954162158948,running
Pure Pursuit,70.30999999999906,26.407599130741524,-11.15471415711826,7.724179470954399,-2.852381288563236,4.489569776955724,-0.021055821212396634,8.0,0.09606707521159254,0.08415744507746936,0.1448000000010552,0,not_applicable,360.11230181636364,0,0,0.8207929885868346,0.2299855152740243,368,-0.7470342910101946,1.4991999462293022,0.22502164647011183,running
Pure Pursuit,70.40999999999912,25.669305849962047,-11.400560423625826,7.8305473173989055,-2.845908470493965,2.758205290456006,0.012896552951055759,8.0,0.07594256699226912,0.09170774928553804,0.0724000000005276,0,not_applicable,360.9121836529558,0,0,0.8510942876660972,0.21253361726813905,374,-0.7208989805375348,1.4530045803375773,0.2197779812188762,running
Pure Pursuit,70.50999999999917,24.921901392992712,-11.645694503228487,7.895895306487647,-2.795440786451221,1.6945268260109447,0.03538309946351542,8.0,0.08091805310294467,0.05455829833768,0.08180000000024279,0,not_applicable,361.71206411715815,0,0,0.8555705453484319,0.20918199247111186,365,-0.7601019462465246,1.4121384542882498,0.22496523842325905,running
Pure Pursuit,70.60999999999922,24.177020402872763,-11.913900687577256,7.936042398119986,-2.7138910100856535,1.0410469351235285,0.04017418648316718,8.0,0.11061484406403266,0.013540536510859624,0.11229999999784468,0,not_applicable,362.51194704802776,0,0,0.8022625705954014,0.20801173371191042,368,-0.7470342910101946,1.430090856504519,0.22502164647011183,running
Pure Pursuit,70.70999999999927,23.443804479041408,-12.220772505851338,7.9607071045480104,-2.6510909682591337,0.6395760188001365,0.024029985795060108,8.0,0.12720657530114515,0.06277724717140387,0.10150000000308523,0,not_applicable,363.3118274966202,0,0,0.7842573296914744,0.21092315717670357,361,-0.7775254865616312,1.4138534856388434,0.22094939445953415,running
Pure Pursuit,70.80999999999932,22.72468629676816,-12.563992804319447,7.975860076243986,-2.627001561252417,0.3929289545198955,0.0060423812382701505,8.0,0.12444713779470619,0.07237573174213807,0.07169999999945276,0,not_applicable,364.1117090817536,0,0,0.8065465195911747,0.21811845011770217,721,0.7905931417979613,1.439482228953164,0.21807316453493353,running
Pure Pursuit,70.90999999999937,22.0300204061543,-12.92574104428451,7.759129556025821,-2.6176969170873963,-2.4664253758605614,-0.003054190984199426,7.72921753865793,0.09564858646716543,0.07173263332020774,0.07460000000136802,0,not_applicable,364.71162029818913,0,0,0.824038702805008,0.21625119397356315,703,0.7121872103799816,1.523668933380464,0.21811666573475305,running
Pure Pursuit,71.00999999999942,21.36537146884708,-13.285411356542872,7.454322233652442,-2.639288824103187,-3.468752411488012,-0.011013561582629528,7.4122543148770195,0.04319053177769814,0.036378729028577084,0.07399999999790907,0,not_applicable,365.51150048805465,0,0,0.8622564894832131,0.22460584132637565,721,0.7905931417979613,1.4439621430121363,0.21807316453493353,running
Pure Pursuit,71.10999999999947,20.73382093624709,-13.62504588188877,7.026314251761788,-2.674709488184986,-4.870794138930403,-0.0040139586816982315,6.967242819759401,0.04629801068091057,0.013042036949308056,0.07260000000286482,0,not_applicable,366.3113823909835,0,0,0.8805584312718573,0.22847110631385545,359,-0.7862372567191844,1.4222800942334493,0.21901940157552577,running
Pure Pursuit,71.20999999999952,20.13728247761306,-13.93404603245608,6.557604031443312,-2.6963916500077243,-5.345180992275758,0.014158533197568024,6.491796152534212,0.02831669529809611,0.04319403738021599,0.07360000000034006,0,not_applicable,366.9112934877583,0,0,0.8785364480716051,0.23688294286481562,374,-0.7208989805375348,1.4701068333406992,0.2197779812188762,running
Pure Pursuit,71.30999999999958,19.574822364719633,-14.217326408739272,6.165148867887774,-2.6809285710236717,-4.466197807796135,0.02936290581516883,6.110984250663699,0.06206946361111184,0.03629151191850255,0.0724000000005276,0,not_applicable,367.5112048229026,0,0,0.8334149509935488,0.24277374129803622,366,-0.755746061167748,1.3846072034987504,0.22600293112750477,running
Pure Pursuit,71.40999999999963,19.049980771581442,-14.486213048514143,5.760636937364581,-2.6329736095612946,-4.603405599158092,0.03259095327976623,5.704808307971965,0.06320238290114256,0.0037882152751436138,0.07320000000277105,0,not_applicable,368.11111656058887,0,0,0.8402339849175208,0.2719317724484622,358,-0.790593141797961,1.3973631526764232,0.21807316453493358,running
Pure Pursuit,71.50999999999968,18.5726556560781,-14.753994899513952,5.327221630720289,-2.556952696589703,-4.9323302944034175,0.020082462552456166,5.26740390792424,0.043790119661668084,0.07219273016546168,0.06769999999889365,0,not_applicable,368.711028078396,0,0,0.844167987503175,0.30348070977412145,711,0.7470342910101948,1.5077195091839004,0.22502164647011186,running
Pure Pursuit,71.60999999999973,18.147083640107855,-15.01979333719083,4.856403733274384,-2.5257744829109323,-5.369970235897936,-0.010344523765142572,4.7902246071304955,0.09571698684563561,0.0947968148775793,0.07039999999847169,0,not_applicable,369.1109676669574,0,0,0.852861328733143,0.31463186667864934,711,0.7470342910101948,1.454798309651139,0.22502164647011186,running
Pure Pursuit,71.70999999999978,17.76307608078927,-15.275978608328408,4.4937776271851195,-2.5355052617893965,-4.126738721928742,-0.025136068764713235,4.4437298610815095,0.04636011529916325,0.06122521418491189,0.06929999999982783,0,not_applicable,369.71087726698283,0,0,0.8862478499868522,0.3336161628195162,710,0.742678405931418,1.417637489932686,0.2241197071405647,running
Pure Pursuit,71.80999999999983,17.418428567537404,-15.505753218634222,3.947082347796815,-2.572609304012671,-6.275833384737872,-0.03501504818353257,3.8661942887113323,0.0365545460972066,0.010338248282637963,0.06979999999856545,0,not_applicable,370.11081392408454,0,0,0.8584970745402205,0.36621138310479046,716,0.768813716404078,1.405734821879748,0.22293077345441878,running
Pure Pursuit,71.90999999999988,17.107555442163132,-15.69625430984684,3.4910969737295203,-2.6361682344528474,-5.195518926075047,-0.05367254771046108,3.42753045518931,0.06866403291807942,0.04836684137691982,0.07180000000062137,0,not_applicable,370.51075436174193,0,0,0.8669528934222256,0.4132393603004112,690,0.6555607043558851,1.5012489318448323,0.2082738731989199,running
Pure Pursuit,72.00999999999993,16.827165214924033,-15.843229200347684,2.994492910314463,-2.715012644570177,-5.673251768905057,-0.09283466708497075,2.9237717968390147,0.049095769312744064,0.08402748862525122,0.10980000000060386,0,not_applicable,370.7105966476498,0,0,0.8707512770648065,0.4596435701064334,711,0.7470342910101948,1.4023724294787165,0.22502164647011186,running
Pure Pursuit,72.10999999999999,16.56890394760312,-15.947238993963126,2.679678082160939,-2.814887873925959,-3.5826393074377627,-0.15414431846704735,2.636228979570687,0.07981645719773824,0.043786193889420844,0.07190000000178998,0,not_applicable,371.11053814618293,0,0,0.8413624335308816,0.5058314469680302,691,0.6599165894346619,1.4056614197326602,0.20897586948035746,running
Pure Pursuit,72.21000000000004,16.347439666279605,-16.002129718826943,2.0410945989405525,-2.960668157309463,-7.431421944316853,-0.2074417590024859,1.9365358877292536,0.0624246061117637,0.07703957718844201,0.06989999999973406,0,not_applicable,371.31025759851525,0,0,0.8220979307709153,0.5641557455402845,658,0.5161723818350326,1.5046285781200366,0.18983237004919867,running
Pure Pursuit,72.31000000000009,16.144330347208232,-16.015683070967977,2.0355507314386547,-3.087066965523888,-0.06309003214372222,-0.21716248131542187,2.0347855957261802,0.09532025212114793,0.04167631044289344,0.0764999999987026,0,not_applicable,371.51022834778183,0,0,0.8368118302178318,0.7253688810152302,681,0.6163577386468955,1.4104412346025281,0.2023310757067991,running
Pure Pursuit,72.41000000000014,15.967015565565037,-16.003731925475673,1.64748106634315,-3.207990383233317,-4.416290186678742,-0.22253306225864253,1.5939217127707805,0.10010226455204839,0.025795288522859394,0.07120000000071514,0,not_applicable,371.70826111199557,0,0,0.7987186479578869,0.7252086325515585,711,0.7470342910101948,1.308119439599749,0.22502164647011186,running
Pure Pursuit,72.51000000000019,15.799543425768546,-15.971351726216481,1.756819935184285,-3.3110377095118335,2.835246332146395,-0.2229567925659961,1.9310056995577896,0.12094478485973417,0.09079348312443614,0.07559999999884326,0,not_applicable,371.90823186126215,0,0,0.8162416487520134,0.9041458752808986,640,0.43776645041705287,1.5313883238445498,0.18228978800218867,running
Pure Pursuit,72.61000000000024,15.63491748125643,-15.92126721453211,1.7036236418189983,-3.4177595792938744,-0.6053816865561545,-0.21978644317449503,1.6962817665286696,0.1116166938673577,0.16523799985349896,0.10199999999827014,0,not_applicable,372.10588303392655,0,0,0.8066517327791253,0.8223472580759118,699,0.6947636700648747,1.324754715877295,0.21491658495418042,running
Pure Pursuit,72.71000000000029,15.47219910331593,-15.852163538273803,1.8239954698877607,-3.523735650979589,3.1213399922911833,-0.21481865641608144,2.0157576410481166,0.10961457569851968,0.18887025363541454,0.07739999999856195,0,not_applicable,372.3058537831931,0,0,0.7926504890116411,0.8295561181155756,681,0.6163577386468955,1.3555291586388296,0.2023310757067991,running
Pure Pursuit,72.81000000000034,15.30737781896131,-15.760686949812868,1.9387354552438814,-3.635904539386686,2.9753017026739492,-0.2166507918887482,2.1215256401551557,0.09089945614777777,0.22487344466167336,0.08689999999944575,0,not_applicable,372.50374161508995,0,0,0.8384216350269763,0.7658780235711204,666,0.5510194624652458,1.3839773281057404,0.19378133987058163,running
Pure Pursuit,72.9100000000004,15.141743780508609,-15.643217691405797,2.11083140978487,-3.7543430589860187,4.462588913358167,-0.20338170693101018,2.384994346579698,0.06510865425788603,0.197772037467562,0.07180000000062137,0,not_applicable,372.7037123643565,0,0,0.8330470210783046,0.7118205265059863,700,0.6991195551436515,1.2719904459875966,0.2157016455530536,running
Pure Pursuit,73.01000000000045,14.975648317061012,-15.49638183057229,2.308924979480187,-3.8693735699405454,5.136728346042054,-0.18423379203520351,2.6245042443890756,0.03155635622163848,0.18151153887288807,0.0745999999978153,0,not_applicable,372.90282194553527,0,0,0.864486482725637,0.6507519396461525,698,0.6904077849860983,1.2731894644476285,0.21414126651260781,running
Pure Pursuit,73.1100000000005,14.817262848880928,-15.32418689700145,2.36792901553475,-3.9858680419840637,1.5300229330943527,-0.1632062728610556,2.461927272789622,0.015200192309699627,0.13176442758618379,0.1256000000005031,0,not_applicable,373.1027926948018,0,0,0.8672844988796485,0.6025976672122207,701,0.7034754402224284,1.2775403330311572,0.21649658541768402,running
Pure Pursuit,73.21000000000055,14.671655164719494,-15.128978322740442,2.4939098590920787,-4.085592784289416,3.26678635331048,-0.1128891295724222,2.694607650865798,0.05873431550146796,0.08596869425280573,0.08259999999893353,0,not_applicable,373.302741289096,0,0,0.8475611403103548,0.6206683806687127,725,0.8080166821130677,1.2298728942237687,0.2144087504700342,running
Pure Pursuit,73.3100000000006,14.533718673931407,-14.914873008557107,2.5926943410695844,-4.1541892150699535,2.561562444976886,-0.07941064668812962,2.7500661035897673,0.10604671613882471,0.0828937556515843,0.0802999999969245,0,not_applicable,373.7026827876291,0,0,0.8421543652267278,0.603551652892587,721,0.7905931417979613,1.2768691500699958,0.21807316453493353,running
Pure Pursuit,73.41000000000065,14.398028301444914,-14.680296654984144,2.810061361686322,-4.198472584552188,5.636504698330467,-0.04820288614507174,3.156344810902631,0.06782127936587946,0.05556486813197736,0.0743999999990308,0,not_applicable,373.902631749816,0,0,0.8232543162859872,0.6248943635238982,744,0.8907784986098242,1.2181089590042842,0.19934114321212792,running
Pure Pursuit,73.5100000000007,14.259074805843097,-14.42341024818568,3.014809033080038,-4.22360599078891,5.309274647591304,-0.022082609610425158,3.3409888264454524,0.1002786644440681,0.024126161871953045,0.06660000000024979,0,not_applicable,374.10260249908254,0,0,0.7887281526073462,0.6220582423979053,737,0.8602873030583873,1.344571694497008,0.20447740104668097,running
Pure Pursuit,73.61000000000075,14.1126367469658,-14.148004449223587,3.208076728052335,-4.22226296686156,5.011589465853721,0.026674366218117456,3.51596797966541,0.07625264005356981,0.02034258005845402,0.0667000000014184,0,not_applicable,374.5024988319531,0,0,0.7919235171176134,0.5612262815705473,388,-0.6599165894346617,1.5457213996810024,0.20897586948035743,running
Pure Pursuit,73.7100000000008,13.955796051005906,-13.863009664352681,3.291493718954787,-4.196121412831202,2.1630708274337707,0.06039182307871687,3.424383810795712,0.1041399639132762,0.08676220361869014,0.0687999999975375,0,not_applicable,374.90222442083905,0,0,0.8054077530844586,0.4900548558231322,385,-0.6729842446709917,1.4404882086734514,0.21113476830746442,running
Pure Pursuit,73.81000000000085,13.794480447375381,-13.601264843591618,2.965384539245692,-4.118576904342712,-3.711170698644266,0.10009517474173209,2.92037664909036,0.048162218368947775,0.0680253427823434,0.06929999999982783,0,not_applicable,375.1021700312387,0,0,0.8371446874205243,0.46409812427869446,391,-0.6468489341983319,1.4258812177561402,0.20689564634075194,running
Pure Pursuit,73.9100000000009,13.627360393380513,-13.38032182143759,2.672700700892777,-4.016935406197193,-3.330785370197229,0.1121283338436371,2.632306002225969,0.09958282282654767,0.0706741816034615,0.07330000000038694,0,not_applicable,375.5021115297718,0,0,0.8446442599758615,0.5226215388138572,374,-0.7208989805375348,1.3839876899964425,0.2197779812188762,running
Pure Pursuit,74.01000000000096,13.44191755923498,-13.180653749274235,2.7712850458726184,-3.9321267701718714,2.55637272887165,0.10909527373757145,2.928337973779942,0.025832311589996253,0.046670852523986284,0.06979999999856545,0,not_applicable,375.7018183579172,0,0,0.8703119766714039,0.5573884038765309,392,-0.6424930491195551,1.3989055338241894,0.20621919386478796,running
Pure Pursuit,74.11000000000101,13.231098584550429,-12.989707016134075,2.908172121538881,-3.8469146798688163,3.5495938755770773,0.10814177463538158,3.126244433430326,0.06286563762169317,0.009313286787634212,0.14340000000245823,0,not_applicable,375.90178910718373,0,0,0.8768504586514629,0.5398973222676,355,-0.803660797034291,1.2537900954795504,0.21530714918272373,running
Pure Pursuit,74.21000000000106,12.993351249711017,-12.808136647658387,3.0641310617832866,-3.7588714120664752,4.044142929042569,0.11379745381771393,3.312586414443138,0.03759127319220596,0.03729913361955184,0.08850000000037994,0,not_applicable,376.3013146026987,0,0,0.8777851257691697,0.514416198963104,370,-0.7383225208526414,1.3296767517371262,0.22322918788849236,running
Pure Pursuit,74.31000000000111,12.733934187785566,-12.643439952516278,3.082154178627604,-3.6641846965118314,0.46735416662250895,0.12587389950106284,3.1108664784455375,0.07014366034171338,0.012723700081128442,0.0745999999978153,0,not_applicable,376.50087806933055,0,0,0.8673748382599604,0.48391145607159136,361,-0.7775254865616312,1.2776465207658556,0.22094939445953415,running
Pure Pursuit,74.41000000000116,12.47080903173558,-12.512076463630768,2.871746298523326,-3.546151878022247,-2.3944727962071344,0.13485440664512238,2.8427068990068904,0.03757681164748878,0.027207885598032888,0.07640000000108671,0,not_applicable,376.9006389159736,0,0,0.8681196502069098,0.4734462434214373,380,-0.6947636700648749,1.3359077168084652,0.21491658495418048,running
Pure Pursuit,74.51000000000121,12.226477319142104,-12.427161766022556,2.4444544321358324,-3.4164489057616865,-4.862644638586544,0.13286092065612184,2.3854818346646716,0.024771558359608495,0.03227661008080318,0.08129999999795245,0,not_applicable,377.10060966524014,0,0,0.8586805623444465,0.5387129410467624,365,-0.7601019462465246,1.3462118782994426,0.22496523842325905,running
Pure Pursuit,74.61000000000126,11.983869266964208,-12.375166685886875,2.5140599567194744,-3.3276609185573354,1.804928204988454,0.11201597374732684,2.6249472526346778,0.0693454556695232,0.047407710400520386,0.07129999999833103,0,not_applicable,377.30058041450667,0,0,0.8672415258804617,0.633737872470492,391,-0.6468489341983319,1.443091631138796,0.20689564634075194,running
Pure Pursuit,74.71000000000132,11.745240261165431,-12.34494083397632,2.351009146693859,-3.2456718859413765,-1.8555423343098187,0.10408419216664201,2.3285057232884925,0.09003844536181439,0.018904858198517616,0.10169999999831703,0,not_applicable,377.700232996218,0,0,0.8609048110456711,0.6175542666854037,395,-0.6294253938832253,1.4592825903629774,0.20423919388388023,running
Pure Pursuit,74.81000000000137,11.503297798982155,-12.334313575705202,2.4831009586481883,-3.1701726897077687,3.4252487639526885,0.09963553441523391,2.693534023089128,0.047622881563213385,0.0259922842300373,0.08349999999879287,0,not_applicable,377.8996002872702,0,0,0.8441777519184144,0.6624237491609033,382,-0.6860518999073215,1.418391021360355,0.21337555590733343,running
Pure Pursuit,74.91000000000142,11.246271951026277,-12.340770968252238,2.6466191487111215,-3.1029468357536407,4.240160461955771,0.09246436722194662,2.9071170048437653,0.020290654704034437,0.014074074724454988,0.12880000000237146,0,not_applicable,378.0995710365367,0,0,0.8496283793202248,0.6268788249641921,365,-0.7601019462465246,1.3531381146001238,0.22496523842325905,running
Pure Pursuit,75.01000000000147,10.972938394487581,-12.362638535264823,2.824018666918313,-3.044384656609142,4.60011465869723,0.09064822261313474,3.1066306145808444,0.08916885070717134,0.023570342121967514,0.07299999999688112,0,not_applicable,378.29909438397624,0,0,0.8881144961093841,0.5856316816718926,393,-0.6381371640407785,1.450476682593048,0.20555103769803026,running
Pure Pursuit,75.11000000000152,10.686541708571292,-12.40364161047168,2.953365206959528,-2.971052385695543,3.3540616170131043,0.09696503643307679,3.1594248286196236,0.021729570628437278,0.05206709757228545,0.07390000000029318,0,not_applicable,378.69890757609244,0,0,0.8707310066707821,0.5417426925139436,359,-0.7862372567191844,1.2999079299033531,0.21901940157552577,running
Pure Pursuit,75.21000000000157,10.403683045904,-12.468445160577685,2.8770820179024716,-2.8773857688794324,-0.8681139742224575,0.09930734195538267,2.8665538095372822,0.06918013218962185,0.007040912173646774,0.07779999999968368,0,not_applicable,378.898878325359,0,0,0.8447124320526531,0.5264674619170855,377,-0.7078313253012047,1.3986362129154801,0.21730154451353453,running
Pure Pursuit,75.31000000000162,10.126050691617298,-12.557725972208075,2.9509801003305354,-2.7991318359886264,1.9162377421449683,0.08987892480282283,3.0687057921169685,0.04212287808579011,0.014494594667125327,0.076399999997534,0,not_applicable,379.29869066459656,0,0,0.8760758683524045,0.5440504605610663,378,-0.7034754402224281,1.410175292966618,0.216496585417684,running
Pure Pursuit,75.41000000000167,9.843243164009763,-12.670122636597226,3.1227702628945937,-2.735507683371489,4.45465947719168,0.08800546364612571,3.3964460480497034,0.0640140694996158,0.010774765806967679,0.08539999999968018,0,not_applicable,379.4986614138631,0,0,0.8729058125773526,0.5318818102206767,388,-0.6599165894346617,1.4490063243210354,0.20897586948035743,running
Pure Pursuit,75.51000000000172,9.553235727250447,-12.808849788809335,3.2947420138663976,-2.657834257656186,4.45936821318353,0.10293984617066229,3.5687070842129467,0.01999247243329633,0.012149024864671176,0.09010000000131413,0,not_applicable,379.89832538676797,0,0,0.8722894035146199,0.49400850198381885,369,-0.742678405931418,1.3605465550581755,0.2241197071405647,running
Pure Pursuit,75.61000000000178,9.270030655941454,-12.975722251148579,3.2850406740192875,-2.5570760239127637,-0.11040268234798312,0.12242458966104124,3.2837017456315993,0.08980478935841467,0.03649417927821297,0.0762999999999181,0,not_applicable,380.2978434873674,0,0,0.8771298978293439,0.45673065775692007,414,-0.546663577386469,1.478770114522047,0.19326585456320453,running
Pure Pursuit,75.71000000000183,9.031261290369743,-13.154153884050178,2.826956611636868,-2.4220170213075636,-5.22020244863814,0.13059327037143723,2.7630204291554734,0.016439914451805957,0.018547192202433394,0.06510000000048421,0,not_applicable,380.4974497582871,0,0,0.8845260074891127,0.4596132699096264,372,-0.729610750695088,1.3469738695646731,0.22148173646210823,running
Pure Pursuit,75.81000000000188,8.845290704597446,-13.337294412733227,2.501971353994354,-2.3089376176969614,-3.6983802992915793,0.11652578336762255,2.45711858170771,0.07010997391256173,0.06550377621825376,0.0745000000001994,0,not_applicable,380.69742050755366,0,0,0.8711970261534794,0.547434601944935,387,-0.6642724745134383,1.428192882635665,0.20968660597172056,running
Pure Pursuit,75.91000000000193,8.686106358745537,-13.532619055254301,2.5365262662684693,-2.2278490742255497,0.8960371487396168,0.1071322947777181,2.5915750688683157,0.07905122600046494,0.013735904025395484,0.06839999999996849,0,not_applicable,381.0972354577472,0,0,0.8781345832249341,0.6156227056136728,359,-0.7862372567191844,1.3072407583722028,0.21901940157552577,running
Pure Pursuit,76.01000000000198,8.544044588472575,-13.741021585986573,2.5159216458612472,-2.1463458965059155,-0.23448362778436316,0.10609564186114541,2.513077903490033,0.02908020274810574,0.00887867858524416,0.06660000000024979,0,not_applicable,381.29720620701374,0,0,0.8735359955999641,0.6186973683580882,363,-0.7688137164040778,1.3508734211273414,0.22293077345441883,running
Pure Pursuit,76.11000000000203,8.417949029099885,-13.962988954291776,2.5855294021332735,-2.0660405374593247,1.8049860744942636,0.11210083678396386,2.6964202533106736,0.0346191377402515,0.007701009032116346,0.11359999999882575,0,not_applicable,381.4965963154912,0,0,0.8663932377600911,0.6085235702983242,382,-0.6860518999073215,1.3979897278771083,0.21337555590733343,running
Pure Pursuit,76.21000000000208,8.305670037452554,-14.203290036209497,2.7105873579073174,-1.9848793779835918,3.242855117965968,0.11814776701225381,2.9098149139298704,0.09950630063057593,0.0284183031749059,0.08530000000206428,0,not_applicable,381.69656706475774,0,0,0.8532929376969585,0.5794936852339346,395,-0.6294253938832253,1.4154121756381672,0.20423919388388023,running
Pure Pursuit,76.31000000000213,8.20866430177228,-14.4630713719774,2.8275908583791263,-1.9006988099268969,3.03399650167389,0.12250519519852938,3.0139870080747064,0.026380973263125395,0.040595682556045176,0.07210000000057448,0,not_applicable,382.0957818723435,0,0,0.8589803055528895,0.5614446188829559,366,-0.755746061167748,1.33354073141894,0.22600293112750477,running
Pure Pursuit,76.41000000000219,8.13789406876407,-14.72390500497241,2.6411070929417044,-1.7936197581913595,-2.1222128327745082,0.12831778917257444,2.6153695751016754,0.05221143403990438,0.02224325320901599,0.07169999999945276,0,not_applicable,382.29537310357557,0,0,0.869915007722568,0.5375649254322354,398,-0.6163577386468952,1.442646019246336,0.20233107570679906,running
Pure Pursuit,76.51000000000224,8.099941397126097,-14.964499129231159,2.3324522410819055,-1.6934072986586215,-3.5125378661167606,0.10823661209054464,2.2898533063300284,0.09464693592162793,0.0018392940537328428,0.10759999999976344,0,not_applicable,382.49534385284215,0,0,0.8682905738567949,0.5877998360566662,367,-0.7513901760889712,1.360367752874844,0.22593517874601313,running
Pure Pursuit,76.61000000000229,8.083311737178786,-15.201411750110143,2.4118573906581107,-1.628200347471521,2.0590404992810196,0.08631358418939548,2.5383562910100075,0.06713954286949561,0.060802756061082874,0.10580000000004475,0,not_applicable,382.89515917698304,0,0,0.8930717293991733,0.6543118822390366,371,-0.7339666357738648,1.3555527842380328,0.22234991952811328,running
Pure Pursuit,76.71000000000234,8.079742392764752,-15.450160606017796,2.5529315734449036,-1.5734448534301824,3.6581689891813296,0.07364553425282877,2.7776742895762436,0.019228503136399355,0.039264482164641734,0.07199999999940587,0,not_applicable,383.09512992624957,0,0,0.8681099550268186,0.6590019953035816,357,-0.7949490268767376,1.3302428002456455,0.21713917065507293,running
Pure Pursuit,76.81000000000239,8.090138370315096,-15.714232718961721,2.7198828090684035,-1.516574094597304,4.329182142322985,0.06424104049527214,2.985849787677202,0.047038369971106934,0.022910211261107705,0.07200000000295859,0,not_applicable,383.29496124557227,0,0,0.8886348626709233,0.6420011714642462,338,-0.8777108433734939,1.2486577426866972,0.20148754432673713,running
Pure Pursuit,76.91000000000244,8.114648835642354,-15.994725173575965,2.8974375051698495,-1.4706623914757793,4.6041385484646735,0.04459246638355064,3.180296663914871,0.0747838884609266,0.017748641153389144,0.1163999999995724,0,not_applicable,383.69486484401136,0,0,0.8677891694926874,0.6129947538788538,352,-0.8167284522706209,1.3540778768892952,0.2126462795560751,running
Pure Pursuit,77.01000000000249,8.1517435446257,-16.295504001487284,3.144261393757539,-1.4337390382027562,6.400345386974404,0.03293017766573918,3.53747204386729,0.03337323220020191,0.005659938329531045,0.07289999999926522,0,not_applicable,383.89483559327795,0,0,0.8803596218601877,0.5816330305983299,344,-0.8515755329008341,1.3162669250545806,0.20602954162158948,running
Pure Pursuit,77.11000000000254,8.201495187221,-16.6177463306081,3.359803134608905,-1.4066000048953495,5.589173700536496,0.020884523114368714,3.703178763811189,0.046483204621313806,0.008568616593089828,0.09190000000103282,0,not_applicable,384.2947654479541,0,0,0.8765166149049346,0.5408011527442645,356,-0.7993049119555145,1.4017589674127366,0.21621722807816315,running
Pure Pursuit,77.2100000000026,8.2604861965853,-16.962337326002654,3.612132609700652,-1.3930941197654998,6.543109749797891,0.013775322558630988,4.014114109588694,0.09577043941835824,0.001375234979166251,0.07689999999982433,0,not_applicable,384.69470502214665,0,0,0.8587957616380651,0.5147656153078894,348,-0.8341519925857275,1.3711499258816233,0.20925385860619156,running
Pure Pursuit,77.31000000000265,8.328866517672015,-17.33165123264267,3.8784226532646517,-1.3793465074136768,6.905118713080127,0.011091738827091649,4.302644481008665,0.08071640626256421,0.00918893003621335,0.07480000000015252,0,not_applicable,384.8946757714132,0,0,0.8692887911741446,0.47552019282048524,359,-0.7862372567191844,1.432556150398331,0.21901940157552577,running
Pure Pursuit,77.4100000000027,8.406821702242558,-17.72350436093479,4.094945634852063,-1.3646527141685998,5.614618075691595,0.007284598487166074,4.439884460833811,0.08007189178171974,0.011719819906323536,0.06780000000006225,0,not_applicable,385.2946123786186,0,0,0.8730815501798627,0.455006079210563,729,0.8254402224281745,1.4078111371596156,0.21092842571338707,running
Pure Pursuit,77.51000000000275,8.49493223067036,-18.13634758868386,4.3291899984090385,-1.3495760178319585,6.07414801012669,0.0010606935362932467,4.702360435864732,0.09805167626010017,0.017051069563557064,0.07790000000085229,0,not_applicable,385.8945220733881,0,0,0.8564238982222324,0.42209828386157117,713,0.755746061167748,1.4839140392962293,0.22600293112750477,running
Pure Pursuit,77.6100000000028,8.592454456939507,-18.57397388636043,4.615133856137661,-1.3508565127395715,7.414758195485041,-0.008366696345181219,5.070665817957543,0.04980009866633582,0.015162981959999655,0.07749999999973056,0,not_applicable,386.2944635719212,0,0,0.8691368063719382,0.394936813042,735,0.8515755329008341,1.3324148338324915,0.20602954162158948,running
Pure Pursuit,77.71000000000285,8.69311005716942,-19.039021440678706,4.880021477265581,-1.3677945246429828,6.868752751824436,-0.01246083672394239,5.302009131320105,0.02745706497789929,0.0011789785682747578,0.13470000000026516,0,not_applicable,386.69440505882596,0,0,0.8728522052288727,0.3791445558106744,729,0.8254402224281745,1.397703416614431,0.21092842571338707,running
Pure Pursuit,77.8100000000029,8.792902272870279,-19.530392874596124,5.128239748178167,-1.3845172476759715,6.436502861568485,-0.0071724368971721655,5.5236717634224295,0.07298496278062819,0.008440491905949088,0.07730000000094606,0,not_applicable,387.29431610414457,0,0,0.8799574154875545,0.36028746002650636,727,0.8167284522706209,1.4163339740184149,0.2126462795560751,running
Pure Pursuit,77.88000000000294,8.861364889007666,-19.890520941400666,5.334027652538589,-1.3956405337994426,7.121725679123614,-0.00169829251610945,5.840412316090529,0.09447044773543944,0.01787079754339338,0.08030000000047721,0,not_applicable,387.49428685341115,1,0,0.8576900298169166,0.3381173103635742,357,-0.7949490268767376,1.4314586741853803,0.21713917065507293,lap_complete
