controller,time_s,x_m,y_m,speed_mps,yaw_rad,accel_command_mps2,steer_command_rad,speed_command_mps,cross_track_error_m,heading_error_rad,controller_update_ms,controller_iterations,controller_status,progress_m,lap_count,collision,minimum_clearance_m,minimum_ttc_s,critical_beam_index,critical_beam_angle_rad,critical_scan_range_m,critical_side_distance_m,termination_reason
MPC,0.10999999999999999,-66.88341037758977,42.31852446539141,0.2888836686591211,2.341523797147646,7.999999987311743,0.0025539252914566117,0.7999999987311743,0.014290754694199192,0.0006784020769163845,0.594400000000217,2,optimal,0.0,0,0,0.9284988365416399,nan,941,1.7488878591288235,1.0859897805558183,0.1574909440141784,running
MPC,0.21000000000000005,-66.9154840691524,42.35086212007306,0.5973968799492626,2.346941030890407,8.0,0.03662529104106322,1.088883668659121,0.059836188836139004,0.006095635819677092,0.6752999999997122,3,optimal,0.0,0,0,0.9329924790963096,6.359791556774171,363,-0.7688137164040778,1.5434212020524025,0.22293077345441883,running
MPC,0.3100000000000001,-66.97251249247596,42.4016476166285,0.9059100912394041,2.3747249023210997,8.0,0.16011131188209898,1.3973968799492626,0.0642520934152194,0.03384138260224212,0.7455000000002876,3,optimal,0.199954931236915,0,0,0.9210980987791145,3.088738920414798,708,0.7339666357738648,1.5924561689996275,0.22234991952811328,running
MPC,0.4100000000000002,-67.05525905634697,42.46985615502973,1.2144233025295457,2.4077248930352084,8.0,-0.15404795347688033,1.7059100912394043,0.046262373228013964,0.06684137331635087,0.8433000000001023,3,optimal,0.199954931236915,0,0,0.9262018173616686,1.9212259351819558,739,0.8689990732159409,1.3265882118728214,0.20296376061118723,running
MPC,0.5100000000000002,-67.15555912284613,42.56476791046058,1.5229365138196873,2.395606623962323,8.0,0.16011131188209898,2.0144233025295457,0.030797387114430242,0.0546842040002522,0.8375999999996608,3,optimal,0.399909862472154,0,0,0.928006028167417,1.4640360836325736,718,0.7775254865616312,1.4880151628958547,0.22094939445953415,running
MPC,0.6100000000000003,-67.28643054558208,42.67159427644514,1.8314497251098292,2.44026567662264,8.0,-0.15404795347688033,2.3229365138196876,0.06744296309622218,0.09926890674264799,0.9134999999997895,3,optimal,0.5998647936886221,0,0,0.9189527153062111,1.0664799297204286,727,0.8167284522706209,1.3245762264330794,0.2126462795560751,running
MPC,0.7100000000000004,-67.42944239923712,42.810746103820016,2.139962936399971,2.3526391125261195,8.0,-0.4188790204786391,2.631449725109829,0.07164715118993635,0.011566398074470907,1.0570000000003077,3,optimal,0.7998197249255443,0,0,0.9010070960249346,0.9989499613405186,712,0.7513901760889712,1.5628445021875634,0.22593517874601313,running
MPC,0.8100000000000005,-67.55690707609182,43.00259064376692,2.448476147690112,2.145612807567864,8.0,-0.10471975511965985,2.9399629363999713,0.02652063063046768,0.19557032720532908,0.8574999999999555,3,optimal,0.9997746560587977,0,0,0.9212456825561242,0.7330420493454476,372,-0.729610750695088,1.390831124489732,0.22148173646210823,running
MPC,0.9100000000000006,-67.68120589718103,43.23265695308404,2.756989358980253,2.061348670138386,8.0,-0.0731504078647157,3.248476147690112,0.06904252425775856,0.2799474952318577,0.7199000000004396,3,optimal,1.1997295872957208,0,0,0.8561120716429592,0.5524502990261153,375,-0.7165430954587582,1.2389578843221898,0.21894209497805295,running
MPC,1.0100000000000007,-67.81622426011133,43.491947410477756,3.0655025518967522,2.062562365170928,7.999999523556425,0.24088701843510565,3.5569893113358955,0.17485087752377002,0.2790303827409262,0.677899999999898,3,optimal,1.5996394494860104,0,0,0.83103671787383,0.4488444833279831,373,-0.7252548656163114,1.146652996750913,0.22062447658991918,running
MPC,1.1100000000000008,-68.0016088345213,43.75584730331806,3.3740157631868932,2.2813268998284455,8.0,0.4188790204786391,3.8655025518967525,0.2000542603061519,0.0604484811012318,0.6978000000006368,3,optimal,1.7995943801290573,0,0,0.7646229525307641,0.44940987813621036,350,-0.8254402224281743,1.1453084728307847,0.21092842571338713,running
MPC,1.2100000000000009,-68.27159085773103,43.98347778088611,3.682528974477034,2.5826435064484468,8.0,0.10471975511965986,4.174015763186893,0.16528146219220757,0.24046218887706106,0.9790999999994554,3,optimal,2.199504241535366,0,0,0.7697201296069249,0.5223619748763253,705,0.7208989805375348,1.5437583808845752,0.2197779812188762,running
MPC,1.310000000000001,-68.60397899740212,44.17727981898164,3.991042185767175,2.684625700503588,8.0,0.042373754363295,4.4825289744770345,0.08041919898820735,0.341965465046286,0.7670999999995765,3,optimal,2.599414102280994,0,0,0.861792225346748,0.3990929270826375,701,0.7034754402224284,1.3372658843633511,0.21649658541768402,running
MPC,1.410000000000001,-68.97380770159505,44.36722933913125,4.2995553970573175,2.669368480994554,8.0,-0.11964304554455694,4.791042185767175,0.09303686034617681,0.32615489934695985,0.6897999999999627,3,optimal,2.999323962120699,0,0,0.8452126718703139,0.33354414630922435,715,0.7644578313253012,1.184737028611212,0.2239412608755995,running
MPC,1.5100000000000011,-69.3566385742652,44.59653489118391,4.60806860834746,2.4920480068011397,8.0,-0.40993380079867664,5.099555397057317,0.18809360489032137,0.14819153766169002,0.7603000000004911,3,optimal,3.3992338205100765,0,0,0.7630551879850694,0.2990756509038328,710,0.742678405931418,1.1713850155863137,0.2241197071405647,running
MPC,1.6100000000000012,-69.70512600303813,44.92125027939195,4.916581819637602,2.1698154711137647,8.0,-0.09577453543969734,5.40806860834746,0.21423587026939755,0.17479227897064664,0.8204000000002765,3,optimal,3.79914367681841,0,0,0.7500543535022504,0.41442733447608293,731,0.8341519925857277,1.4922083461350466,0.20925385860619153,running
MPC,1.7100000000000013,-70.00818000121919,45.32904490615071,5.225095030927744,2.10645919661458,8.0,0.0644514906803725,5.716581819637602,0.14784096575512637,0.23948373991665584,0.6939000000003581,3,optimal,4.3990084616958445,0,0,0.8345089467437279,0.3547888679904517,382,-0.6860518999073215,1.5630706314445362,0.21337555590733343,running
MPC,1.8100000000000014,-70.30661551637422,45.77657300544282,5.510592788709552,2.1433389480720146,7.403190458856844,-0.07809991481662892,5.9654140768134285,0.0904147022103483,0.20364389706250563,0.6828000000003165,3,optimal,4.798918312045754,0,0,0.9218636478906643,0.3079833017259532,377,-0.7078313253012047,1.439961319008613,0.21730154451353453,running
MPC,1.9100000000000015,-70.60627618858943,46.25435994989999,5.750016424726413,2.115391640155454,6.208450782788543,0.15926491806886484,6.131437866988406,0.08777350926828748,0.2333720547333895,0.6729000000000873,3,optimal,5.3987830689558045,0,0,0.8748162184833749,0.2449451942027203,368,-0.7470342910101946,1.2153746380615422,0.22502164647011183,running
MPC,2.010000000000001,-70.94443560652691,46.731576572014376,5.941197039642891,2.351407516018389,4.957469772318589,0.3349605518890236,6.245763401958271,0.1766310798857164,0.0006160197441711368,0.6878999999999635,3,optimal,5.998647836525144,0,0,0.7948288313008688,0.26348284888535506,360,-0.7818813716404078,1.2950274318436892,0.21997807798827249,running
MPC,2.109999999999999,-71.38100302030604,47.144637686257035,6.093251074952831,2.6894497281153615,3.94288554902608,0.0208012865300443,6.335485594545498,0.15746855168061746,0.33636181562069556,0.7804000000000144,3,optimal,6.598512558590679,0,0,0.7857312137105376,0.2747374933550694,678,0.6032900834105654,1.544622832617785,0.20049220035001988,running
MPC,2.209999999999997,-71.89502328666498,47.48200769359581,6.200372898401983,2.677613818766931,2.7777565311045023,-0.29335797882893494,6.371026728063281,0.03319751974265446,0.321979425213625,0.6902000000001962,3,optimal,7.198377305179264,0,0,0.9104308428287311,0.23768061015624317,704,0.7165430954587584,1.3110376295838893,0.21894209497805303,running
MPC,2.3099999999999947,-72.41204887123195,47.83125204295948,6.276922297619966,2.381154726012156,1.9849885558642881,-0.09544496470460548,6.398871753988412,0.09020685420071343,0.022709352360965163,0.7121999999988304,3,optimal,7.798241977860978,0,0,0.8541062376861074,0.2627228508996699,722,0.7949490268767376,1.357948073493038,0.21713917065507293,running
MPC,2.4099999999999926,-72.88586300088643,48.243634092689064,6.294065531892458,2.2360497598168143,0.44453809159878205,-0.05759550866689939,6.321376106779844,0.13777943189202474,0.12542086023698884,0.7678999999995995,3,optimal,8.398106695978129,0,0,0.7906936059889402,0.3024787550808827,372,-0.729610750695088,1.6367891543775435,0.22148173646210823,running
MPC,2.5099999999999905,-73.29879522609909,48.71120077066011,6.2161975266524365,2.1195652446789826,-0.8861494167886653,-0.07838308326184652,6.205450590213592,0.11278943404665244,0.24400282247000327,0.8177999999992025,3,optimal,8.997971415146038,0,0,0.8412003195092661,0.2641720042428503,359,-0.7862372567191844,1.3937501435282205,0.21901940157552577,running
MPC,2.6099999999999883,-73.64546195904626,49.21378025749115,6.05223708012982,2.038444464520774,-1.8658941321865254,0.13469187939867444,6.029608113433784,0.07965619334473276,0.32466766326047836,0.8348000000006905,3,optimal,9.597836204086494,0,0,0.9137530628225841,0.22680524493321233,372,-0.729610750695088,1.2724438327734269,0.22148173646210823,running
MPC,2.709999999999986,-73.96879275357448,49.70633716786441,5.81142853476082,2.233545817983289,-2.7404368633651734,0.1930262036273849,5.778193393793303,0.16051095043649186,0.1261271685547789,0.7411999999993313,3,optimal,10.197700750235745,0,0,0.8356086372839975,0.2317902001105269,363,-0.7688137164040778,1.2312089968885345,0.22293077345441883,running
MPC,2.809999999999984,-74.3292532002075,50.13468069370333,5.500127678287755,2.529027351260787,-3.542649789976097,0.08772690231683114,5.45716355576321,0.20067119008255785,0.17557626306619945,0.7348000000000354,3,optimal,10.797565158586536,0,0,0.7544543540643919,0.32050241365949556,325,-0.9343373493975904,1.2997621197538747,0.1927368289037113,running
MPC,2.909999999999982,-74.73767396638318,50.4653817981922,5.141841580814659,2.7158852899930706,-4.077348781962768,-0.13184091941836462,5.092392800091478,0.15651398537898023,0.3758014469723614,0.78400000000034,3,optimal,11.397425514795257,0,0,0.7860286856823063,0.2820749513968102,684,0.629425393883225,1.4583770544784171,0.2042391938838802,running
MPC,3.00999999999998,-75.14593050161677,50.73523918278469,4.767882339702116,2.5552101017245628,-4.255711474734086,-0.3362161285863484,4.716270433341251,0.0347736845047712,0.23980804641404907,0.7901000000005709,3,optimal,11.797314614754763,0,0,0.9087773588011954,0.2916493242386652,681,0.6163577386468955,1.4260006148084072,0.2023310757067991,running
MPC,3.1099999999999777,-75.47884654329762,51.03734298076204,4.379273017443242,2.0926832020124317,-4.4224315650165025,-0.3296276307923797,4.325639183200466,0.06283552612621648,0.18042511063355704,0.7425000000012005,3,optimal,12.197171600404157,0,0,0.8926568778859973,0.4055995363584577,698,0.6904077849860983,1.7051139465634797,0.21414126651260781,running
MPC,3.2099999999999755,-75.66756736218056,51.39987506363232,3.9792465862612647,1.6468550514069693,-4.552359953222098,-0.04840680420478518,3.9240370221210323,0.08474471892871925,0.556047617857137,0.7566000000007733,3,optimal,12.596930147943901,0,0,0.8484163296535508,0.3689324931270152,307,-1.01274328081557,1.0382684973894492,0.1827210273874449,running
MPC,3.3099999999999734,-75.72708585315567,51.76596801244662,3.5831208225267845,1.5142143646252895,-4.507969780736856,0.26575246115419415,3.528449608187579,0.20219445996191132,0.5480618374133255,0.7542000000002602,3,optimal,12.996182121498826,0,0,0.7696688175383926,0.5116601792375026,270,-1.1739110287303058,0.9550831651993346,0.1680636831417724,running
MPC,3.4099999999999713,-75.76149272757229,52.09662271150853,3.194506607612437,1.7136267013241535,-4.4224872441594405,0.26309146796410776,3.1408720981108402,0.28962313555931096,0.09661508117518736,0.7147000000014003,3,optimal,13.39418901686935,0,0,0.8107167336058978,0.48716425977057987,644,0.45518999073215927,1.7516469656952829,0.18381666948290917,running
MPC,3.509999999999969,-75.83459502668984,52.3825576106899,2.8316307817720054,1.914882484557515,-4.129580569632119,0.028035793283558295,2.781548550649225,0.23685294799992349,0.45133329239045406,0.7125000000005599,3,optimal,13.790919080836725,0,0,0.8843103869953992,0.4251331908084531,613,0.32015755329008355,1.4630190916767707,0.1739385398725741,running
MPC,3.609999999999967,-75.92280398369839,52.63661136979736,2.6169341340126597,1.9188687351278637,-2.443279606456938,-0.286123472075421,2.5873028211263116,0.1099288438096997,0.643522610133231,0.6675999999998794,3,optimal,13.990874012073647,0,0,1.0028166124594358,0.39856529185183254,627,0.3811399443929564,1.2254667598684106,0.17786325296138467,running
MPC,3.709999999999965,-75.97424607668988,52.886561940162274,2.5293121839487895,1.7043076559252417,-0.9971507515525397,-0.4188790204786391,2.517219058857406,0.0987092634647246,0.6493179795392336,0.8328999999998032,3,optimal,14.186189890996548,0,0,0.8283387456018114,0.37244601573580033,644,0.45518999073215927,1.059240379666999,0.18381666948290917,running
MPC,3.8099999999999627,-75.95270433273643,53.133558518723596,2.468209984748479,1.4027912751156788,-0.6953520642908569,-0.4188790204786391,2.459776977519704,0.21729514134129255,0.6214075243687813,0.7463000000003106,3,optimal,14.386144822233472,0,0,0.6743449419974975,0.3218912277711013,618,0.3419369786839668,0.9422744916243176,0.17524549814036522,running
MPC,3.9099999999999606,-75.86097184206109,53.35696553661028,2.4019451674969408,1.1072143387160485,-0.7541034212968087,-0.4188790204786391,2.3927996426187983,0.34589064602641556,0.633481349363453,0.7093000000004679,3,optimal,14.577135892364542,0,0,0.5705441014532787,0.28774258049606927,668,0.559731232622799,0.7966614139416076,0.1948317437819965,running
MPC,4.009999999999959,-75.7102469625694,53.54032958004481,2.37203430846724,0.8193342984552774,-0.3403899997581359,-0.4188790204786391,2.3679061675211273,0.46772721244008936,0.5671401844852912,0.7093000000004679,3,optimal,14.777090823601455,0,0,0.4324254378102935,0.2526628545029705,663,0.5379518072289158,0.7134201843546296,0.19225396296252786,running
MPC,4.109999999999957,-75.51329835426002,53.673295965658504,2.3947828875541255,0.536435026288423,0.5898892690333811,-0.4188790204786391,2.431023235370578,0.5468583556569577,0.28424091231843684,0.6694999999981022,3,optimal,14.777090823601455,0,0,0.39402550668414404,0.24117483395010877,715,0.7644578313253012,0.6368407963130802,0.2239412608755995,running
MPC,4.209999999999955,-75.28564734018991,53.74645992095135,2.403051214153728,0.25156619135812,0.21440447402629056,-0.4188790204786391,2.4162233349567543,0.5856581442754528,0.12756678136275612,0.671799999999223,3,optimal,14.975515420289963,0,0,0.3773591065203734,0.23598276325935383,717,0.7731696014828544,0.6263956327270719,0.22193355627601147,running
MPC,4.3099999999999525,-75.04484346719242,53.752828234258,2.428881866700238,-0.03441417520642798,0.6698099556512402,-0.4188790204786391,2.4700322097188523,0.5790708373523642,0.11229668427641126,0.8200999999994352,3,optimal,15.17547035152689,0,0,0.3921570374151813,0.381927770509525,721,0.7905931417979613,0.8636699430101911,0.21807316453493353,running
MPC,4.40999999999995,-74.80720539430814,53.694008351460646,2.4752574115212997,-0.2959381486905297,1.2025558225433168,-0.3454234389390516,2.5491374489545695,0.49762264904378434,0.384454966434173,0.5429000000001238,2,optimal,15.575379184409364,0,0,0.4286141121878013,0.6912749792623774,752,0.925625579240037,1.2036496387249074,0.19399319420125352,running
MPC,4.509999999999948,-74.58047105012172,53.5823095157033,2.5775283227792634,-0.496550161769334,2.651968408880432,-0.031264173580072274,2.740454252409343,0.3641652252690574,0.5959584863837168,0.4765000000004349,2,optimal,15.775322378430007,0,0,0.5486703529121156,0.6491957574930072,398,-0.6163577386468952,1.513566052477423,0.20233107570679906,running
MPC,4.609999999999946,-74.35036864052417,53.45207520754513,2.7012810365320563,-0.5030857914854421,3.2090091243816357,0.282895091778907,2.898429235217427,0.209979683330007,0.6121959119909057,0.6953000000002874,3,optimal,15.975277309666929,0,0,0.7014325919477096,0.5582069597867388,442,-0.42469879518072284,1.4921729387750085,0.1811970206256576,running
MPC,4.709999999999944,-74.09154578495092,53.35472759000621,2.833796515501473,-0.27902466815274707,3.436234796306143,0.41887902047863906,3.0449045161626707,0.08441526627047499,0.396613676083708,0.655200000000633,3,optimal,16.17522518310689,0,0,0.8527577009090646,0.530034764849052,370,-0.7383225208526414,1.2821664230014984,0.22322918788849236,running
MPC,4.809999999999942,-73.80303759650329,53.33016997778339,2.964990537117291,0.021804309884323025,3.4019683258863394,0.3775541108489603,3.1739933480901072,0.09874886915731301,0.10881615458070915,0.6502999999993264,3,optimal,16.575131726703777,0,0,0.9295035995697306,0.6052864423782891,379,-0.6991195551436515,1.5285761764737573,0.2157016455530536,running
MPC,4.90999999999994,-73.50351763445556,53.38477180848286,3.124560801205861,0.28150788658322723,4.137787511174096,0.13499301110462011,3.3787692882347007,0.03771366241542257,0.1463355887534794,0.510699999999531,2,optimal,16.775086657940683,0,0,0.901304525220151,0.5350778080206096,716,0.768813716404078,1.363205860810124,0.22293077345441878,running
MPC,5.009999999999938,-73.19944926757036,53.487196688233254,3.2812282313107453,0.36260834360475247,4.06251465082437,-0.1353592284552031,3.530812266288298,0.1228524793458385,0.22177098214468227,0.7279999999996178,3,optimal,17.17499534955592,0,0,0.8367532047793257,0.4334572918078016,689,0.6512048192771083,1.2847791689157972,0.2075805028346246,running
MPC,5.1099999999999355,-72.87579014658931,53.58300578675978,3.4598650771101958,0.2280466887307111,4.632199575568944,-0.25897802392841107,3.7444481888676395,0.15668190604866863,0.08595115442983081,0.6345999999997076,3,optimal,17.374950133930692,0,0,0.8190883136911322,0.4351670618108085,711,0.7470342910101948,1.272669265949004,0.22502164647011186,running
MPC,5.209999999999933,-72.52411088165562,53.62872282497535,3.6269137975809613,0.03146218488515995,4.331710004176487,-0.1733188699460453,3.8930360775278445,0.14166102994507704,0.10947098295880053,0.6324999999991476,3,optimal,17.774859907522647,0,0,0.799864555321995,0.5180855770846718,735,0.8515755329008341,1.386930221430762,0.20602954162158948,running
MPC,5.309999999999931,-72.15202441363849,53.62424318495761,3.8045861828766547,-0.08362136437760714,4.607190325567004,0.007852350242935374,4.087632830137662,0.08762546021880967,0.21887286150928453,0.44700000000030826,2,optimal,18.174768831291427,0,0,0.84401991953462,0.46234988687547507,373,-0.7252548656163114,1.4755020856417993,0.22062447658991918,running
MPC,5.409999999999929,-71.76174221523125,53.60521837969487,3.995459937783266,-0.03375891278242982,4.949512641184207,0.1358072735798232,4.299537446995076,0.039170493744328794,0.15881556368769756,0.6993999999984624,3,optimal,18.574676024827255,0,0,0.9121806788371425,0.4318893186529706,372,-0.729610750695088,1.4463490438208464,0.22148173646210823,running
MPC,5.509999999999927,-71.35163842066787,53.61413518359633,4.195439542995975,0.09333347145261506,5.1856347901973585,0.11494448510932331,4.514023416803002,0.03693435595025457,0.017017507523092057,0.6270000000005993,3,optimal,18.97458064951334,0,0,0.930823608921027,0.4728580140752017,333,-0.8994902687673771,1.3731068189297924,0.19795406078248537,running
MPC,5.609999999999925,-70.92395954922246,53.66294847347585,4.399358736123734,0.17690620543001634,5.287791528278741,0.008050988209443407,4.724218695823849,0.01997418923094716,0.0839513456544192,0.4892999999999148,2,optimal,19.374483705467387,0,0,0.9218772959799489,0.42138243415748683,719,0.781881371640408,1.4744497579912157,0.21997807798827246,running
MPC,5.709999999999923,-70.47836042322972,53.73214692160729,4.603186835870942,0.1551899952265008,5.285429402386771,-0.08013752897797627,4.927901676362411,0.05473636517417863,0.07900731272880135,0.6517999999999802,3,optimal,19.7743877713916,0,0,0.9234344658847304,0.3764554751370716,711,0.7470342910101948,1.4401601156045476,0.22502164647011186,running
MPC,5.809999999999921,-70.01091563439265,53.79036074673935,4.80299864185481,0.07394965668401543,5.181283618897068,-0.08962686469220847,5.121315197760649,0.08640310838243243,0.02008699752195886,0.6873000000000573,3,optimal,20.37424790328959,0,0,0.9156617288692169,0.38121508784728736,740,0.8733549582947173,1.3292592312781832,0.20222103997141733,running
MPC,5.909999999999918,-69.51982529830534,53.82308260036175,5.0241191809707395,0.012154649318538269,5.733836504213135,-0.049391906184602166,5.376382292276124,0.05085588519732793,0.0287539468969622,0.6561999999998847,3,optimal,20.77415411237958,0,0,0.9163879626404723,0.3897602102402485,737,0.8602873030583873,1.4254442832823597,0.20447740104668097,running
MPC,6.009999999999916,-69.00594824426264,53.83298285886249,5.2386856687451475,-0.01612217846641162,5.563884590280802,-0.011910079411690913,5.58050763999882,0.08314421891249178,0.04046753659632296,0.5396999999991436,2,optimal,21.374014093875658,0,0,0.8930810940633487,0.3751139690571694,363,-0.7688137164040778,1.5774730225348477,0.22293077345441883,running
MPC,6.109999999999914,-68.46988156923146,53.8295361142221,5.464905507512416,-0.02369444174388491,5.866065516514176,0.004835187783361919,5.825292220396565,0.06954695538485416,0.03898540799066641,0.532800000000222,2,optimal,21.773922534856954,0,0,0.9205113733846997,0.36659901230819725,734,0.8472196478220577,1.4783227207438936,0.20682039817249392,running
MPC,6.209999999999912,-67.9121400213827,53.82048600382372,5.67460870640117,-0.014803240349045232,5.437775530242376,0.009903350294909286,6.0086830605366535,0.02528187824780762,0.019534763701719804,0.45800000000006946,2,optimal,22.373786397367233,0,0,0.927522030296411,0.35516517145291615,725,0.8080166821130677,1.555472183124939,0.2144087504700342,running
MPC,6.30999999999991,-67.33335659731969,53.813608079753614,5.885033161675683,-0.006670676882144733,5.456478298470489,0.004473871656606111,6.220256536248218,0.006463845199249834,0.00417726954432629,0.512000000000512,2,optimal,22.97365035140569,0,0,0.9836287024251654,0.3425026561137254,733,0.8428637627432809,1.5007311263612932,0.20762130414308752,running
MPC,6.409999999999908,-66.73357341675359,53.805889414064126,6.094838349246212,-0.020170546079802065,5.4404201802098475,-0.00032243179022538836,6.429075179696667,0.0014517800771023178,0.014162483355481204,0.5521000000001663,2,optimal,23.57351503661145,0,0,0.9737847361569891,0.32393917288798396,356,-0.7993049119555145,1.5453641203284998,0.21621722807816315,running
MPC,6.509999999999906,-66.11324544676432,53.795659311132304,6.297210058533669,-0.014676421800583483,5.247664006119652,0.00888048504368232,6.619604749858177,0.02116072295866322,0.008419459591931133,0.4992999999995362,2,optimal,24.173379809621803,0,0,0.979050008786937,0.3153753184940473,356,-0.7993049119555145,1.5563582166563934,0.21621722807816315,running
MPC,6.6099999999999035,-65.47341465069687,53.790527881722355,6.484905729051059,0.013516207960199367,4.867102312603917,0.0057523905152865075,6.783920289794061,0.06096083541025999,0.016964773245072173,0.48779999999926105,2,optimal,24.773244557229177,0,0,0.9635611034535694,0.3053252080317297,707,0.729610750695088,1.6547252851451197,0.22148173646210823,running
MPC,6.709999999999901,-64.815952221592,53.79493360776666,6.651367469453345,0.021183734678436927,4.316489130722823,-0.011520060681499918,6.916554642123341,0.08180886554171213,0.020996780840192297,0.5226000000000397,2,optimal,25.57306418777748,0,0,0.9795834077754848,0.2929908159863325,731,0.8341519925857277,1.485697356733029,0.20925385860619153,running
MPC,6.809999999999899,-64.14296324437655,53.802059195070385,6.7974734548166085,0.00405047864408381,3.788647747103615,-0.023314614133668306,7.030232244163707,0.009997747618455132,0.0020660290615706067,0.8035999999993493,3,optimal,26.172928948975986,0,0,0.970864989141421,0.28887108411396323,723,0.7993049119555145,1.5558186817735231,0.21621722807816315,running
MPC,6.909999999999897,-63.45765270082972,53.80457047049507,6.900633269921467,-0.012724352316670462,2.6750184129480856,-0.0016869125065937939,7.064975296111417,0.07700946662835141,0.015612225877742691,0.6840999999999653,3,optimal,26.772793738480832,0,0,0.9749043635096555,0.2833519737205937,354,-0.8080166821130677,1.5452003627137196,0.2144087504700342,running
MPC,7.009999999999895,-62.765060796228845,53.798775762405555,6.947999714451566,-0.028315000627888054,1.2282506627711893,-0.007412495827144044,7.023458336198586,0.03051863562514145,0.02921465779976451,0.5105999999992505,2,optimal,27.572613461060733,0,0,0.9658318944500877,0.27489745989399883,359,-0.7862372567191844,1.5592513215635624,0.21901940157552577,running
MPC,7.109999999999893,-62.070224519229406,53.783288125448074,6.951982205317743,-0.0442792024893075,0.10326924670806592,-0.0004991926153228103,6.958326639122372,0.0663815467701886,0.036005081320886756,0.5135000000002776,2,optimal,28.172477932896996,0,0,0.9726606838236538,0.2619803015558424,357,-0.7949490268767376,1.4918910881509833,0.21713917065507293,running
MPC,7.209999999999891,-61.38177490278035,53.76034862048553,6.855856013550891,-0.03994219997840176,-1.0939302799621575,0.008280605757827152,6.8425891773215275,0.051598963095883923,0.005173140643459195,0.49939999999981666,2,optimal,28.972296745159014,0,0,0.9227971829897673,0.26934086179685024,718,0.7775254865616312,1.55535599795798,0.22094939445953415,running
MPC,7.309999999999889,-60.70598687077816,53.73785851493805,6.713562772567814,-0.02735795764091442,-1.6193181284335212,-0.008921491285531397,6.6939242007075395,0.03400203822844776,0.03811305005281751,0.47579999999936007,2,optimal,29.572160974415063,0,0,0.9239941748514636,0.25919368229017714,717,0.7731696014828544,1.4937296255121328,0.22193355627601147,running
MPC,7.4099999999998865,-60.04697646163532,53.71310964922537,6.534253928984352,-0.06027409680270246,-2.0405611608613397,-0.04392013370269974,6.50950665648168,0.09186423583500278,0.039840411037395995,0.43039999999994194,2,optimal,30.172024849141607,0,0,0.9203249828233663,0.2644829845289929,724,0.8036607970342913,1.4477244553603932,0.2153071491827237,running
MPC,7.509999999999884,-59.403963036284146,53.67062684696615,6.398924066848593,-0.13287680119091938,-1.5400738472244517,-0.05393304853818668,6.380246544261907,0.08202820997740978,0.019362273781912354,0.6630000000003022,3,optimal,30.97184412063263,0,0,0.8822652211444013,0.2884102996710282,362,-0.7731696014828544,1.5707043470845996,0.22193355627601147,running
MPC,7.609999999999882,-58.768822386444576,53.598948372276816,6.38870097665883,-0.17116476774994638,-0.11634027841746475,0.007245291013974789,6.387290039006847,0.05203632314255706,0.07496602937488506,0.6333000000005029,3,optimal,31.571707486224906,0,0,0.8754761559963247,0.28163509997890973,372,-0.729610750695088,1.564874144807952,0.22148173646210823,running
MPC,7.70999999999988,-58.13493934698998,53.511799257559154,6.406811234348109,-0.1405399309479236,0.4696138000326197,0.0367315758455506,6.4356623566620925,0.019091294970863863,0.05690999693387777,0.5998999999992094,3,optimal,32.17157200538332,0,0,0.9345892438536991,0.28440638553045067,361,-0.7775254865616312,1.515828400668194,0.22094939445953415,running
MPC,7.809999999999878,-57.49863287806888,53.427827397348224,6.428103870782452,-0.10386038926128727,0.5521354847735764,0.018363645877239102,6.462024782825467,0.0569009341329865,0.015308120779427004,0.5052999999994867,2,optimal,32.771436240048494,0,0,0.9284381727300866,0.28736453646553456,349,-0.8297961075069509,1.452870037361286,0.21008581223244965,running
MPC,7.909999999999876,-56.86095818464984,53.35542828035027,6.412499148694963,-0.09124057086753457,-0.17758404539005496,-0.0022815450268271506,6.410345466243446,0.09980962271571202,0.018382351621054394,0.4447000000000756,2,optimal,33.37129856837458,0,0,0.9159088324884805,0.2832666085555011,707,0.729610750695088,1.5788179064869647,0.22148173646210823,running
MPC,8.009999999999874,-56.22861704379157,53.28867628218402,6.331032690548339,-0.10687322563263724,-0.9271003430991388,-0.02050254318283799,6.319789114385049,0.06672479692635974,0.055408623376777655,0.5080000000008411,2,optimal,34.171103124198204,0,0,0.9242620206579442,0.2713604151340263,706,0.7252548656163116,1.5227930093140245,0.2206244765899192,running
MPC,8.109999999999872,-55.603099256993204,53.21751499738608,6.277592399902454,-0.1425248639361527,-0.608158411698065,-0.051846882097711704,6.270216849378532,0.0511758528232719,0.045412988914788066,0.4452999999999818,2,optimal,34.77096108221353,0,0,0.9166762347424594,0.2693189601889606,713,0.755746061167748,1.4668827187201918,0.22600293112750477,running
MPC,8.20999999999987,-54.98134047484887,53.126652523488744,6.289624297827341,-0.2054382814924267,0.31199695791497317,-0.0567188435909985,6.308792095693951,0.06490556703450236,0.010386791623591574,0.6223999999992458,3,optimal,35.37082579381505,0,0,0.9043947632037693,0.2854567646258192,725,0.8080166821130677,1.45254872524761,0.2144087504700342,running
MPC,8.309999999999867,-54.36141192654488,53.00710572442638,6.334735838901619,-0.25005068992480783,1.1697791711578405,-0.022744603798250523,6.406602214943125,0.07003383957136607,0.05460173539313962,0.6442999999993759,3,optimal,35.970690585482245,0,0,0.8909979362874305,0.29853746895355443,740,0.8733549582947173,1.4081826979826981,0.20222103997141733,running
MPC,8.409999999999865,-53.739752311222105,52.86647965144801,6.406971533607333,-0.24155795748635445,1.8731306683078632,0.011153908871015424,6.522048905732405,0.0763073752196665,0.04576577507379476,0.5931000000005682,2,optimal,36.57055537840067,0,0,0.8967375610069692,0.2943988756337097,716,0.768813716404078,1.5633296076055134,0.22293077345441878,running
MPC,8.509999999999863,-53.110365827195714,52.72229225873579,6.499503558362674,-0.20669341843404787,2.3994311133293946,0.013814548691854722,6.6469146449402725,0.10152666817240216,0.010538131056816447,0.6627000000003491,2,optimal,37.370375102195005,0,0,0.9311503886657139,0.2848573731123745,717,0.7731696014828544,1.5281394475341044,0.22193355627601147,running
MPC,8.60999999999986,-52.46801909194518,52.58396639547305,6.631432442685482,-0.19588792152502865,3.421023917156915,-0.0008749785948954024,6.841605950078366,0.04459038811626847,0.0004696933862424757,0.49710000000047216,2,optimal,37.970239895259795,0,0,0.9256708861621322,0.28106499920897077,717,0.7731696014828544,1.5293632109720126,0.22193355627601147,running
MPC,8.709999999999859,-51.81158350413691,52.44587135527458,6.773291440822297,-0.21277699941753792,3.6785198933579055,-0.005386545283239868,6.999284432021273,0.0340334218307135,0.016271713157912426,0.47359999999940783,2,optimal,38.57010468880188,0,0,0.9137676116980809,0.2803944633216183,362,-0.7731696014828544,1.552719368707243,0.22193355627601147,running
MPC,8.809999999999857,-51.14174343713942,52.30326347053,6.912604513101981,-0.20899109730509746,3.6125019527586346,0.006606532876563456,7.13454163609816,0.08379331140465913,0.012382335638718267,0.6173999999994351,2,optimal,39.369924413621305,0,0,0.9176673489421471,0.27225081111293464,352,-0.8167284522706209,1.475089591387268,0.2126462795560751,running
MPC,8.909999999999854,-50.45664204253283,52.162831989102195,7.062437339100881,-0.17853376698232815,3.885287774156004,0.006105463543341107,7.301133290517582,0.015787194877444045,0.018083396809477126,0.5152999999991081,2,optimal,39.96978920732445,0,0,0.92827717550398,0.268639975184055,716,0.768813716404078,1.5576248538470943,0.22293077345441878,running
MPC,9.009999999999852,-49.75587842879167,52.030147914392415,7.19158833635454,-0.16905963726317008,3.348991032535009,-0.01041879604042608,7.397336442354382,0.07120674417323321,0.027479515541827926,0.5915999999999144,2,optimal,40.769608932165674,0,0,0.9082171219680591,0.2596542010976936,722,0.7949490268767376,1.5013821658449047,0.21713917065507293,running
MPC,9.10999999999985,-49.04225528405991,51.899028368661554,7.310289850730571,-0.18740764385538977,3.078027391556932,-0.016430503823680567,7.499391075510234,0.05759377589249101,0.009005381925914602,0.52960000000013,2,optimal,41.36947372570882,0,0,0.9274795263559399,0.2565951385666208,740,0.8733549582947173,1.3873979801207774,0.20222103997141733,running
MPC,9.209999999999848,-48.31915053677792,51.76153870931853,7.4035065299793965,-0.20573384331820943,2.417184764542452,-0.00952804081104375,7.552008327184817,0.02561360405629224,0.009580867315075459,0.5202999999989188,2,optimal,42.169293449932646,0,0,0.9248042979636573,0.25584513064608966,728,0.8210843373493977,1.486258049033518,0.21178185999974475,running
MPC,9.309999999999846,-47.58915612906431,51.613553106680506,7.486803472571829,-0.22146294681238832,2.1599578765292313,0.0004967924349831593,7.619502317632319,0.06733626649546247,0.02567393156458264,0.588000000000477,2,optimal,42.96911317340653,0,0,0.934124768123148,0.25550174601107956,360,-0.7818813716404078,1.562243191737504,0.21997807798827249,running
MPC,9.409999999999844,-46.85286794550914,51.45650706458145,7.564031036725184,-0.21446824196075553,2.0025739275256265,0.010609806512689566,7.6870608653243915,0.0894966324508632,0.019020239786880833,0.5638000000010024,2,optimal,43.568977964611946,0,0,0.9234668622040828,0.24780173536057873,354,-0.8080166821130677,1.4962583412180877,0.2144087504700342,running
MPC,9.509999999999842,-46.10948661891327,51.30170706252184,7.61829342757799,-0.1789326449388433,1.40706819331055,0.009574802142190536,7.704737856056239,0.04845890586667866,0.015970134778235945,0.43959999999998445,2,optimal,44.36879768574712,0,0,0.9362510790925845,0.24570132540775924,708,0.7339666357738648,1.6023239007908863,0.22234991952811328,running
MPC,9.60999999999984,-45.35882105798447,51.15768410727844,7.665208210402036,-0.1651700562275913,1.2165387051752514,-0.009446470231593947,7.739947298095515,0.014324637868518751,0.02908342305585565,0.43119999999952086,2,optimal,45.16861740528978,0,0,0.9149637448295014,0.23741583364050697,721,0.7905931417979613,1.4903583364601416,0.21807316453493353,running
MPC,9.709999999999837,-44.60255520964969,51.018952749232085,7.708993565912232,-0.18384732204017773,1.1353900943715396,-0.018232589567691602,7.77874721983919,0.02395237017106058,0.009655826218290642,0.45120000000054006,2,optimal,45.968437123051714,0,0,0.9280623305733855,0.2387507217725751,709,0.7383225208526416,1.5767493931286172,0.2232291878884924,running
MPC,9.809999999999835,-43.84274278548672,50.87606197883578,7.750387022546977,-0.20452185373380782,1.0733661994348918,-0.009071484207393659,7.816330185855722,0.049584689150472275,0.011741614353399488,0.4550999999990424,2,optimal,46.76825684178714,0,0,0.9040714236316497,0.24180065578905033,734,0.8472196478220577,1.4409440742190829,0.20682039817249392,running
MPC,9.909999999999833,-43.08080842512658,50.723143400640154,7.789197934580393,-0.2223775455932948,1.0063987048364664,0.002193898338134434,7.851026893030623,0.06956344602669043,0.030156725343061908,0.464599999999038,2,optimal,47.568076563133914,0,0,0.9320408860330999,0.23405954262901946,364,-0.7644578313253012,1.533247332366268,0.2239412608755995,running
MPC,10.009999999999831,-42.31699077361505,50.56089181852317,7.825148624962922,-0.21624283754837936,0.932230817142393,0.013720720040549314,7.882421016294632,0.08658651203158857,0.02441174325720974,0.4680999999999713,2,optimal,48.36789628638179,0,0,0.9282389124145703,0.23644233580380214,351,-0.8210843373493977,1.4667651822673076,0.21178185999974475,running
MPC,10.109999999999829,-41.54926630668874,50.40067207739833,7.8576449156865635,-0.17935064802887357,0.8426554075333718,0.013373943189358545,7.909414165716259,0.09809049791393068,0.012300290939176506,0.6084999999993457,2,optimal,48.967761079732846,0,0,0.9310617611870594,0.23819510420921172,722,0.7949490268767376,1.5224762361172464,0.21713917065507293,running
MPC,10.209999999999827,-40.777002432705636,50.25193914637905,7.870571822277656,-0.16362698227932881,0.3352052649423901,-0.00505416469381527,7.891165442180802,0.08468554084842797,0.02793210564631421,0.4537000000004454,2,optimal,49.767580804495,0,0,0.9402830279279796,0.2366577128608734,701,0.7034754402224284,1.6346038589401637,0.21649658541768402,running
MPC,10.309999999999825,-40.0024167517405,50.109991554105136,7.8784940510975785,-0.18193302197645433,0.20542987541553945,-0.015239586516722452,7.89111480981921,0.07208950403294441,0.009704155003974702,0.4935000000001466,2,optimal,50.56740052939,0,0,0.9225284348256004,0.2364957592620416,728,0.8210843373493977,1.4801625372750065,0.21178185999974475,running
MPC,10.409999999999823,-39.2276216257719,49.965104689761986,7.885512558756131,-0.20361589400086633,0.18199564625975767,-0.00642549926397083,7.896693615723554,0.06088166911519528,0.011768982991315013,0.6095000000003736,2,optimal,51.36722025375748,0,0,0.927967685693568,0.2368057099265274,362,-0.7731696014828544,1.5571963880523862,0.22193355627601147,running
MPC,10.50999999999982,-38.453383961597986,49.81350152089824,7.892735179625182,-0.20013364034960546,0.18728846881718994,0.006102527561587221,7.90424140563785,0.049924196390763814,0.008954471924077723,0.5100000000002325,2,optimal,52.16703997514812,0,0,0.925347093366555,0.23826815416469127,348,-0.8341519925857275,1.47148778566838,0.20925385860619156,running
MPC,10.609999999999818,-37.677863402646146,49.66463127673745,7.900351643678115,-0.16339424021987625,0.19750114482508507,0.006494728962163986,7.91248529410769,0.03991623229766663,0.02504832862762063,0.4667999999998784,2,optimal,52.966859636943866,0,0,0.9242635372998342,0.23173165184230954,713,0.755746061167748,1.5570736022014868,0.22600293112750477,running
MPC,10.709999999999816,-36.89937838146518,49.52757694704828,7.9082944496563545,-0.14713696135865195,0.20596345796733295,-0.012386749990747972,7.920947989474848,0.03378156425352554,0.0364492113780126,0.49799999999944333,2,optimal,53.76667915384218,0,0,0.9379588594554176,0.22557767031804019,721,0.7905931417979613,1.4716750004340478,0.21807316453493353,running
MPC,10.809999999999814,-36.1188625157743,49.397566084341946,7.91645520703382,-0.16539589618422212,0.21161511608115027,-0.020350385810242105,7.92945596126447,0.034787517741643965,0.011214103875428982,0.6892000000009446,3,optimal,54.56649845579262,0,0,0.9228001870582996,0.2290210224362357,739,0.8689990732159409,1.37223649695671,0.20296376061118723,running
MPC,10.909999999999812,-35.33799573285152,49.264730826056294,7.924637476705613,-0.18719058166472635,0.21217294747476914,-0.006962665519491183,7.9376725017812975,0.03327218475025518,0.019674656473099184,0.4806999999997785,2,optimal,55.36631749188475,0,0,0.901894380386163,0.23859229671823556,366,-0.755746061167748,1.6005999635249384,0.22600293112750477,running
MPC,11.00999999999981,-34.55747234130334,49.125165174565,7.932783820385834,-0.18375691033197317,0.2112413571180404,0.012316349155169588,7.945761612417417,0.019728430315220608,0.027447952014137744,0.48149999999935744,2,optimal,56.16613623284158,0,0,0.9284503074020566,0.2345948467945936,366,-0.755746061167748,1.5789664839211393,0.22600293112750477,running
MPC,11.109999999999808,-33.77564815279517,48.9883301657145,7.9408344232783215,-0.1469232049190241,0.20875872015520638,0.021260731693968558,7.953659692401354,0.0012202722382251212,0.003666260811740596,0.49410000000005283,2,optimal,56.96595468375232,0,0,0.9385864149620197,0.23614463218319198,373,-0.7252548656163114,1.6224600552709123,0.22062447658991918,running
MPC,11.209999999999805,-32.99060109932375,48.86624702065893,7.948620901090538,-0.10779128889114364,0.20190974071174703,0.012174587165331182,7.961025397349496,0.014992421100945006,0.02203462562152758,0.5718999999988483,2,optimal,57.76577313361244,0,0,0.9290052716910022,0.23714018006591708,713,0.755746061167748,1.5964413061600313,0.22600293112750477,running
MPC,11.309999999999803,-32.202004834349815,48.76358996138153,7.956056616414234,-0.09449436100505171,0.19281418238400128,0.0002558851246873683,7.967902319328938,0.02131854777189614,0.022005939197310198,0.4792000000009011,2,optimal,58.56559173413667,0,0,0.9205060945513694,0.23812823482445986,739,0.8689990732159409,1.4249331314975113,0.20296376061118723,running
MPC,11.409999999999801,-31.41142344907567,48.67102176294935,7.96304734238507,-0.11487780086777732,0.1812752443658107,0.0011463172684431338,7.974184140850815,0.02779767090156255,0.011606280633517319,0.517099999999715,2,optimal,59.365410490142395,0,0,0.9300198301516911,0.22345481165160655,354,-0.8080166821130677,1.44276366643522,0.2144087504700342,running
MPC,11.509999999999799,-30.620066246801088,48.57928855535579,7.969560642145703,-0.1148354257856159,0.16889519209621504,0.02183317051679349,7.979936861594692,0.04258436339975853,0.024418648696760137,0.5437999999999832,2,optimal,60.16522943981299,0,0,0.9060357237626303,0.2144639545798383,371,-0.7339666357738648,1.4904213096469547,0.22234991952811328,running
MPC,11.609999999999797,-29.827457025011984,48.49317511128817,7.975552376336261,-0.07999332443394636,0.15537057010951824,0.032674319970670766,7.985097699156655,0.061388116131417286,0.0017548011328312185,0.6067999999999074,3,optimal,60.96504863052946,0,0,0.919113570197179,0.21789009138590262,367,-0.7513901760889712,1.494857616427505,0.22593517874601313,running
MPC,11.709999999999795,-29.03275189972506,48.42276391058743,7.980822243136837,-0.041427816614884705,0.1366519580419172,0.023417020637565397,7.989217572140453,0.07409966822758302,0.02533744285940731,0.50669999999986,2,optimal,61.764868042077424,0,0,0.8671941378308594,0.22449153418040801,361,-0.7775254865616312,1.4969122288639416,0.22094939445953415,running
MPC,11.809999999999793,-28.235883657754798,48.3750741170098,7.9853408735420395,-0.005272586481154917,0.11717178363434226,0.009438335211697298,7.992539421500271,0.07339747375609568,0.05107820281628905,0.508299999999906,2,optimal,62.56468764283939,0,0,0.8640705414080864,0.23497254917872734,352,-0.8167284522706209,1.4964768330656808,0.2126462795560751,running
MPC,11.90999999999979,-27.437547554666818,48.35014646341156,7.989185632218576,0.006192569872157883,0.09969773833566672,-0.007684894025622008,7.995310647375606,0.05881071721976038,0.05412906368652015,0.48900000000084987,2,optimal,63.364507315410386,0,0,0.9003354617544259,0.23329485683688725,345,-0.8472196478220575,1.4402153053976996,0.20682039817249398,running
MPC,12.009999999999788,-26.638583848171066,48.33641358908247,7.992227024372874,-0.014989454370501143,0.07886578708454643,-0.015327710005924413,7.997072210927031,0.04147441516637293,0.02668459319812655,0.4621000000000208,2,optimal,64.16432697840821,0,0,0.9108009800794385,0.23338454771071312,719,0.781881371640408,1.5430442853686737,0.21997807798827246,running
MPC,12.109999999999786,-25.839387139250633,48.32091623201776,7.994574351170094,-0.03812675478451055,0.06086810447831558,-0.006269743950284635,7.9983138348207055,0.03244649357723296,0.0005706970504237852,0.4594000000004428,2,optimal,64.96414666551574,0,0,0.9236558158496184,0.23475056159840094,337,-0.8820667284522707,1.393182108428457,0.2007631459721537,running
MPC,12.209999999999784,-25.040222398063946,48.295817393289646,7.996584622146921,-0.058053321006680036,0.05212797127024557,0.00436150112986862,7.999787148297118,0.03121225465382493,0.022475663587532058,0.4737999999990805,2,optimal,65.76396638127665,0,0,0.9225442184597688,0.22913839709164782,356,-0.7993049119555145,1.4934022401796774,0.21621722807816315,running
MPC,12.309999999999782,-24.2412524549973,48.260997702245334,7.99790173363345,-0.05297793839550202,0.034153778530796874,0.014690116738132235,8.0,0.033977171719862594,0.01724087035106825,0.47369999999968826,2,optimal,66.56378610284568,0,0,0.9343208377553718,0.226087301057144,341,-0.8646431881371641,1.376900218686997,0.2037158366078793,running
MPC,12.40999999999978,-23.44212198078802,48.228113856972406,7.998291248121878,-0.015045036652248989,0.010100429392916097,0.01185134889755188,7.998911776572741,0.03588384381605792,0.022972696068765952,0.4967000000011268,2,optimal,67.36360578449332,0,0,0.9262922982309173,0.23514507450641706,726,0.8123725671918445,1.507003516373458,0.2135218524542555,running
MPC,12.509999999999778,-22.643007623568657,48.20738522253304,7.991663319642018,0.002273588669121196,-0.07542680641222167,-0.01078360584833577,7.990748567480655,0.03151636054630286,0.04361191413914023,0.580599999999265,2,optimal,68.16342544001094,0,0,0.9293755229234275,0.23370027447651018,691,0.6599165894346619,1.6857271946845342,0.20897586948035746,running
MPC,12.609999999999776,-21.845193673191677,48.19439111482666,7.972847839998809,-0.015533619935991894,-0.2141229412649557,-0.024893097911915938,7.970251025515522,0.034367677525770274,0.028621608527006792,0.7799999999997809,3,optimal,68.9632451130531,0,0,0.9415473035314099,0.22822465420412752,720,0.7862372567191844,1.5076250170560146,0.21901940157552577,running
MPC,12.709999999999773,-21.05052562858358,48.179091351849166,7.935597821180853,-0.03800850881163953,-0.42391072365538246,-0.019775275553478647,7.930456767633271,0.049650796292855216,0.008336836442607076,0.6678000000004403,3,optimal,69.76306480400685,0,0,0.914712132951164,0.22449745585749947,721,0.7905931417979613,1.47712030122172,0.21807316453493353,running
MPC,12.809999999999771,-20.261555573278994,48.15424558190555,7.872314630078505,-0.059553925944896946,-0.7201720747181632,-0.011287473756560057,7.863580613709036,0.06579221892272599,0.01164644166759965,0.5227999999997124,2,optimal,70.56288451083063,0,0,0.8624960713399151,0.23805492339789067,718,0.7775254865616312,1.5672253912678085,0.22094939445953415,running
MPC,12.90999999999977,-19.481617234880254,48.11651227398265,7.776130044830029,-0.0809944643626217,-1.0945948064197992,-0.000709838533992913,7.762855149436525,0.0807845641504925,0.032153280778814075,0.4716999999994087,2,optimal,71.36270422939528,0,0,0.9110529505060834,0.23989710589241828,728,0.8210843373493977,1.4986896360813267,0.21178185999974475,running
MPC,13.009999999999767,-18.716816581116124,48.06761868305471,7.6062807922451245,-0.080565424180012,-1.9329096161660237,0.00740474915677081,7.582839083213426,0.10464630683678373,0.03142767655634593,0.5917999999995871,3,optimal,71.96256902252019,0,0,0.9203917733363816,0.24120013448033406,723,0.7993049119555145,1.5238977573228043,0.21621722807816315,running
MPC,13.109999999999765,-17.975093064527037,48.01968787103667,7.344223384375436,-0.04298030190805324,-2.982252061460546,0.005884626755706677,7.30805558609907,0.04786238934117853,0.005964794628812609,0.617899999999949,3,optimal,72.7623887470716,0,0,0.9382726175334742,0.24772441286129437,352,-0.8167284522706209,1.5026296217702417,0.2126462795560751,running
MPC,13.209999999999763,-17.262771049435873,47.98392975044283,7.024166759266128,-0.016196230987154614,-3.642291732088615,-0.015198493649582897,6.9799942111665745,0.04859227762784349,0.030548676176490375,0.6246000000000862,3,optimal,73.56220842504088,0,0,0.9217674693000586,0.24213030849858935,717,0.7731696014828544,1.4946346348829702,0.22193355627601147,running
MPC,13.30999999999976,-16.584596081377725,47.95688991708642,6.666262683623028,-0.042146887450448034,-4.073001317034042,-0.039736555064297005,6.616866627562724,0.04233738124098213,0.0001554653364053138,0.671200000000205,3,optimal,74.16207280549332,0,0,0.9500527592831235,0.26585958585423297,355,-0.803660797034291,1.5114537781631117,0.21530714918272373,running
MPC,13.409999999999759,-15.9452527241671,47.91971915724746,6.271154081919049,-0.12414980832001987,-4.496394326385224,-0.0362485118290596,6.216623250984505,0.07633099025622522,0.08867958424478051,0.6953999999996796,3,optimal,74.76193711631456,0,0,0.9231400329942439,0.2679275985299097,374,-0.7208989805375348,1.5615006825495366,0.2197779812188762,running
MPC,13.509999999999756,-15.349481343252362,47.85589884721728,5.850350365242703,-0.19686432760840145,-4.788808535236419,0.009261020105353731,5.792273228395407,0.08072647371044202,0.17069387142391612,0.6557000000002589,3,optimal,75.36180010975379,0,0,0.9297040315454445,0.24901066636502292,376,-0.7121872103799816,1.4001334544652086,0.21811666573475305,running
MPC,13.609999999999754,-14.799074130728846,47.774441838063176,5.418168629425648,-0.17895962647723795,-4.918292075936728,0.05904282279688109,5.35852115764903,0.10485943355774899,0.14316893780844975,0.6476000000006366,3,optimal,75.96166452523669,0,0,0.8568296600163354,0.2668110831966798,358,-0.790593141797961,1.316074408387827,0.21807316453493358,running
MPC,13.709999999999752,-14.29155591738517,47.6991660647855,4.984193035921136,-0.11775512346435146,-4.938706441742602,0.024582827482388277,4.924297985251388,0.15216623571205445,0.0013329336658474134,0.7055999999998619,3,optimal,76.56135935842546,0,0,0.8106249610686181,0.34736904232258387,320,-0.9561167747914736,1.2751314733619334,0.18972816833627504,running
MPC,13.80999999999975,-13.825139706829809,47.63705876052322,4.563142824570784,-0.12522473900363096,-4.791613681084677,-0.08851502638119603,4.505031667812668,0.1331545461544938,0.0928042063300083,0.47549999999940695,2,optimal,76.96098249142476,0,0,0.8347793057899823,0.3415918343640498,678,0.6032900834105654,1.6025048292585757,0.20049220035001988,running
MPC,13.909999999999748,-13.402031446361306,47.56274390300937,4.16216169812261,-0.2627216852656664,-4.563224526556726,-0.18010769633446322,4.106820371915111,0.10691885518711464,0.08637747027428055,0.6498999999990929,3,optimal,77.36040655496294,0,0,0.8444722248673434,0.3411606623121283,683,0.6250695088044487,1.4660108468023079,0.20359530110414154,running
MPC,14.009999999999746,-13.032152062834813,47.43717252547591,3.7867050179007853,-0.512190239840959,-4.272752553278163,-0.19840019322630134,3.734886442794793,0.07671686970033208,0.007329109210470364,0.5417000000003114,2,optimal,77.75950617096895,0,0,0.9162648449956563,0.36545627785408785,678,0.6032900834105654,1.4530678542035251,0.20049220035001988,running
MPC,14.109999999999744,-12.730935834097526,47.248361832127976,3.4502159334743676,-0.7516697664827241,-3.8292955495791903,-0.1660121414993749,3.4037754629428663,0.03183430581658629,0.019643236697065802,0.46779999999913,2,optimal,78.15821111093342,0,0,0.9276614080121418,0.4012144614490204,684,0.629425393883225,1.4323739984303014,0.2042391938838802,running
MPC,14.209999999999742,-12.502450556524549,47.01492209389037,3.183280828147945,-0.9438928397726096,-3.037760979959654,-0.15746075128647682,3.146439835478402,0.050453223758757396,0.010839791329715354,0.5958999999995385,2,optimal,78.55691622181979,0,0,0.9197337014559844,0.4322050912490085,706,0.7252548656163116,1.3365354178115552,0.2206244765899192,running
MPC,14.30999999999974,-12.339471012202146,46.754788342663744,3.020386242669298,-1.1242349305596635,-1.8537644758587601,-0.20543523084882206,2.997904380562069,0.06396675161132431,0.05871447180773348,0.6029999999999092,2,optimal,78.75687115305671,0,0,0.9005898498367316,0.47583494544760935,677,0.5989341983317886,1.4509543111291627,0.19989419460491284,running
MPC,14.409999999999737,-12.234076558210733,46.480689883379725,2.899341874270696,-1.288185092514321,-1.3775028155831561,-0.15815293868784044,2.882635961110982,0.052297924763260936,0.00098289410002117,0.4947999999993513,2,optimal,79.15560622365354,0,0,0.9371946114252964,0.5064202446473213,661,0.5292400370713626,1.5115908460697762,0.1912670526972557,running
MPC,14.509999999999735,-12.175865675693915,46.20171144940753,2.8288248893077053,-1.4314555941564056,-0.8024937187749163,-0.1760480660261133,2.8190925023932043,0.03642840252999463,0.026689168667032526,0.4792999999994052,2,optimal,79.35424436688842,0,0,0.921299038425905,0.5214901316839878,680,0.6120018535681186,1.4392640506881,0.20171054956370096,running
MPC,14.609999999999733,-12.159387603064957,45.920855667471876,2.809081377892083,-1.5692878004230373,-0.22468408009663765,-0.17884111289202442,2.8063564812980415,0.08483887344410075,0.06900771123511173,0.47819999999987317,2,optimal,79.75291257168693,0,0,0.9263932263072696,0.5365846181997374,716,0.768813716404078,1.3139029343221817,0.22293077345441878,running
MPC,14.70999999999973,-12.184222945344237,45.64033140944764,2.827682838238632,-1.719346456350781,0.4823510868467846,-0.2052217794919304,2.8573164865767615,0.011887576016548926,0.01792159979330643,0.47359999999940783,2,optimal,79.95286750292385,0,0,0.9321935007443105,0.5686543568357955,689,0.6512048192771083,1.478076219606722,0.2075805028346246,running
MPC,14.809999999999729,-12.24999973638271,45.36394471022533,2.8556603877094258,-1.8543367343398556,0.7254807495289269,-0.1440395307450714,2.9002309131915247,0.08072326601328776,0.03388735711187785,0.5841000000001983,2,optimal,80.15218563319203,0,0,0.9309499176724298,0.5912113021368852,712,0.7513901760889712,1.4475566015511525,0.22593517874601313,running
MPC,14.909999999999727,-12.344785609857645,45.092351857626745,2.8956226765337556,-1.939358485169505,1.036254847102737,-0.07181016687940109,2.9592858724196995,0.03340945637983995,0.0037035657702197966,0.5325999999996611,2,optimal,80.55184707571283,0,0,0.9180085346438345,0.5981378792540677,721,0.7905931417979613,1.4195764261502835,0.21807316453493353,running
MPC,15.009999999999724,-12.459978336911945,44.82159071514058,2.983232435013505,-1.9993646582233406,2.271792721313499,-0.06106648203223907,3.1228019486651055,0.06130842186820093,0.026806601170844324,0.4667999999998784,2,optimal,80.75180200694976,0,0,0.9271367246616116,0.6237453528767473,719,0.781881371640408,1.5015891738172233,0.21997807798827246,running
MPC,15.109999999999722,-12.593553921900396,44.54886790365831,3.082758983192643,-2.045479607909231,2.5808048287575818,-0.02747271955301762,3.241312917889263,0.0352411465380811,0.017714317385476797,0.5128999999994832,2,optimal,81.15162949776945,0,0,0.9356713163072897,0.6106782977523616,712,0.7513901760889712,1.5571949080195187,0.22593517874601313,running
MPC,15.20999999999972,-12.742826321926728,44.270897271416764,3.217119891543812,-2.080803609510678,3.4840882901396135,-0.027527058048785073,3.4311678122066045,0.0817137483769514,0.02941884283865326,0.46350000000039415,2,optimal,81.35153130924887,0,0,0.9337094474764926,0.5941775752941446,705,0.7208989805375348,1.5957788958409962,0.2197779812188762,running
MPC,15.309999999999718,-12.907072711363458,43.98588616613491,3.351244603286924,-2.1047531266639785,3.477963518832234,-0.009250366709943864,3.564916243427035,0.019433285566868592,0.010660342101106224,0.45590000000039765,2,optimal,81.75140060870457,0,0,0.9308037228653487,0.572949955186156,714,0.7601019462465248,1.5608888075128509,0.22496523842325897,running
MPC,15.409999999999716,-13.08276244701582,43.69063731357823,3.5076257541170297,-2.114113725159866,4.05509119499033,-0.021111661917973524,3.756753722785957,0.04765854635226278,0.01668942258167494,0.47239999999959537,2,optimal,82.15128164733972,0,0,0.9312790358699459,0.5378410301473728,716,0.768813716404078,1.5184069855651536,0.22293077345441878,running
MPC,15.509999999999714,-13.271644772552973,43.38366775584247,3.6867373308256597,-2.1360477398961315,4.644509736477613,-0.0422583899646025,3.972076727764791,0.08482695649302305,0.02504171598125149,0.8115999999995793,2,optimal,82.55117274392289,0,0,0.9214248682797053,0.5123363352188821,705,0.7208989805375348,1.569770311011211,0.2197779812188762,running
MPC,15.609999999999712,-13.480018877591615,43.066785530661726,3.8830002617919646,-2.1748436617280538,5.089258385936142,-0.04732963633123056,4.195663169419274,0.09494034839470823,0.0012504974421507775,0.5444000000007776,2,optimal,82.7511276751598,0,0,0.9369837268689463,0.4923193623404436,718,0.7775254865616312,1.5144492906397513,0.22094939445953415,running
MPC,15.70999999999971,-13.708885364225045,42.7414380541955,4.058756982391377,-2.2020899309346857,4.557515572559943,-0.022558727170104632,4.338751819047959,0.09282076171134156,0.00830190255025176,0.44589999999988805,2,optimal,83.15102668867745,0,0,0.934920368151142,0.4726278515470687,728,0.8210843373493977,1.4623481098349738,0.21178185999974475,running
MPC,15.809999999999707,-13.95383626163313,42.406022132715606,4.234017341062915,-2.2121079380118953,4.544644501637632,-0.01310964378638543,4.51322143255514,0.09171811791536542,0.001951221883012888,0.49539999999925755,2,optimal,83.75088345686187,0,0,0.9240095661487455,0.4535117384036602,702,0.7078313253012047,1.6158123987405129,0.21730154451353453,running
MPC,15.909999999999705,-14.215633068620786,42.05933980995044,4.438358176761166,-2.2355378842552556,5.298725065127353,-0.02789488879560685,4.76388984757565,0.05722485653536843,0.00873823787932082,0.48759999999958836,2,optimal,84.15079004344709,0,0,0.9220067086587486,0.4412718171291577,711,0.7470342910101948,1.5958453287967969,0.22502164647011186,running
MPC,16.009999999999703,-14.49917198728832,41.703689433809195,4.642346061048157,-2.264933870495204,5.289572746241992,-0.026254317080961202,4.967315451385365,0.004103753074829909,0.023791824255185556,0.4380000000008266,2,optimal,84.55069580497234,0,0,0.9373542994051707,0.41567148005867527,354,-0.8080166821130677,1.4891113379077496,0.2144087504700342,running
MPC,16.10999999999972,-14.801739015347717,41.33808927035825,4.833688824758301,-2.275431512191295,4.961674423211577,-0.019670713360271153,5.138513503369314,0.07302076153809592,0.018235841484096404,0.4377000000008735,2,optimal,84.95060064491454,0,0,0.9313776195355029,0.396777089522733,353,-0.8123725671918443,1.4803929422456565,0.21352185245425553,running
MPC,16.209999999999734,-15.122118460636745,40.96381679756807,5.006122844558667,-2.3003014326836144,4.471355222145085,-0.029034894889179364,5.28082434697281,0.036836446786525194,0.015588238461587078,0.5216999999992922,2,optimal,85.55045940432082,0,0,0.913388206077183,0.3808660650287248,355,-0.803660797034291,1.4930926767427943,0.21530714918272373,running
MPC,16.30999999999975,-15.465341141855266,40.58691136743119,5.176116982817667,-2.347466631520336,4.408087097420998,-0.037954223698414905,5.446931554300766,0.07837224774202682,0.042252756175271244,0.8348000000006905,2,optimal,85.95036214789744,0,0,0.9363105971536672,0.3627920502986595,353,-0.8123725671918443,1.4626517151943013,0.21352185245425553,running
MPC,16.409999999999766,-15.833150074625237,40.211688624864905,5.321275785392048,-2.3810645198000917,3.7640865223853788,-0.02450303049420773,5.552525635056204,0.03117467357653058,0.04183788521049703,0.8030999999997235,2,optimal,86.550209318881,0,0,0.8890897056311723,0.3496348344704335,345,-0.8472196478220575,1.4050010570436184,0.20682039817249398,running
MPC,16.50999999999978,-16.219579488251856,39.83695606752919,5.435486957599215,-2.392063348015341,2.961589145036835,-0.02190326224713055,5.617434699895732,0.07071522576979669,0.014159607446250444,0.5766999999998745,2,optimal,87.15006366406655,0,0,0.9221880994723988,0.3536587145519519,323,-0.9430491195551436,1.2968032605793527,0.19151107328698833,running
MPC,16.609999999999797,-16.620213663957568,39.46376022117257,5.509389814538599,-2.419119755725259,1.9163615491300898,-0.030629744166705716,5.6271231125122245,0.09895796906292874,0.013169739216981835,0.5312999999995682,2,optimal,87.54996213057713,0,0,0.8984602803188865,0.345417621165637,733,0.8428637627432809,1.4567825254369071,0.20762130414308752,running
MPC,16.709999999999813,-17.035334236859935,39.09950114063256,5.534518753445101,-2.458081184811466,0.6516139468107437,-0.01966224736659145,5.574551209219673,0.05494421382374529,0.0067678180896391105,0.56429999999974,2,optimal,88.14980214024501,0,0,0.9322871531074455,0.3342422292022798,709,0.7383225208526416,1.5851784066254098,0.2232291878884924,running
MPC,16.809999999999828,-17.460483723907473,38.74562557077554,5.530215626789934,-2.4736162504264305,-0.048970217794710516,-0.015305183394570071,5.52962173166563,0.016310875013149723,0.027804438563812983,0.5304000000005971,2,optimal,88.749654097057,0,0,0.9294391678500036,0.3216312497510073,722,0.7949490268767376,1.4637627752080078,0.21713917065507293,running
MPC,16.909999999999844,-17.891823270097237,38.403508671539235,5.4930986189972835,-2.5040111383550214,-0.42239703851425425,-0.032933848238622096,5.487975922938508,0.0530529255471262,0.04815396966165597,0.8071999999996748,2,optimal,89.3494956054078,0,0,0.9088396366862821,0.3130949791752029,723,0.7993049119555145,1.4234159448948307,0.21621722807816315,running
MPC,17.00999999999986,-18.336207974446772,38.08027593467201,5.49815807734726,-2.58060684349639,0.13119589475778606,-0.07104872912999563,5.506218208473062,0.10700218335681583,0.0025305687512693353,0.6676999999992717,2,optimal,89.74939733372331,0,0,0.9153620360628172,0.3113141085402154,728,0.8210843373493977,1.3770776367093065,0.21178185999974475,running
MPC,17.109999999999875,-18.801397456509722,37.78644509524016,5.5075054502937,-2.661109167458763,0.2423850286955597,-0.05497477989208722,5.5223965802168165,0.07624692903050388,0.03679992824357825,0.6617000000002093,2,optimal,90.34925589182487,0,0,0.8974276393553792,0.31858201549983495,712,0.7513901760889712,1.5059107873839523,0.22593517874601313,running
MPC,17.20999999999989,-19.286948583250435,37.52298528266819,5.540178812906791,-2.716911368949446,0.8472470265103657,-0.03412585336608346,5.592230152944737,0.06263328557250288,0.05678778571723386,0.8007999999994908,2,optimal,90.94911216997242,0,0,0.8644483758871292,0.3320513121945068,727,0.8167284522706209,1.4646426710932405,0.2126462795560751,running
MPC,17.309999999999906,-19.79045086606573,37.28545358411692,5.591076615331081,-2.753629068780968,1.319821662390314,-0.019897681937793666,5.672160979145822,0.06824413427020867,0.06342246282185027,0.6721999999994566,2,optimal,91.54897416491931,0,0,0.8922216802654999,0.33774200510869173,721,0.7905931417979613,1.5342854789665152,0.21807316453493353,running
MPC,17.409999999999922,-20.307237522309318,37.06364369335826,5.6519300881467744,-2.7648271854597555,1.5779803415540021,-0.015723711631684616,5.748874649486481,0.09280548110967095,0.045144862143331466,1.6511999999995197,2,optimal,92.1488346848647,0,0,0.921385536519242,0.3318431111757466,728,0.8210843373493977,1.4760762860881125,0.21178185999974475,running
MPC,17.509999999999938,-20.83277495829617,36.851068741059954,5.683700064842175,-2.776340778996961,0.8238214904974489,-0.02103324002592763,5.734312237196519,0.07891389824567023,0.03364838722546448,0.7885000000005249,2,optimal,92.54874239776728,0,0,0.9232257577434272,0.3278363659837546,717,0.7731696014828544,1.5480610739766585,0.22193355627601147,running
MPC,17.609999999999953,-21.361089257898907,36.64682665108409,5.654322446911925,-2.7904556023121043,-0.3343216371767488,-0.018261854075580286,5.650267901124501,0.04474292845232182,0.007265430566628428,0.5446000000013385,2,optimal,93.14860554331631,0,0,0.9154202031158722,0.317249526898908,711,0.7470342910101948,1.5480066153640721,0.22502164647011186,running
MPC,17.70999999999997,-21.885377393271405,36.45302833272549,5.556668507875217,-2.806437786288485,-1.1113162698563517,-0.02135032810832889,5.54319081992629,0.02106964226924546,0.023249771396529173,0.7799999999997809,2,optimal,93.74846823496102,0,0,0.9410542080727817,0.30635786455058456,720,0.7862372567191844,1.442874178917965,0.21901940157552577,running
MPC,17.809999999999985,-22.403958736539845,36.27267399651496,5.457013067274472,-2.8393954416731275,-1.134093653689487,-0.04672335757143528,5.443259142506268,0.06773041514804401,0.04259075881556562,0.5500999999998868,2,optimal,94.34832119434414,0,0,0.9207786614039005,0.2885356107171397,712,0.7513901760889712,1.397529144264215,0.22593517874601313,running
MPC,17.91,-22.9219470661861,36.11666308867356,5.386846736949859,-2.920108970507663,-0.7985032171262181,-0.07322004564525543,5.377162745561851,0.11394126394551529,0.004613233378274906,0.894900000001364,3,optimal,94.74822384627707,0,0,0.8612083748826143,0.30704117599528896,719,0.781881371640408,1.408914362379662,0.21997807798827246,running
MPC,18.010000000000016,-23.44554886295756,36.000147744588354,5.35495720335845,-3.0237227642106244,-0.3629076089285167,-0.06059614946965597,5.350555976057007,0.08678237596330213,0.06668308685673008,0.6841999999993575,2,optimal,95.34808290289416,0,0,0.8652698025641151,0.33196459620729135,744,0.8907784986098242,1.3238002804647937,0.19934114321212792,running
MPC,18.11000000000003,-23.977264534970622,35.927305843726735,5.37888366829725,-3.086095488270289,0.6204328129416252,-0.008546216416669026,5.417000484652612,0.07926416734205714,0.10043518198703438,0.5792999999991721,2,optimal,95.94794134627062,0,0,0.886456815766526,0.35107750442451974,360,-0.7818813716404078,1.5540092371958605,0.21997807798827249,running
MPC,18.210000000000047,-24.515966780673374,35.87973649972147,5.43302157876899,-3.077458177689527,1.4038403151773113,0.029175811152777197,5.51926769981498,0.1002035544120517,0.07872208255758073,1.078100000000859,2,optimal,96.34785008786574,0,0,0.9147334570365111,0.33787727851268673,374,-0.7208989805375348,1.5850337885329266,0.2197779812188762,running
MPC,18.310000000000063,-25.06011877615948,35.8349963246187,5.482796739176919,-3.04564955199879,1.290710636339458,0.02424685332700272,5.562092642402936,0.03991684705992831,0.0359529975491637,0.7774999999989873,2,optimal,96.94771454891739,0,0,0.9255994680121542,0.33413552826968496,364,-0.7644578313253012,1.5341953565362554,0.2239412608755995,running
MPC,18.41000000000008,-25.60889714754179,35.78335359342523,5.53695853548781,-3.035822901468994,1.4044596945303536,-0.010692571834360572,5.623242708629955,0.01711899696448337,0.015319094957123802,0.7041000000000963,2,optimal,97.54757778138261,0,0,0.9294725890754449,0.3388502391918129,715,0.7644578313253012,1.564856672026247,0.2239412608755995,running
MPC,18.510000000000094,-26.161881783984253,35.73172374729584,5.568424132204761,-3.0661133211947136,0.8159286686068877,-0.02952694030266312,5.618551402348499,0.058438125524072855,0.019629879639784686,0.7361000000001283,2,optimal,98.14743850111364,0,0,0.9271898291169395,0.35027681150024725,715,0.7644578313253012,1.623767399689649,0.2239412608755995,running
MPC,18.61000000000011,-26.717095036384876,35.69315469312318,5.564279383738242,-3.1083709932353614,-0.047167850582788655,-0.022095786349334606,5.563707347146482,0.10025599071442456,0.016923856166629836,0.6563999999995573,2,optimal,98.74727750909145,0,0,0.9239155317691292,0.3429006297257977,698,0.6904077849860983,1.6862751064667687,0.21414126651260781,running
MPC,18.710000000000125,-27.268294010430886,35.66913066131626,5.493428568687713,-3.126582701385224,-0.8062927545466348,-0.008427115677492934,5.4836501082835785,0.06293841054710468,0.004493780457023089,0.659700000000818,2,optimal,99.14715906238774,0,0,0.9739207197407838,0.3257065598449856,731,0.8341519925857277,1.4267829710226754,0.20925385860619153,running
MPC,18.81000000000014,-27.808297369665958,35.654571256373124,5.355377228289838,-3.1221015823267195,-1.5710446723707183,0.0071545733712285965,5.336324101450641,0.005827339297982384,0.07926250075475672,0.7479000000003566,3,optimal,99.74698341806317,0,0,0.9330439310530854,0.3034909527597476,690,0.6555607043558851,1.529878378589074,0.2082738731989199,running
MPC,18.910000000000156,-28.337524532428198,35.64418732514952,5.261836402929835,-3.142244013304938,-1.0645084278606327,-0.07375795574966218,5.2489263855037755,0.09812393762281912,0.11499756515040627,0.5627999999999744,2,optimal,100.34679711195315,0,0,0.898617948526417,0.29082635898214065,694,0.6729842446709915,1.4290334237182531,0.2111347683074644,running
MPC,19.010000000000172,-28.864227978709657,35.6598998883609,5.278674760163817,-3.2652457155874948,0.4366323805341926,-0.14055713602504868,5.305499640983254,0.12116098972925454,0.015588868073932893,0.8580000000000254,3,optimal,100.74669935680768,0,0,0.8206329952981001,0.3036894918095277,732,0.8385078776645041,1.2767885648942054,0.20843240730709414,running
MPC,19.110000000000188,-29.388906172827063,35.73283131600032,5.319276599659913,-3.423085987299399,1.0528389193138858,-0.1012288672365692,5.383958652095205,0.12191539389647116,0.12703850310136655,0.8248999999995732,3,optimal,101.34656266939238,0,0,0.7990907281166089,0.34205986138168,369,-0.742678405931418,1.5542495780978969,0.2241197071405647,running
MPC,19.210000000000203,-29.907288973269917,35.869571632849734,5.400643345951614,-3.508239377223788,2.109906307128705,0.04306549069838097,5.530267230372783,0.11197622013883185,0.22255474444010925,0.5811999999991713,2,optimal,101.94642386841703,0,0,0.892582100601063,0.30014217308476526,389,-0.6555607043558851,1.473860497782786,0.2082738731989199,running
MPC,19.31000000000022,-30.43040317748359,36.02814274780448,5.522505548651382,-3.398309945377436,3.1599866259253835,0.15912446779724498,5.716642008544152,0.05274877747509419,0.13066857659200037,0.7526999999996065,3,optimal,102.34632491255735,0,0,0.9333629164300753,0.28616050226050777,374,-0.7208989805375348,1.3807401836806048,0.2197779812188762,running
MPC,19.410000000000235,-30.975743524678958,36.14981842401241,5.647934884198993,-3.2254450340689984,3.2524852993644178,0.13051549208446045,5.8477540785878235,0.08370581591563296,0.016931209833382255,0.8059999999998624,3,optimal,102.94618409200453,0,0,0.8450047876575175,0.3125904147931284,365,-0.7601019462465246,1.4761155658668508,0.22496523842325905,running
MPC,19.51000000000025,-31.545010553593073,36.20907966229029,5.792659532098701,-3.1194431365676354,3.75282853643764,0.02695764813349588,6.023217737842757,0.09252716976171119,0.11363237578095342,0.659799999999322,2,optimal,103.54604695437523,0,0,0.8334904226200696,0.32771059977174666,726,0.8123725671918445,1.4865221244985405,0.2135218524542555,running
MPC,19.610000000000266,-32.13277810500122,36.22854701074049,5.9564550968361125,-3.1492693926056385,4.24735301421811,-0.06227988067756738,6.217394833520512,0.06625331197079466,0.09027571141995194,0.7142000000008863,3,optimal,104.1459111799322,0,0,0.8831466842099776,0.31169803367861243,704,0.7165430954587584,1.5804804175471874,0.21894209497805303,running
MPC,19.71000000000028,-32.737301131014995,36.2561124177158,6.133443550037934,-3.2532617267691504,4.589455406766936,-0.07375235061258929,6.415400637512806,0.037862444800629017,0.009730014472122406,0.7584999999998843,3,optimal,104.74576376079068,0,0,0.9395156685422731,0.31343925612638807,705,0.7208989805375348,1.6222821265473166,0.2197779812188762,running
MPC,19.810000000000297,-33.35702464889696,36.320872739818405,6.315963806670115,-3.3289479950748295,4.732899595940604,-0.033457429197225476,6.606733509631995,0.011313981167659219,0.03256989818969158,0.7042000000012649,2,optimal,105.34561579341639,0,0,0.925438864889202,0.3016354153169981,363,-0.7688137164040778,1.5526381829042641,0.22293077345441883,running
MPC,19.910000000000313,-33.990052091840234,36.4236045809297,6.496844851231295,-3.359038845860571,4.690393485705758,-0.00265010420939809,6.78500315524069,0.031850425496526565,0.03586989101618565,0.5378000000000327,2,optimal,105.9454653672459,0,0,0.9187328194935166,0.2935852293047628,354,-0.8080166821130677,1.4955886812565784,0.2144087504700342,running
MPC,20.01000000000033,-34.637097648309926,36.54848577561698,6.6691777847007,-3.343669731738674,4.468733970872562,0.00828683592692854,6.943718248318551,0.0901405243379699,0.003320911530906301,0.5055000000009358,2,optimal,106.54532711827754,0,0,0.9048685393470416,0.28585386121531337,728,0.8210843373493977,1.4772946300042336,0.21178185999974475,running
MPC,20.110000000000344,-35.299923755941784,36.67829406172352,6.82656917372547,-3.3287918582561917,4.081287497973621,-0.0021478956470009623,7.077306534498063,0.03935060408941269,0.01910733099433415,0.5494999999999806,2,optimal,107.3451455248222,0,0,0.9322412851377426,0.274387677078193,707,0.729610750695088,1.5855812414884949,0.22148173646210823,running
MPC,20.21000000000036,-35.977492121315386,36.81138153243009,6.972090818803022,-3.342628426043316,3.7734953253770853,-0.007670122526647833,7.203918706263178,0.0612263279511938,0.001451056904748782,0.5550000000003052,2,optimal,107.9450099485694,0,0,0.9332761966211518,0.26654303375898214,724,0.8036607970342913,1.478230022681034,0.2153071491827237,running
MPC,20.310000000000375,-36.66659997013546,36.95183591133104,7.084489963663973,-3.3588536426422912,2.9146017933149637,0.0016617303997988422,7.2635509981345185,0.04754260856556304,0.019039711991433617,0.6079999999997199,2,optimal,108.74482948960475,0,0,0.9143142019703911,0.26700750689185476,713,0.755746061167748,1.5808015110065656,0.22600293112750477,running
MPC,20.41000000000039,-37.364296284634975,37.099729083834575,7.172447957218858,-3.3527478941082474,2.280822741744143,0.012012948263134284,7.3125722378383875,0.07446456937438001,0.01289084665162532,0.8011000000003321,2,optimal,109.34469428327796,0,0,0.9296524529020783,0.2643614845615156,362,-0.7731696014828544,1.562345071745551,0.22193355627601147,running
MPC,20.510000000000407,-38.06934409619945,37.244732820608284,7.219955374427104,-3.3188274605381616,1.2319061996620444,0.01932604206889806,7.295638577185063,0.01662185041494153,0.025313622602944896,0.6986000000006598,3,optimal,110.14451380749706,0,0,0.9117120133776504,0.2522140009009265,728,0.8210843373493977,1.4444795169814928,0.21178185999974475,running
MPC,20.610000000000422,-38.7795164036043,37.37611481664117,7.2245183146424,-3.2829995911632834,0.11832077326518288,0.0071048726227158935,7.231787451753623,0.09060401699240579,0.06321751184186608,0.7772000000008106,3,optimal,110.94433329701353,0,0,0.9279809569336042,0.2385998745074198,725,0.8080166821130677,1.4046664971106027,0.2144087504700342,running
MPC,20.710000000000438,-39.4862530209328,37.49133415223589,7.128160535849124,-3.2853281632036846,-1.0965657745760233,-0.03233782936551095,7.114861737184798,0.06693236345900895,0.054503672377928414,0.9044000000004715,3,optimal,111.54419713037602,0,0,0.9053603018855058,0.23043631411365645,712,0.7513901760889712,1.4424657650349328,0.22593517874601313,running
MPC,20.810000000000453,-40.17620119380638,37.60609258726791,6.926066950556621,-3.33892312262382,-2.299854891513752,-0.014427697416711805,6.898175046697748,0.10331127118632029,0.018802135555651134,0.7641000000004894,3,optimal,112.34401160568072,0,0,0.8723690288285103,0.2533441367638347,720,0.7862372567191844,1.4948958252046336,0.21901940157552577,running
MPC,20.91000000000047,-40.840589461457334,37.72561961592466,6.661040416741766,-3.3298478767572113,-3.0160411538685388,0.04303625876907731,6.6244628351697665,0.07163849853388976,0.03308706448577459,0.6743000000000166,3,optimal,112.94387115102614,0,0,0.8776903565094604,0.2704268717087719,735,0.8515755329008341,1.4399558870466247,0.20602954162158948,running
MPC,21.010000000000485,-41.4771071111826,37.83001310556469,6.343260762210766,-3.2378558559233435,-3.6163794701295107,0.061492644642995635,6.299402469728816,0.07791998368550955,0.02430380686294553,0.7194000000003697,3,optimal,113.5437112026342,0,0,0.9126475403885197,0.2786841115917122,743,0.8864226135310473,1.3735945993394545,0.20004771979496722,running
MPC,21.1100000000005,-42.08444494216968,37.895584855110904,5.990864687284864,-3.13626303268277,-4.010319454205132,0.0346810363113082,5.942228816790253,0.08256981088207724,0.07391077902187071,0.5427000000004512,2,optimal,114.14354900546924,0,0,0.9147239283581139,0.2787664998561422,717,0.7731696014828544,1.4874987611406179,0.22193355627601147,running
MPC,21.210000000000516,-42.658705778131306,37.9176021101694,5.623848483012478,-3.0857383661396773,-4.176698688575222,-0.00039059165287425924,5.573194818427342,0.06103807189568961,0.05460582908389089,0.7694999999996455,3,optimal,114.74331437297572,0,0,0.9241960860761733,0.3124074893067986,733,0.8428637627432809,1.452842469272893,0.20762130414308752,running
MPC,21.31000000000053,-43.19691156295627,37.91010546149393,5.260061044113607,-3.078804853279901,-4.13995486107035,0.004760935696784972,5.209852996905443,0.024975870788778227,0.029109407793936448,0.9804000000004365,3,optimal,115.34310104252899,0,0,0.9304033683637425,0.3049921325031748,381,-0.6904077849860983,1.5365598827275115,0.21414126651260781,running
MPC,21.410000000000547,-43.69949433846409,37.88501279018914,4.916438402559836,-3.047465839871646,-3.9104764847854794,0.05712845259677687,4.86901339563506,0.09219765675595852,0.0672946016215743,0.7500000000009166,2,optimal,115.74291235269837,0,0,0.9198530333747778,0.30202705152225345,377,-0.7078313253012047,1.4243393903640809,0.21730154451353453,running
MPC,21.510000000000563,-44.16735788806795,37.83166807428177,4.605910731764857,-2.927664660021495,-3.5338508226005603,0.11166300225710665,4.5630533202997805,0.08394402235755025,0.05317939385691828,0.7185999999999026,3,optimal,116.34258071345685,0,0,0.8561630520408852,0.3075894996443257,361,-0.7775254865616312,1.2986531424474301,0.22094939445953415,running
MPC,21.61000000000058,-44.60299580594517,37.72492172736861,4.43087368151554,-2.7460639876417616,-1.9919475208942443,0.15119726032184982,4.4067159796754325,0.09634453350208767,0.06068879270914218,0.6894000000006173,3,optimal,116.74241007767732,0,0,0.8408417706608899,0.36077321982866223,378,-0.7034754402224281,1.4836985314006508,0.216496585417684,running
MPC,21.710000000000594,-45.003200475740094,37.553765798415085,4.31933323523889,-2.5894259631889573,-1.2693467761467794,0.07728884150164708,4.3039390039008625,0.08544117238152407,0.15193314279583614,0.5388000000001725,2,optimal,117.14224916018733,0,0,0.8490033647778612,0.4217521054894108,350,-0.8254402224281743,1.4783639868734433,0.21092842571338713,running
MPC,21.81000000000061,-45.370932366021634,37.33747975035899,4.24111621547086,-2.528996204622241,-0.8901212537388042,-0.0070829507272628526,4.2303211098650095,0.06267791506250571,0.14905017715068025,0.7783000000003426,2,optimal,117.54209578850367,0,0,0.9081347154836059,0.4180438755918275,730,0.8297961075069509,1.4289609231122533,0.21008581223244965,running
MPC,21.910000000000625,-45.72166176268339,37.106063079403,4.182152048327023,-2.5391556679572487,-0.6710209432600964,-0.02647369776882833,4.17401412114485,0.06494260380190266,0.07734358626306026,0.7108000000002335,3,optimal,117.94194788268457,0,0,0.9299218920179986,0.4372158467712169,380,-0.6947636700648749,1.6393862658695777,0.21491658495418048,running
MPC,22.01000000000064,-46.06469546847123,36.87240581367772,4.134437622470489,-2.5345426433566636,-0.5429972235046174,0.0206364069839798,4.127852325976561,0.07963241550735087,0.021745298041488947,0.5139000000005112,2,optimal,118.3418034823128,0,0,0.9406837391867215,0.4300038018638818,347,-0.8385078776645043,1.4107551579599884,0.2084324073070941,running
MPC,22.110000000000657,-46.39834056833718,36.63305054101279,4.092390131871992,-2.4851337054311924,-0.4785066620935412,0.07041262156640218,4.086586956261135,0.09065237409759025,0.010770642701932953,0.5776000000006221,2,optimal,118.74165897149811,0,0,0.9346691937782841,0.4231674330493908,373,-0.7252548656163114,1.5298729068086678,0.22062447658991918,running
MPC,22.210000000000672,-46.712542526062265,36.37569430731257,4.047263041138587,-2.391232916631072,-0.5135529671206183,0.08703764976574106,4.04103483515993,0.09716632233468173,0.04261962633121774,0.5436999999988146,2,optimal,119.14151167063694,0,0,0.9223835254019428,0.4323092620774919,365,-0.7601019462465246,1.507205015514516,0.22496523842325905,running
MPC,22.310000000000688,-47.00159039561805,36.0976795707216,3.9931383137357384,-2.3132837511322193,-0.6159474032247227,0.06143415702962974,3.9856683008161147,0.09876855273419,0.05615566885550116,0.5372000000001265,2,optimal,119.5413611929248,0,0,0.9348058005654097,0.4427931304953903,366,-0.755746061167748,1.5302219563572457,0.22600293112750477,running
MPC,22.410000000000704,-47.266449366033555,35.804552754028805,3.930013862329538,-2.2534275995169075,-0.7183655934974257,0.044323932890043674,3.9213017543859956,0.09502507223133705,0.04868618053309559,0.5257000000007395,2,optimal,119.94120805190083,0,0,0.9281417848914635,0.44384854916430233,362,-0.7731696014828544,1.490404539059961,0.22193355627601147,running
MPC,22.51000000000072,-47.50787238164852,35.50068692528207,3.856885351100016,-2.1947474832095946,-0.8322132739488557,0.04569668995389122,3.846792534934653,0.08480774831696278,0.03664533654820268,0.8390000000009223,2,optimal,120.34105379169861,0,0,0.9254981413619318,0.44842876785679836,360,-0.7818813716404078,1.4705092298804734,0.21997807798827249,running
MPC,22.610000000000735,-47.72606923181266,35.18906523891392,3.7781594377845837,-2.13669601041798,-0.8959125375767243,0.05170047865640105,3.767294097342343,0.06673417155206121,0.020210776091879712,0.573600000000063,2,optimal,120.74090114722765,0,0,0.9339585012157118,0.45144242306374455,381,-0.6904077849860983,1.5565531992101092,0.21414126651260781,running
MPC,22.71000000000075,-47.92155158890338,34.87139986162505,3.70615663065874,-2.0798292927222715,-0.8194025947504325,0.06347267716076187,3.6962191783095406,0.040295075267709785,0.0003590388604521877,0.5055000000000476,2,optimal,121.14075657851329,0,0,0.9217322135689167,0.4524827730402819,367,-0.7513901760889712,1.4751742152386362,0.22593517874601313,running
MPC,22.810000000000766,-48.09333508226746,34.54718428688994,3.651571699014167,-2.007333661992983,-0.6211845955625762,0.08010484678282918,3.644038171102482,0.0070373684069257635,0.0020022408979638584,0.6593999999990885,2,optimal,121.54062738801623,0,0,0.929022951169327,0.4659075808723065,385,-0.6729842446709917,1.5613744398822265,0.21113476830746442,running
MPC,22.91000000000078,-48.23721732515254,34.21376213360231,3.6227407797372635,-1.9212678712757398,-0.32810012564157254,0.08525581372561944,3.61876168645001,0.02968775877891934,0.01191216177437715,0.5200000000007421,2,optimal,121.94051261624416,0,0,0.9215899194605679,0.4640175394370762,364,-0.7644578313253012,1.4468827221134921,0.2239412608755995,running
MPC,23.010000000000797,-48.35207240320972,33.87053503294608,3.619257449820608,-1.836555105443904,-0.03964080965747448,0.0723431079948025,3.618776698771516,0.0674034523893324,0.027100478268119677,0.5582999999997895,2,optimal,122.34040949571735,0,0,0.935355117504047,0.4934232719028872,344,-0.8515755329008341,1.3836615350132762,0.20602954162158948,running
MPC,23.110000000000813,-48.43987253480038,33.51906773585487,3.6268144446351727,-1.7692129706250181,0.1959590588153526,0.05289104261431146,3.6388533557021434,0.09658782295434243,0.0605625872866451,0.5936999999995862,2,optimal,122.54036442695427,0,0,0.922118118973875,0.515236363024347,359,-0.7862372567191844,1.5365061800717996,0.21901940157552577,running
MPC,23.21000000000083,-48.50879971519317,33.165158508134,3.594963036466393,-1.7401864218530134,-0.36247373598001653,0.0037634071523024596,3.590567071037171,0.06158695590725855,0.023609045668623985,0.5423000000002176,2,optimal,122.94026868896262,0,0,0.8977119988837946,0.49147555682683797,376,-0.7121872103799816,1.5673450940462381,0.21811666573475305,running
MPC,23.310000000000844,-48.57060495658701,32.81243190891757,3.5739737158695197,-1.7329973508761496,-0.2388615728421152,0.030447290896722972,3.5710768791821814,0.023227498683238427,0.03330151881190524,0.5515999999996524,2,optimal,123.34017430470219,0,0,0.9308635397741644,0.474832684343538,362,-0.7731696014828544,1.443638730851626,0.22193355627601147,running
MPC,23.41000000000086,-48.62252751499063,32.45872797396441,3.576446809242568,-1.6883898402043398,0.06412933469413577,0.09079561294971973,3.580386649338933,0.026012259802607733,0.05131417771517777,0.5463999999992808,2,optimal,123.74007858735553,0,0,0.9260345344866474,0.4647249299227786,366,-0.755746061167748,1.4347503237511443,0.22600293112750477,running
MPC,23.510000000000876,-48.650396411086604,32.10160638460401,3.589049840353268,-1.592863677002267,0.32680690873486995,0.1208646199053271,3.6091275001160548,0.06966551705000647,0.01735846128766738,0.7020999999998168,3,optimal,124.13998252154207,0,0,0.9165873694010083,0.4681780509304165,362,-0.7731696014828544,1.4203125795916112,0.22193355627601147,running
MPC,23.61000000000089,-48.64438357069926,31.741794964242594,3.609075673079318,-1.4922373708593026,0.5192862280952131,0.0969812586767769,3.6409784631627895,0.09214074665402974,0.05268487943478428,0.5997999999998171,2,optimal,124.33993745277897,0,0,0.9240110836333375,0.49904568377677216,343,-0.8559314179796107,1.3793421200697165,0.20524858980469116,running
MPC,23.710000000000907,-48.60884265226443,31.381820552893526,3.625490982570021,-1.4250023907689426,0.4256624064054095,0.03898848751622146,3.651641913719859,0.05230250176359674,0.05910724344424434,0.5471000000003556,2,optimal,124.73984131123625,0,0,0.9376790315924903,0.4922864453352829,361,-0.7775254865616312,1.4871168643272275,0.22094939445953415,running
MPC,23.810000000000922,-48.55268490399073,31.022581837619715,3.6454545616294927,-1.3863710910676588,0.5176719395837266,0.01839090294555311,3.677258176528394,0.018155397035889982,0.036804922656148875,0.4985000000008455,2,optimal,125.13974466528198,0,0,0.9189594947703402,0.4968564506573449,363,-0.7688137164040778,1.5176248080432777,0.22293077345441883,running
MPC,23.910000000000938,-48.484504867519085,30.663078522042163,3.670946577252139,-1.3654302746888467,0.6610288231364624,0.024992213135707143,3.7115574439431387,0.021015988996363602,0.0037802032944656005,0.589600000000523,2,optimal,125.53964635469222,0,0,0.9344634968802998,0.48094672646209036,368,-0.7470342910101946,1.5114080396688025,0.22502164647011183,running
MPC,24.010000000000954,-48.405472854402156,30.302818644683075,3.7034251569977603,-1.3312455586337988,0.8421961473818773,0.05380474313353874,3.7551661919903268,0.04798498260407657,0.03217732246864369,0.5929000000000073,2,optimal,125.939544438778,0,0,0.9360236386295918,0.4639658141172892,359,-0.7862372567191844,1.4223482513879333,0.21901940157552577,running
MPC,24.11000000000097,-48.30772681391289,29.943359854304674,3.74482019434363,-1.2623968711497948,1.0734071885677468,0.07804255539184661,3.810765875854535,0.07535365518475054,0.02676322637698547,0.641899999999751,2,optimal,126.33943640809872,0,0,0.9229625962222572,0.459128914331467,371,-0.7339666357738648,1.4848991251836912,0.22234991952811328,running
MPC,24.210000000000985,-48.182635177240215,29.587466995880817,3.797612715456485,-1.1779848310868726,1.3689532682788605,0.07112339830894278,3.881715521171516,0.09874222783705283,2.8671572346539165e-05,0.8476000000001704,2,optimal,126.73932446825576,0,0,0.919342326030956,0.4750880098933718,359,-0.7862372567191844,1.475990588724558,0.21901940157552577,running
MPC,24.310000000001,-48.02880354340764,29.235803218638456,3.8743369757940385,-1.1104076936626246,1.9895228477693498,0.04553722295768457,3.9965650002334203,0.08561359698039706,0.044238792384120984,0.6420000000000314,2,optimal,126.93926012652875,0,0,0.9363713354715208,0.48934680763820587,360,-0.7818813716404078,1.5386428341494498,0.21997807798827249,running
MPC,24.410000000001016,-47.8535892742967,28.885918468486587,3.946295822812642,-1.082013648206475,1.86595178125918,0.0038609655844305244,4.060932153919956,0.07670009966102721,0.031679195070203114,0.5241000000006935,2,optimal,127.33915636352155,0,0,0.9288198268885305,0.47943257386010113,361,-0.7775254865616312,1.5446879378920495,0.22094939445953415,running
MPC,24.510000000001032,-47.67004618213628,28.530965183555995,4.038331347965959,-1.092783539140001,2.386556472403676,0.0010229235412625361,4.18495147005301,0.0764099053233717,0.00860572320498143,0.5036000000009366,2,optimal,127.73905890865014,0,0,0.9319526192388183,0.4641478204429348,355,-0.803660797034291,1.4866215031410113,0.21530714918272373,running
MPC,24.610000000001047,-47.48115082165934,28.167074706983048,4.152499010966344,-1.0875045844823452,2.960460915704954,0.02551388784453155,4.334377439536454,0.08681521265358869,0.02156473433276851,0.577899999999687,2,optimal,128.13896636993985,0,0,0.9274017947177514,0.4534047805906649,358,-0.790593141797961,1.5060413497267628,0.21807316453493358,running
MPC,24.710000000001063,-47.28178742787206,27.794697300066186,4.284748685652431,-1.0656618072064479,3.4293422737533996,0.030296299438577683,4.495433238341684,0.09298379227304399,0.007330679669906193,0.5248999999993842,2,optimal,128.73883107111834,0,0,0.9346195033974795,0.44685172145789753,368,-0.7470342910101946,1.5864530003876471,0.22502164647011183,running
MPC,24.81000000000108,-47.06791960548282,27.412506564600935,4.46052913878629,-1.0439114183125486,4.558130976596554,0.005648520010200365,4.740561783312087,0.05597090869243124,0.021658192976857116,0.5857000000002444,2,optimal,129.13874020128142,0,0,0.9008861873932106,0.440283090503792,710,0.742678405931418,1.6138303627364359,0.2241197071405647,running
MPC,24.910000000001094,-46.83919889203571,27.017783031352234,4.648467869086578,-1.0395080479932046,4.873405051650503,-0.017820066091107985,4.947869643951341,0.00764231356921863,0.034031636245638985,0.4892999999999148,2,optimal,129.53864905652608,0,0,0.9224522442058234,0.40269197976559307,727,0.8167284522706209,1.4423551380026838,0.2126462795560751,running
MPC,25.01000000000111,-46.6028197110515,26.60577235248021,4.836660380604341,-1.0658946741096855,4.87998580626815,-0.02919355384680042,5.136466449713393,0.07831601814865953,0.012760787956602293,0.5299999999994753,2,optimal,129.93855847310124,0,0,0.9372523249594704,0.39600084932898993,724,0.8036607970342913,1.4929602345424204,0.2153071491827237,running
MPC,25.110000000001126,-46.367521417565314,26.171953077593898,5.01937901071469,-1.0984287729311415,4.73804358254237,-0.015165144968516028,5.310464738858578,0.029662891486432773,0.01769578883033507,0.5933999999996331,2,optimal,130.5384231636064,0,0,0.9146016105393878,0.3821324034734788,372,-0.729610750695088,1.5992260037054715,0.22148173646210823,running
MPC,25.21000000000114,-46.12970117317433,25.717559356343767,5.221756729792966,-1.091284313935942,5.247819844912853,0.015014658769861172,5.544160995205976,0.08481552939258341,0.012617613706987107,0.5556000000002115,2,optimal,130.9383328542758,0,0,0.9143737928651616,0.37055215966114685,368,-0.7470342910101946,1.5896742692987385,0.22502164647011183,running
MPC,25.310000000001157,-45.87953831231228,25.247276152502625,5.416351575061033,-1.0650605763097651,5.046003558922111,0.01666406812065746,5.726357085685176,0.01752103928873732,0.005327606925279227,0.539200000000406,2,optimal,131.5381970071461,0,0,0.9384333869781167,0.35501199368501857,731,0.8341519925857277,1.4546387183282707,0.20925385860619153,running
MPC,25.410000000001173,-45.611179693778844,24.76411052984979,5.621227996366643,-1.040532526778387,5.312613238152267,0.007817090336972839,5.94761289887626,0.029664186623014333,0.017773314708486865,0.6173000000000428,2,optimal,132.1380594507429,0,0,0.9338481374871193,0.33791532400334057,713,0.755746061167748,1.5579990486007689,0.22600293112750477,running
MPC,25.510000000001188,-45.32411937950536,24.267412512524054,5.835337463249093,-1.0358958852792828,5.552033664609328,-0.0034552677356332407,6.176431362827575,0.05601786424290314,0.012388873594489702,0.5535999999999319,2,optimal,132.73792344061317,0,0,0.9192630866338449,0.3309976681843114,727,0.8167284522706209,1.4864399179554462,0.2126462795560751,running
MPC,25.610000000001204,-45.025105053591055,23.752738452594187,6.0519330926186115,-1.0512529323965358,5.61650189212341,-0.004299878001018985,6.396987652461434,0.06064490952007446,0.009889252473517018,1.210699999999676,2,optimal,133.33778739107808,0,0,0.9159306318413372,0.3235092067253031,355,-0.803660797034291,1.5255735929898309,0.21530714918272373,running
MPC,25.71000000000122,-44.71714458064055,23.21859050339598,6.262531052670987,-1.0461094346221245,5.460977419325313,0.006189809926790923,6.5980308345511425,0.04371556492775711,0.008892313503348959,0.6038999999997685,2,optimal,133.9376520427197,0,0,0.9342457853526707,0.3072181064175315,346,-0.8428637627432809,1.4446405960142679,0.20762130414308752,running
MPC,25.810000000001235,-44.396673110289356,22.66828461963359,6.458189351976719,-1.037473106904927,5.073579792256594,0.004241751616441893,6.769889031896646,0.00805102791720163,0.0013444383788465686,0.5423999999996099,2,optimal,134.53751679975787,0,0,0.9267872156259722,0.2971251419509882,717,0.7731696014828544,1.5536773247773068,0.22193355627601147,running
MPC,25.91000000000125,-44.06731993263293,22.101984012819756,6.630257652025461,-1.051882630287305,4.46187180974676,-0.005998088761276277,6.904376532951395,0.04930876527113995,0.014016005181058055,0.7574000000003522,3,optimal,135.13738155643006,0,0,0.9236333209544392,0.289540607935985,351,-0.8210843373493977,1.4859895726825558,0.21178185999974475,running
MPC,26.010000000001266,-43.730793462528226,21.522299907767092,6.76477914861883,-1.0306583451915436,3.488252474656185,0.04846967583262932,6.979082899491079,0.08187062613595293,0.014115382317227532,0.918699999999717,3,optimal,135.93720078514255,0,0,0.9310453702583411,0.2815106687280407,721,0.7905931417979613,1.5310055292799527,0.21807316453493353,running
MPC,26.110000000001282,-43.375364144676055,20.9409525390185,6.856260027529587,-0.9711199992421928,2.3721740415122765,0.012088770236763467,7.001996552770057,0.005938653623793254,0.0822162849567678,0.7625000000004434,3,optimal,136.53706398852694,0,0,0.932768373778571,0.24908447852636073,727,0.8167284522706209,1.3662143563233238,0.2126462795560751,running
MPC,26.210000000001298,-43.00424009582257,20.362946075497124,6.879869579875489,-1.0052470298995448,0.6122150101039981,-0.15086995019935656,6.917481528539987,0.09777109271556177,0.0585263116451431,0.8503999999991407,3,optimal,137.13692741279317,0,0,0.8883346051949461,0.23928693071108348,725,0.8080166821130677,1.347963632571048,0.2144087504700342,running
MPC,26.310000000001313,-42.657206608860726,19.772316978576033,6.836826879349088,-1.1529675223878169,-0.4898322982707722,-0.0046665011433654965,6.830886350048412,0.07104559551612519,0.09121499293693125,0.858400000000259,3,optimal,137.93674631456,0,0,0.8599480547122509,0.260170053800849,374,-0.7208989805375348,1.5644005787915969,0.2197779812188762,running
MPC,26.41000000000133,-42.34607852430881,19.17302106989463,6.709800345139236,-1.1352095876734412,-1.4455807473143358,0.12475068378135705,6.692268804617655,0.060116235397219844,0.09746721055352214,0.7158000000009324,3,optimal,138.53659741175773,0,0,0.88410380444289,0.24523180567520678,367,-0.7513901760889712,1.451100216761874,0.22593517874601313,running
MPC,26.510000000001344,-42.031402346692445,18.596147679135232,6.502553158498575,-0.9439932711115198,-2.3585036371051586,0.12953137520726224,6.47394998142872,0.09576765945691486,0.03092968381421457,0.7474000000007308,3,optimal,139.3363602239751,0,0,0.9288384123922684,0.2788496039789824,363,-0.7688137164040778,1.5677038783313824,0.22293077345441883,running
MPC,26.61000000000136,-41.669559359747225,18.076975896371227,6.247113317086043,-0.7343612500548362,-2.9069431763992957,0.06731990704893868,6.211858840858645,0.06370743840349714,0.1703711413933786,0.8093999999996271,3,optimal,139.93617060311755,0,0,0.9206102871289148,0.2626309568610503,717,0.7731696014828544,1.4441868210491111,0.22193355627601147,running
MPC,26.710000000001376,-41.2570162811138,17.634824451554998,5.951842885437071,-0.6223036619886795,-3.360221184479425,-0.030051933740898512,5.9110911986381005,0.06244522148669502,0.2013200576056393,0.750900000000776,3,optimal,140.5358920263592,0,0,0.9156006660526692,0.25342137399873876,708,0.7339666357738648,1.3978772253852096,0.22234991952811328,running
MPC,26.81000000000139,-40.82776202811018,17.252920547359423,5.641238226938013,-0.6648938694707516,-3.534726954059937,-0.07795650255754528,5.598370190031078,0.1001747203434849,0.06981863318585768,0.7916000000003365,3,optimal,141.13567362799796,0,0,0.8880879343600576,0.29778925880369134,720,0.7862372567191844,1.471239787521365,0.21901940157552577,running
MPC,26.910000000001407,-40.41588264466375,16.897556855243007,5.337291500832646,-0.7389416352927869,-3.458958698670544,-0.014735556127307979,5.295342357070958,0.08806151153197203,0.06718095766632093,0.7820999999994527,3,optimal,141.53549265179703,0,0,0.9140253495042714,0.30239958565175146,376,-0.7121872103799816,1.5093771329514414,0.21811666573475305,running
MPC,27.010000000001423,-40.029423057759416,16.558530132442346,5.0408390488025745,-0.7158433884500672,-3.373672751244437,0.0821042250105796,4.999924225708202,0.01739431792268377,0.14372965853517705,0.48970000000014835,2,optimal,142.13515437138196,0,0,0.9245990587301705,0.28625135446923544,366,-0.755746061167748,1.3378798081459458,0.22600293112750477,running
MPC,27.11000000000144,-39.6462654378502,16.25481464700859,4.815408023497281,-0.5583991698500483,-2.5654384106103203,0.18811705799526793,4.784295207741542,0.0915182054796068,0.05560281352839702,0.7564999999996047,3,optimal,142.53495559150286,0,0,0.8724866387382657,0.305692606908473,376,-0.7121872103799816,1.3845125795392337,0.21811666573475305,running
MPC,27.210000000001454,-39.23959341529217,16.02153425853072,4.633488587167587,-0.32217025924444,-2.070270092436202,0.1628976389834284,4.608381014253661,0.12072238089950862,0.0771864164527929,0.6742999999991284,3,optimal,143.13471329855508,0,0,0.8245056799949325,0.35458436643871144,354,-0.8080166821130677,1.3941559858785955,0.2144087504700342,running
MPC,27.31000000000147,-38.81053357947498,15.872255683926673,4.504650419771205,-0.16317426829617787,-1.4661974009287464,0.06410498467713784,4.486868847074713,0.08212663206339234,0.16702769670132556,0.5185000000009765,2,optimal,143.53451527599822,0,0,0.8623095936001139,0.4064441227841073,732,0.8385078776645041,1.467525661327054,0.20843240730709414,running
MPC,27.410000000001485,-38.376147803439245,15.783214036306896,4.400526689759578,-0.11569556854655172,-1.1849434480728323,-0.019748562160876334,4.386156074963922,0.037941742997262086,0.14407100545223228,0.6846999999998715,3,optimal,143.93431360726566,0,0,0.8877921525016514,0.4108718312585649,719,0.781881371640408,1.533309780785609,0.21997807798827246,running
MPC,27.5100000000015,-37.94721922563939,15.717516618709475,4.3081449698363254,-0.1411475357368266,-1.0513176365515606,-0.028245862367709998,4.2953949261044215,0.04366747244919323,0.04597976100698897,0.6676999999992717,3,optimal,144.33410600198616,0,0,0.9376167895372693,0.40361031249013507,365,-0.7601019462465246,1.5122202456097824,0.22496523842325905,running
MPC,27.610000000001516,-37.52733227041442,15.651356947526745,4.221372701531928,-0.16559462345257892,-0.987481247456576,0.03365795003770094,4.209396845090668,0.0690473328493429,0.05417749179114573,0.5006999999999096,2,optimal,144.73389069726687,0,0,0.9339375365695652,0.3781867622460164,398,-0.6163577386468952,1.531808952379136,0.20233107570679906,running
MPC,27.710000000001532,-37.11477463690581,15.592044526044347,4.141391172734132,-0.10873649404478503,-0.910201627479284,0.11833298887120558,4.130352538784,0.09478331995946597,0.07546335814427563,0.6900999999990276,3,optimal,145.1336670029528,0,0,0.9087946017067212,0.3588732688039965,365,-0.7601019462465246,1.3229403202991163,0.22496523842325905,running
MPC,27.810000000001548,-36.705574058899266,15.568125156714707,4.081121524496413,0.039856811115197566,-0.6858775111971573,0.1607223207344316,4.072803421614417,0.11804227430015037,0.0029056234853577223,0.6626999999994609,3,optimal,145.53344936543957,0,0,0.8506957504958416,0.37494470292527354,376,-0.7121872103799816,1.3934788100843816,0.21811666573475305,running
MPC,27.910000000001563,-36.30057121193205,15.598499782690693,4.056096706543439,0.18831385677050072,-0.2847861296294431,0.1263248664452013,4.052642911533469,0.12351848977172446,0.07607340245939609,0.6694999999998785,3,optimal,145.93325755224805,0,0,0.8541591002283769,0.40728346738215476,363,-0.7688137164040778,1.417594544163872,0.22293077345441883,running
MPC,28.01000000000158,-35.903177517323925,15.679902178923232,4.060258975648932,0.2899465674173993,0.10793104355138718,0.06299772550410453,4.066889810898577,0.11141208959470472,0.11543255781708961,0.4907999999996804,2,optimal,146.33309053096983,0,0,0.8489683037415723,0.4496836899540009,367,-0.7513901760889712,1.5587771283847838,0.22593517874601313,running
MPC,28.110000000001595,-35.512755489883936,15.794247395295667,4.076098522800161,0.3333921063132008,0.41073241784341946,0.017169048736281434,4.101332217433273,0.09820976757715624,0.10379418346349656,0.7140000000003255,2,optimal,146.7329438557818,0,0,0.8889808071178616,0.4660436772464807,735,0.8515755329008341,1.4526465923863399,0.20602954162158948,running
MPC,28.21000000000161,-35.125879616258395,15.926402967992287,4.098956843596648,0.35538292106427116,0.5927349613560505,0.015957171872644664,4.135372018935766,0.09649317863768088,0.07762534906319152,0.48820000000038277,2,optimal,147.13281269670125,0,0,0.9315782455344859,0.46067038723233644,374,-0.7208989805375348,1.6303584364443038,0.2197779812188762,running
MPC,28.310000000001626,-34.741295692199564,16.07205078009727,4.124342303133092,0.39172649430452067,0.65826573663509,0.03865226499862397,4.164783417260157,0.09448144019321195,0.05280579169958921,0.5248999999993842,2,optimal,147.73262593426088,0,0,0.9413224237202592,0.4596281668398105,365,-0.7601019462465246,1.5904210720910577,0.22496523842325905,running
MPC,28.41000000000164,-34.361980632064714,16.23580646725974,4.138474303479387,0.44893174950099146,0.3664543320448609,0.04862804345808286,4.160987736337578,0.0852280935260043,0.06550835421099777,0.5271000000002246,2,optimal,148.1325067025482,0,0,0.9135287317570723,0.4521708525843376,738,0.8646431881371641,1.413875944248317,0.2037158366078793,running
MPC,28.510000000001657,-33.99277155351869,16.417340977338263,4.102353147084342,0.4942254357303044,-0.41106410231695645,0.01920226649681528,4.097367893247691,0.0835331892786197,0.050542058669769574,0.5271999999996169,2,optimal,148.53236475958278,0,0,0.9076743029428593,0.45226462648672633,745,0.8951343836886005,1.3692215647894246,0.19864329610943066,running
MPC,28.610000000001673,-33.636532542088574,16.606120249447045,3.9956834548794853,0.5019643287712694,-1.2139168743952564,-0.0027257978539768743,3.980961459644816,0.08214129879188754,0.019454698698806894,0.5775000000003416,2,optimal,148.93219697127137,0,0,0.9113185411464564,0.44114004979556326,363,-0.7688137164040778,1.5236360930232589,0.22293077345441883,running
MPC,28.71000000000169,-33.293281006567106,16.793235700004608,3.8654512423299128,0.5086819293887266,-1.4820618409599071,0.03282623582092169,3.8474772707834948,0.07398400063627078,0.10370641071514353,0.5056999999997203,2,optimal,149.33201460961212,0,0,0.8843974029681436,0.4173662952734407,393,-0.6381371640407785,1.5450298530350677,0.20555103769803026,running
MPC,28.810000000001704,-32.96468522740895,16.984619485490544,3.7715091234584603,0.5654095666142367,-1.0690752073746919,0.11008644862105525,3.7585437215924435,0.08615233954278957,0.13245194528911242,0.670699999999691,2,optimal,149.73185325696642,0,0,0.9182798997499861,0.40132824463105815,363,-0.7688137164040778,1.337916506087821,0.22293077345441883,running
MPC,28.91000000000172,-32.65862190652853,17.20219983503361,3.7503125361409753,0.7016313801410639,-0.24122029877870785,0.16480011557686022,3.7473870935805897,0.09603126838677652,0.034029594273009334,0.6794000000009959,3,optimal,149.93180818820332,0,0,0.9199882239600705,0.411658328548399,366,-0.755746061167748,1.3559036746338413,0.22600293112750477,running
MPC,29.010000000001735,-32.38426730896723,17.455577900177904,3.7303354611608714,0.8383974174051234,-0.2273420680059248,0.10763750972196524,3.727578329340383,0.07983789700438819,0.03306391021683952,0.553300000000867,2,optimal,150.33166736665947,0,0,0.8925254942610994,0.4429726353483042,369,-0.742678405931418,1.4479223509239727,0.2241197071405647,running
MPC,29.11000000000175,-32.140924979660866,17.73961312820128,3.7511796121676766,0.9319533809115867,0.5405058906784429,0.05846929039455442,3.784386050228716,0.05644238499049964,0.06771871325372691,0.5388000000001725,2,optimal,150.73154172920874,0,0,0.897701099504383,0.48384914568851883,373,-0.7252548656163114,1.5713006792527957,0.22062447658991918,running
MPC,29.210000000001767,-31.916321628348932,18.04376086176004,3.806948752002973,0.9714520591134077,1.446139427276527,0.015444506771609147,3.895793554895329,0.03316802729382934,0.06161212949944739,0.5651999999987112,2,optimal,151.1314319876909,0,0,0.890560566169563,0.504754338033938,343,-0.8559314179796107,1.4464173079224973,0.20524858980469116,running
MPC,29.310000000001782,-31.697174155501653,18.360527211208485,3.8901108958689536,0.9750219919638594,2.1564624352574873,-0.009765155014130864,4.0225949955287215,0.022112940793791974,0.03421758008117548,0.5050000000004218,2,optimal,151.53133416496837,0,0,0.9174230618257183,0.4880511344795514,714,0.7601019462465248,1.5715696514672557,0.22496523842325897,running
MPC,29.410000000001798,-31.473401952541746,18.68528243969431,3.989639831246186,0.9636734678265144,2.5808667307574185,-0.019624161298137054,4.1481975689446955,0.021688533865893724,0.006648400148985267,0.7003999999994903,2,optimal,151.93124213666297,0,0,0.9344179878717269,0.4835028145586299,346,-0.8428637627432809,1.459022412265593,0.20762130414308752,running
MPC,29.510000000001813,-31.241301293455734,19.016735669567264,4.094737400199123,0.9525912186782883,2.725265955734996,-0.026284451273403765,4.262166426819686,0.018416722839408945,0.006026517830238554,0.5038000000006093,2,optimal,152.3311518602634,0,0,0.9256361460911182,0.4703914324179714,715,0.7644578313253012,1.578458491189078,0.2239412608755995,running
MPC,29.61000000000183,-30.99840165026273,19.353245108701465,4.1975744222465465,0.9278319803569359,2.6666481248534892,-0.04120825368559556,4.361402212684472,0.01736185608252654,0.01791439616584789,0.5282999999973725,2,optimal,152.73106148105072,0,0,0.9258945156171631,0.4565123618501833,715,0.7644578313253012,1.57312170391581,0.2239412608755995,running
MPC,29.710000000001845,-30.739228564192032,19.689425353383662,4.285572566709786,0.8832534351166843,2.2818638876500508,-0.04639269906048366,4.425760811011552,0.037660149623944546,0.035957721929632314,0.5720999999994092,2,optimal,153.1309700699458,0,0,0.933300832947363,0.45574958991980824,336,-0.8864226135310473,1.4094502037931644,0.20004771979496722,running
MPC,29.81000000000186,-30.463716023116227,20.021319846160708,4.337534172299683,0.8512039752338141,1.3474069488979878,-0.023781212868164536,4.420313261599585,0.0692323007644484,0.031184555617189247,0.6184999999998553,2,optimal,153.53087770437395,0,0,0.8866822870566357,0.43312267670873505,702,0.7078313253012047,1.627577286779682,0.21730154451353453,running
MPC,29.910000000001876,-30.178566286866367,20.349087798426456,4.350450333258096,0.8390195988401361,0.33492662189475175,-0.007750996429181265,4.371026834489158,0.10188198863964036,0.0007812784751708435,0.5312000000010642,2,optimal,153.93078380409523,0,0,0.9303307423076366,0.4110212607791355,711,0.7470342910101948,1.5330885928372504,0.22502164647011186,running
MPC,30.01000000000189,-29.889760571286065,20.670713093672394,4.308499826933482,0.826933177318947,-0.47740296671218285,-0.015468734301203171,4.302710036586878,0.07158437727112228,0.06798942681607212,0.5440000000014322,2,optimal,154.53064033966197,0,0,0.9328013770106477,0.394345233261084,688,0.6468489341983319,1.5759053666296856,0.20689564634075194,running
MPC,30.110000000001907,-29.595303098603537,20.985264800642955,4.30936022436355,0.788628529853137,0.022310809354862467,-0.08145224476654397,4.310730907868968,0.04502713429577142,0.08156283913501294,0.532800000000222,2,optimal,154.930536829611,0,0,0.9308422922773361,0.379502946643837,697,0.6860518999073215,1.478530275150922,0.21337555590733343,running
MPC,30.210000000001923,-29.282234319229865,21.282889458015145,4.330549665952807,0.6917194882880033,0.5494595580045986,-0.10565916448713478,4.36430618016401,0.049794098802961456,0.0177560908727612,0.7358000000010634,3,optimal,155.3304378180373,0,0,0.8929640054209392,0.4015044217913095,713,0.755746061167748,1.4851931942093293,0.22600293112750477,running
MPC,30.31000000000194,-28.94175016400114,21.55424556077253,4.375934748975942,0.5993362026741704,1.176872337708819,-0.05479401845185703,4.448236899723689,0.05668195069759843,0.06119936937349113,0.7081999999982713,2,optimal,155.7303456286807,0,0,0.8834493435010109,0.4298994021186529,362,-0.7731696014828544,1.5543538652717461,0.22193355627601147,running
MPC,30.410000000001954,-28.580498698753193,21.807252486102442,4.440181517716057,0.5778378171979086,1.6659712813321101,0.01739833969352705,4.542531877109153,0.07118122276192167,0.08095616463450739,0.6453999999997961,2,optimal,156.13025546635885,0,0,0.8990242959998507,0.41167955539898915,355,-0.803660797034291,1.4656730880367874,0.21530714918272373,running
MPC,30.51000000000197,-28.21009473815727,22.059397985798842,4.5154209967748775,0.6025624687592792,1.9510212543361898,0.03678134880484975,4.635283643149676,0.08813548681248129,0.04445027216603181,0.5037000000012171,2,optimal,156.73011817697585,0,0,0.9302278388311117,0.41612101176496474,376,-0.7121872103799816,1.6166685850682152,0.21811666573475305,running
MPC,30.610000000001985,-27.834022337162825,22.31926496497779,4.618766787306536,0.6097824781770047,2.6798409079335395,-0.003563265540986959,4.783405087568232,0.03380858795375121,0.021760252369089628,0.5631999999984316,2,optimal,157.13002405451152,0,0,0.9294852657686652,0.4186556980514745,360,-0.7818813716404078,1.5613901835405917,0.21997807798827249,running
MPC,30.710000000002,-27.44804979416473,22.583003446663827,4.722561691980892,0.5831838617798448,2.691486805127228,-0.03096914962779248,4.887915467819259,0.04387576068782032,0.026403220920449222,0.5166000000009774,2,optimal,157.52992679447541,0,0,0.9133264685417118,0.4069655258209146,362,-0.7731696014828544,1.5672208322144925,0.22193355627601147,running
MPC,30.810000000002017,-27.046829323205298,22.84060653070987,4.8071826254900305,0.5342286405636303,2.194290044313345,-0.028973933221369288,4.941990696412226,0.09099908817948345,0.03039764829326863,0.4931000000016894,2,optimal,158.12978021540027,0,0,0.9025985528135057,0.40023810876908633,346,-0.8428637627432809,1.4651897284576805,0.20762130414308752,running
MPC,30.910000000002032,-26.6300990211915,23.086490420524253,4.865802779696537,0.49902981499938504,1.5200685626749986,-0.008408405944085677,4.95918948175753,0.04017322714337734,0.02668052094171891,0.7090000000005148,2,optimal,158.52967277166277,0,0,0.8987175497863262,0.3871680750857841,352,-0.8167284522706209,1.486833078643334,0.2126462795560751,running
MPC,31.010000000002048,-26.204312816601174,23.325752425533874,4.8996250865096,0.5052911394701192,0.8770400897031071,0.011830105995263221,4.953506788666848,0.09703600919869085,0.021827770994657048,0.5074999999976626,2,optimal,158.92956049755014,0,0,0.9081373862457203,0.3694049283087588,710,0.742678405931418,1.5482301608513838,0.2241197071405647,running
MPC,31.110000000002064,-25.776041045776076,23.566121148089685,4.920965547142758,0.5134310768416808,0.5533756053795279,-0.006380570471633576,4.9549626470475525,0.0183710181655282,0.0901690683409826,0.6375999999992388,2,optimal,159.5293797575088,0,0,0.9256180114802453,0.33523189618546745,719,0.781881371640408,1.385485785546442,0.21997807798827246,running
MPC,31.21000000000208,-25.34211240516829,23.803987246821038,4.972261698509468,0.4740020678386023,1.3301511764037781,-0.08814349534277433,5.053980664783135,0.08644735437348919,0.08873096390274737,0.5478000000014305,2,optimal,159.92926711000473,0,0,0.8723406910963827,0.31640755838975965,710,0.742678405931418,1.3711217749562692,0.2241197071405647,running
MPC,31.310000000002095,-24.891116067934664,24.02155112692402,5.039442973398174,0.3697657118902802,1.7420654268325642,-0.11568656989672677,5.146468241192724,0.09715092742783706,0.038019368532319575,0.9361000000005504,3,optimal,160.52911014906067,0,0,0.8660424055688373,0.3206695870866615,725,0.8080166821130677,1.316069923243799,0.2144087504700342,running
MPC,31.41000000000211,-24.413551504250627,24.199117532259294,5.146904280461589,0.24383649444786215,2.7865596189941644,-0.10198106780253686,5.3180989352975905,0.13632810984085322,0.055029927638838405,0.6965000000000998,3,optimal,160.92899943431593,0,0,0.8290185030002731,0.33664242832907526,707,0.729610750695088,1.4861031734462642,0.22148173646210823,running
MPC,31.510000000002126,-23.90889890153185,24.327983906040835,5.264494704676526,0.14762422993168922,3.0492159145651363,-0.040729247813650137,5.4518258719181025,0.10148979272454046,0.1059606846354737,0.5331999999995674,2,optimal,161.52882778276748,0,0,0.8305796282679486,0.3513251656082639,719,0.781881371640408,1.5030834341231152,0.21997807798827246,running
MPC,31.61000000000214,-23.38292682676103,24.421887965841062,5.410532019111269,0.12973948416825065,3.786867053739283,0.007949133992707752,5.643181410050454,0.10530558911466227,0.08263827903303911,0.5275000000004582,2,optimal,162.12867700974616,0,0,0.8795250776402567,0.35344414899916377,739,0.8689990732159409,1.4042185523466868,0.20296376061118723,running
MPC,31.710000000002157,-22.839242985841132,24.507667716270124,5.583788056824283,0.16175409063126178,4.492670819210408,0.0056264653227771026,5.859799101032309,0.08376768964180609,0.02569980068267297,0.4933000000004739,2,optimal,162.52857311363314,0,0,0.8711569655766116,0.3251845243901214,714,0.7601019462465248,1.5001335652133727,0.22496523842325897,running
MPC,31.810000000002173,-22.279397592663656,24.59971982304652,5.750161777952038,0.1720441718634942,4.314206718915239,-0.025795380062824787,6.015208728715807,0.05638808276879064,0.018398766247648357,0.5137999999984544,2,optimal,163.1284155247931,0,0,0.9111307242543867,0.3058260341183286,718,0.7775254865616312,1.4379216117783795,0.22094939445953415,running
MPC,31.91000000000219,-21.702408817045768,24.69335220175018,5.926558306243246,0.14274415780321137,4.574106309510739,-0.05463670087855468,6.207572408903112,0.06086633767707336,0.019121192544679033,0.720599999999294,3,optimal,163.72827145835663,0,0,0.874003860489483,0.2932840958256936,714,0.7601019462465248,1.4472327059444001,0.22496523842325897,running
MPC,32.0100000000022,-21.105247051811798,24.77458216280008,6.112403057713557,0.0895651383791094,4.819106467256808,-0.054568756480964056,6.408468952968927,0.07565577921523624,0.00883682523397189,0.67909999999749,3,optimal,164.32812337473612,0,0,0.8800991256572814,0.29463518593305454,712,0.7513901760889712,1.5019343359553625,0.22593517874601313,running
MPC,32.11000000000218,-20.48660375567497,24.83344660573483,6.30215470149566,0.038804203483608024,4.9204153815934735,-0.03311351863364289,6.604444595872905,0.0877584408352152,0.03972319320360329,0.7164000000017268,3,optimal,164.9279842142993,0,0,0.8773632820353976,0.29918614274313676,709,0.7383225208526416,1.5757674287453391,0.2232291878884924,running
MPC,32.21000000000216,-19.847197520941343,24.86713688987671,6.4894107138628305,0.005851904860964652,4.855701617032301,-0.006552121120453744,6.78772486319889,0.10389552299788837,0.058707889638086375,0.5238000000016285,2,optimal,165.5278448859969,0,0,0.8634319031250168,0.29019397161638927,723,0.7993049119555145,1.491299016430421,0.21621722807816315,running
MPC,32.31000000000214,-19.188847618181242,24.885643129929417,6.668510922216015,0.018293478554362252,4.644214945719093,0.013746358758472552,6.95383220843474,0.07847367947770063,0.03638742062050815,0.5307000000005502,2,optimal,166.32766368333856,0,0,0.920876002926409,0.28909184603035004,357,-0.7949490268767376,1.5309666711783818,0.21713917065507293,running
MPC,32.41000000000212,-18.51246661703506,24.906038309716994,6.850757180336849,0.052055330676089806,4.725794590350713,0.008685169077162411,7.141090381251086,0.034396433876650784,0.0001443070829325599,0.6299999999974659,2,optimal,166.92752843031033,0,0,0.9015026308289839,0.2725817680741837,733,0.8428637627432809,1.4169969475057045,0.20762130414308752,running
MPC,32.5100000000021,-17.819523921382164,24.93689982120913,7.009219062891391,0.061378371538121534,4.109046271098319,-0.009115259383111848,7.261661807446681,0.09627637374897502,0.011478410955352736,0.65659999999923,2,optimal,167.72734808836074,0,0,0.9259838430447945,0.26545768929912467,720,0.7862372567191844,1.503874543572332,0.21901940157552577,running
MPC,32.61000000000208,-17.111583450928237,24.971923215694957,7.155220290507264,0.04338458141992074,3.7859312929991096,-0.014307175107190597,7.387812192191301,0.03165829701279097,0.004982732543359791,0.557600000000491,2,optimal,168.32721283030972,0,0,0.9233358440103564,0.2659939838158292,718,0.7775254865616312,1.5496243002138181,0.22094939445953415,running
MPC,32.71000000000206,-16.390305939570897,25.002966384210165,7.2742208627071205,0.02588691204874971,3.08578220562338,-0.006922382083369837,7.463798511069602,0.0659256267829787,0.02065437026406247,0.6847000000007597,2,optimal,169.12703251529035,0,0,0.927066056828663,0.2606517070901435,736,0.8559314179796109,1.427798180361381,0.20524858980469113,running
MPC,32.81000000000204,-15.657458658425126,25.025795281069637,7.381360330389736,0.010945465020416822,2.7782140605150665,0.0003125798445323088,7.552042268758627,0.07296891874316941,0.033018499183405936,0.5586999999991349,2,optimal,169.72689724744956,0,0,0.9258393675915366,0.25998753902162036,379,-0.6991195551436515,1.6632485042830165,0.2157016455530536,running
MPC,32.91000000000202,-14.915087630547859,25.04178527750478,7.462976562456543,0.018093952837285876,2.116375677411136,0.008134642738041913,7.592997898130849,0.014299263024022986,0.01789575599577553,0.4868000000008976,2,optimal,170.52671631496875,0,0,0.9314645335936341,0.25008921863708705,362,-0.7731696014828544,1.5431158810301704,0.22193355627601147,running
MPC,33.010000000002,-14.165081945309302,25.05912001645121,7.535352027938461,0.03125250917471023,1.8767550388978775,-0.0005817711366986137,7.650652066346331,0.035741323686715044,0.008729953142268432,0.4962000000006128,2,optimal,171.32653407969624,0,0,0.9230890453637537,0.25024141160044316,710,0.742678405931418,1.5998657930975042,0.2241197071405647,running
MPC,33.11000000000198,-13.408121956540025,25.076876553989447,7.602632408139842,0.015968414098788575,1.7446353086800481,-0.015571122595590403,7.709815558806466,0.07792373569856613,0.01144510935982268,0.49479999999846314,2,optimal,172.12634997732988,0,0,0.9301247348916921,0.24439752067581003,716,0.768813716404078,1.5465702978989486,0.22293077345441878,running
MPC,33.21000000000196,-12.644582880762131,25.089464435082895,7.6652790203002965,-0.0023509370060401658,1.6244779119436483,-0.014436567932821361,7.765080199334206,0.08688796545230104,0.00456254661015576,0.5298000000006908,2,optimal,172.72621195725486,0,0,0.9272847344268894,0.246599331994499,718,0.7775254865616312,1.5570315808243684,0.22094939445953415,running
MPC,33.31000000000194,-11.875861509851688,25.09261650471359,7.706131372154638,-0.019292580491612643,1.0593349097370437,-0.011245911984278031,7.771212511274001,0.06082839658111945,0.00391265347082026,0.5084000000010747,2,optimal,173.52603095615797,0,0,0.9182840399646331,0.244589149365209,720,0.7862372567191844,1.5436214956912075,0.21901940157552577,running
MPC,33.41000000000192,-11.103450142095726,25.08453412072985,7.74034930132229,-0.03538848214773749,0.8872989010631753,-0.00409287189661054,7.794861262260955,0.041839579085995046,0.019260866905196128,0.5331999999995674,2,optimal,174.32585064075073,0,0,0.9280409120135189,0.24877038455806136,354,-0.8080166821130677,1.5389679658632451,0.2144087504700342,running
MPC,33.5100000000019,-10.327888463874073,25.067411936283115,7.7721355680468704,-0.02882627347942046,0.8242439042829081,0.007310593736398011,7.822773691750581,0.02571125999625264,0.017780178928057833,0.5436999999997028,2,optimal,175.12567005957678,0,0,0.9731513657660066,0.23980608034599646,726,0.8123725671918445,1.4901637017505593,0.2135218524542555,running
MPC,33.61000000000188,-9.549176859176614,25.053078997056552,7.8024118364814115,0.008007356375647756,0.785088413113513,0.008374664713618711,7.850644409358222,0.025214199247457287,0.013656790858167511,0.5172000000008836,2,optimal,175.92548949563079,0,0,0.934240440723908,0.23046480913674303,717,0.7731696014828544,1.503899140433699,0.22193355627601147,running
MPC,33.71000000000186,-8.767394318434809,25.05084338029539,7.831133824529103,0.023212615710961337,0.7447846509413971,-0.008406563002554972,7.876890301575552,0.04017269101671109,0.02389618931587778,0.47709999999945296,2,optimal,176.72530898919638,0,0,0.9186872911288048,0.2282839562392272,726,0.8123725671918445,1.4385683897188795,0.2135218524542555,running
MPC,33.81000000000184,-7.982844165267921,25.05549347121334,7.8579996421317855,0.004619598535545499,0.696652632549079,-0.014875870672993423,7.900799087784011,0.0554505886100916,0.0007684146596971253,0.5055999999985517,2,optimal,177.52512853339647,0,0,0.9174302297354537,0.2468386516690039,716,0.768813716404078,1.6122664758638428,0.22293077345441878,running
MPC,33.91000000000182,-7.1957149482854454,25.05709003673091,7.882696881849027,-0.01676053409008471,0.6404196336088456,-0.0026663180407832266,7.92204160549267,0.06638245276582085,0.024715250463617444,0.4778000000005278,2,optimal,178.32494812125518,0,0,0.975795205967648,0.24540883606281266,364,-0.7644578313253012,1.6157951271308417,0.2239412608755995,running
MPC,34.0100000000018,-6.406259667472865,25.05197095524053,7.904968393722191,-0.012884423722136162,0.5775185258363301,0.012474962864176526,7.9404487344326595,0.07433129759946769,0.024511448431814298,0.4875000000001961,2,optimal,179.12476774588046,0,0,0.9778841464980781,0.22874409138115587,356,-0.7993049119555145,1.4733620423276974,0.21621722807816315,running
MPC,34.11000000000178,-5.6147037007263085,25.049886152784044,7.924722981799516,0.023757863229166176,0.5122526324163759,0.015022883300942216,7.956193656963829,0.08266828836574437,0.008889593216878655,0.4705000000004844,2,optimal,179.92458740059647,0,0,0.9332534350549324,0.23651739430632743,726,0.8123725671918445,1.499434743921549,0.2135218524542555,running
MPC,34.21000000000176,-4.821388081554451,25.06001416166927,7.94166037879968,0.03964578305094735,0.43920056270744623,-0.00152874535626725,7.968643038070261,0.08933168448806397,0.021967753892346842,0.7028999999985075,2,optimal,180.72440707912122,0,0,0.9206338532406961,0.2308126235379313,723,0.7993049119555145,1.4914933970025872,0.21621722807816315,running
MPC,34.31000000000174,-4.026635202524839,25.077370603603292,7.956042814274697,0.021162431681421623,0.37294831984331067,-0.008952003503291658,7.978955210784012,0.09400491556501024,0.0011054321049348559,0.47200000000202635,2,optimal,181.52422677562245,0,0,0.9253548798455703,0.2447803262045034,354,-0.8080166821130677,1.557557501179931,0.2144087504700342,running
MPC,34.41000000000172,-3.2305251719033126,25.091903125769086,7.967915450058111,-0.0006572589148667873,0.3078671602753359,0.0018060877967346059,7.98682953030223,0.09774342923948165,0.022661977838965175,0.5145000000013056,2,optimal,182.3240464849256,0,0,0.9622427369359221,0.22606537415885708,350,-0.8254402224281743,1.4307896287410236,0.21092842571338713,running
MPC,34.5100000000017,-2.433270876721454,25.09966892143218,7.977195664602025,0.002819687409820304,0.2406435563678186,0.015436604059506203,7.991979805694893,0.10164800498233756,0.020353860979986926,0.47870000000038715,2,optimal,182.9239112741865,0,0,0.9240573008145305,0.22882546216585406,366,-0.755746061167748,1.552900170821622,0.22600293112750477,running
MPC,34.61000000000168,-1.636381883258148,25.11033057030777,7.965804475947704,0.04005478640097149,-0.12963341171309267,0.018875213182739294,7.964232323430716,0.1006905132713053,0.015688493606574205,0.49480000000201585,2,optimal,183.7237309945874,0,0,0.9187087531335931,0.24181375148003667,347,-0.8385078776645043,1.4981071384448807,0.2084324073070941,running
MPC,34.71000000000166,-0.841245847492756,25.133337564820945,7.94912754961171,0.0574460387652902,-0.1897858883236552,-0.0009611646827401906,7.946825887115338,0.09563347016112868,0.032317490194076814,0.6002000000009389,2,optimal,184.52355071826554,0,0,0.9284682924737644,0.23579218026167878,710,0.742678405931418,1.6077691336415616,0.2241197071405647,running
MPC,34.810000000001644,-0.04780941017985571,25.16409942497394,7.9358444079600154,0.03965210378308193,-0.15116411665468665,-0.012779227614392302,7.934011137946241,0.0877644905219533,0.014182225301798912,0.5790000000001072,2,optimal,185.32337044308227,0,0,0.9220782788606199,0.23378179479203784,726,0.8123725671918445,1.491662011923932,0.2135218524542555,running
MPC,34.910000000001624,0.7447189565577814,25.192543448503237,7.927640500141395,0.017546694993898715,-0.09336168438435677,-0.005164937296220824,7.92650823952158,0.0801065597454463,0.00801501683322936,0.6245000000006939,2,optimal,186.12319016802522,0,0,0.9600770080850041,0.24182956175493894,355,-0.803660797034291,1.5473234218881267,0.21530714918272373,running
MPC,35.010000000001604,1.536945507906889,25.214417136045263,7.924091721066386,0.020585244652424617,-0.04038563075988273,0.006097375475292517,7.923601937065407,0.07273776177309013,0.004963906537460261,0.5749000000001558,2,optimal,186.92300989296794,0,0,0.9558537903658267,0.23667481741762747,359,-0.7862372567191844,1.544630956600112,0.21901940157552577,running
MPC,35.110000000001584,2.32905472219411,25.236263617862704,7.92411573611569,0.03459360396048039,0.0006227298779705647,0.003930736532842123,7.924153994054183,0.06527313733377713,0.0091572699733109,0.5633999999989925,2,optimal,187.72282961785024,0,0,0.9274817343336486,0.2330596090193736,707,0.729610750695088,1.598138462065248,0.22148173646210823,running
MPC,35.210000000001564,3.1212323690904062,25.257892688780025,7.925257338231666,0.0194157763471976,0.029602676947349214,-0.005008122758219226,7.927076003810424,0.05790415119646058,0.0058078700453063625,0.313600000000136,1,optimal,188.5226493425531,0,0,0.9218142138493766,0.24466512246798283,353,-0.8123725671918443,1.5469548582420192,0.21352185245425553,running
MPC,35.310000000001544,3.9137014849515626,25.273941289434937,7.9272893339768435,-0.0004483385222764369,0.052691312289141354,0.0030691162868266538,7.93052646946058,0.05085704373811061,0.02535925380485482,0.338900000000919,1,optimal,189.3224690669066,0,0,0.9600408192321022,0.23057369422984972,364,-0.7644578313253012,1.5428494675632332,0.2239412608755995,running
MPC,35.410000000001524,4.706534380142272,25.28253247623534,7.930088894859617,0.003665840164636336,0.07259490434308438,0.016030202841658837,7.934548824411152,0.04616017700998951,0.020832182563572665,0.5041999999981783,2,optimal,190.1222887906933,0,0,0.9081889672018671,0.23127444879976652,356,-0.7993049119555145,1.4944588678110593,0.21621722807816315,running
MPC,35.510000000001504,5.499640588326338,25.29391087075626,7.933491613534298,0.0407680977421081,0.08823527940213423,0.016337190575375832,7.938912422799831,0.04344808574736052,0.016782768668715864,0.4852999999993557,2,optimal,190.92210851366286,0,0,0.9220070940791196,0.24509595230005485,718,0.7775254865616312,1.60608240667491,0.22094939445953415,running
MPC,35.610000000001484,6.292815180165118,25.3175318147116,7.936898373788628,0.05733204442080808,0.08834008086940102,-0.004332128556768316,7.942325621621238,0.03555693944017216,0.033959532004401716,0.5003999999999564,2,optimal,191.72192823552624,0,0,0.9691755385132653,0.23057863401633308,717,0.7731696014828544,1.5311601181239527,0.22193355627601147,running
MPC,35.710000000001465,7.086048495869693,25.348610105818167,7.939721973065153,0.0391369658554761,0.07321823956173204,-0.016229371003594253,7.9442201977448015,0.025176028917169444,0.016477298637860294,0.5176999999978449,2,optimal,192.5217479559725,0,0,0.923444511864466,0.232313117697757,715,0.7644578313253012,1.5547510675536844,0.2239412608755995,running
MPC,35.810000000001445,7.879577154982614,25.37708181990293,7.941013479590749,0.017177611966953776,0.03348982094337128,-0.009257142951246453,7.943070955159491,0.019675433263423265,0.004669384899762985,0.4880000000007101,2,optimal,193.32156767468044,0,0,0.9247685631796481,0.24391078762763552,360,-0.7818813716404078,1.5941569602275512,0.21997807798827249,running
MPC,35.910000000001425,8.673195696831305,25.3959728038415,7.937224836142658,-0.0025397111433562714,-0.043115322802957365,0.0007820922819600052,7.936701947310453,0.014953493490176316,0.023474268607454274,0.5777999999985184,2,optimal,194.1213873913153,0,0,0.9347773099476894,0.22974907115225573,358,-0.790593141797961,1.5014281077072633,0.21807316453493358,running
MPC,36.010000000001405,9.465857668404974,25.405255081809408,7.922050558588257,0.00217769847249194,-0.17268552293812214,0.011535262822015394,7.919956283848846,0.005741030481410666,0.01774437520644323,0.48759999999958836,2,optimal,194.9212071055303,0,0,0.9330499456466739,0.23376305215015,346,-0.8428637627432809,1.4420900482606276,0.20762130414308752,running
MPC,36.110000000001385,10.25579421469157,25.41643699241302,7.889058184967125,0.04018152442662526,-0.3754580915835936,0.010100777255090818,7.884504749429897,0.005310808215543882,0.021371507879118123,0.49459999999967863,2,optimal,195.72102681699724,0,0,0.9226498398173134,0.23159943886311177,722,0.7949490268767376,1.5020481284910203,0.21713917065507293,running
MPC,36.210000000001365,11.040513852382423,25.43965223322581,7.831142531304504,0.059141301364990184,-0.659088704762256,-0.01116686562816608,7.823149314490899,0.019688240235958252,0.04053471949334231,0.5602000000006768,2,optimal,196.52084652915195,0,0,0.9205417061252743,0.23416896988214914,715,0.7644578313253012,1.557296723246361,0.2239412608755995,running
MPC,36.310000000001345,11.817078959475262,25.470763774549827,7.741668862029089,0.04315680142389988,-1.018223590060593,-0.022893125112678842,7.729320172298445,0.04660520751901887,0.020099515351115205,0.6646999999997405,3,optimal,197.32066590965366,0,0,0.9728210823212937,0.23176645313840824,721,0.7905931417979613,1.4947847319706207,0.21807316453493353,running
MPC,36.410000000001325,12.580083019570191,25.499800586433143,7.581483212088301,0.020252236268003987,-1.8229363887696683,-0.026104041730268965,7.559375223152122,0.0831394899986397,0.012719393477532925,0.6335000000028401,3,optimal,198.12048426409115,0,0,0.9198447681702426,0.247052241249572,722,0.7949490268767376,1.5565710571468603,0.21713917065507293,running
MPC,36.510000000001305,13.322786634822466,25.518787094491238,7.352063425883803,-0.005579514157497467,-2.6108310996055657,-0.014996178393515911,7.320400102127745,0.06864785155363615,0.04902183836768259,0.6940999999969222,3,optimal,198.72034775895358,0,0,0.9179016324553071,0.24334472063402937,356,-0.7993049119555145,1.5025007410967004,0.21621722807816315,running
MPC,36.610000000001286,14.03804365810481,25.522959191340085,7.05125423583812,-0.03540839050199418,-3.4232530742504585,-0.005873728049369177,7.009738118458757,0.02143622509299081,0.07797866382801022,0.8079999999992538,3,optimal,199.52016638599403,0,0,0.9257526842735451,0.24157160723121285,353,-0.8123725671918443,1.4350499481975083,0.21352185245425553,running
MPC,36.710000000001266,14.720919326582807,25.509410797781587,6.7176676350752595,-0.06867831920578871,-3.796264856192706,-0.004380566784537824,6.67162775021885,0.07682711652084044,0.08359726936390599,0.4887999999994008,2,optimal,200.12001284990518,0,0,0.9253923953870284,0.24301656666377347,341,-0.8646431881371641,1.315672394405212,0.2037158366078793,running
MPC,36.810000000001246,15.367987569158553,25.476696872266285,6.357650916041119,-0.10420219022312294,-4.097043511297044,0.0013365787112245555,6.307963283945555,0.1066389884743558,0.044745702530757825,0.6709999999987559,3,optimal,200.91975274082534,0,0,0.8685178821467539,0.26801021262616287,362,-0.7731696014828544,1.5104834363006503,0.22193355627601147,running
MPC,36.910000000001226,15.978177855711797,25.424740509545174,6.005313169219771,-0.13917751427320413,-4.009655671748207,-0.022667529998165403,5.956685348866298,0.09146226106317391,0.003400120156123787,0.46610000000057994,2,optimal,201.51954118329112,0,0,0.921218819104779,0.289232913728778,702,0.7078313253012047,1.6144052705401517,0.21730154451353453,running
MPC,37.010000000001206,16.55141491350658,25.3529217769663,5.661706343079298,-0.1900118017279504,-3.9102965030429457,-0.04430762682843704,5.614283518915476,0.09078059475208475,0.04747434323844901,0.4925000000017832,2,optimal,202.11920767089444,0,0,0.89943100167253,0.2891259410790561,692,0.6642724745134383,1.5767828895200233,0.20968660597172056,running
MPC,37.110000000001186,17.088740554038615,25.248978655724226,5.379673044738918,-0.3099232533449743,-3.20958064957416,-0.10920164331700936,5.340748278121882,0.06267534554100418,0.006685713437653895,0.46400000000090813,2,optimal,202.51900881799585,0,0,0.9263977435459684,0.3051312308210729,714,0.7601019462465248,1.477044081318329,0.22496523842325897,running
MPC,37.210000000001166,17.584329559996057,25.089943406426627,5.122534746959676,-0.4906490679691635,-2.9262718610646146,-0.09519703594329683,5.0870458586324565,0.04018170766997642,0.08350618888906558,0.6032000000022464,3,optimal,203.11875577713485,0,0,0.887847411144566,0.34112402406725956,729,0.8254402224281745,1.4555790112583489,0.21092842571338707,running
MPC,37.310000000001146,18.028563285277478,24.86756593130807,4.8959893902767435,-0.640843113563426,-2.578119666504329,-0.04019762947610967,4.864722780309243,0.07919775669449443,0.1599682229351984,0.48669999999795266,2,optimal,203.51853626848032,0,0,0.9091253974857181,0.3595127306904476,344,-0.8515755329008341,1.4192839948084277,0.20602954162158948,running
MPC,37.410000000001126,18.42316053478498,24.60297467360211,4.67962468537898,-0.6937898884782778,-2.462262343408058,0.03247078926143561,4.649763155935938,0.05225771592460938,0.09473150719573376,0.6132000000000914,3,optimal,204.11810001029642,0,0,0.9184350548123278,0.371854235189892,719,0.781881371640408,1.5118521050736484,0.21997807798827246,running
MPC,37.51000000000111,18.78620384463882,24.32389140963553,4.528510163674151,-0.6937582864862812,-1.7197056077687616,-0.009776960148694261,4.507654124602103,0.008038276695148967,0.012717527811872298,0.6338000000010169,3,optimal,204.51785034409247,0,0,0.9067619045332824,0.3738605484889498,719,0.781881371640408,1.4614234926206247,0.21997807798827246,running
MPC,37.61000000000109,19.12835265613376,24.039221997958972,4.411919412671068,-0.7335444949712042,-1.3268199909047398,-0.06863614370652302,4.395828164583677,0.05223758345686948,0.027924467292460786,0.5118999999993434,2,optimal,204.9176124556763,0,0,0.8927988098091671,0.36563595495918866,708,0.7339666357738648,1.451809736752958,0.22234991952811328,running
MPC,37.71000000000107,19.443887103009345,23.739650721926377,4.32191877766579,-0.8375686047946638,-1.0242205380079092,-0.10818004423828985,4.309497358870277,0.09100984341260177,0.002181899771931839,0.6115000000015414,3,optimal,205.31738564985696,0,0,0.9240508873492831,0.37513764286290785,705,0.7208989805375348,1.4630927995168128,0.2197779812188762,running
MPC,37.81000000000105,19.72201615855194,23.415092945415093,4.25352752360367,-0.9647905775533849,-0.7783025867143253,-0.09594933675349024,4.244088518994357,0.1034470593820786,0.01037619643917953,0.4467999999988592,2,optimal,205.91712330828767,0,0,0.8892119720698978,0.3901116153930578,721,0.7905931417979613,1.404067384746125,0.21807316453493353,running
MPC,37.91000000000103,19.95833761730675,23.064332299969596,4.2202774233508284,-1.0735118382794702,-0.3783910587717945,-0.07302060622354638,4.21568841772649,0.08611429799290646,0.04418475977948377,0.5490000000012429,2,optimal,206.3169140491268,0,0,0.8879225987791888,0.4054364028562615,719,0.781881371640408,1.4436893320151718,0.21997807798827246,running
MPC,38.01000000000101,20.15956717179053,22.69427218691082,4.209862717556497,-1.139773266543243,-0.11852089233857709,-0.034802759841353406,4.208425334116971,0.06673536250330521,0.036935700863471865,0.5269000000005519,2,optimal,206.71671157109074,0,0,0.9311759200829891,0.40903561097958974,697,0.6860518999073215,1.549062029615766,0.21337555590733343,running
MPC,38.11000000000099,20.337635569639442,22.31233868635216,4.2182051203272755,-1.1718236494512593,0.21632532975534854,-0.026527092483241775,4.231495250532032,0.05128650828005327,0.0017615057667765832,0.6383000000003136,2,optimal,207.11652348305233,0,0,0.9167060485245662,0.4005582955700416,705,0.7208989805375348,1.486544445855642,0.2197779812188762,running
MPC,38.21000000000097,20.503120688388638,21.922128032382535,4.2562225591354625,-1.1971156659250854,0.98582329487174,-0.057471249313206595,4.316787449814449,0.0504307866656764,0.0274601110006909,0.5449000000012916,2,optimal,207.51636934928777,0,0,0.8977799249652633,0.38699631862762596,704,0.7165430954587584,1.4499258796242451,0.21894209497805303,running
MPC,38.31000000000095,20.653179665827814,21.52002434481291,4.323383302799505,-1.2596949073820523,1.741533035378023,-0.08567814447075314,4.430375862673265,0.06430216466864636,0.005686437932351129,0.6837000000015081,3,optimal,207.9162431901504,0,0,0.8681868829000776,0.40424745589810984,695,0.6773401297497683,1.5526114303171323,0.21187243445594103,running
MPC,38.41000000000093,20.779208631545224,21.101427824928294,4.414326886829362,-1.3398539127139508,2.3582415456258197,-0.06853554922392499,4.5592074573620875,0.08128417021599964,0.047000205340560264,0.48229999999982454,2,optimal,208.3161355481244,0,0,0.8843932777064009,0.42414670892025613,737,0.8602873030583873,1.4004845125104117,0.20447740104668097,running
MPC,38.51000000000091,20.880221395624922,20.665718910110737,4.523102548203386,-1.387730514357774,2.8206419016973885,-0.01353866010474164,4.696391076999101,0.10622060127654921,0.08032049423946308,0.471499999999736,2,optimal,208.7160391388555,0,0,0.8811688474113258,0.4100550619183873,365,-0.7601019462465246,1.5368761485306253,0.22496523842325905,running
MPC,38.61000000000089,20.97264197306369,20.216260856330027,4.644451119858743,-1.3654719914483722,3.146667752681289,0.03827716703266338,4.837769323471515,0.05181358681564232,0.05899138102985724,0.560000000000116,2,optimal,209.31590261771592,0,0,0.9382580221002809,0.39309994997596515,363,-0.7688137164040778,1.5008659003304643,0.22293077345441883,running
MPC,38.71000000000087,21.079064882223214,19.75539179151134,4.803375604401876,-1.3053879305040268,4.121041919172093,0.05313804575686519,5.056555311775952,0.02573692792272806,0.011080303609957376,0.4439000000004967,2,optimal,209.7158097269653,0,0,0.9299709180118915,0.40198656459372983,368,-0.7470342910101946,1.594858070192626,0.22502164647011183,running
MPC,38.81000000000085,21.20950044730258,19.283839543156976,4.969175210836737,-1.2611188573628849,4.299319455177158,0.022458039399295266,5.233307549919592,0.08514496993603045,0.01773927818433929,0.4343999999978365,2,optimal,210.31567261451818,0,0,0.9190225519664799,0.3966577004181295,750,0.9169138090824838,1.3542203561899742,0.19528096432440423,running
MPC,38.91000000000083,21.358702777899587,18.79914908615296,5.158467905049912,-1.257748511021052,4.9085144437501835,-0.005005087295094217,5.460026655211756,0.02251269246967798,0.014381679127445146,0.4385000000013406,2,optimal,210.71558151764663,0,0,0.940571923914119,0.37430030320083924,720,0.7862372567191844,1.5331083763456017,0.21901940157552577,running
MPC,39.01000000000081,21.51571871804275,18.297454740002472,5.340766430597661,-1.2727618314930962,4.727149927496767,-0.008311098968551112,5.631182897799589,0.052051679255559924,0.0052253876054839665,0.45960000000100365,2,optimal,211.3154459214462,0,0,0.9202010624884753,0.3590827614300202,362,-0.7731696014828544,1.5476378653286151,0.22193355627601147,running
MPC,39.11000000000079,21.674544669586837,17.776820860471386,5.530506398139581,-1.2859688788863441,4.920112607131892,-0.0012350845351769921,5.83277769131085,0.09265766466228864,0.017484442413747914,0.5455999999988137,2,optimal,211.71535576750415,0,0,0.9291670675736561,0.34127534705939255,352,-0.8167284522706209,1.4604648451823992,0.2126462795560751,running
MPC,39.21000000000077,21.83528275781196,17.23812339477219,5.69932164608715,-1.2793634401470402,4.37751750705564,0.005868266970079034,5.968258148845145,0.05595849131827852,0.004311413917070794,0.4446000000015715,2,optimal,212.31522038033128,0,0,0.9189796488125974,0.34074371921134433,358,-0.790593141797961,1.5436650861564518,0.21807316453493358,running
MPC,39.31000000000075,22.003151790705953,16.68445440822287,5.859052810457699,-1.2711884172226626,4.141959787137418,-0.001076097212609605,6.113517624800892,0.0348769359913368,0.011078769284833534,0.44280000000007647,2,optimal,212.91508474735093,0,0,0.939929472213687,0.32843064311110265,717,0.7731696014828544,1.5616047434385167,0.22193355627601147,running
MPC,39.41000000000073,22.17484736608539,16.11602653293269,6.005116876484621,-1.284849966982336,3.787560744413092,-0.007981531941805915,6.2378088848990085,0.027944121904381433,0.0026690903772541574,0.45930000000105053,2,optimal,213.5149494415744,0,0,0.9377451545234716,0.31985059976484614,362,-0.7731696014828544,1.5631719001200737,0.22193355627601147,running
MPC,39.51000000000071,22.34574119872622,15.53344918991931,6.127634743759086,-1.2992926331981862,3.176988544824237,0.0014512043210952934,6.3228157309670445,0.03483894756592348,0.008212270186210624,0.4681000000008595,2,optimal,214.1148141580089,0,0,0.9414868895968587,0.31410216157026283,369,-0.742678405931418,1.6136224758662727,0.2241197071405647,running
MPC,39.61000000000069,22.515020862299494,14.940580208563903,6.197984483269769,-1.2930417423528717,1.8242263069771165,0.008835120487520517,6.310057374456798,0.051532468495961055,0.00040436834814716605,0.6181999999999022,3,optimal,214.71467894395568,0,0,0.9401456509278101,0.30124440373854094,365,-0.7601019462465246,1.5628217411790386,0.22496523842325905,running
MPC,39.71000000000067,22.685415045648867,14.343916511716817,6.2113382406023225,-1.2995433455065268,0.3462738539256848,-0.03164250907409523,6.232611868662337,0.0721609130733699,0.006997227840225051,0.6531000000009612,3,optimal,215.31454373641182,0,0,0.9437957156924315,0.2956523659966898,367,-0.7513901760889712,1.5649798319230759,0.22593517874601313,running
MPC,39.81000000000065,22.845687572837598,13.750323088157705,6.1165199652445414,-1.332175566220498,-1.0790459977780456,0.007697881001403632,6.103433640824518,0.08786331176347963,0.041745794207728615,0.6372000000016698,3,optimal,215.91440852697957,0,0,0.9273736310851296,0.28519576783820577,357,-0.7949490268767376,1.4577212414572418,0.21713917065507293,running
MPC,39.91000000000063,22.998302537065847,13.171548625254092,5.91879946932764,-1.3072215867202774,-2.2500884876125857,0.028129614690762167,5.891511116483283,0.08967153394370622,0.02056677504990745,0.7196999999994347,3,optimal,216.51427331321216,0,0,0.9007857695317658,0.2915590410645089,355,-0.803660797034291,1.453071322764562,0.21530714918272373,running
MPC,40.01000000000061,23.148410584709897,12.61791514962194,5.643125375344258,-1.2917518365321077,-3.1372119634260587,0.004256899976154471,5.605078272985034,0.07123343669441949,0.01092586719373223,0.6420999999967592,3,optimal,217.11413804316675,0,0,0.9173967635858922,0.2964232608857642,355,-0.803660797034291,1.4330424726311364,0.21530714918272373,running
MPC,40.11000000000059,23.29242298354485,12.094787989159192,5.315084327453415,-1.3039294391372578,-3.733155644287743,-0.01024989520858741,5.269809810915484,0.053928264428080235,0.029736836274983247,0.6330000000005498,3,optimal,217.71400275078076,0,0,0.8811989173079933,0.30254360685941295,367,-0.7513901760889712,1.473522336455083,0.22593517874601313,running
MPC,40.21000000000057,23.42435282701502,11.604568504414564,4.955040893855865,-1.3219948075616794,-4.097347526979886,-0.0067505967161802715,4.9053495747554265,0.11575047707618794,0.04518025491714539,0.5900000000025329,3,optimal,218.31386732755465,0,0,0.8832480729135093,0.317422661438699,361,-0.7775254865616312,1.423284072337272,0.22094939445953415,running
MPC,40.31000000000055,23.54020627422615,11.148793396474833,4.574079901086186,-1.3416172425454094,-4.335392444194456,0.0004418374952471537,4.52150164943642,0.09375173448963596,0.05630260425019751,0.7334000000014385,3,optimal,218.71377621157197,0,0,0.8587558619367426,0.3409051370805519,346,-0.8428637627432809,1.3314919688150364,0.20762130414308752,running
MPC,40.41000000000053,23.641450791492648,10.729317546580377,4.183190927282189,-1.3399526576460024,-4.44837433677449,0.01622529950367041,4.129242467408737,0.11036932200965816,0.02826475117061289,0.6022000000012184,3,optimal,219.1136755036887,0,0,0.8222130204910019,0.41411819336251976,709,0.7383225208526416,1.6241840775365188,0.2232291878884924,running
MPC,40.51000000000051,23.73346403968068,10.347574026092575,3.7959878194632397,-1.333868322187977,-4.4064286367023895,-0.00239511812674713,3.7425480636119506,0.10990506490183213,0.05650478970328621,0.7041999999994886,3,optimal,219.51351454108544,0,0,0.840896399283599,0.4003019363746443,690,0.6555607043558851,1.5356917359637612,0.2082738731989199,running
MPC,40.61000000000049,23.811515002615387,10.001727479630047,3.418041778264883,-1.3720149321630788,-4.301081849382917,-0.07971260285274287,3.3658796345249478,0.07484169496258389,0.18460499564786836,0.4982000000008924,2,optimal,219.9130537450125,0,0,0.8618425648318788,0.3832667047617941,675,0.5902224281742354,1.4074554435268039,0.19872007704051406,running
MPC,40.71000000000047,23.85898207081506,9.687692718358084,3.0558919178480104,-1.4900373503425874,-4.121318975737265,-0.19359797319570707,3.0059098806911564,0.09845475755325327,0.1844208325197556,0.5001999999993956,2,optimal,220.11300867624945,0,0,0.9368859068719618,0.3810797584187454,668,0.559731232622799,1.2986068718740027,0.1948317437819965,running
MPC,40.81000000000045,23.850415163391578,9.399935189374421,2.7994073294187114,-1.7120733678763913,-2.9188325519746194,-0.34318629383688076,2.7640086626505482,0.07418434652161797,0.2276721278832472,0.673300000000765,3,optimal,220.51183582592776,0,0,0.8592705299285697,0.41668863278396745,702,0.7078313253012047,1.18476351616431,0.21730154451353453,running
MPC,40.91000000000043,23.76716232051735,9.14258076721073,2.673767494616643,-2.004080737994402,-1.4297999029523747,-0.3995696085073812,2.656427339123474,0.1002167355124962,0.03970800739784508,0.6313999999996156,3,optimal,220.71095228802716,0,0,0.8384731517828965,0.495655666455977,703,0.7121872103799816,1.2683949691085354,0.21811666573475305,running
MPC,41.01000000000041,23.61643566942822,8.926877126889762,2.6198969360745776,-2.2667501731932886,-0.6130549239958691,-0.2542580990137587,2.612462002217056,0.1208590490594741,0.12805913725277307,0.6410999999992839,3,optimal,220.91090721926412,0,0,0.8626184067509494,0.6197191411440832,717,0.7731696014828544,1.4078386331736088,0.22193355627601147,running
MPC,41.11000000000039,23.42733426072072,8.745239394408122,2.627142092159867,-2.418449111936741,0.18787282541298464,-0.059880577029671464,2.638684218615876,0.07333201787985132,0.1432829796164019,0.6371000000005012,2,optimal,221.3104150048328,0,0,0.8853099868003772,0.716113062010417,358,-0.790593141797961,1.53779648977098,0.21807316453493358,running
MPC,41.21000000000037,23.224205117409536,8.572839377915908,2.6959338452997943,-2.4431522500014737,1.7838264456099917,0.03458749930266874,2.805524736720866,0.0026238903206479967,0.11767086249248848,0.5990999999987423,3,optimal,221.5102055748499,0,0,0.9261078394831573,0.7106908080735206,361,-0.7775254865616312,1.5515310954587755,0.22094939445953415,running
MPC,41.31000000000035,23.01714956985129,8.392623067502102,2.78698668554973,-2.416239851979115,2.361074648807947,0.04692709907996142,2.932041310180589,0.07824974094091611,0.044275700311788846,0.484000000000151,2,optimal,221.71016050608685,0,0,0.9305438274678022,0.6769306912931969,715,0.7644578313253012,1.5411204964905496,0.2239412608755995,running
MPC,41.41000000000033,22.80782973302389,8.20060771777628,2.8861130310308667,-2.396135841961116,2.57042724534511,-0.0036852818304168047,3.044029410084241,0.03958253376100177,0.048988656351504734,0.49439999999911777,2,optimal,222.10999095906735,0,0,0.924403634321492,0.6176198879112481,691,0.6599165894346619,1.5688762601957604,0.20897586948035746,running
MPC,41.51000000000031,22.587292100008483,8.003197800733552,3.023014628054878,-2.425039742048015,3.5499704262651384,-0.08860334762247861,3.2411100736573806,0.05792186049277794,0.04711375817813934,0.6347000000008762,2,optimal,222.30989962909837,0,0,0.934476238798442,0.5819381083944342,703,0.7121872103799816,1.4894175726766905,0.21811666573475305,running
MPC,41.61000000000029,22.345577315127176,7.809435608792548,3.1629146718404804,-2.497104171689332,3.6277226041780826,-0.0929322809306177,3.3857868884726865,0.03484394191177352,0.016167546711269853,0.4660999999988036,2,optimal,222.70979150725776,0,0,0.9305095637454999,0.5876820170268784,729,0.8254402224281745,1.415858682675547,0.21092842571338707,running
MPC,41.71000000000027,22.07830037073497,7.624202138592582,3.3284033110604487,-2.5641015121523987,4.291255820855849,-0.05208728392677407,3.5920402539260654,0.09285904449439168,0.03679107495783018,0.48579999999986967,2,optimal,222.90974643849466,0,0,0.9386014071314677,0.5806740636911281,358,-0.790593141797961,1.5099972484846182,0.21807316453493358,running
MPC,41.81000000000025,21.79108303182512,7.439726389943126,3.4861727400966043,-2.5790830537207143,4.09109038478824,0.008360160462530073,3.737512349539273,0.03373344770372492,0.0363126660948323,0.46790000000029863,2,optimal,223.30965139261716,0,0,0.9331228839452381,0.5611016509739571,365,-0.7601019462465246,1.5785179342842681,0.22496523842325905,running
MPC,41.91000000000023,21.49058233589181,7.2452308972279145,3.659055370451715,-2.560235626622474,4.482988060891134,0.018170339973102908,3.934471546185718,0.011888350909626227,0.0033700394928817268,0.46579999999885047,2,optimal,223.70955702923942,0,0,0.9178008610768873,0.5410863281480183,707,0.729610750695088,1.627608960350478,0.22148173646210823,running
MPC,42.01000000000021,21.176695835187893,7.037996638176698,3.848314085059256,-2.5561781345775896,4.907633324773306,-0.00928930599589356,4.149818702929045,0.032639216000968196,0.014778548440319117,0.46739999999978465,2,optimal,224.1094625318072,0,0,0.9353084567040211,0.49278524727537404,711,0.7470342910101948,1.54798999610077,0.22502164647011186,running
MPC,42.11000000000019,20.844787919803576,6.822620757381745,4.04903436289527,-2.5794106483857644,5.20484103735179,-0.02948199913325009,4.368798188794435,0.03623835313485408,0.0057454028816708025,0.4837999999995901,2,optimal,224.50936791156983,0,0,0.9180817326942341,0.47773735116998745,739,0.8689990732159409,1.3898725633436966,0.20296376061118723,running
MPC,42.21000000000017,20.49041140987437,6.604697173902162,4.255035002454,-2.6073849097666715,5.34176513731196,-0.026362242489869205,4.583210876626466,0.020100422034045547,0.007808370057901026,0.7198000000006033,2,optimal,224.9092731466464,0,0,0.9336737191630933,0.46442792432795293,729,0.8254402224281745,1.486336161125065,0.21092842571338707,running
MPC,42.31000000000015,20.11480893646784,6.382157998797592,4.460180390646657,-2.6176229998416467,5.319587769607075,-0.016550028068142455,4.786993779414708,0.016792552995176162,0.003297587949303349,0.6410999999992839,2,optimal,225.30917818631985,0,0,0.9376885031562767,0.4360058704093171,722,0.7949490268767376,1.5163891480869172,0.21713917065507293,running
MPC,42.41000000000013,19.719127057812468,6.154003636051247,4.658909077545765,-2.627774726545774,5.153197454801059,-0.02005791073538379,4.975500136126763,0.07355293469176628,0.0014666342830587098,0.5620000000003955,2,optimal,225.70908298249412,0,0,0.9318010685891347,0.4093365151099269,729,0.8254402224281745,1.4491893600181338,0.21092842571338707,running
MPC,42.51000000000011,19.304295400373825,5.920555923039127,4.846282407605646,-2.6386037041199617,4.858743760795792,-0.023466085239046103,5.144783453625344,0.0506713941538331,0.010247654162807152,0.47709999999945296,2,optimal,226.30894008726526,0,0,0.9369162660698892,0.3917774029627023,724,0.8036607970342913,1.4821729580198502,0.2153071491827237,running
MPC,42.61000000000009,18.86933308887201,5.683824620880794,5.042446948432271,-2.6639136022893966,5.08670704910962,-0.029219391385514014,5.354953112516608,0.04613242768842477,0.004978291635331367,0.6744999999988011,2,optimal,226.70884794588423,0,0,0.9345444408979201,0.3869881629362245,734,0.8472196478220577,1.4485010843492812,0.20682039817249392,running
MPC,42.71000000000007,18.411658735007173,5.450156968581499,5.2209905376939245,-2.6964975355729193,4.6297813572396125,-0.019046729138263635,5.505425084156233,0.042169410471241085,0.027216931516432563,0.4723000000002031,2,optimal,227.30871167308314,0,0,0.9302556713613228,0.36889571183765346,371,-0.7339666357738648,1.6035450585725708,0.22234991952811328,running
MPC,42.81000000000005,17.9333756238298,5.218294816344148,5.395586080218157,-2.7074643425860403,4.5274052749730265,-0.0071895151561123215,5.673731065191227,0.0902336272808109,0.03463813727593168,0.48320000000146024,2,optimal,227.7086211284992,0,0,0.9372014990930444,0.34764200394530603,359,-0.7862372567191844,1.5013660275083096,0.21901940157552577,running
MPC,42.91000000000003,17.43723811600624,4.986600181388743,5.544036925892442,-2.718189810643262,3.849451893576729,-0.007186792267752546,5.78053126957583,0.04174507323397314,0.04223342747970538,0.5468999999997948,2,optimal,228.30848568664538,0,0,0.9200769199601292,0.3381260063057878,366,-0.755746061167748,1.5537196560463098,0.22600293112750477,running
MPC,43.01000000000001,16.92678827267352,4.755697768382726,5.652273091126672,-2.730417763603423,2.8066523253667612,-0.007270283514480717,5.824702158429118,0.035855804783953026,0.03098063764836967,0.4475999999993263,2,optimal,228.90834439937487,0,0,0.9144854812416139,0.33123334158019213,338,-0.8777108433734939,1.3747696285434534,0.20148754432673713,running
MPC,43.10999999999999,16.40555875944328,4.5274614394100565,5.72238085360699,-2.7435838781924153,1.8179516445896522,-0.011900750839326785,5.8340682555856365,0.04927943219468272,0.0137904384275509,0.49070000000028813,2,optimal,229.50813176109745,0,0,0.9104958211617995,0.3256976514576,719,0.781881371640408,1.5262835028312336,0.21997807798827246,running
MPC,43.20999999999997,15.875750928676228,4.30557281694417,5.762610190247561,-2.7734627949662065,1.043179615481351,-0.02842841694937415,5.826698815155125,0.05599440141446914,0.05177465999235942,0.48400000000192733,2,optimal,230.10794074516804,0,0,0.9285629857179878,0.30909439388143567,713,0.755746061167748,1.5132328119642315,0.22600293112750477,running
MPC,43.30999999999995,15.334669660093285,4.099616692406267,5.813203954176156,-2.829803966671918,1.3119376954269864,-0.053150058454742355,5.89380395979026,0.0799711712799572,0.032659289261510516,0.46129999999955373,2,optimal,230.70777202428525,0,0,0.9376240215201765,0.29937211758334,721,0.7905931417979613,1.4315952437534636,0.21807316453493353,running
MPC,43.40999999999993,14.77838434519424,3.916691588214685,5.893374024438243,-2.885528545018693,2.078875518538246,-0.041561367441208495,6.021091506029981,0.10414028543416232,0.011706140959008682,0.4561000000009585,2,optimal,231.30763588654548,0,0,0.8847205438077521,0.30380768900602056,721,0.7905931417979613,1.4603872567632326,0.21807316453493353,running
MPC,43.50999999999991,14.20474858838587,3.7579444965480566,6.002625622001509,-2.922074060659573,2.832983316504287,-0.013774142042918047,6.176672356088671,0.10974144147312148,0.04261899186069629,0.49180000000070834,2,optimal,231.90749997319105,0,0,0.9030168468893989,0.314522693547541,722,0.7949490268767376,1.5152543703686663,0.21713917065507293,running
MPC,43.60999999999989,13.615039327371248,3.6123436461911367,6.135199073705484,-2.9115985553697414,3.437738076747605,0.010386913965917212,6.34639942967627,0.09816784091518986,0.028691261171046367,0.487200000000243,2,optimal,232.50736463441794,0,0,0.8997200635642124,0.31092998968648555,716,0.768813716404078,1.5643769599733879,0.22293077345441878,running
MPC,43.70999999999987,13.011747447270743,3.462773699799691,6.284084960328241,-2.8791928964266513,3.8607328613292484,0.007318185834497087,6.521272359838409,0.07468105160501835,0.005045131957470694,0.4825999999980013,2,optimal,233.10722937701416,0,0,0.9285983207210294,0.2930091376429098,723,0.7993049119555145,1.4695616146011297,0.21621722807816315,running
MPC,43.80999999999985,12.395695919679481,3.300973662910096,6.442207061750503,-2.8702565120695844,4.100235468323122,-0.010258697150958963,6.6941085071605535,0.043562948456703846,0.013295711529458298,0.5176000000020053,2,optimal,233.70709416518994,0,0,0.9294047372117354,0.2875534459283141,725,0.8080166821130677,1.4629328133253903,0.2144087504700342,running
MPC,43.90999999999983,11.764883758924038,3.1326166678331986,6.60278247008405,-2.8868420716628806,4.163851723874028,-0.014875897823561713,6.858592234137906,0.0392636927645902,0.004651806298398231,0.4815000000011338,2,optimal,234.30695892042084,0,0,0.9070238362209391,0.2822987479265044,722,0.7949490268767376,1.4907621193383922,0.21713917065507293,running
MPC,44.00999999999981,11.117611229817166,2.9645379618483574,6.759511802765876,-2.9026595995410562,4.064119835294306,-0.003995808891052331,7.009194453613481,0.09553845410027896,0.021663425365319178,0.4385000000013406,2,optimal,234.90682369954496,0,0,0.9238039996285042,0.28502292400692547,725,0.8080166821130677,1.514707285494039,0.2144087504700342,running
MPC,44.10999999999979,10.454378078356887,2.7975983480397555,6.907083263753475,-2.896003190082582,3.826648729122073,0.00754116315009192,7.142176675678083,0.030611309129125665,0.016312061994181448,0.530100000000644,2,optimal,235.7066434039444,0,0,0.9195547276786719,0.2795368444980486,730,0.8297961075069509,1.4855698316771062,0.21008581223244965,running
MPC,44.20999999999977,9.777998077836092,2.6225596755360563,7.054469423314157,-2.8645537261697616,3.8218437115050334,0.006464990039120859,7.289267634903979,0.07503916524218865,0.01437186527128853,0.74679999999816,2,optimal,236.3065081861942,0,0,0.9329924177485092,0.2689843405315067,722,0.7949490268767376,1.5182639055933582,0.21713917065507293,running
MPC,44.309999999999754,9.091354638049799,2.4337278198208194,7.178395905085151,-2.8548332365726146,3.2135150712738163,-0.010759007398495928,7.375820930441539,0.020618930957080246,0.023362587536813972,0.5496000000011492,2,optimal,237.10632790598945,0,0,0.9444340914042788,0.2561777018513569,725,0.8080166821130677,1.46306234941012,0.2144087504700342,running
MPC,44.409999999999734,8.394372018919587,2.2378637670138533,7.292108537835576,-2.8731587922353423,2.9486616090092537,-0.01666354252901558,7.473262065986076,0.09235759829492404,0.004636972187159749,0.5682999999994109,2,optimal,237.90614762948604,0,0,0.9085360660977426,0.2577301671719244,711,0.7470342910101948,1.5824453781663914,0.22502164647011186,running
MPC,44.509999999999714,7.685631663892685,2.0433481973785517,7.398413428451979,-2.8913413110621144,2.756572794321713,-0.007188817057405144,7.567765817267747,0.0525045346073809,0.013624157687044836,0.5764999999993137,2,optimal,238.5060124231161,0,0,0.9217759191192132,0.2571223497952236,722,0.7949490268767376,1.5302161785210158,0.21713917065507293,running
MPC,44.609999999999694,6.965583474393431,1.8549942042025542,7.480632503550846,-2.907006396383026,2.1320078904898208,0.0017209168760653033,7.611614217500962,0.0223572481976199,0.029149739863853608,0.598199999998883,2,optimal,239.30583214792313,0,0,0.9229631544856433,0.24963014265123165,364,-0.7644578313253012,1.5569317816272272,0.2239412608755995,running
MPC,44.709999999999674,6.236181759874929,1.6720061114832914,7.553631779392154,-2.9000918564813762,1.892930951930098,0.012332478030074994,7.669925598743856,0.05824810412717647,0.022033485525519758,0.5791999999988917,2,optimal,240.10565187252766,0,0,0.9397874531195696,0.24878674642137782,353,-0.8123725671918443,1.4935333983952936,0.21352185245425553,running
MPC,44.809999999999654,5.5008971312005315,1.4837513918222642,7.621106792841128,-2.8648007171101186,1.749682308042674,0.011167465462410493,7.728600010196421,0.09880120101295269,0.013439983411911882,0.5288999999990551,2,optimal,240.90547159721862,0,0,0.9267895380121645,0.24583878001687912,724,0.8036607970342913,1.5041892709110671,0.2153071491827237,running
MPC,44.909999999999634,4.762395290317895,1.2823397284733185,7.68350943179397,-2.851558139710498,1.6181514870468368,-0.006730412553017536,7.782921941545812,0.06686000636916072,0.026806926114276486,0.5918999999998675,2,optimal,241.50533639074428,0,0,0.9445261642119909,0.24200366512537502,703,0.7121872103799816,1.6141577963905924,0.21811666573475305,running
MPC,45.009999999999614,4.020603219281665,1.0737711898787095,7.724341535153619,-2.8703670900366305,1.0588098497019864,-0.0161838601209494,7.789390416764169,0.03830488940741458,0.008146446018979958,0.5003000000005642,2,optimal,242.30515611556538,0,0,0.9189982031147403,0.23879905565852513,718,0.7775254865616312,1.5285331573737206,0.22094939445953415,running
MPC,45.109999999999594,3.274263647331841,0.867685235652173,7.758395669089873,-2.891101263955957,0.8830515566927525,-0.007134459494248306,7.812646690822894,0.017352690401947667,0.012458595705656439,0.56219999999918,2,optimal,243.1049758404318,0,0,0.9461949667099712,0.24325586950072098,708,0.7339666357738648,1.6175448605246445,0.22234991952811328,running
MPC,45.209999999999575,2.522291084422975,0.6699823499961435,7.789777232330191,-2.9091417035811276,0.8137496118000369,0.0041073300327006505,7.839770630269877,0.013093529414913064,0.030389234638405593,0.48019999999837637,2,optimal,243.90479556533177,0,0,0.9091296832017819,0.23777786188338682,354,-0.8080166821130677,1.4890255387976097,0.2144087504700342,running
MPC,45.309999999999555,1.7651546211256894,0.4801273010421989,7.81940939917968,-2.903147817004445,0.7683863319972137,0.015886937125054578,7.866615865529912,0.030156380164220658,0.024304832282843414,0.47400000000052955,2,optimal,244.70461529025496,0,0,0.9457648170235855,0.23537779994059307,364,-0.7644578313253012,1.5473133693060703,0.2239412608755995,running
MPC,45.409999999999535,1.0059017004518134,0.2869676506817185,7.847228820190254,-2.86618547648508,0.7213803491717986,0.01555185905752015,7.89154743409686,0.04881981729299179,0.012728462689513886,0.5330999999983987,2,optimal,245.50443501519266,0,0,0.9263121673130008,0.23654998941947075,363,-0.7688137164040778,1.5523632075306193,0.22293077345441883,running
MPC,45.509999999999515,0.24714121467291944,0.0814184243580916,7.873024854477132,-2.8507153193007624,0.668912275853691,-0.0034823219948116662,7.914120047775623,0.06157290153513487,0.028250536648925628,0.5607000000011908,2,optimal,246.30425474013785,0,0,0.9347155476551638,0.23514021162512905,729,0.8254402224281745,1.462404297964704,0.21092842571338707,running
MPC,45.609999999999495,-0.512129422312733,-0.13151493759340432,7.89638276772072,-2.8692851878071006,0.6056898022852583,-0.013013591575700811,7.933593834705658,0.07139933615222566,0.009713098105218698,0.5302000000000362,2,optimal,247.10407446508538,0,0,0.9344269157358808,0.2372978310822058,360,-0.7818813716404078,1.5456692306724267,0.21997807798827249,running
MPC,45.709999999999475,-1.274324499520467,-0.3421486636901711,7.917283110111863,-2.8908180931232956,0.5419629792511516,-0.004435549542268126,7.950579065645835,0.08022775444772459,0.0118068871260113,0.5598999999989474,2,optimal,247.90389419003284,0,0,0.938356230342899,0.23473978626602668,356,-0.7993049119555145,1.508553380593415,0.21621722807816315,running
MPC,45.809999999999455,-2.040159461600858,-0.5467842411733207,7.935352292806475,-2.88707051053285,0.4685486918125856,0.0067175782711207666,7.964137979293121,0.08735765223742305,0.008065471840460692,0.559499999999602,2,optimal,248.70371391498037,0,0,0.9256785228328461,0.2361857863988894,728,0.8210843373493977,1.4860179653118422,0.21178185999974475,running
MPC,45.909999999999435,-2.8075682225835044,-0.7519686609552458,7.950731485187965,-2.872970909889954,0.3987950419932223,0.0050295559686975595,7.975231797005797,0.09283538691988363,0.006008598821970246,0.5433999999997496,2,optimal,249.50353363992573,0,0,0.9429699280937852,0.23677443067628104,718,0.7775254865616312,1.5599423694356633,0.22094939445953415,running
MPC,46.009999999999415,-3.576360670098838,-0.9574360450084887,7.963743817033272,-2.888198503041392,0.3374204116806977,-0.0027052030001109995,7.984473526356035,0.09691765563350078,0.00925688808481473,0.5107999999989232,2,optimal,250.30335336486706,0,0,0.9251060353810554,0.23509129964952485,363,-0.7688137164040778,1.5663545442473996,0.22293077345441883,running
MPC,46.109999999999395,-4.346950328493369,-1.160620284323659,7.973973976033,-2.8852274779042095,0.2652763933692709,0.005970057020024683,7.990271456370199,0.10003958374915338,0.006321714719647709,0.6368999999999403,2,optimal,251.10317308980783,0,0,0.9385385305736698,0.23164277754963003,369,-0.742678405931418,1.5830684356675393,0.2241197071405647,running
MPC,46.209999999999376,-5.117505289749288,-1.3674194270365125,7.9818858008703915,-2.860769874660616,0.2051600916357684,0.005291466434361702,7.994489985196577,0.09854043176652148,0.018110572768352373,0.6062000000000012,2,optimal,251.7030378835116,0,0,0.9308160434602997,0.23492592621940728,732,0.8385078776645041,1.4608660157229338,0.20843240730709414,running
MPC,46.309999999999356,-5.885806686922317,-1.5806017737862514,7.968927770959076,-2.860404940866978,-0.147464296963143,-0.008588355277630017,7.967139371174077,0.09571070701791369,0.018444135187342336,0.5377000000006404,2,optimal,252.50285760845256,0,0,0.9227740561436542,0.23180364196322312,716,0.768813716404078,1.5527577847664509,0.22293077345441878,running
MPC,46.409999999999336,-6.652254014948616,-1.7944963630706603,7.951436267753651,-2.879647860895924,-0.1990558935786962,-0.01092928690711028,7.949022181601206,0.09175406960291395,0.0008276935292097498,0.5204000000009756,2,optimal,253.30267733339403,0,0,0.9348015962459714,0.23526852695828634,708,0.7339666357738648,1.6144607763027226,0.22234991952811328,running
MPC,46.509999999999316,-7.4189491659703615,-2.001776305880266,7.937571468487014,-2.9004398636111035,-0.15778346634347867,-0.0013399053663105094,7.9356579211193035,0.0862382904363264,0.021646185799856443,0.5351999999998469,2,optimal,254.10249705833604,0,0,0.9126997801652523,0.22713403978221705,365,-0.7601019462465246,1.5339225516362014,0.22496523842325905,running
MPC,46.609999999999296,-8.186769946208706,-2.20078184853719,7.9290365874643145,-2.8964778501974844,-0.09712820839975445,0.011257089953236914,7.927858647647039,0.07931444731295012,0.017707939697165553,0.5294000000013455,2,optimal,254.90231678327885,0,0,0.9414087424752763,0.22954844613332961,357,-0.7949490268767376,1.4931643674339399,0.21713917065507293,running
MPC,46.709999999999276,-8.95348494004908,-2.40188000623499,7.925258899196397,-2.8591186709011525,-0.04299065123225637,0.011138627113222565,7.924737522341089,0.07234161938166082,0.019629801566423577,0.5379999999988172,2,optimal,255.70213650822225,0,0,0.9180396934692847,0.23137678841242354,722,0.7949490268767376,1.5019448708976932,0.21713917065507293,running
MPC,46.809999999999256,-9.716916870003182,-2.614591567047474,7.925145348596088,-2.8422745639918716,-0.0012922226263544943,-0.010121425363490366,7.925129676933762,0.06480246177219902,0.03645511235788268,0.49219999999827735,2,optimal,256.5019562331665,0,0,0.9417450428296055,0.2277039435345424,709,0.7383225208526416,1.5579182596616312,0.2232291878884924,running
MPC,46.909999999999236,-10.478376211498956,-2.834492134396223,7.926290138567301,-2.860343383737027,0.029685340641987478,-0.02263345816627122,7.928113882660287,0.059578857424209354,0.018370101368612612,0.6697999999989435,3,optimal,257.3017759581115,0,0,0.9225802863602937,0.23009551334269224,731,0.8341519925857277,1.434319352746606,0.20925385860619153,running
MPC,47.009999999999216,-11.240696829028687,-3.051970248317413,7.928309370612755,-2.882261699946105,0.05236033911184738,-0.015770075876181688,7.931526172478486,0.057430552383054126,0.0035619367902102184,0.6015000000001436,2,optimal,258.10159568305716,0,0,0.9072909216410988,0.23249414761203618,721,0.7905931417979613,1.514353942014486,0.21807316453493353,running
MPC,47.1099999999992,-12.005798521689027,-3.2603364932027468,7.9309638485277345,-2.9018091046613,0.06883278427861643,-0.005373617634000659,7.935192649040617,0.0528588127146026,0.023120498123367916,0.290100000000848,1,optimal,258.9014154080035,0,0,0.9333549551623528,0.23819258310248334,709,0.7383225208526416,1.6199349234628881,0.2232291878884924,running
MPC,47.20999999999918,-12.773634851764966,-3.4596084520329113,7.934254843951949,-2.8966661020016713,0.08533820410353876,0.0057535540850325575,7.939497668938088,0.04343695087245591,0.017986154344709515,0.29280000000042605,1,optimal,259.7012351329504,0,0,0.9232431876300378,0.23614261241307363,367,-0.7513901760889712,1.5944942571608571,0.22593517874601313,running
MPC,47.30999999999916,-13.542013003793771,-3.65820819909282,7.938022327599971,-2.881807056352452,0.09769393361839272,0.004805531551435755,7.944024237313789,0.034119275092876065,0.0031332240116772603,0.620800000000088,2,optimal,260.5010548578976,0,0,0.935510578493189,0.2339025377974203,713,0.755746061167748,1.5766108910618746,0.22600293112750477,running
MPC,47.40999999999914,-14.310845600801391,-3.856628486804128,7.942136033453093,-2.896765660739872,0.10667175868209658,-0.001999548878579851,7.948689503468181,0.02568614933815104,0.0180953331863285,0.49180000000070834,2,optimal,261.3008745828451,0,0,0.9108182793375184,0.229064989147489,366,-0.755746061167748,1.5493058096439647,0.22600293112750477,running
MPC,47.50999999999912,-15.08075108681945,-4.052577250306661,7.946510110007727,-2.8937767163821624,0.11342338401246459,0.008963424925253717,7.95347837185434,0.019691685692149987,0.015107465033970868,0.5004000000017328,2,optimal,262.1006943077927,0,0,0.9318079865425157,0.23097946858021073,355,-0.803660797034291,1.4885689105025293,0.21530714918272373,running
MPC,47.6099999999991,-15.849845898837167,-4.253434146189232,7.9510498427202645,-2.8579252528377888,0.11771898372983894,0.010162193249236581,7.958282008380711,0.01742109361112443,0.020745534321038317,0.46630000000291716,2,optimal,262.9005140327403,0,0,0.9246563415210312,0.23090367491702715,722,0.7949490268767376,1.5021433183494435,0.21713917065507293,running
MPC,47.70999999999908,-16.61601354292994,-4.466891940315956,7.955668646462657,-2.84196988565867,0.11976936023136193,-0.009632298387844625,7.963026778743401,0.010253513788422446,0.03670507408857082,0.49140000000136297,2,optimal,263.7003337576877,0,0,0.9378076565458309,0.2275262061130632,710,0.742678405931418,1.556790648534657,0.2241197071405647,running
MPC,47.80999999999906,-17.38056253743583,-4.687781541206474,7.960339751424251,-2.8604162973667333,0.12112557363904143,-0.021200897247954924,7.967781203826561,0.013009720447247354,0.018265123107708447,0.7088999999993462,3,optimal,264.50015348263474,0,0,0.9198762821658654,0.22760711546641021,731,0.8341519925857277,1.4257379740896183,0.20925385860619153,running
MPC,47.90999999999904,-18.146281303046592,-4.90626508678514,7.9649273087121095,-2.8824268728825686,0.11895911409888058,-0.014144184145941681,7.972235662834139,0.023759584691917135,0.003736265260523286,0.6195000000008832,2,optimal,265.29997320758133,0,0,0.9197439282656048,0.23433801033165497,716,0.768813716404078,1.563668182924621,0.22293077345441878,running
MPC,48.00999999999902,-18.91501161547858,-5.115610208316514,7.969370403038175,-2.901959339773732,0.1152130712972968,-0.004012088136065847,7.976448615841839,0.026065550142493746,0.02325703443678817,0.49430000000150187,2,optimal,266.09979293252724,0,0,0.9414825276110739,0.23733240899225674,719,0.781881371640408,1.5613395587710217,0.21997807798827246,running
MPC,48.109999999999,-19.686623391740095,-5.315831557294391,7.973628728076608,-2.896773838193761,0.11042185248728933,0.007112088982151976,7.980412588286904,0.01923449088155202,0.0180572691604568,0.497800000001547,2,optimal,266.89961265747235,0,0,0.919059607439216,0.22945935833810377,364,-0.7644578313253012,1.543781081282448,0.2239412608755995,running
MPC,48.20999999999898,-20.45810899542541,-5.518156148311075,7.977633471074827,-2.8589806116869116,0.10384626269900801,0.006024532888432526,7.984013354346509,0.015016251275402076,0.019752782477857167,0.47770000000113555,2,optimal,267.6994323824166,0,0,0.9327825956488418,0.22545394820143322,730,0.8297961075069509,1.4235710228834333,0.21008581223244965,running
MPC,48.30999999999896,-21.226794027132296,-5.732305371385526,7.981361694986079,-2.842111022486029,0.09667589652090201,-0.015026845270322721,7.987301060726917,0.022275779016445337,0.03664164299127659,0.5795999999982371,2,optimal,268.4992521073599,0,0,0.9347439200220762,0.21776015535387377,721,0.7905931417979613,1.440068609077879,0.21807316453493353,running
MPC,48.40999999999894,-21.994340935639,-5.951766122054006,7.984524766982518,-2.878425436090452,0.0820210449519683,-0.026890545777818256,7.989563799481276,0.03466617120280481,0.00034906827796676865,0.7000999999995372,3,optimal,269.29907183230216,0,0,0.9019160705029883,0.22664089872120666,736,0.8559314179796109,1.3910123629954916,0.20524858980469113,running
MPC,48.50999999999892,-22.76592424222472,-6.157451542707707,7.986350880689032,-2.935997232762938,0.047352622570066824,-0.008595304289709142,7.989260029239524,0.03330800952593829,0.05719838109024433,0.5250999999990569,2,optimal,270.09889155724346,0,0,0.9312299913947257,0.22924397784570347,369,-0.742678405931418,1.572505087337383,0.2241197071405647,running
MPC,48.6099999999989,-23.54250322286087,-6.343648208369882,7.985827685121548,-2.9360920291526873,-0.00595404294179603,0.025659443578022436,7.985755476394852,0.015605925749262383,0.05726622414662774,0.796599999999259,3,optimal,270.8987112821837,0,0,0.9287380323004804,0.22615012968494655,378,-0.7034754402224281,1.5938368712734685,0.216496585417684,running
MPC,48.70999999999888,-24.319831796157995,-6.524203582608509,7.977385153575154,-2.8958969192995547,-0.09607725770033419,0.030888791954703097,7.976219959351515,0.02313055492580069,0.017042735084536798,0.6478000000011974,3,optimal,271.6985310071236,0,0,0.9460381707519874,0.23119267280705963,365,-0.7601019462465246,1.5630748093755222,0.22496523842325905,running
MPC,48.80999999999886,-25.092765576264128,-6.715842279181223,7.9564905683944875,-2.853148388740626,-0.23778346979373738,0.013804385067643572,7.953606806595781,0.03825064355445865,0.02573314320305764,0.4888999999987931,2,optimal,272.4983507320646,0,0,0.9253013392804852,0.23318440041362853,718,0.7775254865616312,1.5466252283370727,0.22094939445953415,running
MPC,48.90999999999884,-25.857604210928464,-6.92542101126005,7.91721092197798,-2.836246575121108,-0.44700818592131064,-0.007462623687027481,7.911789749802357,0.03895571110774753,0.04266070802591715,0.452599999999137,2,optimal,273.2981704570067,0,0,0.9248580092108789,0.2347682318046318,704,0.7165430954587584,1.6275129081953044,0.21894209497805303,running
MPC,49.00999999999882,-26.613936567444256,-7.144397487820164,7.851896142483766,-2.854253517470026,-0.7432918511020351,-0.017845715344133168,7.842881736867777,0.04038967789141358,0.02467821171533613,0.494999999999024,2,optimal,274.0979901819498,0,0,0.9171860483166945,0.2353661316239573,722,0.7949490268767376,1.5221479366126955,0.21713917065507293,running
MPC,49.1099999999988,-27.36201813848458,-7.360372574672612,7.752938365754442,-2.8775373563245736,-1.1261541356439435,-0.011274097081392601,7.739280728919372,0.05890356141088944,0.0014175401114391306,0.4750999999991734,2,optimal,274.8978099068937,0,0,0.9403523856337423,0.24012109846498952,718,0.7775254865616312,1.5645870090590224,0.22094939445953415,running
MPC,49.20999999999878,-28.09823353522891,-7.563546111418193,7.578535456463841,-2.902153545394131,-1.984730902990709,-0.0020821763774782325,7.554465275455371,0.09511456765573592,0.023177032932113928,0.4770000000000607,2,optimal,275.69762963183854,0,0,0.9255192267313285,0.23405665798887584,367,-0.7513901760889712,1.5519566222490933,0.22593517874601313,running
MPC,49.30999999999876,-28.815832290608167,-7.750498377666882,7.332420610908472,-2.9049673143134163,-2.8008233443205106,0.010353342868042733,7.29845312203179,0.04667596807864003,0.025976151632920885,0.4687000000007657,2,optimal,276.2974944255481,0,0,0.9363308420474161,0.2441615330818325,369,-0.742678405931418,1.5872254797186809,0.2241197071405647,running
MPC,49.40999999999874,-29.505158455890957,-7.929073322557969,7.012923143739337,-2.869291452770407,-3.63592843202655,0.014734660962105824,6.968827767705817,0.04180996709825894,0.00955328372694142,0.6381000000015291,3,optimal,277.09731415046684,0,0,0.9344208868570545,0.2546169868568662,709,0.7383225208526416,1.6040293770665153,0.2232291878884924,running
MPC,49.50999999999872,-30.15861680485772,-8.107724228054686,6.652836981012914,-2.843391435792232,-4.097833790786363,-0.006648552709999834,6.603139764660701,0.03679889059699991,0.03500080957427709,0.6417000000009665,3,optimal,277.6971789430767,0,0,0.9340811672772074,0.26348823265395716,705,0.7208989805375348,1.6078857897721806,0.2197779812188762,running
MPC,49.6099999999987,-30.77328685352063,-8.281850540395876,6.253816857103674,-2.868978499926476,-4.540908027619303,-0.03003452074211942,6.198746178250984,0.07546020742913565,0.008586584929071162,0.6687999999996919,3,optimal,278.2970437354273,0,0,0.9379473545232792,0.27739766062354637,732,0.8385078776645041,1.442271787496059,0.20843240730709414,running
MPC,49.70999999999868,-31.35036624906503,-8.435445114185983,5.828076979743649,-2.9293967681601303,-4.844982773905221,-0.02515218255575051,5.769318579713151,0.07270348907572939,0.052955784043377196,0.6484000000011036,3,optimal,278.8969085244313,0,0,0.9299384925955815,0.2862615920228551,372,-0.729610750695088,1.5559780993873993,0.22148173646210823,running
MPC,49.80999999999866,-31.889279097133503,-8.561660552027947,5.385401058375177,-2.9582216128755556,-5.038981066867384,0.005413778004712521,5.324178873056911,0.03246965874445479,0.07987726687638474,0.7232000000012562,3,optimal,279.4967733167195,0,0,0.9376888928392617,0.29435372175670893,373,-0.7252548656163114,1.5043973411815545,0.22062447658991918,running
MPC,49.90999999999864,-32.387419263317256,-8.665958597230066,4.937496832427197,-2.9531950985170106,-5.100473272796639,0.01855618297846943,4.875353731095513,0.07911852163142341,0.05902664154864512,0.7549999999998391,3,optimal,280.09663735577936,0,0,0.9204600659511841,0.3059424427810799,369,-0.742678405931418,1.4378573134702963,0.2241197071405647,running
MPC,50.00999999999862,-32.842137177050645,-8.76028600328921,4.4938074146485905,-2.924893501876077,-5.050901208284695,0.026068275756782493,4.432406711598727,0.06779353690101617,0.046218798228590874,0.686100000001133,3,optimal,280.49654638434777,0,0,0.8594733738587623,0.3311216592336365,357,-0.7949490268767376,1.3621027281062865,0.21713917065507293,running
MPC,50.1099999999986,-33.25184228584852,-8.853197825358464,4.051648483019294,-2.8910534676862323,-5.032900541331569,0.029798974708129394,3.9905173605154336,0.09352331942684666,0.04607308164804902,0.7045999999970576,3,optimal,280.89644427373173,0,0,0.8545163840820313,0.4245430205323699,703,0.7121872103799816,1.6622070795723969,0.21811666573475305,running
MPC,50.20999999999858,-33.61730136603584,-8.945148487252888,3.624130454400762,-2.878030170471634,-4.865218398226553,0.002296515630027906,3.565126643196639,0.10105668545928317,0.018766950300409757,0.5236999999986836,2,optimal,281.29634730484366,0,0,0.8246909782326343,0.4049646635182753,694,0.6729842446709915,1.4941629795318516,0.2111347683074644,running
MPC,50.30999999999856,-33.942601819846146,-9.026166977148922,3.2140425675058055,-2.913099029388996,-4.666860807387022,-0.0766475995808777,3.15744437366206,0.09338958041969611,0.15978206502300774,0.5547999999997444,2,optimal,281.69606321031665,0,0,0.8702124730476632,0.40106220624733624,676,0.5945783132530122,1.4033622543168753,0.19930351586123127,running
MPC,50.40999999999854,-34.234934333485946,-9.077760163106042,2.8467468906825197,-3.0295201691284186,-4.179879127540166,-0.25242649336446815,2.796054654751789,0.06257922068914155,0.2129683090400527,0.5002999999987878,2,optimal,281.89601814155355,0,0,0.9289027956690659,0.39625937543715384,634,0.4116311399443928,1.347358263023736,0.1801478556904909,running
MPC,50.50999999999852,-34.49576796038258,-9.069356246598264,2.5009081233328794,-3.277406866781701,-3.9356963241211105,-0.34144574630821595,2.453177258270409,0.09770755054854305,0.31773840996780356,0.7388999999999868,3,optimal,282.29456539602796,0,0,0.8811783950575894,0.44105229066428997,680,0.6120018535681186,1.2293893496551342,0.20171054956370096,running
MPC,50.6099999999985,-34.720632415659324,-8.994322774181416,2.3189774996301655,-3.5474036418742396,-2.0703974063958475,-0.4188790204786391,2.2938683826932946,0.10103751275316555,0.21214828351093207,0.7586000000010529,3,optimal,282.49452032726487,0,0,0.8553718945668094,0.5143013462754004,689,0.6512048192771083,1.2305811583583697,0.2075805028346246,running
MPC,50.70999999999848,-34.90518575354968,-8.859413150918451,2.2815643140696524,-3.826364814853365,-0.42576758531905295,-0.4188790204786391,2.2764007410982603,0.08460948738826019,0.04372311243003102,0.6735999999971654,3,optimal,282.69365920222106,0,0,0.8553405231025515,0.6256205104311904,683,0.6250695088044487,1.380081497220697,0.20359530110414154,running
MPC,50.80999999999846,-35.04824020580193,-8.680970287902158,2.299456923411374,-4.066312681159182,0.46397000029653884,-0.26550164198293597,2.3279613140993063,0.053425961009190746,0.09443097674357759,0.495499999999538,2,optimal,282.89361413345796,0,0,0.9057794535339534,0.7671036971202937,722,0.7949490268767376,1.4428387458448895,0.21713917065507293,running
MPC,50.90999999999844,-35.1615319961449,-8.478079605115116,2.3468716023044798,-4.217160020106158,1.229501419270226,-0.0695992913185171,2.4224070653383967,0.004444586630606904,0.17227847982312472,0.5162999999992479,2,optimal,283.09321863366534,0,0,0.9291556449076682,0.7897536432542953,355,-0.803660797034291,1.4757521889130865,0.21530714918272373,running
MPC,51.00999999999842,-35.26768327823116,-8.264573623722818,2.4164682586562916,-4.245737738881408,1.8046982444809432,0.07121616501170448,2.527341426752574,0.05334469622228398,0.13473043767159965,0.6622999999983392,3,optimal,283.29317356490225,0,0,0.90931254715235,0.7410913660057432,364,-0.7644578313253012,1.4792556972672986,0.2239412608755995,running
MPC,51.1099999999984,-35.386743381844745,-8.04896779772923,2.5030143794847213,-4.197233544970738,2.2442117267266695,0.09034153776522783,2.6408894313289584,0.10195710083071147,0.03730518026995355,0.6679999999992248,3,optimal,283.49299231940074,0,0,0.8872138281889672,0.7739004811817253,351,-0.8210843373493977,1.48612441160869,0.21178185999974475,running
MPC,51.20999999999838,-35.51911509936851,-7.830320903187362,2.6011026439747673,-4.164191067510165,2.5435089558689543,0.013373870221698569,2.7573652750716167,0.07260306021877083,0.0695955156308461,0.4721999999990345,2,optimal,283.89285591605545,0,0,0.8858072491351353,0.7293017926939313,723,0.7993049119555145,1.4889324033626168,0.21621722807816315,running
MPC,51.30999999999836,-35.65692144135868,-7.600725161692396,2.7434185094181087,-4.1826586926505005,3.69036683643347,-0.07031238331446342,2.9701393276181145,0.026728253377570312,0.07597891797070844,0.5354999999998,2,optimal,284.09281084729236,0,0,0.9331308693489477,0.684162811645874,721,0.7905931417979613,1.4698705633656235,0.21807316453493353,running
MPC,51.40999999999834,-35.78905809695188,-7.351133749681309,2.8935967369662565,-4.2457805633750745,3.894244318942008,-0.0729325206587699,3.1328429413123096,0.09495182034080167,0.019592632302470214,0.5698000000009529,2,optimal,284.2927629376559,0,0,0.9269537240775646,0.6754671545431638,369,-0.742678405931418,1.589216125338914,0.2241197071405647,running
MPC,51.50999999999832,-35.914304276510734,-7.081599014431804,3.039266124285972,-4.291734576514474,3.777326402601835,-0.011109117061512271,3.27132937722644,0.01848022138640122,0.034807308119796154,0.45460000000119294,2,optimal,284.692663908495,0,0,0.9093976050610952,0.5920529304348987,360,-0.7818813716404078,1.435619549975578,0.21997807798827249,running
MPC,51.6099999999983,-36.04309748136514,-6.7961721775826955,3.2100248674339813,-4.281004499958282,4.427913927806979,0.06948223701950129,3.48205751706667,0.10067474966475991,0.05034728686734624,0.4438000000011044,2,optimal,285.09255929383437,0,0,0.8958779081721839,0.5565114504094435,369,-0.742678405931418,1.4700962347685507,0.2241197071405647,running
MPC,51.70999999999828,-36.19407829738945,-6.500950126441569,3.4073420977588245,-4.205093017973159,5.116597230950371,0.09859586480070281,3.7216845905290183,0.04853296245456711,0.01159170726894132,0.665899999999553,3,optimal,285.2925142250713,0,0,0.9067487350121017,0.5521808686743246,365,-0.7601019462465246,1.5096229513480026,0.22496523842325905,running
MPC,51.80999999999826,-36.37439545379555,-6.200150082810836,3.592717226193204,-4.13984860833123,4.806928757680815,0.043464245943753754,3.888034973526906,0.027981967502959188,0.051026728085172834,0.4729999999995016,2,optimal,285.69241111854325,0,0,0.9118794634686269,0.551510311772594,715,0.7644578313253012,1.580257044744429,0.2239412608755995,running
MPC,51.90999999999824,-36.57660651351278,-5.890574571829729,3.787186331714157,-4.1172802010317495,5.042743024396825,-0.0027553589768075726,4.096991528632887,0.046714956205492965,0.0498546347408535,0.4786000000009949,2,optimal,286.09230962370395,0,0,0.9223038507600436,0.5054725443116246,730,0.8297961075069509,1.4359468446945698,0.21008581223244965,running
MPC,52.00999999999822,-36.79385122834014,-5.566941301605918,3.992146901124509,-4.12114039291005,5.3147952673598,-0.013637334771174058,4.318665858450137,0.057340508425041035,0.0242260231931688,0.46140000000072234,2,optimal,286.4922097172764,0,0,0.9261778275118382,0.49257734093426114,717,0.7731696014828544,1.5570602589192624,0.22193355627601147,running
MPC,52.1099999999982,-37.020942413734076,-5.224800627845567,4.20383930121292,-4.128764340435087,5.489357144950914,-8.073294211371874e-05,4.541082615619601,0.047652239526109814,0.003284613302344752,0.47430000000048267,2,optimal,286.89211129833416,0,0,0.9300195322786204,0.46183155158577915,365,-0.7601019462465246,1.5612154593139707,0.22496523842325905,running
MPC,52.20999999999818,-37.260885141374075,-4.865648718770702,4.417635337490368,-4.1183624787158815,5.543906152566885,0.01883011111646172,4.758229916469609,0.017380909636456467,0.010878841846126086,0.44959999999960587,2,optimal,287.2920142279098,0,0,0.9286978223789664,0.44034073344554525,358,-0.790593141797961,1.5201963073807472,0.21807316453493358,running
MPC,52.30999999999816,-37.515630954489765,-4.4908394862737255,4.629176307000545,-4.107366980048745,5.485430426154024,0.022776164514470783,4.96617838010577,0.04006500972332627,0.015352441334774092,0.6026000000005638,2,optimal,287.6919187431417,0,0,0.9220548238692474,0.4159336118079317,370,-0.7383225208526414,1.582199516684347,0.22322918788849236,running
MPC,52.40999999999814,-37.785898420027294,-4.101421635444741,4.8347182700425595,-4.096483685815846,5.3298712799358725,0.024409780225848693,5.162163434994133,0.08632758502403921,0.020593173181977065,0.46549999999889735,2,optimal,288.2917786588662,0,0,0.9262343276365228,0.3936774891420134,351,-0.8210843373493977,1.4536179501018476,0.21178185999974475,running
MPC,52.50999999999812,-38.07263671943273,-3.6971551986519993,5.059916820634337,-4.085646135523829,5.839582678486673,0.022106059406840437,5.418676537891227,0.020189769002830857,0.01587690435175837,0.6094999999994855,2,optimal,288.6916880079219,0,0,0.9250456102247542,0.3783329549958111,360,-0.7818813716404078,1.517911187104392,0.21997807798827249,running
MPC,52.6099999999981,-38.37650711346235,-3.277987498156192,5.277223096076333,-4.074635637919137,5.634929526246587,0.01780248534920748,5.623409773258995,0.0776114892638859,0.00697938449580171,0.5262999999988693,2,optimal,289.2915527783659,0,0,0.9308326078006882,0.3634959575254233,353,-0.8123725671918443,1.4785240780001174,0.21352185245425553,running
MPC,52.70999999999808,-38.69803457369501,-2.8441020643236157,5.505245154929697,-4.0635475203293705,5.912798557956595,0.00500494973139217,5.868502951871992,0.07372062724327168,0.007611915940872294,0.48420000000071184,2,optimal,289.691462462263,0,0,0.9039664553914806,0.3485881101950769,335,-0.8907784986098239,1.356079971494015,0.19934114321212795,running
MPC,52.80999999999806,-39.035862718064294,-2.3950675610454155,5.7163586856780215,-4.066993867936297,5.474346589320804,-0.005914722565645626,6.0526798138617774,0.03848706332880269,0.015028511293001756,0.5109999999994841,2,optimal,290.29132473436835,0,0,0.9131616467296347,0.3403699012019504,351,-0.8210843373493977,1.4886550998204329,0.21178185999974475,running
MPC,52.90999999999804,-39.38286408705384,-1.9264584741140973,5.928714034035083,-4.093183949091378,5.506547935993638,-0.01193622951306558,6.267013479277385,0.021391401635013914,0.0010462674259201776,0.5020000000008906,2,optimal,290.8911884745061,0,0,0.9186784018305336,0.3275168630818089,367,-0.7513901760889712,1.5940304874287305,0.22593517874601313,running
MPC,53.00999999999802,-39.735340388441585,-1.435477830024877,6.142279697667313,-4.1034262049909564,5.537932401381208,0.00010569539783414458,6.482507274173203,0.022147142107141946,0.004828668507997236,0.5012000000004235,2,optimal,291.4910523592829,0,0,0.9352917626104494,0.31353395799798134,379,-0.6991195551436515,1.6384847621312106,0.2157016455530536,running
MPC,53.109999999998,-40.098249857628055,-0.925943615657395,6.352169082524572,-4.088001992372604,5.44260348474655,0.005054511655418335,6.6865400461419675,0.044362777074881156,0.013528965028015705,0.533300000000736,2,optimal,292.09091706607455,0,0,0.9155740605081515,0.30656109042797325,724,0.8036607970342913,1.5222410345882718,0.2153071491827237,running
MPC,53.20999999999798,-40.47651927277472,-0.4022054378830698,6.552943083071296,-4.073229657504936,5.206234111197401,-0.004710112355872601,6.872792493644312,0.08961405942354575,0.027797724225513853,0.5006999999981332,2,optimal,292.69078183252714,0,0,0.9366274742525411,0.28674429243591176,712,0.7513901760889712,1.5569412853526008,0.22593517874601313,running
MPC,53.30999999999796,-40.87031102756375,0.1340456382659656,6.738409835807282,-4.076217338959635,4.809304650790193,-0.0146233383819081,7.033873548150315,0.04730647981537063,0.022498064524192785,0.5237000000004599,2,optimal,293.4906014895474,0,0,0.9127994289134226,0.2777523609253575,725,0.8080166821130677,1.4719737671407156,0.2144087504700342,running
MPC,53.40999999999794,-41.271595917096796,0.6871124245563024,6.913838063206176,-4.106118077440912,4.548997475091265,-0.01325479007854138,7.193309583316409,0.045027479217670294,0.008994970934813828,0.5128000000009791,2,optimal,294.09046625553935,0,0,0.9168838083622202,0.2706923169569161,729,0.8254402224281745,1.4480506555526689,0.21092842571338707,running
MPC,53.50999999999792,-41.67371596539709,1.2593340299099938,7.062068690505905,-4.119344232834887,3.8437414509377374,0.0018862090532959874,7.29821220829995,0.06546509576245899,0.024073075081810558,0.5292999999984005,2,optimal,294.8902859362993,0,0,0.917009555123437,0.27026191401093647,368,-0.7470342910101946,1.5959880952122316,0.22502164647011183,running
MPC,53.6099999999979,-42.080308177899205,1.8456811816490335,7.197612941575966,-4.101922016822698,3.5147733350735066,0.010475514819227556,7.413546024013256,0.05320065817952512,0.007838883259323026,0.5161999999980793,2,optimal,295.4901506989961,0,0,0.9220911951096598,0.2655105077687047,363,-0.7688137164040778,1.5705991444270135,0.22293077345441883,running
MPC,53.70999999999788,-42.49708308590314,2.4396933916003074,7.306504470085649,-4.08382792525705,2.823646431329673,0.002846656807224111,7.479977584708934,0.023809373954180268,0.008935211195491455,0.5240999999998053,2,optimal,296.2899704038196,0,0,0.9285551449154843,0.25846575040284103,734,0.8472196478220577,1.438492252638334,0.20682039817249392,running
MPC,53.80999999999786,-42.92514434911681,3.038338227983363,7.404520445056979,-4.085342100400663,2.5416344295000286,-0.005998710940393906,7.560667913035652,0.08680701097869963,0.006405492159778703,0.4989999999995831,2,optimal,297.08979011715354,0,0,0.9284597500886583,0.25503014214219455,713,0.755746061167748,1.5820956767136896,0.22600293112750477,running
MPC,53.909999999997844,-43.35799420037869,3.645133013473492,7.495374710813529,-4.101611963945728,2.355925449717106,-0.004860816069017804,7.6401129900286895,0.05949879892008958,0.010424918792426574,0.5071999999994858,2,optimal,297.6896549075019,0,0,0.9206802422841857,0.25261871212811376,374,-0.7208989805375348,1.6249365845693906,0.2197779812188762,running
MPC,54.009999999997824,-43.79493602065797,4.258614153798198,7.562793604819667,-4.087467505834249,1.748227084971981,0.004656809177001854,7.670197419310727,0.01346124626005233,0.003237866011842172,0.4980000000003315,2,optimal,298.48947462914293,0,0,0.9336577557099764,0.251598577501325,729,0.8254402224281745,1.4899585999189142,0.21092842571338707,running
MPC,54.109999999997804,-44.23944399184516,4.874411091913962,7.621916267624639,-4.069096324226198,1.5330990217950993,-0.0030629188658155,7.716103506999177,0.028988777033923042,0.021431420662856304,0.618400000000463,2,optimal,299.28929435344384,0,0,0.9337130533275924,0.24645901036017395,710,0.742678405931418,1.5971938080766428,0.2241197071405647,running
MPC,54.209999999997784,-44.69307571379616,5.490599136298272,7.6768940818962275,-4.069768061812524,1.4256197079323238,-0.014514520714695953,7.764478238417871,0.0650605955276579,0.020886644715990776,0.4754000000009029,2,optimal,300.08911407827003,0,0,0.923206749466478,0.2370035051170196,712,0.7513901760889712,1.5459601853862375,0.22593517874601313,running
MPC,54.309999999997764,-45.14796324748957,6.11245292428728,7.728467509969218,-4.104404785028944,1.3373411882705828,-0.01663324988269969,7.8106282007232855,0.0954398524545589,0.013318930094365022,0.5246999999997115,2,optimal,300.88893380168906,0,0,0.9260342799989976,0.24040436158753842,716,0.768813716404078,1.549400297587292,0.22293077345441878,running
MPC,54.409999999997744,-45.59613772316196,6.74518406531197,7.775447939647214,-4.123407966286676,1.218240981811654,0.0005004286216187243,7.850291608150384,0.08617546389412029,0.031804624776349044,0.5132000000003245,2,optimal,301.4887985907992,0,0,0.9231202645074693,0.24185607424800037,340,-0.8689990732159407,1.4096879764058714,0.20296376061118726,running
MPC,54.509999999997724,-46.04032122701283,7.385019907669647,7.800595215609569,-4.105994622352812,0.6520894416726942,0.011998355010440515,7.840656883814484,0.0634163342142259,0.013428692092294803,0.5156999999975653,2,optimal,302.2886183067313,0,0,0.9183223202933924,0.24001349162453703,360,-0.7818813716404078,1.5442221562330545,0.21997807798827249,running
MPC,54.609999999997704,-46.48774279324537,8.02521380527923,7.818924735493471,-4.08459721231403,0.4752994481435911,0.00270234828728952,7.848125160423928,0.043802050619130006,0.009235329879134113,0.486699999999729,2,optimal,303.0884380172827,0,0,0.9131910695670268,0.2390276449793182,729,0.8254402224281745,1.4755341249222926,0.21092842571338707,running
MPC,54.709999999997684,-46.94194972100516,8.662683495610807,7.83451530686974,-4.083548889687861,0.4042762722820948,-0.012081922368596124,7.85935236272168,0.027071521897436116,0.013625521772473448,0.490900000000849,2,optimal,303.88825762028546,0,0,0.9333361472337718,0.22989889210100953,716,0.768813716404078,1.5149033520829929,0.22293077345441878,running
MPC,54.809999999997665,-47.3955526350842,9.302375749832116,7.848349325918462,-4.118890164990837,0.3587274331850147,-0.02121856336361757,7.870388050188241,0.015383897276648687,0.00993190806151567,0.5059000000002811,2,optimal,304.68807621555015,0,0,0.9343171046716545,0.23752569394352308,728,0.8210843373493977,1.4798503247104675,0.21178185999974475,running
MPC,54.909999999997645,-47.83847106860122,9.951093706128653,7.8610341079723725,-4.157668598723642,0.3289267775824554,-0.014302656263795245,7.881242003676707,0.015891858329097595,0.027471454187043776,0.4951000000001926,2,optimal,305.4878928788883,0,0,0.9346540132660625,0.23921073969223974,708,0.7339666357738648,1.6163702117739074,0.22234991952811328,running
MPC,55.009999999997625,-48.26377114276886,10.612617250700827,7.867894705875228,-4.193693724425025,0.17790091708981726,-0.006832651594900323,7.878824199681354,0.025253215170081163,0.03345350829006488,0.585300000000899,2,optimal,306.28770752705833,0,0,0.9289778690071475,0.23858003278024675,710,0.742678405931418,1.6057148619379804,0.2241197071405647,running
MPC,55.109999999997605,-48.669537160389204,11.285966528503861,7.858649910305096,-4.210525063628395,-0.10520714095026457,0.0011598291588526557,7.857373991780202,0.037996750501916574,0.02337969965971798,0.48569999999870106,2,optimal,307.0875240147704,0,0,0.9348628745471886,0.23282614990542366,719,0.781881371640408,1.519840121871222,0.21997807798827246,running
MPC,55.209999999997585,-49.06494266317081,11.965966510156255,7.8723639364059546,-4.190936535483603,0.35561591786644686,-0.0016501540581794335,7.894211502091741,0.053796517076701994,0.013899469893843275,0.5053000000003749,2,optimal,307.88734265813576,0,0,0.9149764093871027,0.2297507588484198,727,0.8167284522706209,1.4487298595991234,0.2126462795560751,running
MPC,55.309999999997565,-49.45994672682257,12.648165164282151,7.892135774276568,-4.185927017763488,0.5126999336704231,-0.01965392410818135,7.923633929772997,0.07348206688398093,0.027383287492385833,0.49749999999981753,2,optimal,308.6871621947787,0,0,0.8917602930292942,0.22252563947298482,729,0.8254402224281745,1.3990598451757428,0.21092842571338707,running
MPC,55.409999999997545,-49.85172346454355,13.33449786931419,7.911963395859367,-4.21888441521082,0.5141464509706444,-0.029092465626212146,7.943550419373632,0.0916973018504471,0.0027735821173955344,0.6301999999980268,3,optimal,309.4869819091584,0,0,0.8679485968982436,0.22107754792618,718,0.7775254865616312,1.4643654543753717,0.22094939445953415,running
MPC,55.509999999997525,-50.23160648958104,14.029624174369676,7.930098679319801,-4.256712159686366,0.4702627387552113,-0.015557582477164442,7.958989669734888,0.10029385925163016,0.03732317901313653,0.7439999999991898,2,optimal,310.28680163131867,0,0,0.8808095202394335,0.22543977921428676,720,0.7862372567191844,1.4792067128310622,0.21901940157552577,running
MPC,55.609999999997505,-50.594837579686036,14.73549102379542,7.945783377190105,-4.274204645602335,0.40671704928843944,0.0029722598671875367,7.970770384248645,0.09751816417031553,0.050801371983593135,0.45270000000030564,2,optimal,311.0866213424209,0,0,0.9064344132005957,0.23580784626527743,734,0.8472196478220577,1.444876627868788,0.20682039817249392,running
MPC,55.709999999997486,-50.94886066237262,15.447647486562314,7.959137965347494,-4.254919712998252,0.34629539789345604,0.013215416212214913,7.980412916979451,0.09258976129021533,0.026759648588488005,0.5330000000007828,2,optimal,311.886441023248,0,0,0.8979634890427323,0.23349905868208007,730,0.8297961075069509,1.4624841645618019,0.21008581223244965,running
MPC,55.809999999997466,-51.304475113642305,16.16036233163276,7.970169359579663,-4.232073883501485,0.2860530785320606,0.003774308704710691,7.987743273200699,0.09181636904033964,0.0015860054438192606,0.49869999999963,2,optimal,312.6862606573787,0,0,0.9152971383244305,0.22936898997603106,720,0.7862372567191844,1.5088153777381486,0.21901940157552577,running
MPC,55.909999999997446,-51.666809980139824,16.870777680935877,7.978789807864421,-4.230320037540315,0.22353527743486395,-0.009429530341976886,7.992522887323149,0.09358370299510019,0.009582780140500624,0.5132999999997168,2,optimal,313.48608022597176,0,0,0.9363308762833573,0.22767191781628227,725,0.8080166821130677,1.4681655700726606,0.2144087504700342,running
MPC,56.009999999997426,-52.02809373635627,17.582573652600818,7.9854503362793565,-4.2660142661990035,0.17271295156750374,-0.013498315184628377,7.996061103021171,0.09521998072498294,0.01920059151150344,0.541600000000031,2,optimal,314.2858997122242,0,0,0.9352660123594423,0.23717765327466173,364,-0.7644578313253012,1.5897888225995078,0.2239412608755995,running
MPC,56.109999999997406,-52.378986262972866,18.300193454145532,7.990574387822943,-4.287583906436796,0.13287084911948138,0.0029733790959710566,7.998737421191304,0.09559889741024712,0.034120403306181046,0.4331999999998004,2,optimal,315.0857191745086,0,0,0.934883841638225,0.22906746529779795,366,-0.755746061167748,1.5572266552861667,0.22600293112750477,running
MPC,56.209999999997386,-52.722523453721344,19.02184947557923,7.994209295174342,-4.270772129274606,0.09425612177057523,0.013540698727131933,8.0,0.096014951431667,0.011322512398713513,0.4995000000000971,2,optimal,315.88553865530446,0,0,0.9297234287361411,0.23508751631382002,363,-0.7688137164040778,1.573065014611581,0.22293077345441883,running
MPC,56.309999999997366,-53.06767553327427,19.743052147928573,7.996442431351089,-4.248579108608615,0.057907048256574375,0.0035232900461701056,8.0,0.09644875727147849,0.016192679437397217,0.5233000000011145,2,optimal,316.6853581641724,0,0,0.9374778768913536,0.23684930322565548,700,0.6991195551436515,1.6649447434440214,0.2157016455530536,running
MPC,56.409999999997346,-53.41923711582532,20.461350217511768,7.997814377511415,-4.2467689896327165,0.03557568648910349,-0.0108262123306188,7.999999999999999,0.0963670862632276,0.022661427463495087,0.5629999999978708,2,optimal,317.4851777070978,0,0,0.932791419453442,0.23078958804483923,727,0.8167284522706209,1.4760901933235164,0.2126462795560751,running
MPC,56.509999999997326,-53.76944117069201,21.180429324653023,7.998657244277192,-4.282541833229836,0.021856224885848992,-0.01578923413905076,8.0,0.09700873433904678,0.009116017601102477,0.5612999999993207,2,optimal,318.2849972868615,0,0,0.937370035509637,0.23022968430687943,728,0.8210843373493977,1.4665185909121152,0.21178185999974475,running
MPC,56.60999999999731,-54.10890553774944,21.90470914877442,7.999175066627219,-4.3043473995708466,0.013427557228084391,0.0004413096740633854,8.0,0.09703503229612254,0.027589003002932877,0.5086999999992514,2,optimal,319.08481690337123,0,0,0.9363560532594749,0.23288557787884245,361,-0.7775254865616312,1.548456843294807,0.22094939445953415,running
MPC,56.70999999999729,-54.4406920205097,22.632590899013866,7.999493195182141,-4.287631750336316,0.008249333727799563,0.01147071163981383,7.999999999999999,0.09649119679618035,0.00820320248751738,0.514400000000137,2,optimal,319.8846365540656,0,0,0.9207819515397069,0.2338057179964944,361,-0.7775254865616312,1.5537881582739719,0.22094939445953415,running
MPC,56.80999999999727,-54.77390891932917,23.359845299072205,7.9996886401594605,-4.265392470618076,0.005068048178588182,0.0024076354508871553,8.0,0.09627073869150125,0.016044197796147408,0.2883999999987452,1,optimal,320.6844562342558,0,0,0.9163406539593173,0.22828721022903814,715,0.7644578313253012,1.542002212466303,0.2239412608755995,running
MPC,56.90999999999725,-55.113486546139626,24.0841697087901,7.9998087134397995,-4.263518983968863,0.0031135984053945066,-0.010420858149045135,8.0,0.09659634895875303,0.019264209009628885,0.5302999999976521,2,optimal,321.4842759375021,0,0,0.9392335958974822,0.22671041118359983,710,0.742678405931418,1.5601354495637283,0.2241197071405647,running
MPC,57.00999999999723,-55.45165581408238,24.809160612476983,7.999882481478504,-4.299289505679851,0.0019128656020097688,-0.013358333527989642,8.0,0.09721884246040485,0.015821229339903375,0.5472999999991401,2,optimal,322.2840956559157,0,0,0.9346217894710251,0.23428872668110012,358,-0.790593141797961,1.536475867847905,0.21807316453493358,running
MPC,57.10999999999721,-55.77897760662063,25.539114692418327,7.999927801499069,-4.321121894550081,0.0011751852149696168,0.0056207305521464475,8.0,0.09631097161729563,0.037630084204719694,0.6774999999965559,3,optimal,323.0839153804654,0,0,0.9116036990405916,0.2255213078948682,365,-0.7601019462465246,1.5325470321996717,0.22496523842325905,running
MPC,57.20999999999719,-56.09853899178946,26.272507266945418,7.999900392450552,-4.304418540810325,-0.00031191902609477306,0.019525720132087563,7.99989660959646,0.0958948499509033,0.021564914800666024,0.6035000000004231,2,optimal,323.88373510121835,0,0,0.9272423868110115,0.2281466197679714,367,-0.7513901760889712,1.559651059382948,0.22593517874601313,running
MPC,57.30999999999717,-56.41952360192094,27.005277989718977,7.999938805256738,-4.282176277320638,0.0009960754944772394,0.01419141055193934,8.0,0.0975013487445414,0.0006121046503588801,0.6993999999984624,3,optimal,324.68355480761676,0,0,0.9239434664940946,0.2344173834522607,364,-0.7644578313253012,1.5774648638057904,0.2239412608755995,running
MPC,57.40999999999715,-56.748842484012414,27.734339450626333,7.999962404490185,-4.262158648537098,0.0006119474326266185,0.004811164176557779,8.0,0.09861621038503239,0.01828580510979716,0.6974000000017355,3,optimal,325.4833745103949,0,0,0.9361001853020212,0.23448545193181944,351,-0.8210843373493977,1.490051697882523,0.21178185999974475,running
MPC,57.50999999999713,-57.089309938934235,28.45800442874448,7.9964642644912205,-4.244050201618342,-0.039809350584656705,-0.004722539531154709,7.99598146943172,0.09733033491762787,0.03724452594374039,0.471100000002167,2,optimal,326.28319422748945,0,0,0.906310075746713,0.23190953770500997,702,0.7078313253012047,1.6268850733359388,0.21730154451353453,running
MPC,57.60999999999711,-57.43932894372109,29.175501629075367,7.9764785723351785,-4.2445551427818415,-0.22744013274263383,-0.014615429655459727,7.973720251216957,0.09740522611881054,0.039734532667834443,0.5280000000009721,2,optimal,327.0830138571886,0,0,0.9222025801605829,0.2291132742799909,728,0.8210843373493977,1.460223443922943,0.21178185999974475,running
MPC,57.70999999999709,-57.78755319723428,29.88992740482693,7.93311601598418,-4.2816734114951105,-0.4934723048633217,-0.01495335635125581,7.927131341848846,0.09978052711507338,0.005866480816804298,0.4215000000016289,2,optimal,327.68287841851145,0,0,0.9148677174407146,0.22922007982660447,713,0.755746061167748,1.5566169286490548,0.22600293112750477,running
MPC,57.80999999999707,-58.12144676975026,30.601852425298606,7.82789591091169,-4.307526570576156,-1.1974203584260739,0.0036775384071791183,7.813373980141573,0.0900234112151846,0.02222858302045072,0.4467999999988592,2,optimal,328.48269787520496,0,0,0.9310500906725262,0.23577369712771756,731,0.8341519925857277,1.4658134233037956,0.20925385860619153,running
MPC,57.90999999999705,-58.44067800575622,31.30523883704992,7.671621356084131,-4.295374923993301,-1.7784275479061005,0.024667827127562096,7.65005315612108,0.06265706872301982,0.024601786745838794,0.44220000000017023,2,optimal,329.2825144274612,0,0,0.9148608863262898,0.23585664066045386,362,-0.7731696014828544,1.543303820772651,0.22193355627601147,running
MPC,58.00999999999703,-58.75434248696839,31.990425888693647,7.466524922376509,-4.248941822389403,-2.334027750617587,0.029177465533168204,7.438218581022372,0.012856554489763299,0.005112098329638215,0.6207999999983116,3,optimal,330.0823245251868,0,0,0.9382369499925345,0.24055054614732202,376,-0.7121872103799816,1.6149729623694313,0.21811666573475305,running
MPC,58.10999999999701,-59.077343931467695,32.64656141236428,7.235750825968958,-4.183897735300684,-2.6262433500271167,0.020609607851131372,7.203900587373798,0.059912984709669145,0.017841559442896227,0.5648000000011422,2,optimal,330.88212130987654,0,0,0.9328209003860477,0.24291661810005175,351,-0.8210843373493977,1.4477171092066408,0.21178185999974475,running
MPC,58.20999999999699,-59.41538855010703,33.26917720788172,7.008401057188086,-4.145010966457308,-2.587273995156367,0.015925239503065947,6.977023426453321,0.06206621514673476,0.010816531584139533,0.4351999999983036,2,optimal,331.48196499479195,0,0,0.9047327737047971,0.24128142616431128,361,-0.7775254865616312,1.4651338736949415,0.22094939445953415,running
MPC,58.30999999999697,-59.77111238252969,33.85522317210197,6.779333108292869,-4.070600430093431,-2.6068271389870508,0.07570361462312873,6.747718343289382,0.09674397151921303,0.030047258648520092,0.8126999999991114,3,optimal,332.28173863558226,0,0,0.8857191527276476,0.26221460768485877,352,-0.8167284522706209,1.4707567285033707,0.2126462795560751,running
MPC,58.40999999999695,-60.16099636888633,34.40346805290375,6.703298884881106,-3.974689282540822,-0.8652807083554638,0.01579962208772851,6.6928050374573225,0.06595191112160141,0.1265032660404679,0.748299999999702,3,optimal,332.8815997529189,0,0,0.8731055572493883,0.26222609407689607,716,0.768813716404078,1.500640688723364,0.22293077345441878,running
MPC,58.50999999999693,-60.581718913281556,34.925815728317936,6.710965679812469,-3.9942933076166733,0.19880626568441293,-0.07669478224478732,6.723179511449548,0.07491482029118805,0.12947394078200247,0.5952000000011282,3,optimal,333.48145837449675,0,0,0.925179160872164,0.2476246119405375,711,0.7470342910101948,1.442903521469099,0.22502164647011186,running
MPC,58.60999999999691,-60.99925658579213,35.453228509762056,6.741445945845376,-4.125669731631762,0.7903782377537691,-0.0939026136542254,6.7900035035878465,0.07373840183853804,0.009352118731284165,0.620699999997143,3,optimal,334.28127495534653,0,0,0.9057801228961091,0.2597721375305081,722,0.7949490268767376,1.4380243733706684,0.21713917065507293,running
MPC,58.70999999999689,-61.3838858537034,36.0111355898349,6.808832359306424,-4.219051266914642,1.7473848378616494,-0.0033516929179328364,6.9161844296315405,0.06722287801187637,0.09320925208713504,0.6358000000012964,3,optimal,334.8811380549294,0,0,0.8587552252909605,0.26716298105347797,356,-0.7993049119555145,1.471928908962401,0.21621722807816315,running
MPC,58.80999999999687,-61.74578805164413,36.5925592039684,6.88254223295584,-4.1652090701378235,1.9113573345186856,0.06900483456045645,6.999968092758293,0.09776761079851903,0.07531094054603926,0.5787999999995463,3,optimal,335.6809440788069,0,0,0.8967423723507629,0.2598956182840712,367,-0.7513901760889712,1.5190432285880966,0.22593517874601313,running
MPC,58.90999999999685,-62.12341439410757,37.17240065418927,6.952739777283082,-4.044215144770085,1.8202797613415567,0.06337466227149645,7.064570209089996,0.007021809744859197,0.013598776567535609,0.6236999999984505,3,optimal,336.28080031659977,0,0,0.9333573334230719,0.2705483312364376,361,-0.7775254865616312,1.5479497212487685,0.22094939445953415,running
MPC,59.00999999999683,-62.54272844087094,37.7310924295253,7.015858300803022,-3.959353886306247,1.6367149596217765,0.014482985680945883,7.11641127324526,0.10101929103113332,0.06995792269754997,0.4676999999979614,2,optimal,336.88065265984693,0,0,0.9201000965905929,0.2641187892940857,713,0.755746061167748,1.562424568413715,0.22600293112750477,running
MPC,59.10999999999681,-62.99698917862609,38.27030927930006,7.08095140546463,-3.964234810044983,1.6879174642642032,-0.018183482280102737,7.184650047229442,0.027904463324152,0.03331187917380651,0.5935000000025781,3,optimal,337.6804649693584,0,0,0.9046448627269188,0.2651458120168489,357,-0.7949490268767376,1.519894399930028,0.21713917065507293,running
MPC,59.20999999999679,-63.46719405131782,38.80625287845278,7.171286168432765,-3.989815326331424,2.342454317346677,0.0026153015735015284,7.315196837199298,0.09158346068473436,0.016907375157080295,0.47770000000113555,2,optimal,338.48028080193126,0,0,0.9287226543899242,0.24793511191083853,344,-0.8515755329008341,1.3626273259792685,0.20602954162158948,running
MPC,59.30999999999677,-63.946836946520854,39.34749296162931,7.2834649778086,-3.980429386243443,2.9088883139033674,0.02532660886441231,7.462174999823102,0.059893710105011974,0.02119676058405906,0.5819999999996384,2,optimal,339.0801445431003,0,0,0.8829519998856812,0.23814761631757989,369,-0.742678405931418,1.4822056769724292,0.2241197071405647,running
MPC,59.40999999999675,-64.43915341468734,39.89125083042246,7.379468554071614,-3.942980418762103,2.489451284411339,0.03208500360233965,7.532410106249734,0.07177305611215815,0.004033629491971169,0.6966999999988843,3,optimal,339.87996326431903,0,0,0.8869447796746459,0.23691374388302427,365,-0.7601019462465246,1.4755869624309674,0.22496523842325905,running
MPC,59.50999999999673,-64.95211015158367,40.42833924699316,7.467772264410808,-3.9005205697203196,2.2897874608332156,0.014716270046388681,7.6084473001549355,0.11198558000901727,0.041280579823908425,0.5225999999982633,2,optimal,340.67978277182493,0,0,0.884570786484085,0.24928790557424063,336,-0.8864226135310473,1.36302829285712,0.20004771979496722,running
MPC,59.60999999999671,-65.48416077278188,40.95865973803296,7.550015348857854,-3.904043840562958,2.1326304725330125,-0.009067032662306013,7.681035311664109,0.08558173769922478,0.03758504260149831,0.4828000000003385,2,optimal,341.279647560365,0,0,0.8572247720153616,0.25049877457397696,344,-0.8515755329008341,1.4384229826948,0.20602954162158948,running
MPC,59.70999999999669,-66.02301164311152,41.49206665177203,7.609478814376438,-3.9420043086932606,1.5419363150101524,-0.008593814710821615,7.704208980358869,0.047501028544371146,0.00012584613211341633,0.4758000000020246,2,optimal,342.07946728463725,0,0,0.9273144448798899,0.23978401745063707,352,-0.8167284522706209,1.4520448976020566,0.2126462795560751,running
MPC,59.80999999999667,-66.55837954662036,42.036738528728115,7.661148836873526,-3.961974168006847,1.3398459607227706,0.009878008730731844,7.743463410448714,0.03983661328461052,0.019631269550123953,0.47049999999870806,2,optimal,342.87928700950005,0,0,0.9230810792911472,0.22868344651322153,361,-0.7775254865616312,1.4610785743126367,0.22094939445953415,running
MPC,59.829999999996666,-66.66506625805883,42.146879193529706,7.67266951552076,-3.9598910582011673,1.2409309619305087,0.020638399985511063,7.785241933066577,0.07145378665498912,0.017549183018152448,0.6422999999990964,3,optimal,343.07924194073695,1,0,0.9278043823848207,0.22667863262969257,364,-0.7644578313253012,1.4773592507897537,0.2239412608755995,lap_complete
