controller,time_s,x_m,y_m,speed_mps,yaw_rad,accel_command_mps2,steer_command_rad,speed_command_mps,cross_track_error_m,heading_error_rad,controller_update_ms,controller_iterations,controller_status,progress_m,lap_count,collision,minimum_clearance_m,minimum_ttc_s,critical_beam_index,critical_beam_angle_rad,critical_scan_range_m,critical_side_distance_m,termination_reason
Pure Pursuit,0.10999999999999999,-66.88341037760556,42.318524465407684,0.28888366911729985,2.3415237971487217,8.0,0.00010179586628238943,0.8,0.01429075471687139,0.0006784020779919686,0.0916999999986956,0,not_applicable,0.0,0,0,0.9284988365416399,nan,941,1.7488878591288235,1.0859897805558183,0.1574909440141784,running
Pure Pursuit,0.21000000000000005,-66.91503021390936,42.35130963270161,0.5973968804074414,2.3400390948147787,8.0,-0.00022112897343426892,1.0888836691172998,0.05983937212064308,0.0008063002559510757,0.0819999999990273,0,not_applicable,0.0,0,0,0.9269686737940022,6.296191585623884,367,-0.7513901760889712,1.5550550230670832,0.22593517874601313,running
Pure Pursuit,0.3100000000000001,-66.96835442914609,42.40602068587473,0.905910091697583,2.341921505862774,8.0,0.0005527043119702493,1.3973968804074415,0.06371719657836745,0.0010379861439164806,0.08249999999954127,0,not_applicable,0.199954931236915,0,0,0.931057210634583,3.0846018224523055,358,-0.790593141797961,1.5142944580599018,0.21807316453493358,running
Pure Pursuit,0.4100000000000002,-67.04295866768234,42.48307072278737,1.2144233029877245,2.339836667514294,8.0,-0.00046727203006131387,1.7059100916975831,0.04353252447050508,0.0010468522045634643,0.07309999999982608,0,not_applicable,0.199954931236915,0,0,0.9262018173616686,2.026798767862839,346,-0.8428637627432809,1.4292276383890876,0.20762130414308752,running
Pure Pursuit,0.5100000000000002,-67.13907987662265,42.58223013700703,1.5229365142778661,2.3420026816159076,8.0,0.0006568211707307969,2.0144233029877245,0.01832153058621431,0.0010802616538367893,0.09189999999925647,0,not_applicable,0.399909862472154,0,0,0.9256056455072642,1.5554053115092705,328,-0.9212696941612604,1.3370701351466494,0.19463310273330894,running
Pure Pursuit,0.6100000000000003,-67.25682725974102,42.70339315327929,1.8314497255680078,2.339833939480512,8.0,-0.00040939465639694867,2.322936514277866,0.04932415966216139,0.0011628303994797307,0.08470000000038169,0,not_applicable,0.5998647936886221,0,0,0.9288872522465087,1.2515036118108354,717,0.7731696014828544,1.5860306562244597,0.22193355627601147,running
Pure Pursuit,0.7100000000000004,-67.39573335879992,42.847013245714095,2.1399629368581494,2.341954980329209,8.0,0.0007307915207057169,2.631449725568008,0.04947557870831322,0.0008822658775602399,0.10900000000013677,0,not_applicable,0.7998197249255443,0,0,0.9260034112754404,1.0293183486011315,354,-0.8080166821130677,1.5169185775172471,0.2144087504700342,running
Pure Pursuit,0.8100000000000005,-67.5565869904194,43.01232539180347,2.4484761481482904,2.339920630902267,8.0,-0.00018435329491623597,2.9399629368581497,0.018775327513454183,0.0012625038709259684,0.13329999999989184,0,not_applicable,0.9997746560587977,0,0,0.932047312258171,0.859864638520864,719,0.781881371640408,1.5256777875785472,0.21997807798827246,running
Pure Pursuit,0.9100000000000006,-67.73833338761321,43.2003526138163,2.7569893594384314,2.341833762431622,8.0,0.0008520561886257365,3.24847614814829,0.042778745439356655,0.0005375970613785697,0.14239999999965391,0,not_applicable,1.1997295872957208,0,0,0.9312887040419562,0.7622577024420256,705,0.7208989805375348,1.6218185896306925,0.2197779812188762,running
Pure Pursuit,1.0100000000000007,-67.94369793559213,43.408436142557576,3.0655025707285724,2.3532969228440757,8.0,0.00017902567331687003,3.5569893594384316,0.06481494424558078,0.011704174932221534,0.07960000000117873,0,not_applicable,1.5996394494860104,0,0,0.9654241749841014,0.6731018819941894,724,0.8036607970342913,1.5033279956255785,0.2153071491827237,running
Pure Pursuit,1.1100000000000008,-68.17173711463253,43.63748419362253,3.3740157820187133,2.3518607193295944,8.0,-0.006632443510759852,3.865502570728572,0.05875332879992672,0.010085338399917099,0.08689999999944575,0,not_applicable,1.7995943801290573,0,0,0.942167551458047,0.604284377642777,723,0.7993049119555145,1.5077446992547143,0.21621722807816315,running
Pure Pursuit,1.2100000000000009,-68.41922306014334,43.89068280131154,3.6825289933088543,2.338687013885609,8.0,-0.006750400053148395,4.174015782018714,0.01440061372077708,0.003494303685776856,0.0782000000008054,0,not_applicable,2.199504241535366,0,0,0.9221046540754888,0.5529328061018045,348,-0.8341519925857275,1.4625779524525828,0.20925385860619156,running
Pure Pursuit,1.310000000000001,-68.6850044153576,44.16910122117788,3.9910422045989953,2.3248208321068526,8.0,-0.00027860755077073387,4.482528993308854,0.004123508532925374,0.017839403350449423,0.09320000000023754,0,not_applicable,2.599414102280994,0,0,0.9320903095333772,0.4930760888499559,356,-0.7993049119555145,1.4821793570862023,0.21621722807816315,running
Pure Pursuit,1.410000000000001,-68.96988079755064,44.47193077941022,4.299555415889138,2.3261070196116953,8.0,0.008758715808436615,4.7910422045989955,0.013918122035048818,0.017106562035898776,0.0745000000001994,0,not_applicable,2.999323962120699,0,0,0.9332548257755423,0.45634985892056523,357,-0.7949490268767376,1.492642173212256,0.21713917065507293,running
Pure Pursuit,1.5100000000000011,-69.27817625577993,44.79506859229573,4.60806862717928,2.3417876863817204,8.0,0.010075862475845923,5.099555415889138,0.060678655289319545,0.0020687827577292595,0.09949999999925296,0,not_applicable,3.3992338205100765,0,0,0.9220285520695656,0.44357409390415997,368,-0.7470342910101946,1.6243270142653408,0.22502164647011183,running
Pure Pursuit,1.6100000000000012,-69.61203032027875,45.136408922280204,4.916581838469423,2.3573441157429773,8.0,0.00497330947035971,5.40806862717928,0.062920237095282,0.012325870105557524,0.09499999999995623,0,not_applicable,3.9990986080553323,0,0,0.9319736020109022,0.41437450248191887,722,0.7949490268767376,1.554378702767433,0.21713917065507293,running
Pure Pursuit,1.7100000000000013,-69.97080286723418,45.49650642635997,5.225095049759565,2.3558711492365467,8.0,-0.002237806614370516,5.7165818384694225,0.04618702716440975,0.00992821270531108,0.11549999999971305,0,not_applicable,4.3990084616958445,0,0,0.9573388301610992,0.3736544011059364,715,0.7644578313253012,1.549884137057052,0.2239412608755995,running
Pure Pursuit,1.8100000000000014,-70.34938817200364,45.880401183473744,5.533608261049707,2.3376706709728543,8.0,-0.002478846817389082,6.025095049759565,0.014890619519236448,0.009881585544151417,0.10770000000093205,0,not_applicable,4.998873227217199,0,0,0.9683970750342925,0.35966951367467953,355,-0.803660797034291,1.5196892182793142,0.21530714918272373,running
Pure Pursuit,1.9100000000000015,-70.74627285091624,46.2895550500037,5.84212147233985,2.338299309454483,8.0,0.007510558234857776,6.333608261049707,0.04505553089634221,0.011107656967569213,0.07469999999898391,0,not_applicable,5.598738000192718,0,0,0.9222246615545705,0.3296084543399102,357,-0.7949490268767376,1.4944717754131527,0.21713917065507293,running
Pure Pursuit,2.010000000000001,-71.16642318387947,46.719111927518725,6.150634683629992,2.3580131228853505,8.0,0.009880659180140952,6.642121472339849,0.04465754684601929,0.00648150904744238,0.07739999999856195,0,not_applicable,6.198602735427539,0,0,0.9300922607755887,0.3206376389050416,723,0.7993049119555145,1.522224759518485,0.21621722807816315,running
Pure Pursuit,2.109999999999999,-71.61371592647363,47.16520352585291,6.459147894920134,2.3757706000176353,8.0,0.0019835181055161424,6.950634683629992,0.01353175490417826,0.021865285038395132,0.12790000000073576,0,not_applicable,6.798467489827603,0,0,0.9224256059781466,0.30143485912257456,726,0.8123725671918445,1.4886731992583295,0.2135218524542555,running
Pure Pursuit,2.209999999999997,-72.0880054489945,47.62786429708276,6.7676611062102765,2.3733448403186146,8.0,-0.007445331596694677,7.259147894920134,0.050950480563358796,0.01679995642015175,0.12169999999933623,0,not_applicable,7.398332180643128,0,0,0.9275581960311498,0.2870544536643779,726,0.8123725671918445,1.4887498663886998,0.2135218524542555,running
Pure Pursuit,2.3099999999999947,-72.57782975820794,48.108413290558126,6.94219346596802,2.349688685263666,4.525766894140659,-0.007260234850401464,7.220237795624342,0.06313523171578851,0.0107715809091391,0.13370000000101356,0,not_applicable,8.198151764741207,0,0,0.9360134063717865,0.2731857011239183,717,0.7731696014828544,1.545141032276518,0.22193355627601147,running
Pure Pursuit,2.4099999999999926,-73.06124098085824,48.59199781573113,6.78441420013374,2.343675817684893,-1.795551381718603,0.0038281041471063776,6.76263832779616,0.02141614003982363,0.01951339082414938,0.07200000000118223,0,not_applicable,8.798016494885614,0,0,0.9261692120949441,0.26966623795170297,356,-0.7993049119555145,1.5214377264472312,0.21621722807816315,running
Pure Pursuit,2.5099999999999905,-73.52479995098646,49.056096461283,6.444860008300956,2.368825370255475,-3.8641769252118863,0.008049028557302827,6.397996507612551,0.07727950990181337,0.005288634316931162,0.07890000000010389,0,not_applicable,9.397881272849583,0,0,0.9459510789969051,0.2816054948479075,360,-0.7818813716404078,1.5756682445628718,0.21997807798827249,running
Pure Pursuit,2.6099999999999883,-73.96626037949508,49.49036236110778,6.063859822229771,2.3801173660468664,-4.335838469762514,-0.0038059561165091865,6.011276161324704,0.09664461745953606,0.018944607280485304,0.08270000000010214,0,not_applicable,9.997746005185554,0,0,0.9668213306835042,0.28404693165682726,717,0.7731696014828544,1.5321256347906504,0.22193355627601147,running
Pure Pursuit,2.709999999999986,-74.38011791171537,49.89567133122611,5.654413162319116,2.358765908536925,-4.659563549464254,-0.013307736900564261,5.597903467283346,0.07613351741949992,0.0029356688702453226,0.06849999999936074,0,not_applicable,10.597610227349625,0,0,0.9577410138252003,0.30408903314663843,733,0.8428637627432809,1.4344543275692023,0.20762130414308752,running
Pure Pursuit,2.809999999999984,-74.75880665267617,50.27526914667065,5.212546389678902,2.3273054771953974,-5.029464341231211,-0.012393664078117025,5.151466728195995,0.01376983036308066,0.019246997989856407,0.0772000000015538,0,not_applicable,11.19747433524763,0,0,0.9320217808542909,0.32094340367502117,708,0.7339666357738648,1.5698415907771832,0.22234991952811328,running
Pure Pursuit,2.909999999999982,-75.09595462591238,50.63036910459774,4.73061430110744,2.2914496419704844,-5.500688735372625,-0.016299555523796833,4.66247751614164,0.09802814660205923,0.023952413340029288,0.06750000000010914,0,not_applicable,11.797314614754763,0,0,0.9288607772542247,0.350000808642796,718,0.7775254865616312,1.521107794147712,0.22094939445953415,running
Pure Pursuit,3.00999999999998,-75.38702679870431,50.95821814159,4.194342909681048,2.254551760705437,-6.147942913804272,-0.029240148299412856,4.115820009727013,0.05945439030245661,0.018556551940551724,0.07239999999875124,0,not_applicable,12.197171600404157,0,0,0.9308208080596283,0.3697350729852532,715,0.7644578313253012,1.486348946169581,0.2239412608755995,running
Pure Pursuit,3.1099999999999777,-75.63277547034436,51.26232772664067,3.766016802469781,2.195778613044374,-4.874414452131668,-0.06945197882571366,3.706901464467881,0.06811235010282217,0.007124056219732111,0.0745000000001994,0,not_applicable,12.596930147943901,0,0,0.9312515295931065,0.3865745134388446,685,0.6337812789620019,1.5114264969585598,0.20489107222660924,running
Pure Pursuit,3.2099999999999755,-75.82495581227285,51.5504304797176,3.310491762058946,2.067185541216829,-5.190104755655414,-0.13825444941415135,3.2470063269042395,0.07912246698234528,0.07984935738619559,0.07589999999879637,0,not_applicable,12.796885079180823,0,0,0.9309695071257037,0.41885311237820727,707,0.729610750695088,1.3973350672068925,0.22148173646210823,running
Pure Pursuit,3.3099999999999734,-75.95516954418244,51.833900660024646,3.02935464705548,1.8922148470032232,-3.1993819506490473,-0.199741186050223,2.9905535669940413,0.022454686684632193,0.05947743080084811,0.07139999999949964,0,not_applicable,13.19613705273574,0,0,0.9624178054318961,0.46550993802823354,654,0.4987488415199257,1.5413387872651425,0.18800209308649293,running
Pure Pursuit,3.4099999999999713,-76.01374224750853,52.099788637277655,2.5758313441529106,1.6658350194776084,-5.166561510765462,-0.2641533302767797,2.512698495978934,0.08510569403656111,0.14440676302173205,0.06890000000048246,0,not_applicable,13.39418901686935,0,0,0.9814512585447378,0.504148315603799,666,0.5510194624652458,1.4949798536944336,0.19378133987058163,running
Pure Pursuit,3.509999999999969,-76.00255362936356,52.333024239957396,2.223331344040368,1.4378655611379667,-4.01150213820026,-0.3169758113362597,2.1746811303328846,0.10449643218131432,0.02568363102909421,0.0764999999987026,0,not_applicable,13.790919080836725,0,0,0.9929694564220881,0.6032617467259045,645,0.4595458758109361,1.576900742416944,0.18421116966966533,running
Pure Pursuit,3.609999999999967,-75.93849222410225,52.53382321644425,2.05702764670238,1.2257254571892306,-1.8925606730466837,-0.32686368884960854,2.0340752767356998,0.11796954110604241,0.049620667805402086,0.07260000000108846,0,not_applicable,13.990874012073647,0,0,1.0328109772591463,0.670963521135467,618,0.3419369786839668,1.5806563505287272,0.17524549814036522,running
Pure Pursuit,3.709999999999965,-75.83511949792151,52.71074465162474,2.04951926805954,1.035031301017082,-0.08544645949092988,-0.31835442388855445,2.048483000753287,0.14347161401777406,0.019958375368926085,0.07379999999912457,0,not_applicable,14.186189890996548,0,0,1.0456848832757226,0.7107218044024799,622,0.3593605189990732,1.5449521800096613,0.17636591892736336,running
Pure Pursuit,3.8099999999999627,-75.71097790277207,52.8538686990942,1.8200085810974254,0.8548338888837073,-2.6118655636720223,-0.3007786975955799,1.7883327116923378,0.15777999577343282,0.07345013813680978,0.06909999999926697,0,not_applicable,14.386144822233472,0,0,1.0630044824713758,0.7014405551086578,673,0.5815106580166822,1.398895071485242,0.19757457900687891,running
Pure Pursuit,3.9099999999999606,-75.58019559508723,52.95984695388793,1.616031005475004,0.7041041091495179,-2.3212949801219995,-0.2681805151826507,1.5878790830852254,0.14312352074460274,0.23037111979692249,0.07290000000104158,0,not_applicable,14.577135892364542,0,0,1.0397171329432193,0.760125163769818,650,0.4813253012048193,1.4125142608466619,0.18626277668974425,running
Pure Pursuit,4.009999999999959,-75.44201005291292,53.04437568220089,1.6246332892214665,0.5833885732008657,0.22306425609430303,-0.2294470288365886,1.6383374310844343,0.09623639630411855,0.33119445923087953,0.07079999999959341,0,not_applicable,14.777090823601455,0,0,1.012301276487635,0.8544828205941031,681,0.6163577386468955,1.3291068663831767,0.2023310757067991,running
Pure Pursuit,4.109999999999957,-75.28891183156504,53.11738167749004,1.7581125670583873,0.4743889222091484,3.46122688953868,-0.19382968425581681,1.9707559781753345,0.04410037467542216,0.35038951221378456,0.14340000000068187,0,not_applicable,14.975515420289963,0,0,0.9659885427523724,0.8512411395781099,708,0.7339666357738648,1.2492260264254482,0.22234991952811328,running
Pure Pursuit,4.209999999999955,-75.11511921915627,53.183892638769585,1.9488262763748263,0.3844689092081337,4.945362528078758,-0.15931357817650998,2.252648819866263,0.019998711670414452,0.3065864001381504,0.07130000000010739,0,not_applicable,15.17547035152689,0,0,0.9364924280667307,0.8110986298346277,685,0.6337812789620019,1.3539555105150238,0.20489107222660924,running
Pure Pursuit,4.3099999999999525,-74.91786045928482,53.244682248848356,2.1632430827937505,0.30193736897719337,5.560003230261039,-0.15543590907426175,2.50482659940093,0.056511392898970426,0.22081497546801465,0.08050000000103807,0,not_applicable,15.375424253172449,0,0,0.9137970374151814,0.7268088094121986,710,0.742678405931418,1.267542540553546,0.2241197071405647,running
Pure Pursuit,4.40999999999995,-74.69520473062822,53.29441508919186,2.3832888401407692,0.21257887308640377,5.705966533538858,-0.12811772214413372,2.7338397361476363,0.08597370839855749,0.12406205534276049,0.07969999999879462,0,not_applicable,15.575379184409364,0,0,0.8710609582623356,0.7067799700003856,715,0.7644578313253012,1.3274632632315704,0.2239412608755995,running
Pure Pursuit,4.509999999999948,-74.44791977583768,53.331178587176844,2.599946237471383,0.13918579546744336,5.61810358589431,-0.07319686457802657,2.9450991987302,0.11573237167095168,0.03977747085306049,0.07860000000015077,0,not_applicable,15.775322378430007,0,0,0.8599958745411866,0.7058193214861616,714,0.7601019462465248,1.4441454314362863,0.22496523842325897,running
Pure Pursuit,4.609999999999946,-74.17812533729408,53.35947914673649,2.8090524483297896,0.09475664718903332,5.422295142148776,-0.042294682431958726,3.1421757516862607,0.1170893243329781,0.022832360741927626,0.07520000000127425,0,not_applicable,16.17522518310689,0,0,0.8677833254720098,0.6798933675594044,740,0.8733549582947173,1.337532761272912,0.20222103997141733,running
Pure Pursuit,4.709999999999944,-73.88363377206784,53.382094549623034,3.0767596997938673,0.06983926235588278,6.94186807351501,-0.020074209806769227,3.5032392556812906,0.08914279698229735,0.05491244213474733,0.07410000000085404,0,not_applicable,16.37518011434381,0,0,0.8574924289228969,0.659412106946864,736,0.8559314179796109,1.4194749768241288,0.20524858980469113,running
Pure Pursuit,4.809999999999942,-73.56437016764673,53.404375395801246,3.3057224456208707,0.07114864225520279,5.93719134087066,0.0033432206128981225,3.6704788338809333,0.08132313891293287,0.06402365557454504,0.07480000000015252,0,not_applicable,16.775086657940683,0,0,0.8935344710065375,0.606367960323499,717,0.7731696014828544,1.5571793018797515,0.22193355627601147,running
Pure Pursuit,4.90999999999994,-73.22073815883437,53.43142701336568,3.5672749786126583,0.08447776870705148,6.78227118762341,0.009316269698981569,3.9839495643832117,0.10456584954451352,0.05421584928555667,0.07279999999987297,0,not_applicable,16.97504041831901,0,0,0.8817778183592111,0.5638204138357276,347,-0.8385078776645043,1.45454169809196,0.2084324073070941,running
Pure Pursuit,5.009999999999938,-72.85376700034764,53.46475186692457,3.7849701836061196,0.09862847183231693,5.645014787745466,0.010743392557753598,4.131776457387205,0.06792558150331929,0.043467062468563356,0.07540000000005875,0,not_applicable,17.374950133930692,0,0,0.9394081815604268,0.5142801464809192,349,-0.8297961075069509,1.4484745083472585,0.21008581223244965,running
Pure Pursuit,5.1099999999999355,-72.46430833517552,53.50531118646501,4.027010131452221,0.11307743853341456,6.276293889235762,0.00842153299630582,4.412599572529696,0.05536565978190812,0.027855729310545918,0.07560000000061962,0,not_applicable,17.774859907522647,0,0,0.9297371311636313,0.4928687561477797,356,-0.7993049119555145,1.516848967003344,0.21621722807816315,running
Pure Pursuit,5.209999999999933,-72.05094888322024,53.5540741494457,4.277515079042474,0.12785935757100786,6.495798258821797,0.0022016338377292923,4.676589957334401,0.07058159159210231,0.007392139560669531,0.0762999999999181,0,not_applicable,18.174768831291427,0,0,0.9190812918573913,0.4546852005210796,721,0.7905931417979613,1.506057648298583,0.21807316453493353,running
Pure Pursuit,5.309999999999931,-71.61318619750895,53.60956816855458,4.527772794973448,0.1266250337775121,6.489387339607138,-0.008773154829590964,4.926453813003188,0.0880754598874916,0.008574549595386838,0.07170000000122911,0,not_applicable,18.774630956064176,0,0,0.9281118457360598,0.42825831487143773,724,0.8036607970342913,1.4867719750637434,0.2153071491827237,running
Pure Pursuit,5.409999999999929,-71.14812280461538,53.665565803187135,4.817523905069841,0.1100342006273638,7.513483364546003,-0.016629264129665665,5.279121131428048,0.020116912786176888,0.008234804277698515,0.06690000000020291,0,not_applicable,19.174535580750263,0,0,0.9286675568152085,0.40199446646156056,738,0.8646431881371641,1.3848256193170332,0.2037158366078793,running
Pure Pursuit,5.509999999999927,-70.65497387032772,53.71863834447921,5.081365170104719,0.09364014728952608,6.841619882183849,-0.01982194604459054,5.501685893288226,0.077229613661028,0.009214623674271838,0.06780000000006225,0,not_applicable,19.5744386367043,0,0,0.9225640927662312,0.372871039121921,709,0.7383225208526416,1.5517813954137722,0.2232291878884924,running
Pure Pursuit,5.609999999999925,-70.13586708996291,53.76683993502593,5.325948491102252,0.07729330615851016,6.3422456360875845,-0.023127932241373963,5.715589733713477,0.023922406580586093,0.016401210692592372,0.06849999999936074,0,not_applicable,20.174292972052676,0,0,0.9323740709108809,0.3403050923023873,728,0.8210843373493977,1.3901169955405253,0.21178185999974475,running
Pure Pursuit,5.709999999999923,-69.5904142139752,53.809130614447625,5.594458354477049,0.06113968095851652,6.962680457071944,-0.030478594271121914,6.022216536809446,0.06771220626730846,0.020231084743016048,0.0667999999990343,0,not_applicable,20.77415411237958,0,0,0.9136712310515279,0.3359886963799021,719,0.781881371640408,1.4897584084447877,0.21997807798827246,running
Pure Pursuit,5.809999999999921,-69.01699625430231,53.842948570431915,5.871933188260816,0.030661223618177136,7.195149475082063,-0.03435343671924842,6.313973301985255,0.09768445641851677,0.006315865488265793,0.07459999999959166,0,not_applicable,21.374014093875658,0,0,0.8906078455601892,0.3215522356788837,724,0.8036607970342913,1.4638877299181003,0.2153071491827237,running
Pure Pursuit,5.909999999999918,-68.41506505323954,53.86045345374465,6.1499412578694015,-0.007271047997011504,7.2089767163230345,-0.030020326084009154,6.59283085989312,0.09953629924226813,0.018700556784144506,0.06849999999936074,0,not_applicable,21.97387746609387,0,0,0.9163879626404723,0.3117912812077633,731,0.8341519925857277,1.4392082095282535,0.20925385860619153,running
Pure Pursuit,6.009999999999916,-67.78529244426944,53.862797079725674,6.423909893815692,-0.021280488729023883,7.104230896319992,-0.017890863961003273,6.860364347501401,0.07593770822396523,0.023154393885993052,0.06899999999987472,0,not_applicable,22.573740773243244,0,0,0.9214906152341674,0.30246510622822126,726,0.8123725671918445,1.492887171832808,0.2135218524542555,running
Pure Pursuit,6.109999999999914,-67.12853017833804,53.8529927816574,6.691521741612004,-0.03535189488567214,6.939394178348817,-0.013880985266448334,7.117849311650573,0.04670473683557554,0.031366867910676,0.07379999999912457,0,not_applicable,23.173605282642598,0,0,0.9113612415452051,0.2974345052534709,723,0.7993049119555145,1.5483618837958086,0.21621722807816315,running
Pure Pursuit,6.209999999999912,-66.44565354877626,53.83200679184519,6.951759699671353,-0.05145720933781606,6.74818318401563,-0.0017904498851034826,7.366340060013567,0.09268507404123133,0.0448995792118958,0.07010000000029493,0,not_applicable,23.773469949861802,0,0,0.9226895480607156,0.2855236051757241,357,-0.7949490268767376,1.5551639497564698,0.21713917065507293,running
Pure Pursuit,6.30999999999991,-65.73748192112282,53.80180842448549,7.20433868738868,-0.04889224162772576,6.5495798163350205,0.01229949159183108,7.606717681304855,0.004934694675000514,0.04438303922688869,0.07830000000019766,0,not_applicable,24.57328962599227,0,0,0.9769095071198195,0.2646378877671814,363,-0.7688137164040778,1.5451886358909828,0.22293077345441883,running
Pure Pursuit,6.409999999999908,-65.00284034497723,53.77190396828955,7.478736504690977,-0.024690463883678238,7.115359920045412,0.02440026960470315,7.915874679393221,0.0729740246430629,0.02413350264749159,0.09619999999976869,0,not_applicable,25.373109256540566,0,0,0.9777301487905352,0.25822756225028504,362,-0.7731696014828544,1.5533934699570147,0.22193355627601147,running
Pure Pursuit,6.509999999999906,-64.24441963084163,53.750535137004256,7.679757348273615,-0.0028992775804979054,5.212634953090234,0.023557496752488756,8.0,0.10099420849956274,0.00435469078919537,0.0982999999994405,0,not_applicable,25.972974028633708,0,0,0.9246640907791597,0.2458092315865295,354,-0.8080166821130677,1.4845812741816653,0.2144087504700342,running
Pure Pursuit,6.6099999999999035,-63.46992226449654,53.74181641662048,7.801624676264884,0.018039165920332945,3.160119528927652,0.020591359593745192,7.99576930116638,0.085920833204292,0.015151292359260715,0.06909999999926697,0,not_applicable,26.772793738480832,0,0,0.9056011034535694,0.24332148552607477,350,-0.8254402224281743,1.478309499032401,0.21092842571338713,running
Pure Pursuit,6.709999999999901,-62.7024025393718,53.748205237587946,7.611360985183038,0.049212540701482954,-2.1652289456823315,0.012183340126308857,7.585101781696651,0.06170471643100028,0.0483128835296065,0.07699999999921658,0,not_applicable,27.572613461060733,0,0,0.9222719730348842,0.2460278914642835,696,0.6816960148285451,1.7030567325716242,0.21261932153731197,running
Pure Pursuit,6.809999999999899,-61.96841437599969,53.77054099673305,7.20673343107465,0.07117520730328986,-4.60472141265905,-0.011677423999046465,7.150888843917133,0.04287855842484222,0.0850837036310832,0.0973000000001889,0,not_applicable,28.372432864133913,0,0,0.9769065011411571,0.22793720547697713,721,0.7905931417979613,1.4384518940395274,0.21807316453493353,running
Pure Pursuit,6.909999999999897,-61.27835030647083,53.799575630854235,6.751908711241874,0.0381859468021295,-5.181868001933889,-0.04529385504975009,6.688546630881261,0.059320698793838486,0.07295500613707206,0.07209999999879813,0,not_applicable,28.972296745159014,0,0,0.9157932021490585,0.22688510006955673,710,0.742678405931418,1.428632622919609,0.2241197071405647,running
Pure Pursuit,7.009999999999895,-60.62850743088822,53.813206332127514,6.372056883287714,-0.055666256561299754,-4.322769984541539,-0.061151312341645114,6.31963171278772,0.11841227708030398,0.021388242805723046,0.07379999999912457,0,not_applicable,29.772115905651983,0,0,0.9117279660034443,0.25012325338030905,715,0.7644578313253012,1.4428524692298752,0.2239412608755995,running
Pure Pursuit,7.109999999999893,-60.01199405212488,53.78806348601034,6.069855616559143,-0.1658478142613129,-3.4390951127984337,-0.04917511033166027,6.02814737200787,0.12763010378873968,0.059280449853409856,0.0735999999985637,0,not_applicable,30.371979329918048,0,0,0.8532660461453203,0.2883069655843399,708,0.7339666357738648,1.5864457327091983,0.22234991952811328,running
Pure Pursuit,7.209999999999891,-59.408518860731725,53.71205870041234,6.095920440349935,-0.22426281224694034,0.6758822076187609,-0.009640072412856054,6.137443837321019,0.11660055410469411,0.11074828483793331,0.06979999999856545,0,not_applicable,30.97184412063263,0,0,0.8433165624397054,0.2977844178578968,369,-0.742678405931418,1.5556386715242811,0.2241197071405647,running
Pure Pursuit,7.309999999999889,-58.802285388040474,53.60058900453678,6.222430420665056,-0.2164524232258982,3.2805073023895748,0.029355776066728404,6.423971170588892,0.07386296339005331,0.12025368485083687,0.0733999999997792,0,not_applicable,31.571707486224906,0,0,0.8779230748349893,0.2834600090422233,371,-0.7339666357738648,1.5053928367022642,0.22234991952811328,running
Pure Pursuit,7.4099999999998865,-58.1817720173047,53.47986824201312,6.405927145920324,-0.17037513991294073,4.758220226302026,0.050004562909373294,6.698252443295258,0.03780280009401032,0.0867452058988949,0.0667999999990343,0,not_applicable,32.17157200538332,0,0,0.9263468968852022,0.2705285446081268,375,-0.7165430954587582,1.4883200419690938,0.21894209497805295,running
Pure Pursuit,7.509999999999884,-57.54095543850465,53.37384413888208,6.572224940110379,-0.10523418564220588,4.312237871295839,0.052073994674890094,6.837150933049908,0.07562856823455515,0.016681917160345616,0.0764999999987026,0,not_applicable,32.771436240048494,0,0,0.9000550868119324,0.269987150655655,357,-0.7949490268767376,1.4283572227398569,0.21713917065507293,running
Pure Pursuit,7.609999999999882,-56.89389830076649,53.29699804802018,6.488290122289241,-0.046366595816558664,-0.9551906412806854,0.018598558852081497,6.476705875982311,0.11104658885262614,0.0632563266720303,0.07489999999954478,0,not_applicable,33.37129856837458,0,0,0.8590327895567731,0.2819576422023916,704,0.7165430954587584,1.6163207118133975,0.21894209497805303,running
Pure Pursuit,7.70999999999988,-56.26983008659031,53.24899653827003,6.142682216608988,-0.022770060149208682,-3.933069084177614,-0.021891932406917978,6.09498321387148,0.11099275834211428,0.1256760753886179,0.07180000000062137,0,not_applicable,33.97114819296127,0,0,0.9195949340642039,0.2616509628975212,717,0.7731696014828544,1.4369550959480397,0.22193355627601147,running
Pure Pursuit,7.809999999999878,-55.68296501424169,53.2160216683841,5.742885900456303,-0.0531257040991413,-4.54974121015332,-0.06157998380390888,5.687708095593656,0.08532616536568464,0.1293097925111737,0.08449999999982083,0,not_applicable,34.57100773007701,0,0,0.9245756580073234,0.2608060234979185,725,0.8080166821130677,1.3213178516553905,0.2144087504700342,running
Pure Pursuit,7.909999999999876,-55.1052147273177,53.17103892142375,5.840406021908258,-0.1399559496131877,2.5287765420260655,-0.07674654545744306,5.995763554658909,0.10217581932921982,0.05405562882869086,0.09339999999902204,0,not_applicable,35.17087086257812,0,0,0.8716742215151181,0.2802124548129353,734,0.8472196478220577,1.272241144113102,0.20682039817249392,running
Pure Pursuit,8.009999999999874,-54.51760588019314,53.08925787771709,6.013305546189998,-0.22074284530190535,4.483426134231543,-0.0576332753057934,6.288748635331412,0.12796384285132456,0.025417659999359188,0.071400000001276,0,not_applicable,35.77073565518648,0,0,0.8090360731333044,0.2858223732105262,712,0.7513901760889712,1.4457740745757128,0.22593517874601313,running
Pure Pursuit,8.109999999999872,-53.91676408715597,52.968605842959,6.227480733478062,-0.25599980596280325,5.553737848500591,-0.030084303927645436,6.568679331040057,0.13225488076333955,0.06031719485891607,0.10059999999967317,0,not_applicable,36.37060044716374,0,0,0.8194847684227161,0.2934094627934644,718,0.7775254865616312,1.478323965983404,0.22094939445953415,running
Pure Pursuit,8.20999999999987,-53.29883344246544,52.820526211161926,6.462597806041489,-0.26515267957454824,6.096778068730702,-0.013001807310597429,6.837158540351132,0.1344148868647904,0.0691659341204729,0.08500000000033481,0,not_applicable,36.97046524022833,0,0,0.8665013663492988,0.2935128148664225,731,0.8341519925857277,1.437211486130765,0.20925385860619153,running
Pure Pursuit,8.309999999999867,-52.66098282239571,52.653203118005955,6.706665878518007,-0.27779786124635475,6.328884820351748,-0.00035767165656275685,7.095486288076664,0.06618615210427153,0.08149989944904101,0.07850000000075852,0,not_applicable,37.770284964288805,0,0,0.9050504992819737,0.27909264532568134,368,-0.7470342910101946,1.548382538135971,0.22502164647011183,running
Pure Pursuit,8.409999999999865,-51.99999823863053,52.47096848418623,6.984054568179541,-0.2743506637253761,7.192915687507835,0.021469281320514653,7.42595744726879,0.04162191230829779,0.07788926043436772,0.11420000000050834,0,not_applicable,38.37014975756498,0,0,0.9302278874015015,0.2581910471001763,365,-0.7601019462465246,1.4799704396111735,0.22496523842325905,running
Pure Pursuit,8.509999999999863,-51.312103538012906,52.285089717005356,7.24644930455169,-0.23517825653636404,6.80411021038263,0.037375050583434766,7.664465589217804,0.06656599264783732,0.03858703602865665,0.07279999999987297,0,not_applicable,39.1699694823844,0,0,0.8918960586961734,0.2436618236499622,347,-0.8385078776645043,1.346175128343829,0.2084324073070941,running
Pure Pursuit,8.60999999999986,-50.592760892132794,52.112755470960494,7.526013933715814,-0.1750961307458896,7.249339579204133,0.04023467152963874,7.971383262472103,0.118949781462983,0.021525546937830597,0.06899999999987472,0,not_applicable,39.769834276089256,0,0,0.8619330002321084,0.24297924341345953,348,-0.8341519925857275,1.3921275012981873,0.20925385860619156,running
Pure Pursuit,8.709999999999859,-49.84468425166361,51.96554480133545,7.708802637985959,-0.13205266427505258,4.739860662841862,0.018196640863241617,8.0,0.09166906165290079,0.06451651315444851,0.10360000000098069,0,not_applicable,40.56965400100871,0,0,0.8506765839816885,0.2501465568916112,351,-0.8210843373493977,1.4946426189900843,0.21178185999974475,running
Pure Pursuit,8.809999999999857,-49.07810321341795,51.83914077761131,7.821100429578671,-0.13771254158836488,2.9119736201404134,-0.004751036788690124,8.0,0.05724561433407543,0.058700484192939495,0.0743999999990308,0,not_applicable,41.36947372570882,0,0,0.8859349698218386,0.24135411461099399,725,0.8080166821130677,1.4999260533055174,0.2144087504700342,running
Pure Pursuit,8.909999999999854,-48.30184661240422,51.716819949205465,7.89009153079006,-0.1705157495654923,1.788995704213292,-0.011308757853265504,8.0,0.023470318807187016,0.025637226437641658,0.07769999999851507,0,not_applicable,42.169293449932646,0,0,0.9158482328380716,0.23903177793136945,722,0.7949490268767376,1.526383642194394,0.21713917065507293,running
Pure Pursuit,9.009999999999852,-47.52167578031727,51.58464590270191,7.932476799269988,-0.2006692461887294,1.0990846920994013,-0.006384301935062827,8.0,0.009724307285058515,0.004880230940923713,0.08659999999949264,0,not_applicable,42.96911317340653,0,0,0.932800931969189,0.23505546836225294,362,-0.7731696014828544,1.549278437246144,0.22193355627601147,running
Pure Pursuit,9.10999999999985,-46.74052084726505,51.438822595849935,7.958516548637244,-0.20448868238323303,0.6752320073001172,0.0005491180058577687,8.0,0.014745189493590974,0.009167594465233186,0.08440000000042858,0,not_applicable,43.76893289584885,0,0,0.9274795263559399,0.2364248686271649,712,0.7513901760889712,1.5963914518580506,0.22593517874601313,running
Pure Pursuit,9.209999999999848,-45.95849813716843,51.28652759528087,7.974514289631396,-0.19831221232217988,0.4148345136275644,-0.0003366683919964537,8.0,0.016674454298816203,0.0035626121130292177,0.09739999999958115,0,not_applicable,44.56875261698405,0,0,0.9201318396647025,0.23017654330018492,731,0.8341519925857277,1.4399110913467403,0.20925385860619153,running
Pure Pursuit,9.309999999999846,-45.17648458014586,51.127707109238145,7.984342637566182,-0.2217721483736792,0.254857103686037,-0.005402256335758256,8.0,0.01214982523599196,0.027698051736909424,0.12079999999947688,0,not_applicable,45.36857233652671,0,0,0.9249300564302326,0.2311073345622881,366,-0.755746061167748,1.5672419977989147,0.22600293112750477,running
Pure Pursuit,9.409999999999844,-44.39557100813414,50.95981272770179,7.990380766522171,-0.22716748289737776,0.156573624338181,0.010077332758096852,8.0,0.004319636129980171,0.033857355163259495,0.08759999999874424,0,not_applicable,46.16839205428864,0,0,0.9357424137726096,0.23123375320161685,345,-0.8472196478220575,1.4291657369656237,0.20682039817249398,running
Pure Pursuit,9.509999999999842,-43.61452793584045,50.79024809230214,7.994090342285165,-0.19955392187344057,0.09619233477828892,0.02000307003840086,8.0,0.01962778730360662,0.006930165869482252,0.07330000000038694,0,not_applicable,46.968211773024066,0,0,0.9210519710386752,0.22684629782864274,359,-0.7862372567191844,1.4996369650440338,0.21901940157552577,running
Pure Pursuit,9.60999999999984,-42.83129328387561,50.62968967276837,7.9963693516342005,-0.16890506821023088,0.05909657714835426,0.012736169976364039,8.0,0.02741614757909506,0.023202178805558304,0.07249999999991985,0,not_applicable,47.768031494370845,0,0,0.8931182275863658,0.23315458249296822,366,-0.755746061167748,1.5824449452188132,0.22600293112750477,running
Pure Pursuit,9.709999999999837,-42.045275719294686,50.482352064937345,7.9977694803671975,-0.16373506373590985,0.03630648365799516,-0.0002780950335731586,8.0,0.0222436643183348,0.028025470331542124,0.08139999999912106,0,not_applicable,48.56785121761874,0,0,0.9263655995499156,0.23273452809492481,727,0.8167284522706209,1.4867260083337808,0.2126462795560751,running
Pure Pursuit,9.809999999999835,-41.25843174805935,50.33884885503158,7.99862966133565,-0.1924751298282681,0.02230519632802519,-0.005401906513505638,8.0,0.013601453190837507,0.0008912985931250894,0.07469999999898391,0,not_applicable,49.3676709420546,0,0,0.9244286534878996,0.23025641263324273,366,-0.755746061167748,1.5662005496356857,0.22600293112750477,running
Pure Pursuit,9.909999999999833,-40.4725396538891,50.18985889920298,7.999158120813017,-0.2009381674684727,0.013703386643504345,0.006282239562513694,8.0,0.010493624656289979,0.009361283124527109,0.07330000000038694,0,not_applicable,50.16749066696826,0,0,0.9409437488907912,0.2281046415456739,364,-0.7644578313253012,1.5408059473842384,0.2239412608755995,running
Pure Pursuit,10.009999999999831,-39.686772838367354,50.03998488141443,7.999482784377385,-0.17436021767531873,0.008418791869830855,0.009325651326604335,8.0,0.008251543967236263,0.017379726995109035,0.06910000000104333,0,not_applicable,50.967310391679355,0,0,0.9312418849187816,0.23195217973807353,728,0.8210843373493977,1.4761184687562243,0.21178185999974475,running
Pure Pursuit,10.109999999999829,-38.899815674860584,49.89635116111647,7.999682244193213,-0.16674690460334318,0.005172156226151969,-0.006426370397157649,8.0,0.005068310879316676,0.025006160327198934,0.08850000000037994,0,not_applicable,51.76713011616303,0,0,0.925891380339646,0.2258083820561375,712,0.7513901760889712,1.545908590491949,0.22593517874601313,running
Pure Pursuit,10.209999999999827,-38.11266795325315,49.753674811188645,7.99980478402366,-0.19355896586591026,0.003177558067868347,-0.014062475112599554,8.0,0.012508500208185893,0.0034832532057995635,0.07070000000020116,0,not_applicable,52.56694981912328,0,0,0.9402830279279796,0.23398370518060185,349,-0.8297961075069509,1.4735966840242456,0.21008581223244965,running
Pure Pursuit,10.309999999999825,-37.327228741342545,49.60187048423919,7.9998800674083546,-0.224110830605186,0.001952159763396466,-0.001889526670058979,8.0,0.010590350497639385,0.03783142242500581,0.0916000000010797,0,not_applicable,53.36676941830081,0,0,0.9158220022276287,0.22736216355909053,366,-0.755746061167748,1.5496914682077476,0.22600293112750477,running
Pure Pursuit,10.409999999999823,-36.54444803687098,49.43685224666091,7.999926318394588,-0.22934880799704693,0.0011993259164544412,0.018717517491972417,8.0,0.010564199926213087,0.04898580016523191,0.0733999999997792,0,not_applicable,54.166588835368536,0,0,0.9355263007115383,0.2181855678273357,362,-0.7731696014828544,1.4711591552918724,0.22193355627601147,running
Pure Pursuit,10.50999999999982,-35.76203831253976,49.27006906659918,7.999954733080461,-0.1824901958709324,0.0007368160541165736,0.034476157379811766,8.0,0.03665960708853958,0.010162622688560496,0.07199999999940587,0,not_applicable,54.96640800944666,0,0,0.9008050046539889,0.22278379605948542,342,-0.8602873030583875,1.3668985590284601,0.20447740104668094,running
Pure Pursuit,10.609999999999818,-34.97568759845522,49.12315344267223,7.999972189883852,-0.11547313739779685,0.0004526691953898876,0.026189937150929262,8.0,0.05032525615252461,0.04670289471744704,0.08189999999963504,0,not_applicable,55.766226900171624,0,0,0.8734356760104224,0.23174969169041235,364,-0.7644578313253012,1.56207072793492,0.2239412608755995,running
Pure Pursuit,10.709999999999816,-34.1844325721943,49.005527754619436,7.999982914619152,-0.08378637279287204,0.00027810116147719555,0.00211063056259172,8.0,0.04338233313501088,0.06615426283421444,0.07420000000024629,0,not_applicable,56.56604548956579,0,0,0.8821531382039859,0.23347179215112218,724,0.8036607970342913,1.5116798933533515,0.2153071491827237,running
Pure Pursuit,10.809999999999814,-33.38986034947667,48.9126362604365,7.9999895034512924,-0.08358619811243884,0.00017085380847881027,-0.011229463472864224,8.0,0.022304504681230564,0.05294070945491747,0.08500000000033481,0,not_applicable,57.365863889752326,0,0,0.9330349298110077,0.22654311511102218,721,0.7905931417979613,1.492917086644487,0.21807316453493353,running
Pure Pursuit,10.909999999999812,-32.59436415038499,48.82787753481675,7.999993551356228,-0.11542804846599619,0.00010496548707550346,-0.013803857378411586,8.0,0.006845961829527785,0.007723178212121873,0.07500000000071338,0,not_applicable,58.165682414967726,0,0,0.933986623449855,0.23203177863219487,351,-0.8210843373493977,1.4766838027739768,0.21178185999974475,running
Pure Pursuit,11.00999999999981,-31.799356478463665,48.738657358465,7.999996038220977,-0.12511593807218802,6.448643771861384e-05,0.0022671324481399347,8.0,0.0064310654661922945,0.015245831573035495,0.09400000000070463,0,not_applicable,58.96550109202281,0,0,0.9287573142674874,0.23283852675213254,338,-0.8777108433734939,1.3915965967332475,0.20148754432673713,running
Pure Pursuit,11.109999999999808,-31.00443769054506,48.6486461483127,7.999997566047437,-0.09886279559300526,3.9617790230650485e-05,0.013007231914751612,8.0,0.00855862122756786,0.0020977528880887775,0.07830000000019766,0,not_applicable,59.76531993493513,0,0,0.9275966658520831,0.23472228336675227,362,-0.7731696014828544,1.5658599152041754,0.22193355627601147,running
Pure Pursuit,11.209999999999805,-30.208549257142927,48.56774107721463,7.999998504680588,-0.06837638229376264,2.433952563052344e-05,0.008980201409255529,8.0,0.015822566725832345,0.015864263718873062,0.09269999999972356,0,not_applicable,60.565139005865994,0,0,0.93803918927416,0.23411018150469373,737,0.8602873030583873,1.426007228327567,0.20447740104668097,running
Pure Pursuit,11.309999999999803,-29.41118812347537,48.50303467424783,7.99999908133783,-0.04020092111033602,1.4953194122924174e-05,0.0027717900673293484,8.0,0.01778100539068658,0.03221170359103098,0.07340000000155555,0,not_applicable,61.364958310572355,0,0,0.9442450377531909,0.22896125640178866,713,0.755746061167748,1.5590335678714975,0.22600293112750477,running
Pure Pursuit,11.409999999999801,-28.61266043714311,48.45463458799514,7.9999994356121,-0.03683056454198219,9.186621703349829e-06,-0.00553818210433867,8.0,0.013142616440846303,0.02452465451788166,0.0753000000006665,0,not_applicable,62.164777820564396,0,0,0.9362852302341829,0.2403793119518465,335,-0.8907784986098239,1.408558338421806,0.19934114321212795,running
Pure Pursuit,11.509999999999799,-27.81385351192613,48.410969141797395,7.9999996532635045,-0.06635555296303774,5.643878999705976e-06,-0.0042347233866907065,8.0,0.011835186513880066,0.014481363927765667,0.07650000000047896,0,not_applicable,62.964597482608205,0,0,0.9159846283217659,0.22943603243893093,358,-0.790593141797961,1.5091992946069,0.21807316453493358,running
Pure Pursuit,11.609999999999797,-27.015362541906953,48.36187636091205,7.99999978697949,-0.07507402965088339,3.4673649551564267e-06,0.015590916005932464,8.0,0.021759105514728778,0.030537230449991792,0.07360000000034006,0,not_applicable,63.76441714539766,0,0,0.9215907375547827,0.22853193701766658,365,-0.7601019462465246,1.5500221907577802,0.22496523842325905,running
Pure Pursuit,11.709999999999795,-26.21692843308986,48.31186306215175,7.999999869129042,-0.04854017579110348,2.1302050967619834e-06,0.028355485618477328,8.0,0.038078287047599815,0.009192765532395786,0.0745000000001994,0,not_applicable,64.56423681796932,0,0,0.8978095024416574,0.22182986556216225,357,-0.7949490268767376,1.4599563153046136,0.21713917065507293,running
Pure Pursuit,11.809999999999793,-25.417980676272915,48.271038080830444,7.999999919598317,-0.018010120666009044,1.3087095762642775e-06,0.02335211968078163,8.0,0.04874326988391365,0.018289372893662392,0.08900000000089392,0,not_applicable,65.36405652065133,0,0,0.9149514540102519,0.23184197707756776,353,-0.8123725671918443,1.4891684592427497,0.21352185245425553,running
Pure Pursuit,11.90999999999979,-24.618374490787886,48.24650784981767,7.999999950604544,0.01015573196518993,8.04016826450038e-07,0.012323775459731913,8.0,0.04482078265202315,0.045545826572527925,0.07330000000038694,0,not_applicable,66.16387624372547,0,0,0.9003354617544259,0.23411658640279698,360,-0.7818813716404078,1.548990782273593,0.21997807798827249,running
Pure Pursuit,12.009999999999788,-23.81842297123561,48.2383414622572,7.999999969653483,0.01351490323531257,4.939545572568704e-07,-0.0052480060325790666,8.0,0.024756928116328923,0.05013372263171689,0.08809999999925822,0,not_applicable,66.96369595204858,0,0,0.9108009800794385,0.2249576987500363,709,0.7383225208526416,1.5542564136959656,0.2232291878884924,running
Pure Pursuit,12.109999999999786,-23.0184307438186,48.234923928392234,7.99999998135636,-0.016015493773986922,3.0346517299051357e-07,-0.01778827403567376,8.0,0.007102003987894497,0.023682171477189318,0.0934000000007984,0,not_applicable,67.76351561022311,0,0,0.9665459294979541,0.23299986121751087,720,0.7862372567191844,1.5359592239553945,0.21901940157552577,running
Pure Pursuit,12.209999999999784,-22.21852638298256,48.22318683556336,7.999999988546121,-0.047640598867250805,1.8643640409266027e-07,-0.015618263584198194,8.0,0.025192842341965047,0.004815706095125272,0.0771000000003852,0,not_applicable,68.56333527425754,0,0,0.9159929685598216,0.22908795255126682,732,0.8385078776645041,1.4337288938364379,0.20843240730709414,running
Pure Pursuit,12.309999999999782,-21.419034369181965,48.19518577639666,7.999999992963211,-0.07607563032365539,1.1453878734357659e-07,-0.009428270627524722,8.0,0.032280398397292666,0.03074692520324751,0.07219999999996674,0,not_applicable,69.36315495637386,0,0,0.9270340454441484,0.2400899458693707,333,-0.8994902687673771,1.3926592498026522,0.19795406078248537,running
Pure Pursuit,12.40999999999978,-20.62027657479721,48.15074521149298,7.999999995676889,-0.07945573495021696,7.036788929326576e-08,0.001711077376892017,8.0,0.02505173708305354,0.032250766976564815,0.06830000000057623,0,not_applicable,70.16297465564797,0,0,0.9274594115915997,0.23118013270207996,362,-0.7731696014828544,1.5455796248529872,0.22193355627601147,running
Pure Pursuit,12.509999999999778,-19.821793768897027,48.10150632341044,7.9999999973440605,-0.04990374358259908,4.3231107582641926e-08,0.0061490695644690445,8.0,0.014699233602363254,0.0014508389853853387,0.06669999999964205,0,not_applicable,70.96279436897844,0,0,0.9150656634153641,0.23172190381582242,721,0.7905931417979613,1.522062876575667,0.21807316453493353,running
Pure Pursuit,12.609999999999776,-19.033186153294185,48.05830783120081,7.845849374087615,-0.038522368344281244,-1.7542568924842694,-0.0054827540325802235,7.824574308095634,0.018524754120866172,0.010549911076672025,0.07379999999912457,0,not_applicable,71.76261409128328,0,0,0.9364717625184682,0.23824141020677334,720,0.7862372567191844,1.5655850170560146,0.21901940157552577,running
Pure Pursuit,12.709999999999773,-18.275339933519785,48.01840795160969,7.457953348608793,-0.06361677294169743,-4.414314142158524,-0.009564082269388178,7.404417959871763,0.057649774954854564,0.014552439700593833,0.07440000000080715,0,not_applicable,72.5624338158347,0,0,0.9301028744604695,0.2364767598183649,355,-0.803660797034291,1.5030686274459604,0.21530714918272373,running
Pure Pursuit,12.809999999999771,-17.559861698932227,47.975653827940874,7.019458842699587,-0.07865157741421447,-4.990132333282968,0.005682347260950073,6.958940115280496,0.059536156964558926,0.0303223641973398,0.07219999999996674,0,not_applicable,73.16229860494137,0,0,0.9200587745915048,0.24865507606435067,371,-0.7339666357738648,1.5993281949448135,0.22234991952811328,running
Pure Pursuit,12.90999999999977,-16.88338393538132,47.93277751226073,6.655390907761005,-0.057431552540747166,-4.143146947489358,0.017665087020356313,6.605144147950651,0.063969250270479,0.013353871123664707,0.07579999999940412,0,not_applicable,73.96211815374457,0,0,0.9209911925478349,0.25921312345686176,360,-0.7818813716404078,1.5111009775489685,0.21997807798827249,running
Pure Pursuit,13.009999999999767,-16.25053051976421,47.89875073701448,6.170283769525718,-0.020956176839889817,-5.538031779335446,0.015622438494180952,6.10158772982746,0.03550337959299161,0.01705127066678047,0.08180000000024279,0,not_applicable,74.56198218507765,0,0,0.9174780482991987,0.28655553243237847,325,-0.9343373493975904,1.3262477362421814,0.1927368289037113,running
Pure Pursuit,13.109999999999765,-15.661437563110093,47.88202636813594,5.75244304809218,0.022072292690645146,-4.755089211128016,0.004113282133896863,5.694774848412917,0.04311001636132693,0.051600664639043003,0.0771000000003852,0,not_applicable,75.16184623054153,0,0,0.9225121016633836,0.2922776275414652,719,0.781881371640408,1.4996766275758697,0.21997807798827246,running
Pure Pursuit,13.209999999999763,-15.115068117309622,47.88379251330279,5.316709571276197,0.043712184128328335,-4.958711413828896,-0.023415208140455862,5.256571906709291,0.09334680527488969,0.07054000371519153,0.07609999999935724,0,not_applicable,75.76170959399975,0,0,0.9702003904203513,0.293764341607344,699,0.6947636700648747,1.5130775560689798,0.21491658495418042,running
Pure Pursuit,13.30999999999976,-14.614450881100492,47.89073907643597,4.84473430245753,-0.000687533242554661,-5.383582548973473,-0.06720062556062462,4.77835131637885,0.02390789752295224,0.05407537269948959,0.0696999999991732,0,not_applicable,76.16158469194899,0,0,0.9277599150114076,0.29729778336889473,713,0.755746061167748,1.376333958352064,0.22600293112750477,running
Pure Pursuit,13.409999999999759,-14.154534763328378,47.87364033569668,4.481164425236265,-0.1356927765592224,-4.137478977000484,-0.10428546900580139,4.430986404757482,0.07907580210601843,0.016604719429023973,0.07890000000010389,0,not_applicable,76.56135935842546,0,0,0.8859913528224004,0.320753618787916,713,0.755746061167748,1.3569173845294646,0.22600293112750477,running
Pure Pursuit,13.509999999999756,-13.736942726439683,47.80707856843879,4.105862268672397,-0.30837051833021123,-4.27099405119562,-0.11664697911001536,4.0540650201167026,0.09974479784326706,0.09034157299657153,0.10440000000144778,0,not_applicable,76.96098249142476,0,0,0.8809894845126215,0.36227300827754944,704,0.7165430954587584,1.4431203500085004,0.21894209497805303,running
Pure Pursuit,13.609999999999754,-13.373633602462926,47.68621840230045,3.69515313555893,-0.478836452228832,-4.673930681239811,-0.12012494037151218,3.6384692005484163,0.07663921646094297,0.129737296688885,0.07570000000001187,0,not_applicable,77.36040655496294,0,0,0.8621341480078173,0.3996896357385632,688,0.6468489341983319,1.516448360250237,0.20689564634075194,running
Pure Pursuit,13.709999999999752,-13.07601179134746,47.52460123769672,3.2336228229926824,-0.6353807534126648,-5.2607351916650735,-0.12538814479111582,3.169079616392423,0.030843875150578348,0.11586140436123538,0.07570000000001187,0,not_applicable,77.75950617096895,0,0,0.902486622736242,0.4425484723327645,692,0.6642724745134383,1.4972531107115237,0.20968660597172056,running
Pure Pursuit,13.80999999999975,-12.843363926944175,47.338652151924244,2.854156589241554,-0.7783976482533688,-4.318381865479295,-0.13174595176312195,2.801784636444753,0.08599840981970727,0.1567617570472235,0.06910000000104333,0,not_applicable,77.95946110220588,0,0,0.9123478599353261,0.5055289259697001,697,0.6860518999073215,1.4782219289368097,0.21337555590733343,running
Pure Pursuit,13.909999999999748,-12.655356286010981,47.129879521004895,2.790286938444267,-0.8992198945578864,-0.7268460727875725,-0.1312793921159721,2.7814719819627967,0.0378327292215511,0.054653883018746185,0.06920000000043558,0,not_applicable,78.35816604217037,0,0,0.9347591337718971,0.5733289870978758,689,0.6512048192771083,1.5090746216251787,0.2075805028346246,running
Pure Pursuit,14.009999999999746,-12.499864637198957,46.904170256890644,2.718223160239186,-1.0151809595594972,-0.8200964546501455,-0.1470704868968743,2.7082772929792522,0.06104747195751221,0.060448328457172185,0.07270000000048071,0,not_applicable,78.55691622181979,0,0,0.9162648449956563,0.5868016978301188,680,0.6120018535681186,1.5418768359901371,0.20171054956370096,running
Pure Pursuit,14.109999999999744,-12.374348313724003,46.665687106777455,2.685383887227102,-1.1276726212495283,-0.3737157840081107,-0.15824901867368693,2.680851581838375,0.087163471953979,0.04665691507770431,0.10450000000084003,0,not_applicable,78.9556512924166,0,0,0.9117099526386643,0.5769486097704328,684,0.629425393883225,1.4719792866919226,0.2042391938838802,running
Pure Pursuit,14.209999999999742,-12.278079015191063,46.413829365483956,2.7090955101385545,-1.2491978280675489,0.6148617833847814,-0.17389879793673027,2.74687006556558,0.04557945712277129,0.03997015854679331,0.08050000000103807,0,not_applicable,79.15560622365354,0,0,0.9184942524004969,0.5680019789404389,667,0.5553753475440222,1.4903575016341148,0.19430327888470372,running
Pure Pursuit,14.30999999999974,-12.218566308230047,46.160553592057674,2.550228914214016,-1.3881367947741858,-1.8079253589685518,-0.180889762363328,2.5283029742416994,0.07867496851200086,0.01662963071518675,0.14460000000049433,0,not_applicable,79.35424436688842,0,0,0.9279617070244399,0.5602270112900387,681,0.6163577386468955,1.4407650104277063,0.2023310757067991,running
Pure Pursuit,14.409999999999737,-12.19464568052168,45.90279131158448,2.624890197976625,-1.5162224034622889,1.9360281772152277,-0.17309734415214875,2.743831731935539,0.06900639008957858,0.12207310819586059,0.07119999999893878,0,not_applicable,79.75291257168693,0,0,0.918116818436137,0.5845950950925658,710,0.742678405931418,1.3223700804921166,0.2241197071405647,running
Pure Pursuit,14.509999999999735,-12.204256709586423,45.63975174929211,2.6417339978353516,-1.6474283213574838,0.43677351224706396,-0.16321789430405614,2.6685675492013314,0.008382134645951979,0.08983973478660356,0.07010000000029493,0,not_applicable,79.95286750292385,0,0,0.9211887248307093,0.5826906328314811,721,0.7905931417979613,1.293959193368445,0.21807316453493353,running
Pure Pursuit,14.609999999999733,-12.246915738622663,45.37700517185855,2.681596684754331,-1.7680741446159858,1.0336720882008654,-0.13203625572111047,2.745101206655438,0.06738383061674284,0.05237523261199195,0.06959999999978095,0,not_applicable,80.15218563319203,0,0,0.9433781458209233,0.5721062521048323,716,0.768813716404078,1.3091942170494635,0.22293077345441878,running
Pure Pursuit,14.70999999999973,-12.317836245963093,45.112583759725915,2.7869974045726464,-1.8625015822603,2.733126905717933,-0.10880580022843263,2.954909375326124,0.06593835134599411,0.07315333713898564,0.08530000000028792,0,not_applicable,80.55184707571283,0,0,0.9134299500792761,0.5887529051622469,698,0.6904077849860983,1.4313728977696238,0.21414126651260781,running
Pure Pursuit,14.809999999999729,-12.414686676732021,44.83914432325112,2.9987480840411798,-1.9357983355609982,5.490868376962763,-0.09182517367312096,3.3360842422689228,0.04530928486223969,0.03675972149149809,0.08330000000000837,0,not_applicable,80.75180200694976,0,0,0.9005259203291629,0.5881376030488001,712,0.7513901760889712,1.4237197861809654,0.22593517874601313,running
Pure Pursuit,14.909999999999727,-12.536042989061823,44.55334041394389,3.196407182691284,-1.9993712949968914,5.1254621563474245,-0.07263118735024235,3.511294299675922,0.07813169577785906,0.028393995526862614,0.10909999999952902,0,not_applicable,81.15162949776945,0,0,0.9125106984051319,0.5638039095496276,704,0.7165430954587584,1.4938707150358743,0.21894209497805303,running
Pure Pursuit,15.009999999999724,-12.684618421425316,44.25538500467105,3.4437269329277,-2.064656239146221,6.413203485249088,-0.06465814188375336,3.837727531216193,0.0824769087831563,0.013271472474196244,0.13050000000092155,0,not_applicable,81.35153130924887,0,0,0.86796268374706,0.5365445283759652,717,0.7731696014828544,1.449370659272075,0.22193355627601147,running
Pure Pursuit,15.109999999999722,-12.861000690272922,43.94645481356073,3.654753143185048,-2.1184654185153478,5.472082297542551,-0.04584601863363798,3.990935162681955,0.04836227727281949,0.024372633952475464,0.07599999999996498,0,not_applicable,81.75140060870457,0,0,0.8860950138229224,0.5084364173971374,711,0.7470342910101948,1.5096814405742711,0.22502164647011186,running
Pure Pursuit,15.20999999999972,-13.061479028641548,43.62540276449659,3.8962517439001534,-2.1481578486167314,6.262256315188717,-0.030804043964661968,4.28097877470392,0.03768472165750972,0.01735470087519042,0.0809999999997757,0,not_applicable,82.15128164733972,0,0,0.9253746854047227,0.46882416027372426,724,0.8036607970342913,1.404562269572793,0.2153071491827237,running
Pure Pursuit,15.309999999999718,-13.2822474029183,43.28790693785705,4.149362590451902,-2.1621093233375483,6.563371351088376,-0.029871081901224172,4.552588879008991,0.03630598212752703,0.001019867460165358,0.06799999999884676,0,not_applicable,82.55117274392289,0,0,0.9229945641561138,0.44286947120909176,715,0.7644578313253012,1.4693565504162693,0.2239412608755995,running
Pure Pursuit,15.409999999999716,-13.523824808130499,42.93380554534014,4.4037033001565,-2.1897880154154534,6.595262708938687,-0.03298479754978545,4.80888886134577,0.048055321660682576,0.005065736070344329,0.07330000000038694,0,not_applicable,82.95107175744056,0,0,0.9256759544916444,0.43281698357514564,733,0.8428637627432809,1.4024928738310962,0.20762130414308752,running
Pure Pursuit,15.509999999999714,-13.79074456119514,42.566728535840866,4.6537936530854,-2.223297960391313,6.485047480023871,-0.02366196291172179,5.052208048158887,0.09005161432502519,0.021664890839722784,0.07519999999949789,0,not_applicable,83.35097641186408,0,0,0.8815884960449837,0.4056209947708393,717,0.7731696014828544,1.500342661716379,0.22193355627601147,running
Pure Pursuit,15.609999999999712,-14.080651806574485,42.18604534921232,4.896957948320972,-2.238480788569786,6.3054491370066845,-0.014980634075597197,5.284338566786069,0.05094849305468221,0.018089829897479426,0.07080000000136977,0,not_applicable,83.95083838809877,0,0,0.9026894182892428,0.3883281784679189,730,0.8297961075069509,1.42999263764325,0.21008581223244965,running
Pure Pursuit,15.70999999999971,-14.393160227560474,41.78981867677447,5.173699278260576,-2.253352516303964,7.1761291202363875,-0.015008809283440238,5.614570860344611,0.06958458306587262,0.01946254398909142,0.07070000000020116,0,not_applicable,84.35074497468398,0,0,0.9253826317381773,0.3786838786438553,717,0.7731696014828544,1.5491280465325319,0.22193355627601147,running
Pure Pursuit,15.809999999999707,-14.728229605316104,41.37799453752263,5.424610339669705,-2.2693052225244004,6.5063291224350905,-0.014940940211393808,5.8243321905040855,0.023077617366487547,0.012109551817201858,0.0706000000008089,0,not_applicable,84.95060064491454,0,0,0.935833658628781,0.35808263996526546,728,0.8210843373493977,1.4742034746552755,0.21178185999974475,running
Pure Pursuit,15.909999999999705,-15.086308079059675,40.95127746820501,5.694909705492905,-2.2854688505922414,7.0090837197632005,-0.018939052629540577,6.125518711646025,0.053248839255627366,0.0007556563702140195,0.06920000000043558,0,not_applicable,85.55045940432082,0,0,0.9253298593285246,0.3290022578684983,707,0.729610750695088,1.551864407422129,0.22148173646210823,running
Pure Pursuit,16.009999999999703,-15.468772337411652,40.509371329364825,5.971671654631073,-2.3015948710251073,7.176663792926181,-0.02518322045684905,6.412576084785523,0.07138253767185353,0.014376651694397946,0.07030000000085579,0,not_applicable,86.15030883217572,0,0,0.9160296301322224,0.3078976998321109,716,0.768813716404078,1.4831980860664413,0.22293077345441878,running
Pure Pursuit,16.10999999999972,-15.877644267646902,40.05408585991244,6.2453896271211855,-2.3325857848879474,7.097730987803841,-0.037930879061299695,6.681444753411457,0.07130796974869143,0.01919244119259833,0.08669999999888489,0,not_applicable,86.7501642501179,0,0,0.88692482165919,0.283769688310207,707,0.729610750695088,1.4846787119336922,0.22148173646210823,running
Pure Pursuit,16.209999999999734,-16.31135607199379,39.6028422866935,6.271123682765226,-2.3969166170931455,0.6673051189328394,-0.049594756030957324,6.3121201390144694,0.073906155398283,0.005488170829460959,0.0648000000005311,0,not_applicable,87.35000719934023,0,0,0.8777072138277278,0.27337473040402954,716,0.768813716404078,1.4500514967813696,0.22293077345441878,running
Pure Pursuit,16.30999999999975,-16.7548601266242,39.1881280319062,5.972034691313372,-2.4901338675064455,-3.403676959824722,-0.04956636949293951,5.930755986782754,0.08363281508143008,0.05421629983249332,0.10259999999995273,0,not_applicable,87.9498598458954,0,0,0.8838135110158747,0.28192814756328594,727,0.8167284522706209,1.4230402310523895,0.2126462795560751,running
Pure Pursuit,16.409999999999766,-17.201355053456318,38.82929587150185,5.606097433924849,-2.583536414079003,-4.164420113453966,-0.03089274204651144,5.555592679967975,0.09486201756298253,0.09942893705627798,0.09440000000005,0,not_applicable,88.5496991658201,0,0,0.8609395609158366,0.3074759938439523,711,0.7470342910101948,1.5722968322710424,0.22502164647011186,running
Pure Pursuit,16.50999999999978,-17.650113886449017,38.52296295703417,5.3472489217442805,-2.634267089077044,-2.9457343539029424,-0.004577862683166084,5.311523998534555,0.09896614778181907,0.11571738120681152,0.08599999999958641,0,not_applicable,88.94959639686553,0,0,0.8696007138858985,0.335761028699043,363,-0.7688137164040778,1.575814003384125,0.22293077345441883,running
Pure Pursuit,16.609999999999797,-18.104625589419214,38.2495347042078,5.2826522564399845,-2.639216465569147,-0.7351196054072506,0.008462929745418464,5.273736961203555,0.02711937337543588,0.07140315233782513,0.11619999999901154,0,not_applicable,89.54945053664473,0,0,0.9312225413025785,0.35423311833713805,336,-0.8864226135310473,1.3975207164022099,0.20004771979496722,running
Pure Pursuit,16.709999999999813,-18.563606832367245,37.984250202208734,5.317220511569545,-2.615331885954107,0.8963831398987043,0.0016893567121766173,5.372290570429855,0.06044650937111183,0.003933933608410101,0.11049999999990234,0,not_applicable,90.14930096058794,0,0,0.9314176381847957,0.3386921175360114,724,0.8036607970342913,1.4571427606518226,0.2153071491827237,running
Pure Pursuit,16.809999999999828,-19.030074055175195,37.71292078931684,5.463841687037049,-2.612217403524239,3.8020070480447288,-0.020460974199584887,5.697421216374018,0.08142012682457604,0.02481288431252837,0.08320000000061611,0,not_applicable,90.54920601227343,0,0,0.9279508468182985,0.3266835193516074,718,0.7775254865616312,1.4588597109637602,0.22094939445953415,running
Pure Pursuit,16.909999999999844,-19.51254070434482,37.4375002747984,5.633677195101053,-2.646873353668935,4.403973686670604,-0.03802045342411145,5.904239055704109,0.04862394953851797,0.02364068466255853,0.0745000000001994,0,not_applicable,91.14906710120935,0,0,0.9019497807707557,0.3213681758058841,716,0.768813716404078,1.4849627530766774,0.22293077345441878,running
Pure Pursuit,17.00999999999986,-20.020842919809187,37.16836801428129,5.852671993530364,-2.7031929438666196,5.678714308888564,-0.04106079899180735,6.2015486259899095,0.05408634976493829,0.003669000201623973,0.07579999999940412,0,not_applicable,91.74892696635271,0,0,0.8903966657544453,0.3120779098086868,717,0.7731696014828544,1.480239841727596,0.22193355627601147,running
Pure Pursuit,17.109999999999875,-20.557707377158795,36.91448860708839,6.01301870419284,-2.7598134734274478,4.157921406138492,-0.03444457882365869,6.268464134144213,0.06147807227661333,0.02858856013392108,0.0704999999996403,0,not_applicable,92.34878961610163,0,0,0.8865655524724675,0.3003136392600896,731,0.8341519925857277,1.390045209050685,0.20925385860619153,running
Pure Pursuit,17.20999999999989,-21.106527224011785,36.68967374416012,5.890176451466411,-2.8325299030706694,-1.397963005151981,-0.0334460554602979,5.873222403677642,0.06100660905867758,0.06390142345182603,0.07459999999959166,0,not_applicable,92.94865061207938,0,0,0.89812624619206,0.3005183746774118,730,0.8297961075069509,1.4298734250593517,0.21008581223244965,running
Pure Pursuit,17.309999999999906,-21.640262547554943,36.50970279010198,5.502847336061834,-2.9155848364771213,-4.407862621664123,-0.017130422270908757,5.449390189299999,0.06429741100005539,0.10202886783619114,0.07529999999889014,0,not_applicable,93.54851330372412,0,0,0.9080672447288916,0.3119023061680331,363,-0.7688137164040778,1.5433634890776502,0.22293077345441883,running
Pure Pursuit,17.409999999999922,-22.148302000050382,36.37280614944111,5.139443940761355,-2.9473762075215215,-4.135584388118234,0.009751439139318831,5.089288897250011,0.079049798059911,0.10059364605300747,0.0914999999999111,0,not_applicable,93.94841862841695,0,0,0.9124263640869523,0.33165534015289466,367,-0.7513901760889712,1.5595722992523893,0.22593517874601313,running
Pure Pursuit,17.509999999999938,-22.63760823703045,36.259781908120424,4.96207566032522,-2.93266502795134,-2.0184772652235417,0.011793545918130479,4.937596214239001,0.02157756673844158,0.03282471397886866,0.1011999999995794,0,not_applicable,94.54827612558104,0,0,0.9280931606956123,0.3687086138849687,732,0.8385078776645041,1.475350004885577,0.20843240730709414,running
Pure Pursuit,17.609999999999953,-23.123532884931237,36.15266674237031,4.987712195079712,-2.9292691773467276,0.6647763224734682,-0.004959785924431275,5.028553292572567,0.07627224060267475,0.001842514383784799,0.10530000000130713,0,not_applicable,94.94817877751397,0,0,0.9208562768198821,0.36607771030863934,711,0.7470342910101948,1.5578046435388386,0.22502164647011186,running
Pure Pursuit,17.70999999999997,-23.61720709086914,36.04883794716886,5.093383426676314,-2.9473452949750363,2.740141497466677,-0.02003076557460132,5.261726344826379,0.019848227049488448,0.020156309856613763,0.07770000000029142,0,not_applicable,95.54803385135014,0,0,0.9386760695040729,0.35161303375672215,720,0.7862372567191844,1.4580631290786814,0.21901940157552577,running
Pure Pursuit,17.809999999999985,-24.12731373643322,35.9492143669141,5.286168207849998,-2.9653060988615105,4.999067115926623,-0.025939890890840762,5.593290138268976,0.10217100479211187,0.028019298100996792,0.10599999999882925,0,not_applicable,96.14789627750756,0,0,0.9258253439356485,0.34576959762015586,723,0.7993049119555145,1.444091139836406,0.21621722807816315,running
Pure Pursuit,17.91,-24.660403018760274,35.85400238508162,5.5253066322941535,-2.9818981892922136,6.201055013342893,-0.0283729495613315,5.906273709184287,0.05676239847568194,0.02198636105740892,0.075499999999451,0,not_applicable,96.54780501910267,0,0,0.8810242988491557,0.3280378622558915,727,0.8167284522706209,1.3998025539948737,0.2126462795560751,running
Pure Pursuit,18.010000000000016,-25.21774225423233,35.763630269029655,5.7492551200531405,-2.998608064923159,5.807167526407779,-0.03034413976779093,6.1060233849349315,0.05489568266155158,0.01344993900997915,0.0771000000003852,0,not_applicable,97.14766925963951,0,0,0.8954016425056331,0.3112368180273868,742,0.8820667284522705,1.2937168677393123,0.20076314597215372,running
Pure Pursuit,18.11000000000003,-25.79806782794162,35.680972775156334,5.958035741050247,-3.0308544141507743,5.413852330641573,-0.035862848773384706,6.290640353117298,0.06599628227071315,0.004110685147220128,0.09670000000028267,0,not_applicable,97.74753271261955,0,0,0.8691434383076793,0.29459413914851057,724,0.8036607970342913,1.3908614112037307,0.2153071491827237,running
Pure Pursuit,18.210000000000047,-26.38696058550662,35.61853402854893,5.904300847605206,-3.097873333738859,-0.6115110351260267,-0.04631689984820988,5.896884637537644,0.0701044689924593,0.03802212438138364,0.09679999999967492,0,not_applicable,98.34738446671277,0,0,0.8650998379612634,0.29815886699795646,726,0.8123725671918445,1.4353191499197913,0.2135218524542555,running
Pure Pursuit,18.310000000000063,-26.95160513584494,35.59085874233238,5.526968687062157,-3.1943995917149928,-4.294095796728792,-0.03711637131900505,5.4748912679323265,0.08349302445497504,0.08445926412118032,0.09130000000112659,0,not_applicable,98.94723244032838,0,0,0.9069036471355946,0.3062105947555968,722,0.7949490268767376,1.4832914341566263,0.21713917065507293,running
Pure Pursuit,18.41000000000008,-27.474337377315297,35.60679812198114,5.079585619673232,-3.2905593348395383,-5.094343716083198,-0.014563734778524212,5.017534315453837,0.07498709379515137,0.13708972920198015,0.1571000000009093,0,not_applicable,99.34711399362467,0,0,0.9210852045589769,0.3269870161065555,341,-0.8646431881371641,1.3764594546689368,0.2037158366078793,running
Pure Pursuit,18.510000000000094,-27.963442590546446,35.65920733445977,4.838224418043637,-3.3152906396393873,-2.7467261733519965,0.015089047694984413,4.804913002338032,0.04798652034745895,0.093050370672219,0.07960000000117873,0,not_applicable,99.94690557595844,0,0,0.926374162826995,0.35574774291675204,344,-0.8515755329008341,1.3965123979025236,0.20602954162158948,running
Pure Pursuit,18.61000000000011,-28.44335774349783,35.728159940375264,4.857206585373991,-3.294211834319362,0.4922231304383562,0.021926085655976788,4.887446731087473,0.0390863242534703,0.0369702558640177,0.07890000000010389,0,not_applicable,100.34679711195315,0,0,0.9368165857904851,0.37721951844309354,370,-0.7383225208526414,1.5730504328573223,0.22322918788849236,running
Pure Pursuit,18.710000000000125,-28.9297115847735,35.797965168975246,4.961263506174939,-3.272244783885587,2.698281097676256,0.0070629395277410556,5.127034695141616,0.07199295180356843,0.016803577313390772,0.07670000000103983,0,not_applicable,100.94665428804461,0,0,0.9273243448678193,0.38009762113871826,719,0.781881371640408,1.530030557386561,0.21997807798827246,running
Pure Pursuit,18.81000000000014,-29.431853002513563,35.865434727864375,5.156209686001033,-3.2719022301567136,5.055113951480212,-0.0039317980583909815,5.46677490132296,0.036618892559318904,0.024145254041318953,0.08989999999897691,0,not_applicable,101.34656266939238,0,0,0.927007559735061,0.37285527923192796,721,0.7905931417979613,1.5192900222485668,0.21807316453493353,running
Pure Pursuit,18.910000000000156,-29.953424644532493,35.93780628835922,5.35897470149675,-3.291024725520297,5.2578627579102655,-0.001205009197459614,5.68199596179206,0.03718797736013277,0.005340092736618285,0.08039999999986946,0,not_applicable,101.94642386841703,0,0,0.9289997942507264,0.349242809827025,351,-0.8210843373493977,1.438876382087321,0.21178185999974475,running
Pure Pursuit,19.010000000000172,-30.49660419297671,36.01785400606705,5.6024576883745905,-3.2910467046880716,6.313713072050096,0.015562558727350954,5.99034600870176,0.08816507106337854,0.033221464143679214,0.10699999999985721,0,not_applicable,102.54627984379425,0,0,0.9274125104600061,0.3289269780283106,358,-0.790593141797961,1.4580063744331482,0.21807316453493358,running
Pure Pursuit,19.110000000000188,-31.0652325559389,36.099278080104284,5.865126836550625,-3.2713651194836504,6.8112259329862646,0.0273983559175674,6.283580281673217,0.08934660787947116,0.028988875581269724,0.075499999999451,0,not_applicable,102.94618409200453,0,0,0.9164558770271756,0.3128811314259207,355,-0.803660797034291,1.431955175637548,0.21530714918272373,running
Pure Pursuit,19.210000000000203,-31.65935517411403,36.176648787079294,6.099043821758343,-3.252678827544675,6.065658821663371,0.02708500861046454,6.471692718716962,0.09625294353444254,0.019603315196086157,0.09259999999855495,0,not_applicable,103.54604695437523,0,0,0.9149245112501567,0.29784998942564034,347,-0.8385078776645043,1.3763815947328257,0.2084324073070941,running
Pure Pursuit,19.31000000000022,-32.27865339275233,36.24743107310131,6.3477785026565625,-3.235522082649464,6.449893795032251,0.02054322768289744,6.744033201261568,0.10840386656648686,0.0101649678450908,0.09939999999986071,0,not_applicable,104.34586269186534,0,0,0.903779882075739,0.30161584005320347,328,-0.9212696941612604,1.3072214376619307,0.19463310273330894,running
Pure Pursuit,19.410000000000235,-32.92579298294517,36.310927845175094,6.634357421771875,-3.219464610227909,7.4312258568609035,0.00428999064979116,7.090901088342653,0.0619811028444148,0.05416281041279625,0.0686999999999216,0,not_applicable,104.94571869202758,0,0,0.9207968399502579,0.28511083529946674,719,0.781881371640408,1.5042070206355587,0.21997807798827246,running
Pure Pursuit,19.51000000000025,-33.60142408898509,36.369171614661745,6.906598453292485,-3.2222479835298095,7.059432700004038,-0.024473770281202494,7.340300691772279,0.03867054412716114,0.08403401329611038,0.0782999999984213,0,not_applicable,105.5455613126448,0,0,0.9315390632312155,0.2544227465923175,723,0.7993049119555145,1.3930517469797188,0.21621722807816315,running
Pure Pursuit,19.610000000000266,-34.30320384564682,36.43331901776918,7.166866669322592,-3.261142305929204,6.748967797954997,-0.05111606256449613,7.581495233087985,0.08362082120259293,0.0745130301420267,0.0716000000000605,0,not_applicable,106.34537218704064,0,0,0.8694318421055494,0.2368310688846608,705,0.7208989805375348,1.4485343321964395,0.2197779812188762,running
Pure Pursuit,19.71000000000028,-35.02933895981048,36.52345946748029,7.446368213544637,-3.3402780568318113,7.247703735038753,-0.06732320683345352,7.891637042826467,0.13314062005582367,0.005997088400586215,0.08240000000014902,0,not_applicable,106.94523582546071,0,0,0.8155554645189467,0.22830160975178107,735,0.8515755329008341,1.283960651197325,0.20602954162158948,running
Pure Pursuit,19.810000000000297,-35.77307641733642,36.65934188122624,7.659871613934189,-3.4202301597005063,5.536317864553633,-0.04482669366972813,8.0,0.1353491079831209,0.07440318637074039,0.08229999999898041,0,not_applicable,107.74505532081272,0,0,0.8015972713667984,0.23671164689957278,735,0.8515755329008341,1.3672557845475222,0.20602954162158948,running
Pure Pursuit,19.910000000000313,-36.52402159429557,36.842607327311725,7.791039239729309,-3.4611435813183764,3.401283860658113,-0.008440136520175856,8.0,0.10348635560421138,0.12072951243495389,0.0800000000005241,0,not_applicable,108.54487459429924,0,0,0.8616802315175094,0.24288910740951564,375,-0.7165430954587582,1.621908699154388,0.21894209497805295,running
Pure Pursuit,20.01000000000033,-37.2772367719552,37.05810531984519,7.871623183710236,-3.452811316540206,2.089607602706911,0.019329291389837928,8.0,0.04552902730221645,0.11295426908358408,0.07469999999898391,0,not_applicable,109.34469428327796,0,0,0.8781214668841981,0.22613778626640985,360,-0.7818813716404078,1.470166563916924,0.21997807798827249,running
Pure Pursuit,20.110000000000344,-38.0349026269155,37.28120889732612,7.921130613521185,-3.4003402041157185,1.2837681628976405,0.04147082448673827,8.0,0.043884951247761685,0.056199120974611994,0.09790000000009513,0,not_applicable,110.14451380749706,0,0,0.9284144774478489,0.2168135048303618,369,-0.742678405931418,1.4813581528720565,0.2241197071405647,running
Pure Pursuit,20.21000000000036,-38.78788317006258,37.47921111101622,7.717878727686815,-3.3014307640433476,-2.313036522999985,0.04122746059903668,7.689826961221186,0.08879617802966555,0.04478633896180195,0.07650000000047896,0,not_applicable,110.94433329701353,0,0,0.8982359590547877,0.2299731064876697,355,-0.803660797034291,1.4796685342061462,0.21530714918272373,running
Pure Pursuit,20.310000000000375,-39.518910241033865,37.62317600169622,7.3171809552354405,-3.179270437887998,-4.559999916163342,0.008924178274467608,7.26187873607048,0.10887771417650391,0.16056139769361488,0.10639999999995098,0,not_applicable,111.54419713037602,0,0,0.8680965112838699,0.21996241096042,711,0.7470342910101948,1.4705946780914212,0.22502164647011186,running
Pure Pursuit,20.41000000000039,-40.22281235794766,37.705216990472344,6.971315431269934,-3.1294534933381097,-3.936000818367136,-0.0467556747547102,6.923580873398727,0.013098159092920277,0.19066749373005898,0.0800000000005241,0,not_applicable,112.34401160568072,0,0,0.9350182815193422,0.22059529752609508,690,0.6555607043558851,1.4878093310401181,0.2082738731989199,running
Pure Pursuit,20.510000000000407,-40.8878422989696,37.75268963249728,6.509541924025955,-3.197426017151915,-5.263595502684932,-0.08479686288101232,6.444955881001441,0.07856996437536987,0.09933479511952159,0.07309999999982608,0,not_applicable,112.94387115102614,0,0,0.8756853710662815,0.23733886193164858,714,0.7601019462465248,1.4241366477330692,0.22496523842325897,running
Pure Pursuit,20.610000000000422,-41.5101184155755,37.8088125179532,6.115604969379218,-3.324441681584559,-4.4830608095799995,-0.044252473367662644,6.061235843067955,0.11705407460349217,0.06228201879827022,0.08359999999996148,0,not_applicable,113.5437112026342,0,0,0.8639367117371035,0.2756968408416925,372,-0.729610750695088,1.559282290454304,0.22148173646210823,running
Pure Pursuit,20.710000000000438,-42.087587035001306,37.89886122025384,5.707816827964342,-3.4074926318582954,-4.640689363677195,0.03596734989917882,5.6515360330114985,0.08382676318135553,0.19731882015365487,0.08139999999912106,0,not_applicable,114.14354900546924,0,0,0.9097843979259328,0.24998258901267445,375,-0.7165430954587582,1.3717766629475237,0.21894209497805295,running
Pure Pursuit,20.810000000000453,-42.61948770666246,38.001914564915275,5.270125449245105,-3.3310597679388434,-4.980992627073659,0.1272580208959367,5.209717565256976,0.04605766404434082,0.19071557271527517,0.09320000000023754,0,not_applicable,114.74331437297572,0,0,0.8766880994959014,0.2522283476267344,399,-0.6120018535681186,1.3800824641807588,0.20171054956370096,running
Pure Pursuit,20.91000000000047,-43.11053829776919,38.06790655552182,4.793962489158671,-3.121686234631612,-5.43283568063206,0.15355671731263235,4.726841881181899,0.15821567160424851,0.0390195313904842,0.10289999999990584,0,not_applicable,115.14314611129208,0,0,0.8075847518779679,0.272415597682677,387,-0.6642724745134383,1.3400792081533754,0.20968660597172056,running
Pure Pursuit,21.010000000000485,-43.564454647958655,38.052362736534356,4.426187535155294,-2.8728764944354848,-4.185333372737654,0.12872798150441325,4.375429151884906,0.176801530935223,0.10729474381458681,0.08009999999991635,0,not_applicable,115.74291235269837,0,0,0.8009175428399744,0.3369295771312799,367,-0.7513901760889712,1.4062476192772795,0.22593517874601313,running
Pure Pursuit,21.1100000000005,-43.9680451546879,37.949274423044734,4.043281690091611,-2.6806174871189654,-4.357525150955852,0.05957068049065542,3.9904350200597087,0.14996297662110908,0.2283250989993384,0.07830000000019766,0,not_applicable,116.14271798018173,0,0,0.7831697084442497,0.41205336300487055,714,0.7601019462465248,1.5468115090002361,0.22496523842325897,running
Pure Pursuit,21.210000000000516,-44.334277377767116,37.7886035884676,3.9795758446777985,-2.64112662527444,-0.7249819432958127,-0.013756387787556959,3.9707834957620296,0.10464621728223823,0.19892350526747693,0.07109999999954653,0,not_applicable,116.54253564469376,0,0,0.8641303105606801,0.43261988341363034,722,0.7949490268767376,1.4421437701279478,0.21713917065507293,running
Pure Pursuit,21.31000000000053,-44.68889507266913,37.60906878138395,3.972385137428319,-2.6597685257096204,-0.0818313120489389,-0.0260333611511959,3.9713927134729046,0.08557748159343956,0.11383231761734303,0.0743999999990308,0,not_applicable,116.94236500891422,0,0,0.9123484255592758,0.4581711139032849,714,0.7601019462465248,1.5464500237121954,0.22496523842325897,running
Pure Pursuit,21.410000000000547,-45.043090572306554,37.428791778564836,3.9760437072909482,-2.678543637542545,0.0948697100478757,-0.007370828803752415,3.9818721084331066,0.0898251203409294,0.030819522707231428,0.0782000000008054,0,not_applicable,117.34220409142424,0,0,0.9359564634079245,0.47189688902287186,366,-0.755746061167748,1.5902300801404567,0.22600293112750477,running
Pure Pursuit,21.510000000000563,-45.39912601948691,37.25064989678028,3.9855077531185823,-2.6784941603894983,0.24541045196884603,0.020589535627197283,4.000584752487833,0.09153223099834702,0.031455289047229495,0.11459999999985371,0,not_applicable,117.74205071974058,0,0,0.9325675662249029,0.4344854979313676,368,-0.7470342910101946,1.4925252722341575,0.22502164647011183,running
Pure Pursuit,21.61000000000058,-45.75418994049194,37.067848691959576,4.0006720197554,-2.6475794076458565,0.3932218415776445,0.049484034915810764,4.024829937276347,0.08850994532818668,0.061327272776499075,0.07609999999935724,0,not_applicable,118.14190281392148,0,0,0.9178618005371075,0.41929950495290463,355,-0.803660797034291,1.375192344692087,0.21530714918272373,running
Pure Pursuit,21.710000000000594,-46.10273895680628,36.86957688425773,4.01899991989577,-2.579446142649845,0.4752574468685111,0.07041504635088518,4.048197764442251,0.088358214163774,0.05336903902189993,0.11130000000036944,0,not_applicable,118.5417584135497,0,0,0.9288232097697172,0.41018291253595673,355,-0.803660797034291,1.3542908535392557,0.21530714918272373,running
Pure Pursuit,21.81000000000061,-46.43749985236512,36.64705528955685,4.0221708578612,-2.493727472698419,0.08222501596400811,0.07593299577397734,4.027222421492171,0.09234499869567252,0.028795103049043647,0.0725999999993121,0,not_applicable,118.94161390273501,0,0,0.9037278519126561,0.41789793388208546,368,-0.7470342910101946,1.4573061772588751,0.22502164647011183,running
Pure Pursuit,21.910000000000625,-46.75041020599521,36.4000696057314,3.970015310614326,-2.4051620769180215,-0.5935378417958592,0.07222939259970604,3.962817073681614,0.09946160883916134,0.003477746533532944,0.08129999999972881,0,not_applicable,119.34146660187385,0,0,0.8977972912924266,0.4062385840407987,363,-0.7688137164040778,1.3973173266780894,0.22293077345441883,running
Pure Pursuit,22.01000000000064,-47.03547207478966,36.13152128526462,3.8909616928518984,-2.315873663525874,-0.8996418626530378,0.06493909808581495,3.880051124349022,0.10781599124451567,0.05356575646184636,0.09030000000009863,0,not_applicable,119.5413611929248,0,0,0.9256040910322575,0.42559645984938127,371,-0.7339666357738648,1.4769354809988398,0.22234991952811328,running
Pure Pursuit,22.110000000000657,-47.29702935959878,35.840936591473096,3.926946452941874,-2.250226067337643,0.9331142725329444,0.05448364890188932,3.984273120105193,0.09474232389125511,0.051887712712360035,0.09859999999939362,0,not_applicable,119.94120805190083,0,0,0.8908792205351064,0.44090235424873364,368,-0.7470342910101946,1.4837214027855286,0.22502164647011183,running
Pure Pursuit,22.210000000000672,-47.53923339748552,35.5360091884051,3.8782013330989167,-2.1986554339604347,-0.5547266735160861,0.054861433268865535,3.8714737855902652,0.08147761614040683,0.03273738579736252,0.09369999999897516,0,not_applicable,120.34105379169861,0,0,0.9012019367468708,0.4327105048916506,365,-0.7601019462465246,1.4565096965721884,0.22496523842325905,running
Pure Pursuit,22.310000000000688,-47.75894157483607,35.22574215487321,3.7635595977474403,-2.145387848986896,-1.304639904518039,0.06367853039518667,3.747737342647113,0.06302444515670992,0.011518937522963846,0.08739999999995973,0,not_applicable,120.74090114722765,0,0,0.9163788259101415,0.42793812888459226,390,-0.6512048192771085,1.5275741722687928,0.20758050283462462,running
Pure Pursuit,22.410000000000704,-47.95410029928048,34.91118196737634,3.6715638035659626,-2.076221754618167,-1.0469257445293767,0.07237495736827787,3.6588670232945026,0.04495894621637861,0.003966576964556712,0.07619999999874949,0,not_applicable,121.14075657851329,0,0,0.9064284723209258,0.4429915567531952,370,-0.7383225208526414,1.45630659485393,0.22322918788849236,running
Pure Pursuit,22.51000000000072,-48.12132733759312,34.588868554064284,3.6119812368910127,-1.9938317839863138,-0.6780584213892471,0.07248871753514301,3.603757961427038,0.046672797354398846,0.011499637108705496,0.08109999999916795,0,not_applicable,121.54062738801623,0,0,0.8974669277256844,0.45208380727452974,368,-0.7470342910101946,1.4428688595840105,0.22502164647011183,running
Pure Pursuit,22.610000000000735,-48.26089609124004,34.256543535606,3.602066936770086,-1.9141886218403728,-0.11282620176215286,0.06895784832743883,3.6006986167147974,0.07291978019094003,0.018991411209744236,0.08920000000145478,0,not_applicable,121.94051261624416,0,0,0.8993186963855888,0.4651585818649415,365,-0.7601019462465246,1.4426761556895187,0.22496523842325905,running
Pure Pursuit,22.71000000000075,-48.37567887687173,33.91492559230331,3.6064156221666828,-1.8522630441207641,0.11276497050900947,0.05731979716196818,3.613343433820987,0.10237951113746875,0.04572936772189529,0.08889999999972531,0,not_applicable,122.1404675474811,0,0,0.9219225638635122,0.48019087560895485,351,-0.8210843373493977,1.390434018424192,0.21178185999974475,running
Pure Pursuit,22.810000000000766,-48.46886574233528,33.57527553860768,3.4796167855645597,-1.8019348251471672,-1.4429895148604954,0.05309707211906692,3.4621166706806332,0.054738170674549225,0.0278407327644965,0.08330000000000837,0,not_applicable,122.54036442695427,0,0,0.8969222474387907,0.47987539544870167,347,-0.8385078776645043,1.3654852937222401,0.2084324073070941,running
Pure Pursuit,22.91000000000078,-48.54342845741519,33.23529571997743,3.482086704346502,-1.7557326363943777,0.06404701494924225,0.05407270846751481,3.486021487059484,0.024472212864352624,0.008062831127259251,0.10370000000037294,0,not_applicable,122.94026868896262,0,0,0.9222777297002414,0.49604518125030467,372,-0.729610750695088,1.5081358290913762,0.22148173646210823,running
Pure Pursuit,23.010000000000797,-48.60191710430431,32.891197630953755,3.4979361822148207,-1.710208709915578,0.4109899294630326,0.05819653362325462,3.523185697292805,0.06279642895732608,0.010512877851333702,0.07109999999954653,0,not_applicable,123.34017430470219,0,0,0.9194352799679906,0.47872538024032607,366,-0.755746061167748,1.4391522510850934,0.22600293112750477,running
Pure Pursuit,23.110000000000813,-48.64487394044511,32.54235873145633,3.52960706304965,-1.6647893316845859,0.8212518537507574,0.062290425543448324,3.5800613675898965,0.0981402157589236,0.00324798951787697,0.0667000000014184,0,not_applicable,123.54012923593909,0,0,0.9216919368672027,0.47858530468357924,355,-0.803660797034291,1.3772325293548855,0.21530714918272373,running
Pure Pursuit,23.21000000000083,-48.67020086187656,32.18589302313221,3.6122360764138692,-1.603972591452823,2.1426379251295113,0.06721200722517487,3.743870855562601,0.061312226591633774,0.0021068871731131367,0.06979999999856545,0,not_applicable,123.94003351859244,0,0,0.921900191934963,0.4627368757271383,370,-0.7383225208526414,1.4312003425284217,0.22322918788849236,running
Pure Pursuit,23.310000000000844,-48.671588178486076,31.82119651264238,3.6780161305984365,-1.5278942389827193,1.7057306274694017,0.06508273552130743,3.7828091391608094,0.04066198937742986,0.017028011311367663,0.07370000000150867,0,not_applicable,124.33993745277897,0,0,0.9145815566187763,0.4719687505743103,367,-0.7513901760889712,1.4717473988622054,0.22593517874601313,running
Pure Pursuit,23.41000000000086,-48.64820374624806,31.451496598327815,3.7277906675618264,-1.466530563545923,1.2906944699124612,0.05509771784757485,3.8070855775896826,0.04173937437884743,0.017579070667263608,0.08479999999977395,0,not_applicable,124.73984131123625,0,0,0.9100752763743517,0.46696648697484916,357,-0.7949490268767376,1.4199479442917224,0.21713917065507293,running
Pure Pursuit,23.510000000000876,-48.60460287728241,31.07941026462846,3.7628353382413073,-1.4190136132037678,0.908736984920191,0.05511656792691877,3.8186643660538455,0.05893129614430917,0.004162400520040244,0.06989999999973406,0,not_applicable,125.13974466528198,0,0,0.9150610485011639,0.454422069092949,362,-0.7731696014828544,1.434323457874371,0.22193355627601147,running
Pure Pursuit,23.61000000000089,-48.54237697836127,30.707128823913262,3.785035752704045,-1.3710145917117829,0.5756749118107285,0.05934800280021865,3.82040282942238,0.08054841364029626,0.009364520317401759,0.06780000000006225,0,not_applicable,125.53964635469222,0,0,0.9224847627334931,0.4499238601861578,363,-0.7688137164040778,1.4397431662008566,0.22293077345441883,running
Pure Pursuit,23.710000000000907,-48.459621095376875,30.337197745467364,3.7968906378320053,-1.3053668918455705,0.30740687125549115,0.06459823425417593,3.815776439829594,0.10257906006291723,0.0062986556804154326,0.0724000000005276,0,not_applicable,125.939544438778,0,0,0.8891334661003687,0.4399147197204506,361,-0.7775254865616312,1.407580600659495,0.22094939445953415,running
Pure Pursuit,23.810000000000922,-48.35265975392639,29.9726880886527,3.8014143197614656,-1.240760446864122,0.11730277379156995,0.059946905373783325,3.8086209152111623,0.0907200733737473,0.026864143454049305,0.07109999999954653,0,not_applicable,126.13948147686182,0,0,0.8936989934796667,0.44995475461284945,375,-0.7165430954587582,1.5072353633054143,0.21894209497805295,running
Pure Pursuit,23.910000000000938,-48.22808810757805,29.622673213748143,3.671983844255397,-1.1876648230918438,-1.472937954822986,0.05193955384426959,3.654120524279167,0.06465163776723143,0.01925312298139703,0.07009999999851857,0,not_applicable,126.53936953701886,0,0,0.8882618515736771,0.44568325273175025,368,-0.7470342910101946,1.468087957622052,0.22502164647011183,running
Pure Pursuit,24.010000000000954,-48.08497225822053,29.28003243100362,3.7491850609200443,-1.140990134410742,2.0018907155854038,0.044844352878273604,3.8721729158139375,0.044252653086120065,0.013656351636003983,0.06790000000123086,0,not_applicable,126.93926012652875,0,0,0.9089634126674219,0.47033293396956694,364,-0.7644578313253012,1.4704564986769526,0.2239412608755995,running
Pure Pursuit,24.11000000000097,-47.920397825423116,28.933462993684746,3.9116614244387526,-1.0963959473623972,4.21314504722218,0.03591843380279713,4.170499565642262,0.03754858105802015,0.017296895914281407,0.07839999999958991,0,not_applicable,127.33915636352155,0,0,0.9104873749269641,0.4735570652559718,352,-0.8167284522706209,1.428138375505154,0.2126462795560751,running
Pure Pursuit,24.210000000000985,-47.73345655376286,28.57719074780435,4.11883134303407,-1.0648706544823878,5.3720854994565626,0.023380334734808578,4.448869974384409,0.034385386251394465,0.01930716145263167,0.06839999999996849,0,not_applicable,127.73905890865014,0,0,0.9106074439392984,0.4595720504121668,366,-0.755746061167748,1.5342901274697158,0.22600293112750477,running
Pure Pursuit,24.310000000001,-47.52777405138938,28.2061849698525,4.347128146837585,-1.050439100196694,5.919922919315459,0.012020610756472034,4.710823634965616,0.04264631686960748,0.015500749952882309,0.07890000000010389,0,not_applicable,128.13896636993985,0,0,0.924337234886514,0.4526240663476823,344,-0.8515755329008341,1.434216151416197,0.20602954162158948,running
Pure Pursuit,24.410000000001016,-47.304419466709064,27.81846772849287,4.5830766791917785,-1.0355844025446994,6.11833850142113,0.004781550908571253,4.958961996979698,0.08104778174226866,0.023192676804870693,0.098100000000656,0,not_applicable,128.5388761398814,0,0,0.9146479185663624,0.4290037047780101,737,0.8602873030583873,1.4208241673693676,0.20447740104668097,running
Pure Pursuit,24.510000000001032,-47.0652844677119,27.412624140362805,4.819161326963604,-1.036915812992397,6.121868085572482,-0.006561049023590832,5.195263487749027,0.05414304398037895,0.028653798297008315,0.07320000000099469,0,not_applicable,129.13874020128142,0,0,0.9133181150099352,0.40768150649624946,725,0.8080166821130677,1.505373628893252,0.2144087504700342,running
Pure Pursuit,24.610000000001047,-46.81547871765589,26.983272885650873,5.093605660398547,-1.0544904921445144,7.1165661214253095,-0.013551793416427505,5.530817939106135,0.04488948911647973,0.019049192094329648,0.07269999999870436,0,not_applicable,129.53864905652608,0,0,0.9325423799854515,0.37812228686507393,735,0.8515755329008341,1.406513740641846,0.20602954162158948,running
Pure Pursuit,24.710000000001063,-46.55830432472613,26.52799388311734,5.344285879203526,-1.0715614657606296,6.500343184829882,-0.011157933439879562,5.743639978881535,0.03330983199235751,0.008356867248613398,0.0745000000001994,0,not_applicable,130.13851330289208,0,0,0.9385374304833107,0.3597821758872384,715,0.7644578313253012,1.5466261842371816,0.2239412608755995,running
Pure Pursuit,24.81000000000108,-46.29542326204988,26.045914616959436,5.615995033221641,-1.0878326799505476,7.045640681172269,-0.007734343122037087,6.048849947320753,0.08412986691815948,0.00757382879901769,0.07459999999959166,0,not_applicable,130.73837809484334,0,0,0.9382146441455836,0.34986162513502883,716,0.768813716404078,1.5667949460287685,0.22293077345441878,running
Pure Pursuit,24.910000000001094,-46.02491058629038,25.53663602156783,5.894963391515127,-1.0859813155577895,7.233877787648595,0.0021079903687458478,6.339382811986501,0.09437220502070512,0.009247812085578566,0.07169999999945276,0,not_applicable,131.13828778551274,0,0,0.9152061432660803,0.3316787720268431,358,-0.790593141797961,1.528345230122496,0.21807316453493358,running
Pure Pursuit,25.01000000000111,-45.74021169525333,25.005492237016824,6.138274656262816,-1.0652400454641726,6.309260176709035,0.00712631106560052,6.52588940918603,0.09676609399731677,0.001022866587630844,0.0667999999990343,0,not_applicable,131.7381507027308,0,0,0.935744707149823,0.3142380135179882,365,-0.7601019462465246,1.5675370029453897,0.22496523842325905,running
Pure Pursuit,25.110000000001126,-45.43664279066297,24.456285802626063,6.391943383895727,-1.0463942009222982,6.577837663991604,0.004090469529214199,6.796058422661976,0.07569519895719626,0.004968848985630991,0.06709999999898741,0,not_applicable,132.53796850937624,0,0,0.9117601697830027,0.3060938455205779,356,-0.7993049119555145,1.526187715036572,0.21621722807816315,running
Pure Pursuit,25.21000000000114,-45.110946183425376,23.888261413261212,6.680579455228712,-1.0299795169237576,7.484569497065392,0.000657174717610748,7.140400333602266,0.020781457502524175,0.01331410707268299,0.07749999999973056,0,not_applicable,133.13783276985725,0,0,0.9354966471495195,0.28902762477862226,725,0.8080166821130677,1.4908727359585676,0.2144087504700342,running
Pure Pursuit,25.310000000001157,-44.76429417574125,23.300011304859453,6.953441299678824,-1.0328141601503442,7.075530887226709,-0.004529600915891683,7.388132543951383,0.06216174191426647,0.005501495307064452,0.07489999999954478,0,not_applicable,133.7376971114828,0,0,0.9384333869781167,0.2810044300201419,738,0.8646431881371641,1.4218997668549194,0.2037158366078793,running
Pure Pursuit,25.410000000001173,-44.40559306988488,22.68799616295196,7.213511001458181,-1.0564144034453062,6.743820161005019,-0.0022206537843066677,7.627823315779326,0.02835272593964515,0.020285734919225362,0.0973000000001889,0,not_applicable,134.53751679975787,0,0,0.9140599879102971,0.2675300487048334,348,-0.8341519925857275,1.4589841093655664,0.20925385860619156,running
Pure Pursuit,25.510000000001188,-44.03901782054909,22.049319701525437,7.4921937537647905,-1.0569360697074273,7.226471790720774,0.01063375863567762,7.936158180530258,0.09245390349506774,0.017792963694014396,0.07650000000047896,0,not_applicable,135.33733633637712,0,0,0.9366708977897044,0.25806481709682444,356,-0.7993049119555145,1.5141018746006492,0.21621722807816315,running
Pure Pursuit,25.610000000001204,-43.659789101177275,21.390934842207454,7.688024923438812,-1.0317422502345868,5.078062462352095,0.010771349973995167,8.0,0.07021345290317302,0.013031477274184411,0.08710000000000662,0,not_applicable,135.93720078514255,0,0,0.9097291479663929,0.25116699248402785,715,0.7644578313253012,1.5821390060590839,0.2239412608755995,running
Pure Pursuit,25.71000000000122,-43.267636724439086,20.724290171006366,7.773792544060389,-1.0280541181615308,2.22402457937962,-0.00582615839148951,7.910427381376774,0.04256009217128626,0.02872580693996163,0.0811000000009443,0,not_applicable,136.73701891976384,0,0,0.9324994752140368,0.23969711302782581,719,0.781881371640408,1.527607105049455,0.21997807798827246,running
Pure Pursuit,25.810000000001235,-42.88180515078359,20.068167952483442,7.528886762383138,-1.0563787839544303,-2.787064018559544,-0.014698885138995048,7.495086142204435,0.011975043424133297,0.010505336504536,0.08339999999940062,0,not_applicable,137.53683672387828,0,0,0.9177690200549875,0.2372431590037616,723,0.7993049119555145,1.502058145743944,0.21621722807816315,running
Pure Pursuit,25.91000000000125,-42.5218730760286,19.43845172860993,7.112767204526225,-1.0861963346177066,-4.7355021150553345,2.210683924698104e-05,7.0553365508776045,0.0735932355930387,0.038198897602949256,0.2613999999994121,0,not_applicable,138.33665274418067,0,0,0.9318637997029596,0.2380355477484319,373,-0.7252548656163114,1.561739305601718,0.22062447658991918,running
Pure Pursuit,26.010000000001266,-42.19336741824588,18.842080089375482,6.650895581379038,-1.0914703691328316,-5.264749483527726,0.03180054932722585,6.5862922561734525,0.010708900507823641,0.08062850980843983,0.10239999999939187,0,not_applicable,138.93648626426852,0,0,0.9174073146191278,0.23104952463467904,360,-0.7818813716404078,1.3861179394288747,0.21997807798827249,running
Pure Pursuit,26.110000000001282,-41.8852358133118,18.281715273418925,6.264636075778261,-1.0359332660271448,-4.395690303895012,0.07404157896073883,6.211326550989536,0.07495115150790188,0.08253912030609323,0.08940000000023929,0,not_applicable,139.536315155212,0,0,0.8641010568679969,0.23087624206127294,367,-0.7513901760889712,1.3480119982260736,0.22593517874601313,running
Pure Pursuit,26.210000000001298,-41.56787311730153,17.772633509564578,5.86709098006813,-0.8636779848738008,-4.524121988547698,0.10537214099114889,5.8122238769234915,0.12562845971427414,0.014992547084336838,0.07669999999926347,0,not_applicable,140.13605765531895,0,0,0.8125900567037214,0.24465089261662507,369,-0.742678405931418,1.3531606174901567,0.2241197071405647,running
Pure Pursuit,26.310000000001313,-41.21248214544374,17.341731729038695,5.45173089767769,-0.6344555591964913,-4.726859171915789,0.0829158160821962,5.394405062876551,0.14639784539301742,0.16004794401278932,0.09869999999878587,0,not_applicable,140.73584695759612,0,0,0.7621186795646637,0.2999694801984438,367,-0.7513901760889712,1.5120007425266895,0.22593517874601313,running
Pure Pursuit,26.41000000000133,-40.818431518580354,17.007264639208696,5.034489728212329,-0.4640270762532466,-4.7482662210527415,0.025388852503336726,4.976904275572416,0.1476493617389918,0.2706854264033627,0.08400000000108321,0,not_applicable,141.13567362799796,0,0,0.7945414972220709,0.3245938656409212,711,0.7470342910101948,1.523388721363119,0.22502164647011186,running
Pure Pursuit,26.510000000001344,-40.40452242940067,16.75365887046993,4.7666254673361745,-0.41715600833592115,-3.048334907543442,-0.030888075965116293,4.729656237457985,0.06299159297282303,0.2224560035277663,0.08130000000150517,0,not_applicable,141.73534946271377,0,0,0.8718400420405216,0.33885373070237634,720,0.7862372567191844,1.42429957677006,0.21901940157552577,running
Pure Pursuit,26.61000000000136,-39.99383772587407,16.543090417864764,4.538285696594298,-0.4428987941218918,-2.5985403639000015,-0.043076580140095244,4.506771430946174,0.022968362620467718,0.12921493579299792,0.11559999999910531,0,not_applicable,142.13515437138196,0,0,0.9138175017921765,0.38080127673415026,733,0.8428637627432809,1.415282109551338,0.20762130414308752,running
Pure Pursuit,26.710000000001376,-39.596277239831835,16.340990763487692,4.4198320177452395,-0.4880312569866816,-1.3480203853304307,-0.00653916098160151,4.403483658061255,0.07685562568122448,0.014765099334969278,0.07510000000010564,0,not_applicable,142.53495559150286,0,0,0.9133554918698772,0.39952847056844953,374,-0.7208989805375348,1.5818574872231785,0.2197779812188762,running
Pure Pursuit,26.81000000000139,-39.20728612682874,16.13886857570064,4.365291363156566,-0.4761577675001125,-0.620680716117592,0.042140598875075756,4.35776394613348,0.09395856988397908,0.07680109180287964,0.07440000000080715,0,not_applicable,143.13471329855508,0,0,0.9364150624490055,0.3797298371519488,367,-0.7513901760889712,1.4523678262993072,0.22593517874601313,running
Pure Pursuit,26.910000000001407,-38.82197790613084,15.953324895492148,4.2321509096572525,-0.3999006633843112,-1.515158053114698,0.07880302132064411,4.213775557845096,0.06345633682836177,0.06969869838680776,0.10569999999887614,0,not_applicable,143.53451527599822,0,0,0.9381126787713702,0.3760965778053673,377,-0.7078313253012047,1.4646760916395554,0.21730154451353453,running
Pure Pursuit,27.010000000001423,-38.43054216826432,15.797886132722365,4.20303569030927,-0.30726146464294546,-0.3313355025001741,0.09112453958126088,4.199017359407235,0.05737709146399978,0.04749489064416146,0.07950000000001012,0,not_applicable,143.93431360726566,0,0,0.8900477780285316,0.3755330009899291,371,-0.7339666357738648,1.402451385398276,0.22234991952811328,running
Pure Pursuit,27.11000000000144,-38.03032630388738,15.67969500722831,4.160593661488293,-0.20080366293306762,-0.48299656541999525,0.09619735547523595,4.1547360337672705,0.06736818960255671,0.013676366189252054,0.09289999999850806,0,not_applicable,144.33410600198616,0,0,0.8656045207206597,0.3805593368894996,362,-0.7731696014828544,1.3666998622198645,0.22193355627601147,running
Pure Pursuit,27.210000000001454,-37.62615186780744,15.606774509959854,4.08259587015515,-0.086600334725627,-0.8876264017245461,0.0918331351135918,4.071831021315838,0.07368352115267904,0.024816796935806185,0.12330000000027042,0,not_applicable,144.73389069726687,0,0,0.8658413252880391,0.4023141922077524,365,-0.7601019462465246,1.4381259371148973,0.22496523842325905,running
Pure Pursuit,27.31000000000147,-37.22697014806523,15.576758458415748,3.965146627379339,0.008690730461937246,-1.3365897542545957,0.07651766127125462,3.9489368947296906,0.07432707635224042,0.041963866362446645,0.10410000000149466,0,not_applicable,145.1336670029528,0,0,0.9125416759365774,0.41096838243225736,355,-0.803660797034291,1.3798401500462434,0.21530714918272373,running
Pure Pursuit,27.410000000001485,-36.83512253856351,15.583475845384353,3.8970250628076797,0.08018184109363746,-0.7752334804241467,0.06336681790928957,3.8876232793369243,0.07420594083812611,0.037419406493082175,0.07249999999991985,0,not_applicable,145.53344936543957,0,0,0.9138106609995579,0.4237646489194608,374,-0.7208989805375348,1.4820323124086392,0.2197779812188762,running
Pure Pursuit,27.5100000000015,-36.44555750400703,15.616819459356858,3.9219198208190655,0.12984870461221698,0.6455414445891883,0.05615138154052755,3.9615792072665985,0.07784705977456811,0.01760825030111235,0.07390000000029318,0,not_applicable,145.93325755224805,0,0,0.8734107063466638,0.4337665770215287,358,-0.790593141797961,1.4071402961388442,0.21807316453493358,running
Pure Pursuit,27.610000000001516,-36.05402217866434,15.671993992467117,3.98218147203378,0.1780682508681326,1.5626339232011999,0.05737445747341748,4.0781832131391855,0.08227730746138338,0.0035542412678228885,0.07369999999973231,0,not_applicable,146.33309053096983,0,0,0.876313536585954,0.4336152782357864,358,-0.790593141797961,1.4143188295809461,0.21807316453493358,running
Pure Pursuit,27.710000000001532,-35.657683405247155,15.747976680099775,4.081751385648627,0.2260130974854615,2.581929329987913,0.057975602458790916,4.240374405032571,0.08301166540249748,0.0035848253642427608,0.07089999999898566,0,not_applicable,146.7329438557818,0,0,0.9166834015136206,0.42700867586594043,355,-0.803660797034291,1.3955319694643034,0.21530714918272373,running
Pure Pursuit,27.810000000001548,-35.253354849786675,15.845611499612602,4.226415994354493,0.2734885795354258,3.7512716710161342,0.05775708109169477,4.456878552750241,0.07698008192569757,0.00426899246565382,0.07870000000131938,0,not_applicable,147.13281269670125,0,0,0.8766515350775965,0.4095159896216982,377,-0.7078313253012047,1.487295554208295,0.21730154451353453,running
Pure Pursuit,27.910000000001563,-34.83776245020759,15.966613151498319,4.416132411712808,0.3205198710972703,4.91950193160176,0.05861499721566025,4.718366187514669,0.06731399413075914,0.0008523183014110813,0.08230000000075677,0,not_applicable,147.53269295431897,0,0,0.8660548484369288,0.39589626587383425,360,-0.7818813716404078,1.4072784759751564,0.21997807798827249,running
Pure Pursuit,28.01000000000158,-34.4163258951444,16.11336231606122,4.503479024573924,0.3890638811510896,2.26496914011169,0.06433368226161212,4.642629325723977,0.07072893901140336,0.028114173823581723,0.07859999999837441,0,not_applicable,147.93258086549778,0,0,0.8859186501903669,0.3825836901223937,373,-0.7252548656163114,1.4849587742542492,0.22062447658991918,running
Pure Pursuit,28.110000000001595,-34.01380579059886,16.284788725855442,4.310848234504567,0.47202082160386905,-2.1921668822686957,0.06318849909823418,4.284262336347054,0.0841390560407665,0.05903600068542225,0.0885999999997722,0,not_applicable,148.3324616337851,0,0,0.8814778831367109,0.3733542077951837,357,-0.7949490268767376,1.3946541454715236,0.21713917065507293,running
Pure Pursuit,28.21000000000161,-33.65204263326781,16.470558636655053,3.9437214125311777,0.5461777115291144,-4.177957534373671,0.06255894642865066,3.8930524810672,0.08051457482883158,0.06401108016447354,0.08590000000019415,0,not_applicable,148.73231969081968,0,0,0.888040801369119,0.38662091417796285,368,-0.7470342910101946,1.4478650697612587,0.22502164647011183,running
Pure Pursuit,28.310000000001626,-33.341619463185644,16.66435478353378,3.5168087966006403,0.6366057396454612,-4.8583287122929075,0.06472265515193473,3.457888541301887,0.04810670824118693,0.06971492760207054,0.07959999999940237,0,not_applicable,149.13215190250827,0,0,0.889131118682057,0.4380637873384555,365,-0.7601019462465246,1.4770717044394188,0.22496523842325905,running
Pure Pursuit,28.41000000000164,-33.07805192062726,16.865679833899446,3.215943571862458,0.7118749021131472,-3.423890757338972,0.05267625524877366,3.174419720866743,0.05561425343861629,0.056228989243301886,0.08849999999860358,0,not_applicable,149.53196954084902,0,0,0.9181598242352594,0.5036175245537655,362,-0.7731696014828544,1.4895298765729978,0.22193355627601147,running
Pure Pursuit,28.510000000001657,-32.836246788723734,17.079253417764647,3.2357435165241535,0.755595189872972,0.5134287657606995,0.03965325181905488,3.267286448438528,0.07514275453748039,0.05773367796962248,0.21169999999948175,0,not_applicable,149.73185325696642,0,0,0.9332342009160535,0.5478593869442611,365,-0.7601019462465246,1.5019190926628967,0.22496523842325905,running
Pure Pursuit,28.610000000001673,-32.601552822225685,17.308280951136943,3.3168017991681844,0.7971475335775948,2.1019075923539443,0.03872464408235364,3.445934275759548,0.006977571553952739,0.024596759658319645,0.09299999999967667,0,not_applicable,150.13171243542257,0,0,0.929673252884835,0.5402166312001699,363,-0.7688137164040778,1.4792830326203528,0.22293077345441883,running
Pure Pursuit,28.71000000000169,-32.36957170772197,17.55482346739276,3.4439756209014067,0.8389842904287064,3.297721253528345,0.03662198575211129,3.646573924521019,0.06109219024775186,0.001630309269714747,0.07409999999907768,0,not_applicable,150.53158679797184,0,0,0.9270125213262703,0.5307435976374867,362,-0.7731696014828544,1.4818323585438056,0.22193355627601147,running
Pure Pursuit,28.810000000001704,-32.138231965108346,17.821898752324127,3.60997050008196,0.8813006222002575,4.304383037248751,0.03344209091444509,3.874413924626282,0.09236820825419621,0.017065954542397677,0.07459999999959166,0,not_applicable,150.73154172920874,0,0,0.929902702632232,0.5232860731117773,369,-0.742678405931418,1.551716736449031,0.2241197071405647,running
Pure Pursuit,28.91000000000172,-31.90655689613828,18.109947416403912,3.7705110848533394,0.9120579201499908,4.162948720413762,0.025516600452169275,4.026265372123336,0.06214426730942255,0.0022179905360304453,0.07650000000047896,0,not_applicable,151.1314319876909,0,0,0.9298799065993537,0.5036174671594348,358,-0.790593141797961,1.496928818003301,0.21807316453493358,running
Pure Pursuit,29.010000000001735,-31.66959370127149,18.41764020777376,3.9800832347917927,0.926469789336192,5.4343773237344095,0.018946922411317915,4.31394881722678,0.05099102551061865,0.014334622546491982,0.07680000000043208,0,not_applicable,151.53133416496837,0,0,0.9380918565809946,0.4826993054044931,336,-0.8864226135310473,1.350644251700619,0.20004771979496722,running
Pure Pursuit,29.11000000000175,-31.424200447437563,18.746810406986935,4.212831863013674,0.9409565622573957,6.035362369049215,0.016105675693761812,4.583619471696714,0.06325963804241347,0.016068505420133494,0.07389999999851682,0,not_applicable,151.93124213666297,0,0,0.9423467484198151,0.46928757692001144,351,-0.8210843373493977,1.4845555388469798,0.21178185999974475,running
Pure Pursuit,29.210000000001767,-31.169651571192507,19.09869928222475,4.454033097787669,0.9560423444391923,6.254545373025415,0.007590558738003415,4.838286400316216,0.09830469607396015,0.002575392069334548,0.07369999999973231,0,not_applicable,152.3311518602634,0,0,0.9026793168328044,0.4448924799630648,356,-0.7993049119555145,1.5229590421368202,0.21621722807816315,running
Pure Pursuit,29.310000000001782,-30.90439269230992,19.472608882002806,4.695510628723532,0.9548094107169893,6.261709958573274,-0.009345824855944197,5.080204093644997,0.05074163320326243,0.019166494509445187,0.07190000000001362,0,not_applicable,152.93101641228762,0,0,0.9339971019883913,0.40379340830046906,707,0.729610750695088,1.5621515114425064,0.22148173646210823,running
Pure Pursuit,29.410000000001798,-30.626990867293518,19.85867856576991,4.803793803962302,0.9365705433040183,2.807871333248899,-0.029228702449180227,4.976297762048422,0.03143415860797497,0.03387300756280842,0.07219999999996674,0,not_applicable,153.3309250011827,0,0,0.9270312534037524,0.3738013737496769,709,0.7383225208526416,1.5213640552256216,0.2232291878884924,running
Pure Pursuit,29.510000000001813,-30.34509442507386,20.236061883507475,4.663146036643627,0.8992000871194463,-1.600592394756939,-0.05166078081391517,4.643734564486608,0.10048715521723924,0.06096176675448106,0.07570000000001187,0,not_applicable,153.93078380409523,0,0,0.9274093418783116,0.34119673177647364,709,0.7383225208526416,1.4354599876814784,0.2232291878884924,running
Pure Pursuit,29.61000000000183,-30.067195005897545,20.57209053012329,4.205618181191095,0.8034310304736292,-5.2136606738520985,-0.07266419216982944,4.141779969258417,0.07595464982712935,0.01659347329925609,0.07139999999949964,0,not_applicable,154.33068540842507,0,0,0.9267472545777415,0.35612929750364347,710,0.742678405931418,1.4474782147486382,0.2241197071405647,running
Pure Pursuit,29.710000000001845,-29.78561487198122,20.858463847912365,3.921536171169817,0.7109931173036519,-3.2328952915198528,-0.06036556929990348,3.88232865203911,0.08237991347671278,0.022048910383359654,0.06920000000043558,0,not_applicable,154.73058189837408,0,0,0.8860352978123933,0.4138448285438789,720,0.7862372567191844,1.4486867936086212,0.21901940157552577,running
Pure Pursuit,29.81000000000186,-29.487015014327557,21.116243768222215,3.966035872109886,0.6596973732244824,1.153913655858827,-0.03426715573893916,4.0369275367557,0.08800065292791209,0.03050758225847261,0.07180000000062137,0,not_applicable,155.1304828868004,0,0,0.9113055929078655,0.46068635015034903,713,0.755746061167748,1.540772959133883,0.22600293112750477,running
Pure Pursuit,29.910000000001876,-29.16707296723047,21.362981314582335,4.104046643902052,0.6274942944168211,3.5787322355507944,-0.01607882474375875,4.323909095664965,0.08100248322879443,0.039394542991825876,0.07349999999917145,0,not_applicable,155.5303906974438,0,0,0.9134831252338697,0.46871194403509736,728,0.8210843373493977,1.4785077062777763,0.21178185999974475,running
Pure Pursuit,30.01000000000189,-28.82700680992188,21.61045336812778,4.292606841426021,0.6132030052364335,4.8895202052566145,-0.00011175344170655797,4.592998664427713,0.05674440602230823,0.04660800747963201,0.0695000000003887,0,not_applicable,155.93030053512194,0,0,0.8963659913955124,0.44138087500853757,349,-0.8297961075069509,1.4328604773564617,0.21008581223244965,running
Pure Pursuit,30.110000000001907,-28.46739186277009,21.865385577766197,4.506470958991089,0.6150871787653083,5.54567155606029,0.009371561747623864,4.8471739970320495,0.012285570433190299,0.04100186481401957,0.08320000000061611,0,not_applicable,156.33021003530826,0,0,0.9234394646767394,0.43200619872799806,357,-0.7949490268767376,1.515837662218583,0.21713917065507293,running
Pure Pursuit,30.210000000001923,-28.091385680216593,22.135154211042348,4.730990714526362,0.6322988328153984,5.821980967268789,0.00988566477470462,5.088669055717968,0.052829986495573515,0.014713908109912577,0.07239999999875124,0,not_applicable,156.73011817697585,0,0,0.9277651112423253,0.40985742870989006,723,0.7993049119555145,1.5039625611093976,0.21621722807816315,running
Pure Pursuit,30.31000000000194,-27.699296153045374,22.421212943554988,4.957832729095038,0.6318428068837516,5.88219904412048,-0.007835572283396302,5.31921061893841,0.06271447882684927,0.009829730190685115,0.10340000000041982,0,not_applicable,157.32997898574843,0,0,0.9234475666573742,0.3851927017545492,715,0.7644578313253012,1.5392314643424336,0.2239412608755995,running
Pure Pursuit,30.410000000001954,-27.285566203772206,22.719662789111226,5.223759851060262,0.6139275580655035,6.895707859074651,-0.02271239440008468,5.6474035150025035,0.04843900080174034,0.01718560854805773,0.07400000000146179,0,not_applicable,157.72988172571232,0,0,0.9341215921501163,0.35838450814274747,711,0.7470342910101948,1.5286802451776065,0.22502164647011186,running
Pure Pursuit,30.51000000000197,-26.85429604696509,23.01988634370106,5.281536250707896,0.5788109566351833,1.4981893165878013,-0.039094835505226626,5.373578782719042,0.031006930697541738,0.033400014515988286,0.07459999999959166,0,not_applicable,158.32971784042587,0,0,0.9238582233462571,0.3256133285541205,712,0.7513901760889712,1.4688706814535808,0.22593517874601313,running
Pure Pursuit,30.610000000001985,-26.42771110059762,23.292561487826422,4.952244464722189,0.5033249765304197,-3.7473892287991717,-0.05714909098225151,4.906797327827979,0.08727986128540077,0.001392584187852819,0.09949999999925296,0,not_applicable,158.72960556631324,0,0,0.9015558482329529,0.32376709977829604,721,0.7905931417979613,1.4209192806362974,0.21807316453493353,running
Pure Pursuit,30.710000000002,-26.005985487655188,23.525937614397808,4.7539914210218,0.42706430892146896,-2.256148960155775,-0.05167809642562832,4.7266295687066116,0.07110644347397707,0.015550743651905119,0.11329999999887264,0,not_applicable,159.3294476326349,0,0,0.8835928722562314,0.3472710709603439,712,0.7513901760889712,1.4826417842504538,0.22593517874601313,running
Pure Pursuit,30.810000000002017,-25.57051657068493,23.727963734066325,4.841742215747254,0.37089983737330323,2.2754499065631073,-0.0447877029872443,4.9815364116781105,0.07118611945427615,0.03275693408692648,0.09460000000061086,0,not_applicable,159.7293346887457,0,0,0.877689762440873,0.3639422695477771,707,0.729610750695088,1.5112154313929695,0.22148173646210823,running
Pure Pursuit,30.910000000002032,-25.11362947308935,23.90708629016903,4.964597821138609,0.31968279079887596,3.1857463705388156,-0.036422061813663996,5.160316852801135,0.09701627203923764,0.029598716075513565,0.08240000000014902,0,not_applicable,160.32915521782377,0,0,0.8981457744383942,0.3564946924391133,722,0.7949490268767376,1.4259322799568674,0.21713917065507293,running
Pure Pursuit,31.010000000002048,-24.632382628963608,24.06669746836047,5.161249449985267,0.2700797542550961,5.099337640013513,-0.03241108969530773,5.47453158513996,0.05899561418727083,0.04525542538329619,0.07249999999991985,0,not_applicable,160.72904450307902,0,0,0.9037342389484879,0.3621604715755048,715,0.7644578313253012,1.5216479974788406,0.2239412608755995,running
Pure Pursuit,31.110000000002064,-24.12495824953471,24.209347801909143,5.364945187400488,0.23469999210375958,5.281997138817012,-0.022885788078289403,5.689449163866968,0.06389365477600083,0.03333418849207348,0.07749999999973056,0,not_applicable,161.32889022070592,0,0,0.879212665878049,0.34620835856535487,719,0.781881371640408,1.4879200117660085,0.21997807798827246,running
Pure Pursuit,31.21000000000208,-23.59163845350368,24.34234878823986,5.608849212596717,0.22123043836274237,6.324630940147333,-0.021838546353087747,5.997408281415221,0.10615288522501265,0.00449896534415295,0.0753000000006665,0,not_applicable,161.92872207850925,0,0,0.8844991601412937,0.3290041589901636,699,0.6947636700648747,1.5708670347184868,0.21491658495418042,running
Pure Pursuit,31.310000000002095,-23.03106916516318,24.47067518841406,5.871645635701231,0.20700571177490712,6.814526276020425,-0.030361103958370935,6.29030184019876,0.08773348489535088,0.007179216287283907,0.08180000000024279,0,not_applicable,162.32861818239624,0,0,0.8958980340069469,0.2987737581991477,721,0.7905931417979613,1.3968546471284475,0.21807316453493353,running
Pure Pursuit,31.41000000000211,-22.443967222951795,24.59334234188002,6.105564091093419,0.17567750179759267,6.0656969447496145,-0.04168001594512188,6.478215330176193,0.09637560306277244,0.011289818664283136,0.06810000000001537,0,not_applicable,162.92847096413598,0,0,0.8824778224119647,0.2892279514516186,742,0.8820667284522705,1.2800938230334626,0.20076314597215372,running
Pure Pursuit,31.510000000002126,-21.829287751922713,24.700452491955776,6.354196466110298,0.12079463031232729,6.447240919820487,-0.04725818857737543,6.750288183075468,0.12412453102133081,0.012450655538317257,0.07010000000029493,0,not_applicable,163.52831652711973,0,0,0.860503073427533,0.278339505632083,713,0.755746061167748,1.4627727297880355,0.22600293112750477,running
Pure Pursuit,31.61000000000214,-21.185585638898125,24.78364776301778,6.607799117579584,0.06784134293601118,6.576124255004023,-0.04080738368197577,7.0118088916107,0.10754764455825751,0.030560620677070105,0.07029999999907943,0,not_applicable,164.32812337473612,0,0,0.8727154360989493,0.27667674489409294,703,0.7121872103799816,1.548851481347126,0.21811666573475305,running
Pure Pursuit,31.710000000002157,-20.51185509682384,24.840362764611736,6.892495484338688,0.0340581787112999,7.382409733925073,-0.030682192804048415,7.3460400909720915,0.08831190407593778,0.04446921797591141,0.06710000000076377,0,not_applicable,164.9279842142993,0,0,0.8791274691319766,0.2767998877756329,718,0.7775254865616312,1.5244163525583725,0.22094939445953415,running
Pure Pursuit,31.810000000002173,-19.809167879385036,24.87807047705717,7.160348157215321,0.024870327625898803,6.94563896972908,-0.015645692028732193,7.587059381311596,0.11171312145416666,0.03619734861098545,0.07380000000090092,0,not_applicable,165.72779981723386,0,0,0.8563058047836951,0.2595243963946112,716,0.768813716404078,1.508584653812576,0.22293077345441878,running
Pure Pursuit,31.91000000000219,-19.07823393893893,24.903264841849076,7.4444256990983195,0.01288944747486287,7.3663630985536965,-0.014466640642178397,7.89698446707069,0.07628093796434834,0.04179145170000753,0.07599999999996498,0,not_applicable,166.32766368333856,0,0,0.8675836152765936,0.25918995889909696,725,0.8080166821130677,1.4967056873759181,0.2144087504700342,running
Pure Pursuit,32.0100000000022,-18.322366773599963,24.91773182549508,7.658678213700135,-0.0038845104678300046,5.555743009016805,-0.0021799163617690297,8.0,0.0335885082313516,0.055486905008793386,0.07309999999982608,0,not_applicable,167.12748332612142,0,0,0.9242233303437196,0.24891756639615836,379,-0.6991195551436515,1.6340416781821057,0.2157016455530536,running
Pure Pursuit,32.11000000000218,-17.54940984141905,24.922982354418014,7.790306064168459,-0.002833735089582845,3.41321786299865,0.014038112292950697,8.0,0.02332164963995574,0.05220730582804478,0.08730000000056748,0,not_applicable,167.92730299191766,0,0,0.9270167784636438,0.23453911171224168,361,-0.7775254865616312,1.5010567230212117,0.22094939445953415,running
Pure Pursuit,32.21000000000216,-16.76603502554119,24.92870077943971,7.871172751082781,0.02466391684002378,2.0969393583154083,0.02759355424572128,8.0,0.05193908744137418,0.02276916667086404,0.0714999999988919,0,not_applicable,168.7271226720652,0,0,0.9188298223338595,0.22544168731890718,351,-0.8210843373493977,1.4085464205754317,0.21178185999974475,running
Pure Pursuit,32.31000000000214,-15.976409068793387,24.944790514926627,7.920853886414188,0.05256454373046715,1.2882724891721864,0.025198688022400773,8.0,0.07352362147885448,0.007440355972682333,0.09140000000051884,0,not_applicable,169.5269423162126,0,0,0.877645774011441,0.23514331272731154,347,-0.8385078776645043,1.445863510175819,0.2084324073070941,running
Pure Pursuit,32.41000000000212,-15.18333959464093,24.97686386901682,7.951375913493554,0.07827381069296813,0.7914611358581158,0.01610086495058514,8.0,0.07887483303952456,0.03974272496727416,0.08280000000127075,0,not_applicable,170.3267613837318,0,0,0.9119397071620945,0.23354890482988913,331,-0.9082020389249306,1.334597471924614,0.19660096634514493,running
Pure Pursuit,32.5100000000021,-14.388605869689648,25.024243132853066,7.970127379836246,0.08046019346587752,0.48624086506445785,-0.002323651895493495,8.0,0.0691111588767662,0.054005829014083684,0.06909999999926697,0,not_applicable,171.12657914845929,0,0,0.9234610469084072,0.22937319934473496,712,0.7513901760889712,1.5586835926147982,0.22593517874601313,running
Pure Pursuit,32.61000000000208,-13.592615001760288,25.07541751506178,7.981647502306709,0.05105488274286607,0.2987262016375425,-0.020245548674300118,8.0,0.062467049807548816,0.04200076219021831,0.07330000000038694,0,not_applicable,171.92639504609292,0,0,0.9148956255317594,0.22270996367376683,718,0.7775254865616312,1.4859251292059803,0.22094939445953415,running
Pure Pursuit,32.71000000000206,-12.795205185746935,25.117832763729748,7.9887249873048995,0.01999496915948784,0.1835249769329117,-0.02826812722927006,8.0,0.07745827549789647,0.026908452775683767,0.07420000000024629,0,not_applicable,172.72621195725486,0,0,0.9255418484867348,0.22093516148635306,715,0.7644578313253012,1.4967080142853026,0.2239412608755995,running
Pure Pursuit,32.81000000000204,-11.996492827581417,25.141846660629493,7.9930731002722775,-0.026079787043867153,0.1127501269510045,-0.03441867092707954,8.0,0.10045007136213684,0.01069986002307477,0.07379999999912457,0,not_applicable,173.52603095615797,0,0,0.8678793675915366,0.22663772046984013,729,0.8254402224281745,1.438901725687585,0.21092842571338707,running
Pure Pursuit,32.91000000000202,-11.197130696234458,25.13489194759891,7.995744400371382,-0.08760924358682542,0.06926899727722535,-0.025388514878698105,8.0,0.10539691024452912,0.07148162834428406,0.07440000000080715,0,not_applicable,174.32585064075073,0,0,0.8714744198814245,0.24001796235188377,362,-0.7731696014828544,1.5949916358336695,0.22193355627601147,running
Pure Pursuit,33.010000000002,-10.398372958525629,25.09745345103886,7.99738553625562,-0.09323489924374018,0.04255599628618434,0.005853254872390301,8.0,0.08722281164024158,0.08218880469237755,0.07399999999968543,0,not_applicable,175.12567005957678,0,0,0.9185161109976883,0.23236542299725416,373,-0.7252548656163114,1.6109733427096975,0.22062447658991918,running
Pure Pursuit,33.11000000000198,-9.600187221848127,25.04678701386172,7.998393782012596,-0.06026139222011162,0.026144637443801244,0.02227728715769492,8.0,0.06981022748463184,0.054611957737591865,0.1050999999989699,0,not_applicable,175.92548949563079,0,0,0.951252485573791,0.22821947739709558,371,-0.7339666357738648,1.5775731456609903,0.22234991952811328,running
Pure Pursuit,33.21000000000196,-8.801624304420507,25.001158513397478,7.999013206349254,-0.02635557683385903,0.016062179874039018,0.025679383899474547,8.0,0.07689904658482237,0.025672003228942586,0.07499999999893703,0,not_applicable,176.72530898919638,0,0,0.922390674747811,0.22601433624972617,369,-0.742678405931418,1.555817857006478,0.2241197071405647,running
Pure Pursuit,33.31000000000194,-8.002291679428,24.97091235403632,7.999393754946845,0.0029778723982771815,0.00986793650746165,0.027953227522124372,8.0,0.09471413532439148,0.0008733114775711925,0.07100000000015427,0,not_applicable,177.52512853339647,0,0,0.9152356136905525,0.22514313921128307,351,-0.8210843373493977,1.4389811755421307,0.21178185999974475,running
Pure Pursuit,33.41000000000192,-7.202436537205132,24.959889098068498,7.999627548207067,0.029501152369022066,0.006062450531549857,0.02760573554274099,8.0,0.10585372779985806,0.021546435995489333,0.11220000000022878,0,not_applicable,178.32494812125518,0,0,0.8703883819617759,0.2285369294980049,348,-0.8341519925857275,1.4374207449812013,0.20925385860619156,running
Pure Pursuit,33.5100000000019,-6.402540094491186,24.969055431689373,7.999771181080427,0.0549433159862498,0.0037245179293332598,0.02209423613857015,8.0,0.10480611524053939,0.04331629127657166,0.09509999999934848,0,not_applicable,179.12476774588046,0,0,0.9151913657660066,0.22101080321921185,360,-0.7818813716404078,1.4745346127165122,0.21997807798827249,running
Pure Pursuit,33.61000000000188,-5.603121452709251,24.99849253910316,7.999859423155028,0.08010195084323923,0.002288189195729373,0.010015521731538288,8.0,0.09200183093419675,0.06523368083095171,0.11029999999934148,0,not_applicable,179.92458740059647,0,0,0.8843634590920052,0.23383641854426443,706,0.7252548656163116,1.6204796173876084,0.2206244765899192,running
Pure Pursuit,33.71000000000186,-4.804506475796946,25.045235135421407,7.999913635422373,0.0823256734369413,0.001405768449718181,-0.009265066130939342,8.0,0.07611160438068897,0.0646476442783408,0.07510000000010564,0,not_applicable,180.72440707912122,0,0,0.9074588849954708,0.22356185487564148,717,0.7731696014828544,1.501937885414445,0.22193355627601147,running
Pure Pursuit,33.81000000000184,-4.006176203125033,25.096781721387632,7.999946941188854,0.05250512289020115,0.0008636457762722927,-0.022948269978834042,8.0,0.0740675987927861,0.03244812331371438,0.07030000000085579,0,not_applicable,181.52422677562245,0,0,0.917159329621789,0.23155061735514282,716,0.768813716404078,1.5543064758638427,0.22293077345441878,running
Pure Pursuit,33.91000000000182,-3.207355019518007,25.139939204152196,7.999967402869122,0.020852819099028252,0.0005305881114558986,-0.0213282500399788,8.0,0.08303591014625675,0.001151899825070135,0.06890000000048246,0,not_applicable,182.3240464849256,0,0,0.925397794881498,0.23020519572335232,714,0.7601019462465248,1.5597151607269448,0.22496523842325897,running
Pure Pursuit,34.0100000000018,-2.4078260607358577,25.166785855750586,7.999979973676029,-0.007561256794122784,0.00032597130878109226,-0.014833065035017173,8.0,0.08735007914172327,0.031083157074197842,0.10560000000126024,0,not_applicable,183.12386620256544,0,0,0.9199241464980781,0.22954171565474546,715,0.7644578313253012,1.5493239090695274,0.2239412608755995,running
Pure Pursuit,34.11000000000178,-1.6078835849982802,25.17427385933737,7.999987696657928,-0.03383023341278868,0.0002002632397068993,-0.003026540898440513,8.0,0.0814035921163633,0.05843846934647967,0.07709999999860884,0,not_applicable,183.9236859249382,0,0,0.9193939215513993,0.23690943151901414,358,-0.790593141797961,1.5512517856786525,0.21807316453493358,running
Pure Pursuit,34.21000000000176,-0.8079516617013779,25.164487563604062,7.999992441337393,-0.03633512470306499,0.000123033420722507,0.01576568206672684,8.0,0.07353600846126881,0.06159911745539537,0.06750000000010914,0,not_applicable,184.72350564938736,0,0,0.9666012106591808,0.21912194370736235,355,-0.803660797034291,1.4320034509952435,0.21530714918272373,running
Pure Pursuit,34.31000000000174,-0.008087529381393788,25.14980228723267,7.999995356271485,-0.00653924188367494,7.558662606932387e-05,0.02934590848920861,8.0,0.07911007465945716,0.032047988803683314,0.08629999999953952,0,not_applicable,185.52332537431917,0,0,0.922287488984175,0.2245526711457782,352,-0.8167284522706209,1.4424923078390337,0.2126462795560751,running
Pure Pursuit,34.41000000000172,0.7918773874016636,25.14346196520995,7.99999714708598,0.02513490625404291,4.6437285146083696e-05,0.02817942006884818,8.0,0.09239889619004532,0.00043586261944739135,0.0811000000009443,0,not_applicable,186.32314509926212,0,0,0.9182024943439906,0.2307505988636746,356,-0.7993049119555145,1.5032605588633083,0.21621722807816315,running
Pure Pursuit,34.5100000000017,1.5917972855510973,25.153424822327352,7.9999982472880635,0.05356538974651137,2.8529140196908997e-05,0.022623456117974835,8.0,0.0989472899420983,0.02803244878626554,0.07639999999931035,0,not_applicable,187.12296482420484,0,0,0.9176165522457626,0.22337254775549445,351,-0.8210843373493977,1.4294798893064447,0.21178185999974475,running
Pure Pursuit,34.61000000000168,2.391238991461846,25.182738890910162,7.999998923206549,0.07984144237443269,1.7527119364757482e-05,0.012103501689891117,8.0,0.0931643904351127,0.05444657346441062,0.07459999999959166,0,not_applicable,187.92278454908714,0,0,0.862733338040832,0.233077608291765,716,0.768813716404078,1.5631005819598953,0.22293077345441878,running
Pure Pursuit,34.71000000000166,3.1898750708478794,25.229308058753233,7.999999338462807,0.08234844338212577,1.0767934508493227e-05,-0.005231452285619127,8.0,0.08013394976051996,0.05719170441986021,0.07249999999991985,0,not_applicable,188.72260427379,0,0,0.9270777172544526,0.23478433221702247,710,0.742678405931418,1.6077691336415616,0.2241197071405647,running
Pure Pursuit,34.810000000001644,3.9882177193939783,25.280768499504756,7.9999995935790125,0.052552791141461164,6.6153719302519676e-06,-0.01739919867540185,8.0,0.0745922792844725,0.027734053283495985,0.09110000000056573,0,not_applicable,189.5224239981435,0,0,0.9650245928466125,0.22841706965793926,714,0.7601019462465248,1.5493561232246873,0.22496523842325897,running
Pure Pursuit,34.910000000001624,4.787044648381931,25.323897870769073,7.999999750311818,0.02087843019522806,4.064209875309643e-06,-0.014969041037170632,8.0,0.07867799766668827,0.0035020758185981826,0.08020000000108496,0,not_applicable,190.3222437219302,0,0,0.9125015720148435,0.2282609698442582,722,0.7949490268767376,1.4959869903556082,0.21713917065507293,running
Pure Pursuit,35.010000000001604,5.586576364227231,25.350739392213047,7.999999846601947,-0.007552241725332198,2.4968818213011446e-06,-0.008342665424807678,8.0,0.08122883818532353,0.03139485378531903,0.07519999999949789,0,not_applicable,191.12206344489977,0,0,0.9177094205033371,0.2417544226280686,735,0.8515755329008341,1.4801694197290058,0.20602954162158948,running
Pure Pursuit,35.110000000001584,6.386502192992146,25.36111286814032,7.999999905758603,-0.01092355326017147,1.5339805337077905e-06,0.0030177544049820784,8.0,0.07816349226452175,0.03412810846221914,0.0753000000006665,0,not_applicable,191.92188316676314,0,0,0.9650797655938489,0.23212773356250893,363,-0.7688137164040778,1.5576391768429838,0.22293077345441883,running
Pure Pursuit,35.210000000001564,7.186482389112515,25.366674762454533,7.999999942101998,0.01863308429739119,9.424139690850097e-07,0.007851006981537137,8.0,0.07524686355278405,0.0038332625149504196,0.07599999999996498,0,not_applicable,192.7217028872094,0,0,0.9273930172076554,0.23144765955385233,724,0.8036607970342913,1.5004451706933688,0.2153071491827237,running
Pure Pursuit,35.310000000001544,7.986405865912088,25.377647827571533,7.999999964429871,0.027370394416615706,5.789800194833106e-07,-0.0026924912324994667,8.0,0.07443819556897283,0.005742002193081408,0.08150000000028967,0,not_applicable,193.52152260591734,0,0,0.9225474976857448,0.2394761562864074,716,0.768813716404078,1.5998917988210157,0.22293077345441878,running
Pure Pursuit,35.410000000001524,8.786316501990802,25.389536974834648,7.999999978147189,0.0008436780890082041,3.5570129064410594e-07,-0.004953413810045014,8.0,0.07417575172873145,0.01984703100062024,0.07279999999987297,0,not_applicable,194.3213423225522,0,0,0.9456822887482245,0.2265319805337888,356,-0.7993049119555145,1.4797313603652544,0.21621722807816315,running
Pure Pursuit,35.510000000001504,9.58629570340776,25.39510805378153,7.999999986574539,-0.006779698199104178,2.1852811116218618e-07,0.010355171803975828,8.0,0.0749779396152057,0.026432750113012382,0.07360000000034006,0,not_applicable,195.1211620367672,0,0,0.9266388473773567,0.22708639002652758,367,-0.7513901760889712,1.5534650693652512,0.22593517874601313,running
Pure Pursuit,35.610000000001484,10.38628136953759,25.3997184496487,7.999999991751954,0.020023147117910423,1.3425460743121675e-07,0.01808244619529502,8.0,0.07727145116157955,0.001479219647798402,0.06630000000029668,0,not_applicable,195.92098174823414,0,0,0.916784914554397,0.2370340871907455,350,-0.8254402224281743,1.4970441594232446,0.21092842571338713,running
Pure Pursuit,35.710000000001465,11.186150606787423,25.413619349861847,7.999999994932744,0.050574020371559225,8.248045801906301e-08,0.008624451635165916,8.0,0.0773682631938304,0.03141440393795003,0.07150000000066825,0,not_applicable,196.72080146038886,0,0,0.9264940755137268,0.23614829478576801,366,-0.755746061167748,1.600877332265587,0.22600293112750477,running
Pure Pursuit,35.810000000001445,11.98209962347534,25.440960014564478,7.946000243141385,0.05752407072043475,-0.6145251622813142,-0.004667605975791609,7.938547478704613,0.07837628104481897,0.03253239890745396,0.06830000000057623,0,not_applicable,197.52062084089061,0,0,0.9636130231912164,0.23104931333715403,715,0.7644578313253012,1.5580342708722528,0.2239412608755995,running
Pure Pursuit,35.910000000001425,12.751569941878127,25.471750423967812,7.575844797957122,0.031319180402348046,-4.212423714465432,-0.007566693967961841,7.524757871694842,0.09286763718921703,0.0016524493431888665,0.07289999999926522,0,not_applicable,198.12048426409115,0,0,0.9197758738043798,0.23146158279466045,369,-0.742678405931418,1.578980014275332,0.2241197071405647,running
Pure Pursuit,36.010000000001405,13.486782847416615,25.496909881977533,7.244548281816545,0.018161783003739718,-3.770203354473516,0.007785916770104423,7.19882446250977,0.02991760447551255,0.028328508690663057,0.07130000000010739,0,not_applicable,198.92030179546796,0,0,0.9451481051638311,0.24324177323285529,348,-0.8341519925857275,1.4472324966225418,0.20925385860619156,running
Pure Pursuit,36.110000000001385,14.181544416450173,25.519257710126812,6.801126129669053,0.041060642663857116,-5.04775778904115,0.011007102404198584,6.73977250291243,0.07833943380060528,0.005150512328757184,0.11019999999994923,0,not_applicable,199.7201169776935,0,0,0.921093140942671,0.25327216081305404,715,0.7644578313253012,1.5482529322017378,0.2239412608755995,running
Pure Pursuit,36.210000000001365,14.829403446202928,25.544150705174896,6.315812656331809,0.05369617677356908,-5.540458569968454,-0.014129602155650768,6.247080272672208,0.02861456642776235,0.053349102554562045,0.0771000000003852,0,not_applicable,200.31996778114208,0,0,0.9205417061252743,0.254521700107918,700,0.6991195551436515,1.5406509441042457,0.2157016455530536,running
Pure Pursuit,36.310000000001345,15.433490419283231,25.566224292841973,5.906845660449292,0.013368376001775761,-4.654104901878773,-0.058028230070186544,5.850402166143931,0.0370605358635601,0.07282486369414087,0.12760000000078264,0,not_applicable,200.91975274082534,0,0,0.9148610823212937,0.2509940484563421,715,0.7644578313253012,1.3680942582512245,0.2239412608755995,running
Pure Pursuit,36.410000000001325,15.996007361433664,25.56457601606565,5.483299084091503,-0.1025133029255012,-4.820022684097065,-0.09562735074302887,5.424843392039586,0.1037989003463909,0.04006433150382671,0.08090000000038344,0,not_applicable,201.51954118329112,0,0,0.8736293352539478,0.2658609081119456,721,0.7905931417979613,1.3227295248959514,0.21807316453493353,running
Pure Pursuit,36.510000000001305,16.511006374138407,25.51088898135662,5.026614114263242,-0.28991315372883575,-5.2037471549294345,-0.09817886889101646,4.96292436859856,0.12091535087324776,0.08444823273596436,0.07669999999926347,0,not_applicable,201.9193547974263,0,0,0.8288895158886769,0.304041379371544,704,0.7165430954587584,1.4761075332638638,0.21894209497805303,running
Pure Pursuit,36.610000000001286,16.985871102348057,25.382728262168875,4.871111592890359,-0.44170344838090037,-1.769641693003381,-0.05630777536977827,4.849649944962904,0.1314116849208986,0.13846590847357998,0.07429999999963854,0,not_applicable,202.51900881799585,0,0,0.816071438767549,0.36639686679544564,735,0.8515755329008341,1.4193625282991387,0.20602954162158948,running
Pure Pursuit,36.710000000001266,17.432201302423277,25.19666522534192,4.820476472099409,-0.4944822092221206,-0.5762351638470253,-0.022131387145607574,4.8134880765056565,0.0764951932655604,0.12289834304228542,0.07640000000108671,0,not_applicable,202.9188008458979,0,0,0.8540924250399969,0.36673460301195393,706,0.7252548656163116,1.557445753887944,0.2206244765899192,running
Pure Pursuit,36.810000000001246,17.85535297744164,24.983196932918755,4.698958630662443,-0.5171911172225667,-1.382891008789322,-0.027821607353365606,4.6821873712204765,0.08589183267371939,0.07391824995548779,0.07200000000118223,0,not_applicable,203.31858133724342,0,0,0.8851230410409363,0.3486185286071339,711,0.7470342910101948,1.4580220202139798,0.22502164647011186,running
Pure Pursuit,36.910000000001226,18.25618710720713,24.757937295341318,4.547037503015142,-0.5550049056650113,-1.728884902696084,-0.052874234309116315,4.526070140392835,0.08776999332737095,0.0038620522601506835,0.07740000000033831,0,not_applicable,203.9183030169847,0,0,0.9057780516028262,0.3446945621312665,710,0.742678405931418,1.4172917821266118,0.2241197071405647,running
Pure Pursuit,37.010000000001206,18.62027512432519,24.52441392721509,4.214074502900583,-0.6445851638853877,-3.7891681885806605,-0.07836787181130025,4.168120684157076,0.0697937392434083,0.004229803094925266,0.0716000000000605,0,not_applicable,204.31805494153332,0,0,0.8820680937409763,0.35688246640796334,702,0.7078313253012047,1.4502303744414842,0.21730154451353453,running
Pure Pursuit,37.110000000001186,18.946398674198466,24.271362925287555,4.0863523506670605,-0.7447711454432171,-1.453496983309881,-0.08006914557863662,4.0687248045695945,0.06857219595385244,0.02285024192668139,0.07199999999940587,0,not_applicable,204.71780527532937,0,0,0.8834219627888238,0.402087186568551,720,0.7862372567191844,1.4161532917919168,0.21901940157552577,running
Pure Pursuit,37.210000000001166,19.24169770175309,23.992215320477428,4.054258170054435,-0.834803778404829,-0.3652365222985132,-0.07197612813337553,4.049828698437209,0.06629909820777194,0.03356871741682621,0.07180000000062137,0,not_applicable,205.1175673869132,0,0,0.8821715815433209,0.4133385460290711,720,0.7862372567191844,1.4123533658636496,0.21901940157552577,running
Pure Pursuit,37.310000000001146,19.508277424434528,23.68885070266752,4.0325428802914445,-0.9222301995325819,-0.24712320932784415,-0.06476623597633575,4.029545849121651,0.06060935453416276,0.043660076137759685,0.07329999999861059,0,not_applicable,205.51734058109386,0,0,0.8824414493473061,0.41927922831278785,714,0.7601019462465248,1.4569701073541157,0.22496523842325897,running
Pure Pursuit,37.410000000001126,19.747331725536764,23.366346885806887,4.006456000869075,-0.9917782781131579,-0.29687254623659065,-0.0556591717208462,4.002855625667785,0.054461058619054446,0.037363896998952484,0.06789999999945451,0,not_applicable,205.91712330828767,0,0,0.9160907445743229,0.4230545722530353,719,0.781881371640408,1.4305270242720405,0.21997807798827246,running
Pure Pursuit,37.51000000000111,19.963290875293136,23.031710276020416,3.971486198388244,-1.0444354537177314,-0.397961524480861,-0.05390188453929714,3.9666598484209885,0.053930290499151295,0.015108375217744996,0.07109999999954653,0,not_applicable,206.3169140491268,0,0,0.9008818639309264,0.4240516951904786,706,0.7252548656163116,1.491996241389892,0.2206244765899192,running
Pure Pursuit,37.61000000000109,20.157865499285297,22.68918378876782,3.9236756343674783,-1.0967019161873481,-0.5440912900329931,-0.06010230361464961,3.917077069384945,0.06145552661398695,0.0061356494924229565,0.12110000000120635,0,not_applicable,206.71671157109074,0,0,0.9332156182752901,0.42324216985155766,720,0.7862372567191844,1.4065977538973755,0.21901940157552577,running
Pure Pursuit,37.71000000000107,20.33102404056643,22.33704176063859,3.92598660397617,-1.1646128173878547,0.05992533283170065,-0.06432138360411031,3.9296681676506484,0.07304343478462948,0.0054493262966279765,0.06830000000057623,0,not_applicable,207.11652348305233,0,0,0.9164403212529381,0.4271016137514677,724,0.8036607970342913,1.3784453172407065,0.2153071491827237,running
Pure Pursuit,37.81000000000105,20.48233464134085,21.968121594933876,4.040866715629268,-1.2276486665188115,2.9789352922085355,-0.055796837572610475,4.2238801331970235,0.0780509620948403,0.0030728895930351996,0.09350000000019065,0,not_applicable,207.51636934928777,0,0,0.8932403216948277,0.4306719010670262,717,0.7731696014828544,1.432048793906375,0.22193355627601147,running
Pure Pursuit,37.91000000000103,20.61830006856402,21.57752596598507,4.217509252404854,-1.273555097472355,4.580485510799361,-0.04274187308466849,4.498915266709204,0.07025577085127992,0.008173752157951686,0.10140000000014027,0,not_applicable,207.9162431901504,0,0,0.9021355369399797,0.43008405201162986,716,0.768813716404078,1.4720308922834022,0.22293077345441878,running
Pure Pursuit,38.01000000000101,20.742064852921676,21.162609363694028,4.4259821094757354,-1.3127119589299316,5.405871760216394,-0.032041483761008634,4.7580964284264935,0.05053167374363377,0.019858251556541084,0.08049999999926172,0,not_applicable,208.3161355481244,0,0,0.9204812169012522,0.4317120566280451,732,0.8385078776645041,1.42573675469627,0.20843240730709414,running
Pure Pursuit,38.11000000000099,20.857831389875347,20.722974146872957,4.648844325241847,-1.3349752119643283,5.778999604824584,-0.017059238223503127,5.003882069958194,0.053283160374096424,0.027565191846017356,0.08350000000056923,0,not_applicable,208.7160391388555,0,0,0.9167060485245662,0.4211883927772018,735,0.8515755329008341,1.4341437494871603,0.20602954162158948,running
Pure Pursuit,38.21000000000097,20.971470833676243,20.259547363848927,4.876106600007974,-1.335877176463757,5.8930967349051055,0.0018347586369367019,5.238153998732358,0.094676316484489,0.02939656604524199,0.07910000000066475,0,not_applicable,209.31590261771592,0,0,0.9343912992827176,0.40079507418752064,360,-0.7818813716404078,1.542108643019096,0.21997807798827249,running
Pure Pursuit,38.31000000000095,21.09242355625961,19.772250658291952,5.1441347011648295,-1.3177032506109527,6.950187968573909,0.01056105905812372,5.571125396865365,0.022931833369292536,0.023395623716883307,0.10699999999985721,0,not_applicable,209.7158097269653,0,0,0.9360297230327833,0.37797919770226424,366,-0.755746061167748,1.5673134046538524,0.22600293112750477,running
Pure Pursuit,38.41000000000093,21.225794553197577,19.261680041154936,5.390300676083855,-1.3002039185735321,6.383285147228763,0.0123566842206206,5.782463215887706,0.05919763550971407,0.021345783026307963,0.07750000000150692,0,not_applicable,210.31567261451818,0,0,0.9249267870507244,0.35473479050756773,351,-0.8210843373493977,1.4552540861344432,0.21178185999974475,running
Pure Pursuit,38.51000000000091,21.373707537048265,18.728301805375768,5.658485462911693,-1.283791304039871,6.954250956225616,0.013639547695251008,6.085725771706417,0.09488588810731471,0.011661113891373809,0.07699999999921658,0,not_applicable,210.71558151764663,0,0,0.9181736753034344,0.3394735553114529,371,-0.7339666357738648,1.5810670052884197,0.22234991952811328,running
Pure Pursuit,38.61000000000089,21.536959853825216,18.173020993356555,5.898078582753384,-1.267155014242808,6.2128456370412355,0.011484525208231722,6.279770026615816,0.07573803010666962,0.0003814296448041432,0.07819999999902905,0,not_applicable,211.3154459214462,0,0,0.9115656043813481,0.3285336401521015,352,-0.8167284522706209,1.4853373322266814,0.2126462795560751,running
Pure Pursuit,38.71000000000087,21.716273195262815,17.59668271114263,6.1533752343735335,-1.2505190103258763,6.6200510649783695,0.00482089308059713,6.560083689251221,0.07949824786066557,0.019864302890790775,0.07740000000033831,0,not_applicable,211.91531069874105,0,0,0.9127145936329981,0.31984542194192955,731,0.8341519925857277,1.4765981545762263,0.20925385860619153,running
Pure Pursuit,38.81000000000085,21.910920155220538,16.99813195063127,6.413885951500628,-1.2489620162065083,6.755256049818783,-0.006692867722202973,6.828900839355412,0.09386617037492342,0.03104627708962404,0.0745000000001994,0,not_applicable,212.71512998445212,0,0,0.9298199259627945,0.2989622176132096,721,0.7905931417979613,1.5121104675744463,0.21807316453493353,running
Pure Pursuit,38.91000000000083,22.113276612046544,16.372894352492516,6.706117643383315,-1.2707451899197149,7.577806879922786,-0.015222233246384416,7.171666639492907,0.03724843793560585,0.015282401700919213,0.07480000000015252,0,not_applicable,213.3149945103375,0,0,0.9439996142952363,0.2898022018185541,711,0.7470342910101948,1.5888059549985023,0.22502164647011186,running
Pure Pursuit,39.01000000000081,22.316602864627676,15.718307007005546,6.980785900576829,-1.2903360754939404,7.122372647703603,-0.01354853637740099,7.418354908153676,0.0531757707127339,0.00029546599621710357,0.07459999999959166,0,not_applicable,213.91485925083717,0,0,0.9012744131126474,0.27658309520694313,721,0.7905931417979613,1.5227828626150777,0.21807316453493353,running
Pure Pursuit,39.11000000000079,22.51455458188245,15.043526976799564,7.076077309772962,-1.3109232558712365,2.4709842096587753,-0.008396924384753254,7.227884321542707,0.05385316742008678,0.01828588186651192,0.07690000000160069,0,not_applicable,214.71467894395568,0,0,0.9251727674205624,0.26650478925363547,352,-0.8167284522706209,1.4863026647861168,0.2126462795560751,running
Pure Pursuit,39.21000000000077,22.695991542640392,14.377987174639648,6.807824455210446,-1.3431379995461623,-3.0527571611696125,-0.0007761159438051508,6.770801593656,0.04549751041757076,0.05059188187986052,0.07959999999940237,0,not_applicable,215.31454373641182,0,0,0.9341488299269127,0.2510379796001336,361,-0.7775254865616312,1.4868782096192117,0.22094939445953415,running
Pure Pursuit,39.31000000000075,22.853924160163075,13.739815896872292,6.455280636251869,-1.3660965497840452,-4.012000803149212,0.02001163463755795,6.406624374895525,0.09964540118311568,0.07566677777127584,0.08240000000014902,0,not_applicable,215.91440852697957,0,0,0.9366024344026642,0.25134227548310206,361,-0.7775254865616312,1.4403633935086368,0.22094939445953415,running
Pure Pursuit,39.41000000000073,22.99710237872564,13.136346241150802,6.073192118185391,-1.3269378551927926,-4.348223848839963,0.043985385138303405,6.020458251367873,0.08961526830970154,0.04207865865704541,0.1765000000002459,0,not_applicable,216.71422823076975,0,0,0.8843913265236978,0.2637979919638727,358,-0.790593141797961,1.4159266560888266,0.21807316453493358,running
Pure Pursuit,39.51000000000071,23.14420011764586,12.582715393363008,5.5408949041881685,-1.2303499187756892,-6.099183811169295,0.03995338654425532,5.463273737068461,0.10626125388729708,0.050476050562686225,0.12030000000073926,0,not_applicable,217.11413804316675,0,0,0.9035096344411752,0.311627219231729,712,0.7513901760889712,1.6089142891868053,0.22593517874601313,running
Pure Pursuit,39.61000000000069,23.311431365397134,12.077708715102622,5.208107550180408,-1.1669415852016338,-3.78716930990616,-0.002055191350699749,5.162177973197553,0.04677698181234713,0.10725101766064071,0.07899999999949614,0,not_applicable,217.71400275078076,0,0,0.9239443039674942,0.31718236057759785,717,0.7731696014828544,1.4797588349871733,0.22193355627601147,running
Pure Pursuit,39.71000000000067,23.4839367742386,11.619042617265894,4.7400090398762655,-1.1877658736174337,-5.337986423252792,-0.04040245988617734,4.674308907855129,0.08835407589030048,0.08904867902710034,0.06880000000109021,0,not_applicable,218.31386732755465,0,0,0.9308750782700749,0.32223631375191625,711,0.7470342910101948,1.456359413090779,0.22502164647011186,running
Pure Pursuit,39.81000000000065,23.635672712375023,11.206540425693493,4.206981392801217,-1.2550452113540653,-6.108145479852807,-0.053417228641137814,4.129194491890985,0.051719188183986284,0.030269426941146538,0.09460000000061086,0,not_applicable,218.71377621157197,0,0,0.9273736310851296,0.3555627327163936,703,0.7121872103799816,1.493831566872641,0.21811666573475305,running
Pure Pursuit,39.91000000000063,23.7528071191591,10.83204379396903,3.780544542095666,-1.3280528486785914,-4.852914433663957,-0.06062378179114872,3.7216899494348215,0.06226837673445714,0.01636494220320195,0.06939999999922009,0,not_applicable,219.1136755036887,0,0,0.9236187203633752,0.4027226299212604,706,0.7252548656163116,1.4884806987255303,0.2206244765899192,running
Pure Pursuit,40.01000000000061,23.831569865924447,10.493074187257125,3.3268668000525423,-1.4110374707291542,-5.168377931995347,-0.08945987070733946,3.2637067488961313,0.09228487533749738,0.07762064940369173,0.06849999999936074,0,not_applicable,219.31363043492567,0,0,0.915851958119597,0.44084270143195925,684,0.629425393883225,1.5514823927521577,0.2042391938838802,running
Pure Pursuit,40.11000000000059,23.868980351151084,10.181381172628129,3.0472667708435837,-1.5271187034017797,-3.181889686963104,-0.13295392777314682,3.008677831356232,0.006147333288262661,0.07311945286133215,0.11010000000055697,0,not_applicable,219.71346947232234,0,0,0.9269497505844598,0.4772935182279363,686,0.6381371640407787,1.4809567251512468,0.2055510376980303,running
Pure Pursuit,40.21000000000057,23.863304022745258,9.911622244519364,2.5106249951890667,-1.6718173523786617,-6.152487150420614,-0.15676062011551162,2.4320180558015223,0.07636419529415223,0.11519742456771453,0.0764999999987026,0,not_applicable,219.9130537450125,0,0,0.9157584794241178,0.516147962563701,689,0.6512048192771083,1.4585456407388675,0.2075805028346246,running
Pure Pursuit,40.31000000000055,23.82477751580878,9.689237169149655,2.1304575727545103,-1.785668103661537,-4.326361496406825,-0.15157535572606748,2.077988845548384,0.10246902823556757,0.020794778661691993,0.07390000000029318,0,not_applicable,220.31188089469086,0,0,0.9317960474520799,0.6306748397679998,692,0.6642724745134383,1.4563917081996043,0.20968660597172056,running
Pure Pursuit,40.41000000000053,23.766195035967566,9.496171733623905,1.9614027203721769,-1.8762171159448173,-1.9238692243640942,-0.14253078629125518,1.9380706503181009,0.09665942182901754,0.06352837981482118,0.0695000000003887,0,not_applicable,220.51183582592776,0,0,0.9214347722196186,0.7554960986925865,681,0.6163577386468955,1.515708656371453,0.2023310757067991,running
Pure Pursuit,40.51000000000051,23.689758955041928,9.309629215870494,2.063509236454724,-1.959330438711444,2.6477055074706946,-0.1369857672863917,2.2261732711192463,0.09375757306935807,0.08445830668080312,0.0716000000000605,0,not_applicable,220.71095228802716,0,0,0.9174963114495016,0.8189907910680956,674,0.5858665430954586,1.5366253559023542,0.1981437927018734,running
Pure Pursuit,40.61000000000049,23.593817356215485,9.121793275516138,2.149252302869389,-2.0458191838708886,2.2233878687036768,-0.12867351930643103,2.2858480233250917,0.075988522467636,0.092871852069627,0.07770000000029142,0,not_applicable,220.91090721926412,0,0,0.9372186618381677,0.7836986146750392,705,0.7208989805375348,1.4346160414228541,0.2197779812188762,running
Pure Pursuit,40.71000000000047,23.477156497327247,8.931844757142272,2.297906573448914,-2.125389394434404,3.854726867815672,-0.11865786116037251,2.534724989650956,0.05273620200073469,0.0858249416523309,0.07330000000038694,0,not_applicable,221.1104600735959,0,0,0.9302594893705106,0.7541763315565573,694,0.6729842446709915,1.4786337431691816,0.2111347683074644,running
Pure Pursuit,40.81000000000045,23.339002295815277,8.737227902026836,2.463168494811829,-2.1988814725023027,4.285376841317672,-0.1085812992333923,2.726444257580681,0.02090225265390882,0.07628465981803645,0.07330000000038694,0,not_applicable,221.3104150048328,0,0,0.9149011057327532,0.6862200988967501,706,0.7252548656163116,1.4006439719153043,0.2206244765899192,running
Pure Pursuit,40.91000000000043,23.177807035029286,8.538116940678227,2.6463740555499813,-2.263248670945592,4.750670092136997,-0.09552885438811132,2.9382355040255286,0.06043057241505326,0.06223271656339335,0.09209999999981733,0,not_applicable,221.5102055748499,0,0,0.9276185892656039,0.6565562442156911,700,0.6991195551436515,1.4535278493910908,0.2157016455530536,running
Pure Pursuit,41.01000000000041,22.99378072963684,8.334046240730625,2.8350389017449396,-2.3215952126666157,4.892233830920869,-0.0910425257939354,3.135597438642068,0.06664238717672122,0.08752604295445732,0.08259999999893353,0,not_applicable,221.91003602783044,0,0,0.9287959388460814,0.6146424019594577,696,0.6816960148285451,1.475662195141973,0.21261932153731197,running
Pure Pursuit,41.11000000000039,22.782714537610275,8.124731744818886,3.090425823702114,-2.3819228791250056,6.622391848678295,-0.08883415366894898,3.497278086612769,0.04309141911339685,0.06320161918761524,0.07279999999987297,0,not_applicable,222.10999095906735,0,0,0.9005738531472287,0.5764923951883923,708,0.7339666357738648,1.4359139673632835,0.22234991952811328,running
Pure Pursuit,41.21000000000037,22.542166377798686,7.912246084353749,3.311924381623912,-2.446134214136809,5.7436388411513395,-0.07389656970665384,3.6647897078172478,0.07022758706980692,0.05151757454791417,0.07510000000010564,0,not_applicable,222.50985456033533,0,0,0.8875131877760482,0.5300150259589926,715,0.7644578313253012,1.4061602912622928,0.2239412608755995,running
Pure Pursuit,41.31000000000035,22.270164493505476,7.699981781589152,3.5690516062925424,-2.5126570269878465,6.667519321934368,-0.06469420285415886,3.9786763138173487,0.10860258018640469,0.0006146914127551639,0.07780000000146003,0,not_applicable,222.70979150725776,0,0,0.8875146955787516,0.5136763178058347,717,0.7731696014828544,1.4395242915722766,0.22193355627601147,running
Pure Pursuit,41.41000000000033,21.96687466597789,7.490715581724136,3.784096220865184,-2.570449804536182,5.576282809371227,-0.03969186863283312,4.126679887229665,0.08109688263720147,0.03540132634535542,0.07560000000061962,0,not_applicable,223.1096964613802,0,0,0.8785236492490371,0.5110831067693441,727,0.8167284522706209,1.4614301898038948,0.2126462795560751,running
Pure Pursuit,41.51000000000031,21.636042420688575,7.281588698767256,4.0246317297966465,-2.597910942426934,6.237282557219244,-0.015664966759881896,4.407824476587108,0.06547833182611541,0.048150521439699556,0.07800000000024454,0,not_applicable,223.50960209800252,0,0,0.8749584587948128,0.4826242061659336,735,0.8515755329008341,1.4091911859694302,0.20602954162158948,running
Pure Pursuit,41.61000000000029,21.279801721699005,7.066879085890878,4.27431544144832,-2.6117465554093777,6.474502938983919,-0.004158736589438105,4.672082023695038,0.07031082769927097,0.04786835259997613,0.15639999999983445,0,not_applicable,223.9095076005703,0,0,0.9172958314862211,0.4632093450314836,358,-0.790593141797961,1.5294289890776414,0.21807316453493358,running
Pure Pursuit,41.71000000000027,20.899567652662764,6.843640277135875,4.524156070607996,-2.6131625446065643,6.47857193835927,0.0014482995819597782,4.922172635284247,0.09418662829787486,0.02800649333912908,0.08550000000084879,0,not_applicable,224.50936791156983,0,0,0.9349446459685632,0.4367951993825905,724,0.8036607970342913,1.511147274140885,0.2153071491827237,running
Pure Pursuit,41.81000000000025,20.497115019199715,6.604672083535121,4.813760922317126,-2.596633067222514,7.5096907648929,0.0004917765854297053,5.275125147097286,0.02579202089404239,0.002943472486256482,0.06750000000010914,0,not_applicable,224.9092731466464,0,0,0.9305098332362804,0.40426686122014094,723,0.7993049119555145,1.4913820338814459,0.21621722807816315,running
Pure Pursuit,41.91000000000023,20.073154838069776,6.347962998076843,5.077574845307214,-2.5939324805613047,6.840910880590689,-0.013947681249210316,5.497852010376195,0.07022461700531173,0.0203929313310387,0.08369999999935374,0,not_applicable,225.30917818631985,0,0,0.9046627735374013,0.37569259573141134,722,0.7949490268767376,1.4836660093113607,0.21713917065507293,running
Pure Pursuit,42.01000000000021,19.626376383255103,6.080018020572653,5.322197139210365,-2.611986270757466,6.343256235418648,-0.02531623075033174,5.711900468849079,0.021927282552366482,0.024296078166159862,0.10360000000098069,0,not_applicable,225.90903340261997,0,0,0.9348594813243346,0.34260646011518364,718,0.7775254865616312,1.4606852635003953,0.22094939445953415,running
Pure Pursuit,42.11000000000019,19.15405239327746,5.804675520456391,5.590803598350821,-2.6294874790507543,6.9651852643119305,-0.03148918498602413,6.018715665641558,0.07330462873049902,0.02484853181616975,0.10160000000070113,0,not_applicable,226.50889501850216,0,0,0.9072934770759566,0.3246614393119322,729,0.8254402224281745,1.382856414931454,0.21092842571338707,running
Pure Pursuit,42.21000000000017,18.65263220160001,5.52518579371754,5.868400282256575,-2.6637077708048205,7.198309148445192,-0.0337690917200784,6.31063451319534,0.10379099447792586,0.0027301060729016946,0.06609999999973581,0,not_applicable,227.10875674184624,0,0,0.8883861815252992,0.322790840654457,714,0.7601019462465248,1.5329211803670175,0.22496523842325897,running
Pure Pursuit,42.31000000000015,18.118343954006956,5.248150866948033,6.146538005042511,-2.698239774951543,7.2123387292964125,-0.024701311819247205,6.589634155186216,0.10431563888772279,0.025413569641434375,0.09020000000070638,0,not_applicable,227.7086211284992,0,0,0.8873469849322037,0.31502902746483036,748,0.9082020389249306,1.3338652315811486,0.19660096634514493,running
Pure Pursuit,42.41000000000013,17.55339356689915,4.972656683905008,6.4039377871198155,-2.7121504033858934,6.674586958552862,-0.012103836921308491,6.813996700897797,0.07589272806639756,0.036194020222336754,0.07460000000136802,0,not_applicable,228.30848568664538,0,0,0.9363300462550014,0.29629390131540173,723,0.7993049119555145,1.4859545362126871,0.21621722807816315,running
Pure Pursuit,42.51000000000011,16.97167616526554,4.702494477641145,6.4225721053128195,-2.7315171325973653,0.48320311769027846,-0.014728202140168074,6.452258098888843,0.036917675281847105,0.03208000664231214,0.07290000000104158,0,not_applicable,228.90834439937487,0,0,0.922952214707143,0.27945690696830056,727,0.8167284522706209,1.4378403686605659,0.2126462795560751,running
Pure Pursuit,42.61000000000009,16.402683039366412,4.452061019663558,6.111880373394156,-2.7633205868044404,-3.535717862453742,-0.028305429248803127,6.069000319067445,0.029773547808613205,0.005946270184474134,0.07239999999875124,0,not_applicable,229.50813176109745,0,0,0.9186377068882021,0.2658340593935793,706,0.7252548656163116,1.4982776934559314,0.2206244765899192,running
Pure Pursuit,42.71000000000007,15.859966230930306,4.234152547682133,5.714714575079242,-2.8274139671960765,-4.5198055280897,-0.0448164451467382,5.659899820585186,0.05162077596673831,0.002176512237510586,0.07420000000024629,0,not_applicable,230.10794074516804,0,0,0.905681345307162,0.2789377130323249,712,0.7513901760889712,1.4717264893912059,0.22593517874601313,running
Pure Pursuit,42.81000000000005,15.316792475061481,4.051932832669686,5.743452539194689,-2.897662663890999,0.7451989234501966,-0.03814578706402033,5.7892344674242615,0.07921852093544487,0.03519940795757037,0.0761000000011336,0,not_applicable,230.70777202428525,0,0,0.8797826716137233,0.3135056088372645,736,0.8559314179796109,1.3796667578485124,0.20524858980469113,running
Pure Pursuit,42.91000000000003,14.755397565559651,3.900160283428149,5.877922596451429,-2.9351879319024943,3.4869186105687255,-0.014193976451543473,6.092144400251562,0.08804849846104755,0.0613655278428098,0.07139999999949964,0,not_applicable,231.30763588654548,0,0,0.8822181918677181,0.3269922787096084,716,0.768813716404078,1.572763394684852,0.22293077345441878,running
Pure Pursuit,43.01000000000001,14.172725763735253,3.764507183378428,6.071816674179414,-2.9317444911849386,5.02783208322672,0.004982464198151682,6.3807058047741005,0.07707259795374652,0.05228942238606171,0.0696999999991732,0,not_applicable,231.90749997319105,0,0,0.9208535345519278,0.31569092143107014,371,-0.7339666357738648,1.600181237951752,0.22234991952811328,running
Pure Pursuit,43.10999999999999,13.568817583413523,3.627011030371619,6.2973990836574405,-2.906429584377056,5.849536453487669,0.01035365085109795,6.656770319528181,0.05059491026544538,0.023522290178360716,0.06939999999922009,0,not_applicable,232.50736463441794,0,0,0.9133638028237305,0.3100634170728731,359,-0.7862372567191844,1.5491352311439655,0.21901940157552577,running
Pure Pursuit,43.20999999999997,12.943802639039733,3.477115622104923,6.538206918904853,-2.885673623204672,6.244344201414291,0.005730675418682588,6.92183350379887,0.005740153564949651,0.0014355948205500013,0.06830000000057623,0,not_applicable,233.10722937701416,0,0,0.9368174867066916,0.2995399402620472,711,0.7470342910101948,1.609030061298444,0.22502164647011186,running
Pure Pursuit,43.30999999999995,12.297672638287606,3.311092314744523,6.784596070553073,-2.8682788246101127,6.389072302424106,0.0011415504189431537,7.177114149147264,0.06162477746473882,0.015273398988929987,0.06720000000015602,0,not_applicable,233.70709416518994,0,0,0.9376240215201765,0.2856097340839704,717,0.7731696014828544,1.5584153425201714,0.22193355627601147,running
Pure Pursuit,43.40999999999993,11.630081846050109,3.1298105959025335,7.031030806375573,-2.8670557263307,6.3902543373610055,-0.005307738310701278,7.423621504289174,0.046569279198889826,0.014716258639926316,0.09030000000009863,0,not_applicable,234.50691385165774,0,0,0.9290908072202233,0.27832495700577586,713,0.755746061167748,1.600248586351777,0.22600293112750477,running
Pure Pursuit,43.50999999999991,10.937229633073665,2.94195221567289,7.304475488996012,-2.890864184915542,7.090644357872318,-0.007397436628534691,7.740095242162805,0.07151686267605063,0.010226295129279972,0.07379999999912457,0,not_applicable,235.10677861919478,0,0,0.9270032474568856,0.2609633615194579,349,-0.8297961075069509,1.4486518617891686,0.21008581223244965,running
Pure Pursuit,43.60999999999989,10.217129059404726,2.753743589051811,7.560823622016047,-2.8961824378757104,6.6473168380190195,0.004321402134397652,7.969207172797914,0.01592041938169264,0.01676829151621506,0.06890000000048246,0,not_applicable,235.90659832849354,0,0,0.914571809393146,0.2477134198592583,365,-0.7601019462465246,1.536368463695656,0.22496523842325905,running
Pure Pursuit,43.70999999999987,9.476787129133216,2.5601812011729344,7.7301882653842995,-2.8712155384571125,4.391763779839533,0.00870655306159253,8.0,0.01975141632591802,0.00730402471840641,0.07560000000061962,0,not_applicable,236.7064180454728,0,0,0.931994018442458,0.24759142072666684,352,-0.8167284522706209,1.4942319405150897,0.2126462795560751,running
Pure Pursuit,43.80999999999985,8.725324200530338,2.3562755791844885,7.834238871246867,-2.862606256244589,2.698117346157005,-0.0009362338732050412,8.0,0.04022890060715841,0.015348133621677196,0.07330000000038694,0,not_applicable,237.50623776742665,0,0,0.929586957807796,0.24069734219615377,725,0.8080166821130677,1.4999844612032371,0.2144087504700342,running
Pure Pursuit,43.90999999999983,7.966221121532681,2.1490682258597364,7.898163243920251,-2.888481528837318,1.6576112875313331,-0.005920441597764128,8.0,0.052940692542699126,0.01076239289597769,0.06819999999940762,0,not_applicable,238.3060574918792,0,0,0.9297284751288952,0.2373395938338197,354,-0.8080166821130677,1.4991134023219879,0.2144087504700342,running
Pure Pursuit,44.00999999999981,7.2004715455139054,1.9471057768656665,7.937435724727168,-2.8995970064515864,1.0183675607974862,0.0068697424241906295,8.0,0.06123889749707348,0.02179145490405565,0.09320000000023754,0,not_applicable,239.10587721668622,0,0,0.9268485868247642,0.23109344747286067,367,-0.7513901760889712,1.5596929209092643,0.22593517874601313,running
Pure Pursuit,44.10999999999979,6.431254391379284,1.7461010950225442,7.961563106572745,-2.8739020169449403,0.6256427527283215,0.014518980980931438,8.0,0.06705507768591648,0.004107819102378674,0.13280000000115422,0,not_applicable,239.90569694129076,0,0,0.9213027749250562,0.23559234664858647,349,-0.8297961075069509,1.4723842134287655,0.21008581223244965,running
Pure Pursuit,44.20999999999977,5.6623864990045,1.5364153937573055,7.976385968351819,-2.8438347667350743,0.3843689342725476,0.0036012917004700877,8.0,0.06945794920968325,0.03436230952514885,0.07190000000001362,0,not_applicable,240.70551666598172,0,0,0.9329660101132138,0.23357819564223017,733,0.8428637627432809,1.444896161686058,0.20762130414308752,running
Pure Pursuit,44.309999999999754,4.896080253039192,1.3133077904129449,7.985492519270928,-2.8341720832457256,0.2361403164818121,-0.01306221102004406,8.0,0.07039943973017847,0.04419298257904902,0.0838999999999146,0,not_applicable,241.50533639074428,0,0,0.922001494276824,0.2218515957054298,728,0.8210843373493977,1.4176190968565798,0.21178185999974475,running
Pure Pursuit,44.409999999999734,4.130457827986662,1.0853047707331305,7.991087206105249,-2.8616436308094966,0.1450748072907171,-0.02467506947208187,8.0,0.07578200881285914,0.01686990524611387,0.08640000000070813,0,not_applicable,242.30515611556538,0,0,0.926088417160008,0.22829165346678004,708,0.7339666357738648,1.575985737243131,0.22234991952811328,running
Pure Pursuit,44.509999999999714,3.3623069096953913,0.8643928865217457,7.994524349437794,-2.8930380110981364,0.08912793894751303,-0.019026536944230076,8.0,0.08186595793910914,0.014395342847835835,0.07340000000155555,0,not_applicable,243.1049758404318,0,0,0.9118903354743971,0.2284715552015024,724,0.8036607970342913,1.4825066854856492,0.2153071491827237,running
Pure Pursuit,44.609999999999694,2.5897022908844773,0.6585736163265281,7.996635987611356,-2.9215241799245977,0.054756505622055585,-0.00832220789979544,8.0,0.08117000907426263,0.04277171098187571,0.07839999999958991,0,not_applicable,243.90479556533177,0,0,0.898325952244422,0.23512200128522281,358,-0.790593141797961,1.5402909343767484,0.21807316453493358,running
Pure Pursuit,44.709999999999674,1.8127385090486394,0.46913370103070834,7.997933290442407,-2.929716292883399,0.03364012388644255,0.007244950433472194,8.0,0.07489537524978367,0.05087330816179714,0.07330000000038694,0,not_applicable,244.70461529025496,0,0,0.9252582507029129,0.23135830044204253,346,-0.8428637627432809,1.438536006585614,0.20762130414308752,running
Pure Pursuit,44.809999999999654,1.0342458754793704,0.28559333551737115,7.998730299445428,-2.9014115051727614,0.020667095575932493,0.019161655521594677,8.0,0.07351410397147429,0.022497565998167435,0.06949999999861234,0,not_applicable,245.50443501519266,0,0,0.9278840154113488,0.2318911788180951,352,-0.8167284522706209,1.4823574678890743,0.2126462795560751,running
Pure Pursuit,44.909999999999634,0.2573832924155154,0.09504063296069534,7.999219948689762,-2.8695679889162617,0.012697005545723172,0.0146126008306924,8.0,0.07741181414163092,0.009397867033426266,0.08089999999860709,0,not_applicable,246.30425474013785,0,0,0.935209970148473,0.2339694965012165,376,-0.7121872103799816,1.6346882215255294,0.21811666573475305,running
Pure Pursuit,45.009999999999614,-0.5156080704945829,-0.1107705454678033,7.999520768858129,-2.8408597714028976,0.007800513102376172,0.005282279907316784,8.0,0.07795707730481356,0.03813851450942174,0.15900000000002024,0,not_applicable,247.10407446508538,0,0,0.9207695442767807,0.2315857270844388,717,0.7731696014828544,1.547772608728304,0.22193355627601147,running
Pure Pursuit,45.109999999999594,-1.2840712002136916,-0.333008678273575,7.99970558028129,-2.8325819213691865,0.004792311418713169,-0.008835690929586,8.0,0.0741216195934922,0.04642928462809781,0.0801999999993086,0,not_applicable,247.90389419003284,0,0,0.9350054466713457,0.22860286800561624,701,0.7034754402224284,1.61107091636033,0.21649658541768402,running
Pure Pursuit,45.209999999999575,-2.0508185876084277,-0.5611769970670811,7.999819120747398,-2.860892107360066,0.002944197187098041,-0.019295018605968002,8.0,0.07393778956019277,0.018112931332323168,0.11519999999975994,0,not_applicable,248.70371391498037,0,0,0.9260612058180029,0.22870148269362203,720,0.7862372567191844,1.5116167669763652,0.21901940157552577,running
Pure Pursuit,45.309999999999555,-2.8195778041367685,-0.7824755211867068,7.999888875296243,-2.892771124903428,0.0018087925260168447,-0.013289219130081128,8.0,0.07702875387959408,0.013791616191503486,0.071400000001276,0,not_applicable,249.50353363992573,0,0,0.9118203639239832,0.23234435824605396,721,0.7905931417979613,1.5255361093392028,0.21807316453493353,running
Pure Pursuit,45.409999999999535,-3.592537484553346,-0.9886112725313014,7.999931729595255,-2.9215087207708135,0.0011112470375707062,-0.0025018772212819554,8.0,0.07640144366325115,0.04256710581423606,0.08069999999982258,0,not_applicable,250.30335336486706,0,0,0.9256824641868783,0.2297789030208151,367,-0.7513901760889712,1.5691866418972316,0.22593517874601313,running
Pure Pursuit,45.509999999999515,-4.369725346389004,-1.1782330930957385,7.999958057497509,-2.929801093670546,0.0006827040474544077,0.013076366810118265,8.0,0.07326006432927483,0.05089533048598405,0.0716000000000605,0,not_applicable,251.10317308980783,0,0,0.9345611772921933,0.22083430633799644,375,-0.7165430954587582,1.5511457660856371,0.21894209497805295,running
Pure Pursuit,45.609999999999495,-5.148365692628846,-1.361845545571939,7.999974232267674,-2.901491784994826,0.00041942502490677214,0.02499926520488973,8.0,0.07646031560845065,0.022619536359148817,0.07319999999921833,0,not_applicable,251.90299281474853,0,0,0.9364793074135889,0.22174220051385785,363,-0.7688137164040778,1.4979168678579826,0.22293077345441883,running
Pure Pursuit,45.709999999999475,-5.925326545696728,-1.5524111707555048,7.999984169374983,-2.869608383189896,0.00025767732325654435,0.02047199265462561,8.0,0.08323561500187031,0.009233040646547508,0.06810000000001537,0,not_applicable,252.7028125396895,0,0,0.8971471645918823,0.2282658302675185,364,-0.7644578313253012,1.541958023191109,0.2239412608755995,running
Pure Pursuit,45.809999999999455,-6.6983819158890165,-1.7582171006305354,7.999990274321184,-2.840866787952651,0.00015830625017088096,0.011186887134630884,8.0,0.0840874137219645,0.03794642230484335,0.07139999999949964,0,not_applicable,253.50263226463096,0,0,0.8872667214009237,0.23395697598871834,734,0.8472196478220577,1.4459840144323406,0.20682039817249392,running
Pure Pursuit,45.909999999999435,-7.466884803541371,-1.9804515097340962,7.999994024946689,-2.8325723697902223,9.72567881607489e-05,-0.0028600721407656864,8.0,0.0778127995020804,0.046214979859938055,0.07719999999977745,0,not_applicable,254.30245198957297,0,0,0.9108692243632489,0.23329408383372066,699,0.6947636700648747,1.648656337475969,0.21491658495418042,running
Pure Pursuit,46.009999999999415,-8.233655378373804,-2.208621979938453,7.9999963291752945,-2.860881543897751,5.9750533107916226e-05,-0.013241969941609201,8.0,0.07351293124536507,0.017882780986863356,0.06839999999996849,0,not_applicable,255.10227171451578,0,0,0.9249101058844107,0.22944746146730044,717,0.7731696014828544,1.535658054138996,0.22193355627601147,running
Pure Pursuit,46.109999999999395,-9.002427658758105,-2.429925856157658,7.9999977447976915,-2.8927655617532206,3.670824705537257e-05,-0.007158020703163278,8.0,0.07380447684503882,0.014022031040406002,0.07830000000019766,0,not_applicable,255.90209143945918,0,0,0.9430492011605878,0.23228316806170185,359,-0.7862372567191844,1.531907801106862,0.21901940157552577,running
Pure Pursuit,46.209999999999376,-9.774855369222571,-2.638119971394028,7.999998614497324,-2.9033686213421843,2.2552023084543293e-05,0.0037026105805590868,8.0,0.07367272181635057,0.02464334819376557,0.12260000000097193,0,not_applicable,256.7019111644034,0,0,0.9197546442795986,0.22646184342269582,367,-0.7513901760889712,1.549813647488248,0.22593517874601313,running
Pure Pursuit,46.309999999999356,-10.548634811793237,-2.8412573809343016,7.999999148804674,-2.876027532015538,1.3855026761433464e-05,0.009074994133971195,8.0,0.07306264869184952,0.002682207174938611,0.07909999999888839,0,not_applicable,257.5017308893484,0,0,0.9380861148000844,0.23186453249420647,738,0.8646431881371641,1.4073923845522571,0.2037158366078793,running
Pure Pursuit,46.409999999999336,-11.32108744791634,-3.049378027397317,7.999999477060928,-2.8625634972479204,8.511953257794858e-06,-0.003100644135901297,8.0,0.07289811816812604,0.016133227473294376,0.07650000000047896,0,not_applicable,258.30155061429406,0,0,0.9422816730546951,0.22953636844425201,721,0.7905931417979613,1.5097638781733247,0.21807316453493353,running
Pure Pursuit,46.509999999999316,-12.093083595148633,-3.2591897505889063,7.999999678727944,-2.8876401060611276,5.229390716010585e-06,-0.01017681807504237,8.0,0.07286824151154467,0.008953904091861808,0.07139999999949964,0,not_applicable,259.1013703392404,0,0,0.9352888132887601,0.23543958677922772,715,0.7644578313253012,1.5833838929664121,0.2239412608755995,running
Pure Pursuit,46.609999999999296,-12.866668315686104,-3.463061406288265,7.999999802623787,-2.9001265769146327,3.21272056069688e-06,0.0020355990567546157,8.0,0.07245255654984241,0.021448396602075537,0.07100000000015427,0,not_applicable,259.9011900641873,0,0,0.9335187310521316,0.23020849689019549,362,-0.7731696014828544,1.5400163704484444,0.22193355627601147,running
Pure Pursuit,46.709999999999276,-13.640735927134944,-3.6650969903100954,7.999999878740248,-2.874757856932751,1.9737621315130127e-06,0.01022626296576592,8.0,0.07236471593984668,0.003914850072006537,0.07650000000047896,0,not_applicable,260.7010097891345,0,0,0.9296388797971512,0.23052044325069268,717,0.7731696014828544,1.5418024723860866,0.22193355627601147,running
Pure Pursuit,46.809999999999256,-14.413216599314655,-3.873112753355247,7.999999925503044,-2.8622220684878004,1.2125975157317725e-06,-0.00045660358753404966,8.0,0.07218147217444482,0.016447717599072487,0.07510000000010564,0,not_applicable,261.500829514082,0,0,0.942958552788478,0.2349323754973677,709,0.7383225208526416,1.613274458350979,0.2232291878884924,running
Pure Pursuit,46.909999999999236,-15.185191919619172,-4.083001243665006,7.999999954232164,-2.8875984984747793,7.449695615946439e-07,-0.007004626920216602,8.0,0.07192701770822649,0.00892910910802902,0.06710000000076377,0,not_applicable,262.3006492390296,0,0,0.9314150329716495,0.22959925443480972,365,-0.7601019462465246,1.5562106768634436,0.22496523842325905,running
Pure Pursuit,47.009999999999216,-15.958761161035152,-4.28693161412361,7.999999971882143,-2.9001450689959816,4.576783574350429e-07,0.005340751390125194,8.0,0.07197726377393243,0.021473467245439526,0.06630000000029668,0,not_applicable,263.1004689639772,0,0,0.9354913730371567,0.23079802434817792,356,-0.7993049119555145,1.503525820926663,0.21621722807816315,running
Pure Pursuit,47.1099999999992,-16.732822262692864,-4.488992221615892,7.999999982725555,-2.8747740393040915,2.8117857375775657e-07,0.013541474076708818,8.0,0.07256729530576145,0.003902313727989437,0.07390000000029318,0,not_applicable,263.9002886889246,0,0,0.934971170442523,0.2320120029195521,359,-0.7862372567191844,1.5303757448943658,0.21901940157552577,running
Pure Pursuit,47.20999999999918,-17.504739507220815,-4.699062727642075,7.999999989387298,-2.8440901900547497,1.7274444985559967e-07,0.0028400056469792432,8.0,0.07206710296357301,0.034593317217122,0.07409999999907768,0,not_applicable,264.70010841387165,0,0,0.9192140239682376,0.22599754144777456,710,0.742678405931418,1.5559863060579897,0.2241197071405647,running
Pure Pursuit,47.30999999999916,-18.27293537383763,-4.922367023052231,7.999999993479996,-2.8338257947207506,1.0612701828449644e-07,-0.014014878344575807,8.0,0.071677006475211,0.044867569342018854,0.07039999999847169,0,not_applicable,265.49992813881823,0,0,0.9394632321236316,0.22227466899155898,723,0.7993049119555145,1.4559856075124862,0.21621722807816315,running
Pure Pursuit,47.40999999999914,-19.039677568223393,-5.150634415198327,7.99999999599438,-2.861215645266749,6.520004092180898e-08,-0.02587413085228136,8.0,0.07659461052990466,0.017489960735313836,0.07819999999902905,0,not_applicable,266.29974786376414,0,0,0.9173230697781674,0.21737960395267406,715,0.7644578313253012,1.4791045241104788,0.2239412608755995,running
Pure Pursuit,47.50999999999912,-19.80847243088544,-5.371860789689831,7.999999997539113,-2.8928048904700256,4.005619835822927e-08,-0.020302332471026228,8.0,0.08253236628050764,0.014084313849855867,0.06740000000071689,0,not_applicable,267.09956758870925,0,0,0.8923516367214508,0.22624570270621083,709,0.7383225208526416,1.5618772688644,0.2232291878884924,running
Pure Pursuit,47.6099999999991,-20.581455490224972,-5.577943305927012,7.999999998488134,-2.921488844484793,2.4608866056041734e-08,-0.009561717059835068,8.0,0.08147923962272557,0.04275087876693995,0.10500000000135401,0,not_applicable,267.8993873136535,0,0,0.927174538404922,0.23328654733239088,363,-0.7688137164040778,1.5643022512095868,0.22293077345441883,running
Pure Pursuit,47.70999999999908,-21.358654208567966,-5.767543574914206,7.999999999071172,-2.929786348344327,1.5118661877977502e-08,0.0060772075042038725,8.0,0.0742552060892907,0.051028437030417706,0.0706000000008089,0,not_applicable,268.6992070385968,0,0,0.9120911047136693,0.2283859525760972,377,-0.7078313253012047,1.605474678675099,0.21730154451353453,running
Pure Pursuit,47.80999999999906,-22.137299360295696,-5.951150114851253,7.999999999429368,-2.901486177530957,9.288276814345409e-09,0.018073932466434472,8.0,0.07168416689703272,0.02270573960748834,0.06919999999865922,0,not_applicable,269.49902676353906,0,0,0.9400549741952704,0.23011911697136517,362,-0.7731696014828544,1.5395046691390761,0.22193355627601147,running
Pure Pursuit,47.90999999999904,-22.914262535522273,-6.141714823350085,7.999999999649427,-2.869607019743808,5.70632430196838e-09,0.013578329504007511,8.0,0.07494418524933694,0.009198341391395193,0.06600000000034356,0,not_applicable,270.29884648848036,0,0,0.9158815714023726,0.23003540828716398,363,-0.7688137164040778,1.545608566715375,0.22293077345441883,running
Pure Pursuit,48.00999999999902,-23.687319172125232,-6.347520865034008,7.999999999784621,-2.840866564601823,3.5057290403983643e-09,0.00428767394876838,8.0,0.07543101868033632,0.03796635518542946,0.07010000000029493,0,not_applicable,271.0986662134206,0,0,0.9433299304271271,0.23076049531051454,707,0.729610750695088,1.5976153493792864,0.22148173646210823,running
Pure Pursuit,48.109999999999,-24.455822806486488,-6.5697554634338555,7.999999999867681,-2.8325722458609572,2.1537882588518187e-09,-0.009807700281788116,8.0,0.07198463414743027,0.04628888797091335,0.0838999999999146,0,not_applicable,271.8984859383605,0,0,0.9136900730937173,0.225905813405381,720,0.7862372567191844,1.4958629213381964,0.21901940157552577,running
Pure Pursuit,48.20999999999898,-25.22259382635379,-6.797926096716292,7.999999999918708,-2.8608814295146345,1.3231904461008526e-09,-0.020255238689412976,8.0,0.07247108442872661,0.01800667023231517,0.09369999999897516,0,not_applicable,272.6983056633015,0,0,0.9282719250619238,0.22715355614179072,707,0.729610750695088,1.5761054708594766,0.22148173646210823,running
Pure Pursuit,48.30999999999896,-25.99136636988511,-7.019230109432021,7.999999999950057,-2.892765513147774,8.129230621989336e-10,-0.01423113433849396,8.0,0.07601875245525651,0.013851890164246594,0.07590000000057273,0,not_applicable,273.4981253882436,0,0,0.9347439200220762,0.23172592262422045,729,0.8254402224281745,1.4682427598020955,0.21092842571338707,running
Pure Pursuit,48.40999999999894,-26.764333769711527,-7.225371056655231,7.999999999969318,-2.9215077427659377,4.994316071815774e-10,-0.003433641299160798,8.0,0.07532222678857918,0.04257012545276995,0.07309999999982608,0,not_applicable,274.2979451131867,0,0,0.9094544271763354,0.2276583983901455,351,-0.8210843373493977,1.4528443124765047,0.21178185999974475,running
Pure Pursuit,48.50999999999892,-27.53545339118185,-7.4132854312119605,7.904802832938521,-2.933612445275122,-1.0833578410573708,0.012151135385422809,7.891664215863581,0.07783399291768124,0.0546519534240173,0.07560000000061962,0,not_applicable,275.0977648381306,0,0,0.9357406619816437,0.22093820550172075,369,-0.742678405931418,1.5261702298218711,0.2241197071405647,running
Pure Pursuit,48.6099999999989,-28.280871577660168,-7.587406721738497,7.527370873059389,-2.9113336918153565,-4.295231527934353,0.02595777427838303,7.475279680145086,0.08976882278724314,0.03235717935333948,0.18750000000089528,0,not_applicable,275.69762963183854,0,0,0.9371655705148376,0.22544916936118897,356,-0.7993049119555145,1.4587283311183417,0.21621722807816315,running
Pure Pursuit,48.70999999999888,-28.991279554100302,-7.757986855588005,7.193208784499828,-2.8753180631291144,-3.8028139924373505,0.02384772128689389,7.147089473815654,0.04339103274354185,0.003677219310082247,0.08079999999921483,0,not_applicable,276.4974493567844,0,0,0.9075525964813096,0.23980546010827739,366,-0.755746061167748,1.5396860130333847,0.22600293112750477,running
Pure Pursuit,48.80999999999886,-29.658259100125793,-7.933811557174353,6.746429277175334,-2.826820448496822,-5.087245001919118,0.012003704492105853,6.684484284307916,0.10147314587601301,0.05192242089947685,0.17649999999846955,0,not_applicable,277.2972690813955,0,0,0.9088017428685461,0.2602215746653385,719,0.781881371640408,1.5482070016035705,0.21997807798827246,running
Pure Pursuit,48.90999999999884,-30.273715306183924,-8.118569699095652,6.25686864832575,-2.7868349708654505,-5.590411084671221,-0.009283728560540688,6.187388168708212,0.05524957413700507,0.09130728810880484,0.07899999999949614,0,not_applicable,277.8971338743136,0,0,0.9102337647635357,0.26163462235493723,708,0.7339666357738648,1.5329774391398387,0.22234991952811328,running
Pure Pursuit,49.00999999999882,-30.842487910692792,-8.304266231257614,5.843641365823803,-2.8139679657924277,-4.7025875937305095,-0.03738303922567474,5.786609888952699,0.05230220939643903,0.06327062968143649,0.07609999999758088,0,not_applicable,278.4969986646909,0,0,0.9260573454062612,0.27433172467276024,724,0.8036607970342913,1.4066590688478624,0.2153071491827237,running
Pure Pursuit,49.1099999999988,-31.37325365241709,-8.469700531166582,5.415073932013536,-2.8956350367060546,-4.877160784521974,-0.03601246399449694,5.355925287371606,0.0999734774971641,0.0194835806088669,0.10849999999962279,0,not_applicable,279.0968634556682,0,0,0.9326889548218421,0.31551383161261537,729,0.8254402224281745,1.461421288287537,0.21092842571338707,running
Pure Pursuit,49.20999999999878,-31.868095276125167,-8.597046725672417,4.952212338602735,-2.9744079499679708,-5.276392924415347,-0.004340583786233686,4.887434639572001,0.02508942928570829,0.09606360396879987,0.07360000000034006,0,not_applicable,279.4967733167195,0,0,0.9386802012980096,0.324353834300195,374,-0.7208989805375348,1.5392078768536572,0.2197779812188762,running
Pure Pursuit,49.30999999999876,-32.330609840371366,-8.689658707811057,4.5973533529327675,-2.9898659560741545,-4.038347742752242,0.03852462211921912,4.54837756432751,0.08609450878984094,0.10219314434535942,0.0686999999999216,0,not_applicable,279.89668304421355,0,0,0.9315398241734334,0.33442866325211124,377,-0.7078313253012047,1.4756096985416105,0.21730154451353453,running
Pure Pursuit,49.40999999999874,-32.758389017908186,-8.771585626612664,4.232303032390964,-2.934170508507277,-4.1543266409548885,0.06072910817436691,4.181920688837279,0.0872503616913567,0.05549580485979089,0.07219999999819038,0,not_applicable,280.49654638434777,0,0,0.9047810155229378,0.3697648406196854,365,-0.7601019462465246,1.4570233000148758,0.22496523842325905,running
Pure Pursuit,49.50999999999872,-33.13551209676878,-8.855334153908327,3.650984109250101,-2.882248876416785,-6.700630170844146,0.03042746190199608,3.562240015306549,0.11100725817990542,0.037268490378601804,0.07000000000090267,0,not_applicable,280.89644427373173,0,0,0.8867400805928478,0.4466823637310172,699,0.6947636700648747,1.6672044332696743,0.21491658495418042,running
Pure Pursuit,49.6099999999987,-33.45791188055946,-8.936724668233072,3.151817097263413,-2.8805738547220843,-5.703395644219924,-0.047280012006853715,3.080644544828109,0.08119508041350658,0.009350754811099815,0.07480000000015252,0,not_applicable,281.09639237360676,0,0,0.8606150865623401,0.46941166507455717,676,0.5945783132530122,1.6190013955555937,0.19930351586123127,running
Pure Pursuit,49.70999999999868,-33.74601762126174,-9.000843974107188,2.850623467274773,-2.9554482046213257,-3.427628057662342,-0.14854635006653366,2.809054291497179,0.1014513736337312,0.026507366982835734,0.07619999999874949,0,not_applicable,281.49630223608057,0,0,0.840368350380554,0.5108124256643146,689,0.6512048192771083,1.4880905009315721,0.2075805028346246,running
Pure Pursuit,49.80999999999866,-33.99208789037084,-9.024793386488298,2.2574276516917346,-3.1136606292477333,-6.846347524408163,-0.2183965797839577,2.1659887148339565,0.08246729831753377,0.0407795348357296,0.07530000000244286,0,not_applicable,281.69606321031665,0,0,0.8640952682132745,0.5431979112456388,660,0.5248841519925858,1.5307859050968609,0.19078279873438905,running
Pure Pursuit,49.90999999999864,-34.20226625090771,-9.00614021344273,2.0391342559092247,-3.2612264259418473,-2.484211130941718,-0.22394307370005395,2.009006538597563,0.1144800617236059,0.018737947773376007,0.07970000000057098,0,not_applicable,281.89601814155355,0,0,0.8804788303747332,0.6897312687008349,694,0.6729842446709915,1.428668697976263,0.2111347683074644,running
Pure Pursuit,50.00999999999862,-34.372990941351446,-8.963632139266087,1.6189153302011303,-3.3869359297720307,-4.7821535275235245,-0.22072519358284626,1.5609189031568722,0.10418887802932235,0.04301796017624859,0.0725999999993121,0,not_applicable,282.0957227902515,0,0,0.8763291259026318,0.7564607020193801,677,0.5989341983317886,1.4739225202799409,0.19989419460491284,running
Pure Pursuit,50.1099999999986,-34.52943501743188,-8.902938721330976,1.729815211139093,-3.488420806356396,2.8757246530662606,-0.20742326638997305,1.9064877955077564,0.1114212088576019,0.10672447039310873,0.11160000000032255,0,not_applicable,282.29456539602796,0,0,0.8560298697864946,0.9125973168786476,673,0.5815106580166822,1.4321548463315787,0.19757457900687891,running
Pure Pursuit,50.20999999999858,-34.68075144232493,-8.825499579698715,1.6856937225315687,-3.593677590282558,-0.5021090661933436,-0.19950763451955403,1.6796043045197586,0.08852122986247453,0.16587433510261373,0.07480000000015252,0,not_applicable,282.49452032726487,0,0,0.8572306957656097,0.8707998313299132,674,0.5858665430954586,1.4532620576416537,0.1981437927018734,running
Pure Pursuit,50.30999999999856,-34.828203271531486,-8.730922454468452,1.808906026885292,-3.6901311093900406,3.194995866490744,-0.1838809161713835,2.005193309180643,0.08084699727161213,0.1799568178933555,0.09030000000009863,0,not_applicable,282.69365920222106,0,0,0.8836609892838789,0.8916700354021858,690,0.6555607043558851,1.3997768224279885,0.2082738731989199,running
Pure Pursuit,50.40999999999854,-34.97721067336203,-8.616607211451328,1.938126786576025,-3.78453450570815,3.3508000296092955,-0.17005093033764834,2.1439860298462214,0.05721536412783629,0.18734719870745487,0.07890000000188024,0,not_applicable,282.89361413345796,0,0,0.9213441806510956,0.8166831380215925,715,0.7644578313253012,1.2901961471151222,0.2239412608755995,running
Pure Pursuit,50.50999999999852,-35.126580476121084,-8.478381245286108,2.1191645695922645,-3.884707274225083,4.694457842091768,-0.16802793015330086,2.407572570785202,0.038773021327267274,0.16017426605795038,0.11820000000284381,0,not_applicable,283.09321863366534,0,0,0.9267697575163821,0.8006255564421517,694,0.6729842446709915,1.4245206854420185,0.2111347683074644,running
Pure Pursuit,50.6099999999985,-35.27577863886344,-8.313324893245335,2.3160995353769267,-3.9805237258708197,5.106684798647523,-0.14829098817119207,2.629833049457017,0.005145872034111548,0.13048357533898836,0.07640000000108671,0,not_applicable,283.29317356490225,0,0,0.937622387360304,0.7176112425939069,706,0.7252548656163116,1.3586376758519678,0.2206244765899192,running
Pure Pursuit,50.70999999999848,-35.4241184668769,-8.121289693591018,2.5215370417921568,-4.064838454600141,5.327162634135005,-0.1128986926723234,2.8488157987904272,0.0440146716259833,0.0950899101006435,0.07709999999860884,0,not_applicable,283.49299231940074,0,0,0.9229161473460396,0.664924071272163,714,0.7601019462465248,1.3411265143951674,0.22496523842325897,running
Pure Pursuit,50.80999999999846,-35.57170369138742,-7.903396423003272,2.7261030519236105,-4.1304343791299,5.304564022422222,-0.09227012305070807,3.051993444034379,0.1030757647010776,0.10335220401111123,0.0764999999987026,0,not_applicable,283.89285591605545,0,0,0.9043038382739039,0.6278862661819898,715,0.7644578313253012,1.36665586028777,0.2239412608755995,running
Pure Pursuit,50.90999999999844,-35.7197492001631,-7.657435022484028,2.994681741836193,-4.1891584173511465,6.964465185511877,-0.07674352921115571,3.422549570474798,0.05844119080106995,0.06947919327006247,0.0761000000011336,0,not_applicable,284.09281084729236,0,0,0.8847479359518639,0.5997013671733695,724,0.8036607970342913,1.3500156414429612,0.2153071491827237,running
Pure Pursuit,51.00999999999842,-35.8668376334147,-7.382375704239202,3.225628784282007,-4.240315120000133,5.988645775784804,-0.059251335555789084,3.5935463194146733,0.12143904941702892,0.025058075677411473,0.07839999999958991,0,not_applicable,284.2927629376559,0,0,0.8796922303074908,0.5745043689253774,726,0.8123725671918445,1.3968149661045104,0.2135218524542555,running
Pure Pursuit,51.1099999999984,-36.01455731430616,-7.083243273416419,3.4304571859193747,-4.265647878980351,5.311368048864185,-0.02405304155791622,3.7567655891684253,0.0818325593604455,0.008720610585672972,0.07769999999851507,0,not_applicable,284.692663908495,0,0,0.8882921177999432,0.5637489613989008,719,0.781881371640408,1.5103268338122169,0.21997807798827246,running
Pure Pursuit,51.20999999999838,-36.168385694954374,-6.761937747123669,3.674616153294443,-4.266902569634681,6.331241799443044,0.0007207161107703551,4.063581365863679,0.06721086802198853,0.03624535654374483,0.07790000000085229,0,not_applicable,285.09255929383437,0,0,0.8634195777256726,0.5510032592986469,367,-0.7513901760889712,1.6071759441057367,0.22593517874601313,running
Pure Pursuit,51.30999999999836,-36.33538441855883,-6.418930490748437,3.9346096273328244,-4.25252569682233,6.741843513310584,0.010839240627188008,4.348800504625501,0.05685323533027827,0.04880463853267081,0.07070000000197751,0,not_applicable,285.49245618730635,0,0,0.9119886574620331,0.4964671237616538,375,-0.7165430954587582,1.5946311382974359,0.21894209497805295,running
Pure Pursuit,51.40999999999834,-36.51823264516771,-6.054580009809294,4.197548755568324,-4.237717085523226,6.818226736830888,0.022877410093086116,4.616432301015913,0.03325892495570805,0.058798542643162754,0.15389999999726456,0,not_applicable,285.89235469246705,0,0,0.8968656881934702,0.4467969472507571,365,-0.7601019462465246,1.4990828641414595,0.22496523842325905,running
Pure Pursuit,51.50999999999832,-36.7200797737299,-5.67067877756685,4.456633848733565,-4.206448900966027,6.718288454015902,0.03681197754261821,4.869377600969914,0.016271841799365073,0.05029943889130095,0.10600000000238197,0,not_applicable,286.2922547860395,0,0,0.9439858465005909,0.41233772350318304,375,-0.7165430954587582,1.5241107104315144,0.21894209497805295,running
Pure Pursuit,51.6099999999983,-36.94780566151593,-5.271881520612361,4.708528728130064,-4.159001936909026,6.531840327825824,0.04000439365097446,5.109817881516148,0.07768909821225808,0.02368406405815815,0.0780999999996368,0,not_applicable,286.69215636709725,0,0,0.9038261898585882,0.39097893074671264,371,-0.7339666357738648,1.516159628089972,0.22234991952811328,running
Pure Pursuit,51.70999999999828,-37.20520236534134,-4.8620548415158815,4.951835344700972,-4.110838445817404,6.309139645681858,0.03589375035704042,5.33944269269825,0.055976459055088565,0.00335480894764828,0.07940000000061787,0,not_applicable,287.2920142279098,0,0,0.88970070077741,0.3707135961679795,341,-0.8646431881371641,1.336401242438626,0.2037158366078793,running
Pure Pursuit,51.80999999999826,-37.493425689216984,-4.441253373583131,5.227425180610155,-4.080619167446432,7.146269937853775,0.027975055398037657,5.666462338486349,0.08005389909943267,0.011395371267538756,0.08109999999916795,0,not_applicable,287.6919187431417,0,0,0.886914093160255,0.3664829929512682,336,-0.8864226135310473,1.3473191685466057,0.20004771979496722,running
Pure Pursuit,51.90999999999824,-37.80744792007462,-4.006618217347936,5.476913948095641,-4.067036091274713,6.469447877247747,0.018841690421832584,5.874369968334929,0.0457160106207727,0.008854421359155928,0.06769999999889365,0,not_applicable,288.2917786588662,0,0,0.9068350787113526,0.3482116054612787,363,-0.7688137164040778,1.531210019908134,0.22293077345441883,running
Pure Pursuit,52.00999999999822,-38.14466014954217,-3.556796699436466,5.745399013399213,-4.052144704542623,6.962037422794847,0.014324250860717343,6.1731176903751255,0.05670254968407442,0.015847294089751607,0.07099999999837792,0,not_applicable,288.8916429391588,0,0,0.9294723719086355,0.3354706342332743,361,-0.7775254865616312,1.530335452895161,0.22094939445953415,running
Pure Pursuit,52.1099999999982,-38.50544496132754,-3.0907511087233352,6.020231533343678,-4.036205977509876,7.126632115238634,0.00960380612872938,6.458062224923077,0.058268496492158074,0.03284182483179343,0.1029999999992981,0,not_applicable,289.4915075310261,0,0,0.8947626106531072,0.3283264947550158,332,-0.903846153846154,1.3641657815688388,0.19727332187940388,running
Pure Pursuit,52.20999999999818,-38.888976972820835,-2.6076624597387283,6.294316008290811,-4.034699937936029,7.107234696393485,-0.0066951983190075585,6.730955002983027,0.033435462976120406,0.04331600693658011,0.07469999999898391,0,not_applicable,290.09137132859877,0,0,0.9074977634147383,0.2970075323831241,713,0.755746061167748,1.5272773227824257,0.22600293112750477,running
Pure Pursuit,52.30999999999816,-39.288472274324626,-2.1025684922270833,6.563837220141149,-4.056167183727193,6.988905550546853,-0.021321734467531186,6.993206563345496,0.017373505193140685,0.032945714034682716,0.13089999999849056,0,not_applicable,290.6912335432692,0,0,0.9220548238692474,0.282443600583371,714,0.7601019462465248,1.513446059514428,0.22496523842325897,running
Pure Pursuit,52.40999999999814,-39.69809737406247,-1.5716355607033283,6.826896738769466,-4.075771147423041,6.821348558222278,-0.022577998098187432,7.245972075963377,0.09188107364087542,0.02109786550748627,0.08920000000145478,0,not_applicable,291.29109772066926,0,0,0.9328279627134746,0.2680278351323091,729,0.8254402224281745,1.404138635018552,0.21092842571338707,running
Pure Pursuit,52.50999999999812,-40.11488421105432,-1.013606915822146,7.0826991703671975,-4.092999824452479,6.633166353635662,-0.02582627815608605,7.490213374133032,0.05825344505711604,0.008531132948141007,0.07880000000071163,0,not_applicable,292.09091706607455,0,0,0.8581751473353563,0.2609322309954058,712,0.7513901760889712,1.5276452880247087,0.22593517874601313,running
Pure Pursuit,52.6099999999981,-40.53837041121409,-0.42726316544081167,7.360857685440495,-4.109132381215137,7.212877890320302,-0.028726072017776196,7.803986959399228,0.11576906241837029,0.008660547934915996,0.07860000000192713,0,not_applicable,292.89073676376404,0,0,0.8474123432319103,0.24940267762353743,713,0.755746061167748,1.5115504463735676,0.22600293112750477,running
Pure Pursuit,52.70999999999808,-40.96754833359392,0.18705758406201434,7.607337495360703,-4.125723477162951,6.391423145595052,-0.020580307130105047,8.0,0.0835410680149351,0.027008073679122724,0.09890000000112309,0,not_applicable,293.4906014895474,0,0,0.8781626471290858,0.2412957483548534,717,0.7731696014828544,1.493120634685958,0.22193355627601147,running
Pure Pursuit,52.80999999999806,-41.3977660902833,0.8243360491315401,7.758764458185079,-4.144847025185889,3.926625046392971,-0.008957175351094021,8.0,0.05274470038821729,0.048212856796459036,0.08719999999939887,0,not_applicable,294.29042116289554,0,0,0.8835832415954812,0.24322412394942805,365,-0.7601019462465246,1.565990651376817,0.22496523842325905,running
Pure Pursuit,52.90999999999804,-41.82506682021639,1.4779525684559855,7.851794897788377,-4.149149975409567,2.4123554181492057,0.007394345812459323,8.0,0.01829218440281084,0.054292607201208654,0.07959999999940237,0,not_applicable,295.09024085052096,0,0,0.9220006840460049,0.23169329320257537,368,-0.7470342910101946,1.543973083485619,0.22502164647011183,running
Pure Pursuit,53.00999999999802,-42.25483644087704,2.1387549812103632,7.9089489378044915,-4.121867759639747,1.4820510221162309,0.02022316664031566,8.0,0.017113411955175115,0.028482604647276588,0.12669999999914694,0,not_applicable,295.89006055019854,0,0,0.933612283132105,0.22914445717961118,367,-0.7513901760889712,1.5406801526524272,0.22593517874601313,running
Pure Pursuit,53.109999999998,-42.69466402226723,2.798341626156707,7.944062007291134,-4.092617511387706,0.9105106219550851,0.02280416561740462,8.0,0.04292221866517919,0.00040017339004538854,0.1294000000022777,0,not_applicable,296.68988025957395,0,0,0.9001052884594605,0.22740190088963497,351,-0.8210843373493977,1.4373369433616636,0.21178185999974475,running
Pure Pursuit,53.20999999999798,-43.149056092383056,3.4513621001562513,7.965634019495805,-4.065929326298146,0.5593799270886635,0.018386059460188002,8.0,0.05391670569626663,0.025424669410273992,0.08660000000304535,0,not_applicable,297.489699976265,0,0,0.8932419944048607,0.23356333876123217,350,-0.8254402224281743,1.4693511729778364,0.21092842571338713,running
Pure Pursuit,53.30999999999796,-43.61939483175184,4.095105465435019,7.978886968251409,-4.040608014318176,0.3436598050419537,0.008634231505343797,8.0,0.048045039546972174,0.05018727038638282,0.07740000000211467,0,not_applicable,298.28951969790603,0,0,0.9145281995612271,0.23459797633789486,728,0.8210843373493977,1.4851810924926536,0.21178185999974475,running
Pure Pursuit,53.40999999999794,-44.10409775162742,4.729438340690755,7.987029029782445,-4.033703597844637,0.21113031748591027,-0.008316061797628853,8.0,0.030391758304298674,0.05683707769005153,0.0723000000029117,0,not_applicable,299.08933942220693,0,0,0.9092630709015848,0.22939837986603234,707,0.729610750695088,1.5858820563435243,0.22148173646210823,running
Pure Pursuit,53.50999999999792,-44.59371982358196,5.360808045683978,7.992031174376653,-4.06218944149769,0.12970970217555333,-0.022832282514192063,8.0,0.028861911223014416,0.028401262899988566,0.06929999999982783,0,not_applicable,299.8891591470331,0,0,0.9226307256645612,0.2245637088475057,719,0.781881371640408,1.4926949516708021,0.21997807798827246,running
Pure Pursuit,53.6099999999979,-45.07764546760853,5.997041631719558,7.99510428435574,-4.093846528035378,0.07968825623347442,-0.020877939990395434,8.0,0.044317587987546814,0.0029015993377967675,0.0706000000008089,0,not_applicable,300.68897887045216,0,0,0.8995983482173078,0.22413180581540923,730,0.8297961075069509,1.4192389078904657,0.21008581223244965,running
Pure Pursuit,53.70999999999788,-45.549024655638895,6.64291647536159,7.996992275549458,-4.122367072327416,0.04895715644259724,-0.014157841699848489,8.0,0.05059066604323174,0.03076373081708894,0.08109999999916795,0,not_applicable,301.4887985907992,0,0,0.899349220498294,0.2293925569966826,713,0.755746061167748,1.5607275796513094,0.22600293112750477,running
Pure Pursuit,53.80999999999786,-46.004900990326824,7.300003339993929,7.9981521789605985,-4.148675664747557,0.03007724450542426,-0.002542200729842179,8.0,0.04181377959564622,0.056109734487040264,0.07440000000258351,0,not_applicable,302.2886183067313,0,0,0.9224087528803354,0.23098407183494923,371,-0.7339666357738648,1.5939225368715064,0.22234991952811328,running
Pure Pursuit,53.909999999997844,-46.445991313107335,7.967229451213538,7.9988647754640425,-4.155953973024033,0.018478210394015093,0.01580051277037883,8.0,0.028051473071192663,0.06212143083086907,0.07500000000248974,0,not_applicable,303.0884380172827,0,0,0.9171474084791476,0.21998209625771595,350,-0.8254402224281743,1.4042466113170942,0.21092842571338713,running
Pure Pursuit,54.009999999997824,-46.88188439047937,8.637940303763791,7.999302565172947,-4.127370031473264,0.011352245359574908,0.03042271521125422,8.0,0.040800987133014915,0.030195620012929858,0.07540000000005875,0,not_applicable,303.88825762028546,0,0,0.8896246118176456,0.220798324521767,361,-0.7775254865616312,1.4795890584496576,0.22094939445953415,running
Pure Pursuit,54.109999999997804,-47.32383091229707,9.304709734230634,7.9995715249956465,-4.09546564769776,0.006974348270532005,0.024370582323897445,8.0,0.05678825232905228,0.013492609231561481,0.0952000000005171,0,not_applicable,304.68807621555015,0,0,0.8960935584569168,0.2297862045103128,354,-0.8080166821130677,1.4844340374299074,0.2144087504700342,running
Pure Pursuit,54.209999999997784,-47.77885097153757,9.962642158873138,7.999736762745085,-4.066751909944816,0.004284750043535013,0.005942104337038063,8.0,0.04882645823168618,0.0634452345917822,0.07950000000178647,0,not_applicable,305.4878928788883,0,0,0.8953007437044718,0.2258162347662782,727,0.8167284522706209,1.4493476109169754,0.2126462795560751,running
Pure Pursuit,54.309999999997764,-48.24415960081413,10.605295282473794,7.900921599325639,-4.054514480266375,-1.1245311750841402,-0.02795782473023337,7.887283645236671,0.034564482531558256,0.10572573586858525,0.08159999999790557,0,not_applicable,306.28770752705833,0,0,0.937424059789633,0.20686134321047073,708,0.7339666357738648,1.4511044538263906,0.22234991952811328,running
Pure Pursuit,54.409999999997744,-48.70084226151537,11.232447577688438,7.685457768257493,-4.1231499575317825,-2.4520102659822296,-0.06898623711248628,7.655720572727416,0.09734993580472448,0.06399540643689416,0.07499999999893703,0,not_applicable,307.0875240147704,0,0,0.8667050007211117,0.20088079842476758,702,0.7078313253012047,1.4231713987411918,0.21730154451353453,running
Pure Pursuit,54.509999999997724,-49.127993598632905,11.878113632099346,7.792479584119892,-4.2536951288223,2.7751632525519554,-0.0704282770692617,7.962974093512688,0.15621541623500507,0.04885912344485366,0.1202999999989629,0,not_applicable,307.88734265813576,0,0,0.8185980072479095,0.22064197221236762,730,0.8297961075069509,1.354751076020049,0.21008581223244965,running
Pure Pursuit,54.609999999997704,-49.506900439740605,12.56373782978032,7.8725080715091895,-4.3447720142345165,2.0752041588010783,-0.0277621786538019,8.0,0.15645433947727888,0.13296540882436148,0.0687999999975375,0,not_applicable,308.4872073027794,0,0,0.8074054968231151,0.23751204193048078,368,-0.7470342910101946,1.5829725915989958,0.22502164647011183,running
Pure Pursuit,54.709999999997684,-49.84187677566254,13.279012766804115,7.92167425184953,-4.344754267216319,1.2749192849081048,0.016306980656296023,8.0,0.11249855515415207,0.12931898185132962,0.07689999999982433,0,not_applicable,309.2870269820311,0,0,0.8805648524791121,0.22413038603487145,365,-0.7601019462465246,1.5037914521301543,0.22496523842325905,running
Pure Pursuit,54.809999999997665,-50.160844563858866,14.005905805047737,7.951879911960285,-4.282426286641171,0.7832574815047,0.0328646025119827,8.0,0.07194914206236021,0.06390690431749402,0.07609999999758088,0,not_applicable,310.0868467001485,0,0,0.9197831997134287,0.22893053905719923,349,-0.8297961075069509,1.4342547155975098,0.21008581223244965,running
Pure Pursuit,54.909999999997645,-50.494578784536884,14.728740004630613,7.9704370155711555,-4.2153343771415805,0.48120088039715014,0.024266451450856225,8.0,0.07269899904891196,0.007011236238009921,0.07740000000211467,0,not_applicable,310.886666411184,0,0,0.935837367300559,0.2301338458745371,363,-0.7688137164040778,1.5382152458849776,0.22293077345441883,running
Pure Pursuit,55.009999999997625,-50.85397156051586,15.44079999094974,7.981837729647984,-4.184830638609174,0.2956298442884453,0.006239690119485849,8.0,0.07926202184404862,0.04208368030036169,0.07830000000197401,0,not_applicable,311.6864860920111,0,0,0.9064942738661499,0.23504663506759607,352,-0.8167284522706209,1.4952104789936052,0.2126462795560751,running
Pure Pursuit,55.109999999997605,-51.235361446494096,16.142382414323684,7.98884185508626,-4.180173687168733,0.18162270352015675,-0.005542129237636845,8.0,0.07147960461198567,0.05205234381323365,0.07589999999879637,0,not_applicable,312.4863057261418,0,0,0.89161067360166,0.23097729413894466,727,0.8167284522706209,1.4748083485767887,0.2126462795560751,running
Pure Pursuit,55.209999999997585,-51.6246965202354,16.840239903296073,7.9931448989854825,-4.210618427247018,0.11158144913739676,-0.015354641600668814,8.0,0.06181339545853831,0.027662543491985936,0.13320000000049959,0,not_applicable,313.28612529473486,0,0,0.93910597354587,0.22860999028310164,730,0.8297961075069509,1.4429057853878122,0.21008581223244965,running
Pure Pursuit,55.309999999997565,-52.00841581796527,17.541580317778763,7.995788510520116,-4.243155270213179,0.06855101014517473,-0.013083549141327188,8.0,0.06195001746356649,0.001893912442857193,0.07079999999959341,0,not_applicable,314.0859447809873,0,0,0.916725663337666,0.22998391671864526,722,0.7949490268767376,1.5045358840528213,0.21713917065507293,running
Pure Pursuit,55.409999999997545,-52.37838725896896,18.25049525074807,7.997412635699808,-4.2719543824286355,0.04211489479883923,-0.009295348350209865,8.0,0.06625292130314706,0.020115363967783573,0.07460000000136802,0,not_applicable,314.8857642432717,0,0,0.9277693920255181,0.23377161907820876,351,-0.8210843373493977,1.4854991862773168,0.21178185999974475,running
Pure Pursuit,55.509999999997525,-52.731310377868844,18.96818926820481,7.9984104307860955,-4.298319373006217,0.025873643001919078,-0.0033366989734785373,8.0,0.06608762502039636,0.04032627377949982,0.07550000000122736,0,not_applicable,315.68558372406756,0,0,0.9220609851379458,0.23369883791847146,339,-0.8733549582947173,1.4025934555865933,0.20222103997141733,running
Pure Pursuit,55.609999999997505,-53.06805430468609,19.693714950547555,7.999023434664533,-4.305596189233925,0.01589569213904518,0.0069001866611810465,8.0,0.06134890779116427,0.04211281274623513,0.07599999999996498,0,not_applicable,316.4854032329355,0,0,0.93282921461622,0.2257647539877793,371,-0.7339666357738648,1.5631682048550726,0.22234991952811328,running
Pure Pursuit,55.709999999997486,-53.399114097086674,20.42191501546013,7.9994000387991315,-4.277001624199391,0.009765653354669723,0.012967408549792189,8.0,0.05933955568713175,0.008691645831614636,0.07560000000239597,0,not_applicable,317.2852227758609,0,0,0.9335685789894965,0.2357910851423943,355,-0.803660797034291,1.5244027021489421,0.21530714918272373,running
Pure Pursuit,55.809999999997466,-53.736736926587085,21.147119388212737,7.999631408745043,-4.245089215981807,0.005999612008684707,0.0024991728956450065,8.0,0.059666319556035054,0.027383915166778294,0.07599999999996498,0,not_applicable,318.0850423556246,0,0,0.9367223228415755,0.22920294892687243,717,0.7731696014828544,1.5341606351218695,0.22193355627601147,running
Pure Pursuit,55.909999999997446,-54.08669862330809,21.866473062577533,7.999773552834694,-4.234508992438679,0.0036859125495691814,-0.013237545979745625,8.0,0.059924799416818685,0.041464382541058775,0.07589999999879637,0,not_applicable,318.88486197213433,0,0,0.9166343217210864,0.22036273755686694,727,0.8167284522706209,1.4194901155265214,0.2126462795560751,running
Pure Pursuit,56.009999999997426,-54.44138208430905,22.583529940431156,7.999860880262389,-4.261864203950198,0.0022644716530617615,-0.024260051875323454,8.0,0.0651194488862511,0.016946737360958863,0.07369999999795596,0,not_applicable,319.6846816228287,0,0,0.8951574037137604,0.22341262885930682,723,0.7993049119555145,1.4622974687352637,0.21621722807816315,running
Pure Pursuit,56.109999999997406,-54.78952833514188,23.30378218420717,7.9999145306086445,-4.29347019282362,0.0013911973761082663,-0.01912211996966918,8.0,0.07219482770064459,0.01248367964618513,0.08680000000182986,0,not_applicable,320.4845013030189,0,0,0.8908172435948823,0.22340014465097788,724,0.8036607970342913,1.4557389218671628,0.2153071491827237,running
Pure Pursuit,56.209999999997386,-55.123482485753286,24.030718669499727,7.999947491154137,-4.322167266360171,0.0008546939135545273,-0.009613798126535318,8.0,0.07235475443164961,0.03966703825267448,0.08270000000010214,0,not_applicable,321.2843210062652,0,0,0.87917671953066,0.23655212857211924,363,-0.7688137164040778,1.5830644460531262,0.22293077345441883,running
Pure Pursuit,56.309999999997366,-55.44191452657927,24.764599111034283,7.99996774074496,-4.3304702018529975,0.00052508845863386,0.004018171323183343,8.0,0.06458400748960356,0.04711754631006393,0.0743999999990308,0,not_applicable,322.0841407246788,0,0,0.9115645501350047,0.23346617140391152,355,-0.803660797034291,1.5116446813955275,0.21530714918272373,running
Pure Pursuit,56.409999999997346,-55.754686911662965,25.50092036053013,7.999980181252917,-4.30217209639771,0.00032259255039690515,0.01384766978523511,8.0,0.059409678245697504,0.01862870697504526,0.07429999999786219,0,not_applicable,322.8839604492285,0,0,0.9178835472161695,0.23404494680044757,340,-0.8689990732159407,1.4117378657673612,0.20296376061118726,running
Pure Pursuit,56.509999999997326,-56.074033025448486,26.234406715491247,7.99998782418455,-4.270293866179973,0.00019818747082567256,0.008104753033010326,8.0,0.06038033616908971,0.012778777794402174,0.07520000000127425,0,not_applicable,323.68378016998145,0,0,0.9389075570170738,0.23321862379256716,741,0.8777108433734941,1.3935373969357336,0.2014875443267371,running
Pure Pursuit,56.60999999999731,-56.4058130561461,26.9623559662771,7.999992519684456,-4.259692928870713,0.00012175815450099492,-0.001658958379530221,8.0,0.060894444026494195,0.022246982736953136,0.07739999999856195,0,not_applicable,324.48359987637986,0,0,0.9321028945752884,0.23396253407942627,722,0.7949490268767376,1.5279284686424266,0.21713917065507293,running
Pure Pursuit,56.70999999999729,-56.742351448095505,27.688124918149324,7.999995404404669,-4.2870344624427545,7.480315543872962e-05,-0.005638710669481817,8.0,0.060600637078769094,0.006460892749540648,0.07700000000099294,0,not_applicable,325.283419579158,0,0,0.92812130656428,0.23326808053781165,359,-0.7862372567191844,1.5374740000731009,0.21901940157552577,running
Pure Pursuit,56.80999999999727,-57.07420378704245,28.41604718676846,7.99999717665701,-4.300498435173186,4.595595330947333e-05,0.00690538101855228,8.0,0.06143534283597108,0.019616751643203756,0.07570000000001187,0,not_applicable,326.08323929625254,0,0,0.924599626316315,0.22583323414896447,368,-0.7470342910101946,1.550584626725397,0.22502164647011183,running
Pure Pursuit,56.90999999999725,-57.4044619157185,29.144695447311307,7.999998265455276,-4.275421750714196,2.8233429896218354e-05,0.013628758421104708,8.0,0.06260833435314424,0.007912228055985793,0.0764999999987026,0,not_applicable,326.8830589259517,0,0,0.9210282392872924,0.23170539501578946,366,-0.755746061167748,1.5750099370966537,0.22600293112750477,running
Pure Pursuit,57.00999999999723,-57.742232846757624,29.86988267702469,7.99999893436773,-4.244796156963007,1.7345447238525935e-05,0.0010142257997454726,8.0,0.061129092743915814,0.04274373534890774,0.09050000000243585,0,not_applicable,327.68287841851145,0,0,0.9330758580937513,0.22776484549750262,704,0.7165430954587584,1.5929663215091774,0.21894209497805303,running
Pure Pursuit,57.10999999999721,-58.09238480452822,30.58917623320658,7.999999345319771,-4.2345290634829675,1.0656322704249988e-05,-0.015830853376777292,8.0,0.06129759416281021,0.05076892407273803,0.08439999999865222,0,not_applicable,328.48269787520496,0,0,0.93611281935874,0.22617078329588272,717,0.7731696014828544,1.5168978986851012,0.22193355627601147,running
Pure Pursuit,57.20999999999719,-58.440169302251626,31.292017472835163,7.761136864043788,-4.260325315451054,-2.7182903661517788,-0.022493967750436515,7.728170308704593,0.054736973103458014,0.010447821796408796,0.11399999999994748,0,not_applicable,329.2825144274612,0,0,0.9150198504753055,0.2295322698830246,720,0.7862372567191844,1.5163599302788835,0.21901940157552577,running
Pure Pursuit,57.30999999999717,-58.76619765826667,31.966794297063473,7.358096599624479,-4.300983193559742,-4.586657821227407,-0.004246642372426063,7.302471081921047,0.028790556660963647,0.05715346949997713,0.07860000000192713,0,not_applicable,330.0823245251868,0,0,0.9290996087544526,0.2293433077151917,366,-0.755746061167748,1.521390244442365,0.22600293112750477,running
Pure Pursuit,57.40999999999715,-59.06049847504037,32.608884109972436,6.912167654808838,-4.3188642849883685,-5.077241192050215,0.03569943659182084,6.850372480419457,0.09987337271228633,0.11712499024478795,0.07039999999847169,0,not_applicable,330.88212130987654,0,0,0.9130435638575854,0.21563749542846278,355,-0.803660797034291,1.3165846365675058,0.21530714918272373,running
Pure Pursuit,57.50999999999713,-59.337294300406846,33.20783831367746,6.433771087820703,-4.2261435453266065,-5.459106035290198,0.08475795524280619,6.366257051279819,0.08487383650983117,0.07031604728515894,0.07010000000207128,0,not_applicable,331.48196499479195,0,0,0.8584665860042106,0.22490467910587708,368,-0.7470342910101946,1.365627325459784,0.22502164647011183,running
Pure Pursuit,57.60999999999711,-59.63029146444865,33.75034648207631,6.03283312062836,-4.053355723367767,-4.56273336784184,0.08830238248837577,5.977497751036519,0.12874815342030682,0.055446699909511565,0.07360000000034006,0,not_applicable,332.08178370434536,0,0,0.811889853231306,0.2703487465216125,352,-0.8167284522706209,1.4034300469829462,0.2126462795560751,running
Pure Pursuit,57.70999999999709,-59.97884841049148,34.24844743138238,6.124801627274483,-3.9619411127261106,2.3848186276763705,0.027218062314046457,6.271314983395997,0.12872794700251677,0.13503981849814828,0.06949999999861234,0,not_applicable,332.6816463437788,0,0,0.8136405137873495,0.29838259240090265,705,0.7208989805375348,1.5720301553878804,0.2197779812188762,running
Pure Pursuit,57.80999999999707,-60.37462606629206,34.72740016073451,6.289543036207786,-3.972826579859577,4.27187952812492,-0.02753279834326429,6.551989580086975,0.07424271307028397,0.14429153089460156,0.07460000000136802,0,not_applicable,333.28150344325985,0,0,0.8671234436020945,0.2831356739627761,717,0.7731696014828544,1.46306562759861,0.22193355627601147,running
Pure Pursuit,57.90999999999705,-60.79070614534939,35.21371644883284,6.494542085975696,-4.027192817371374,5.3157930945165965,-0.05257581376026159,6.821122345659446,0.029621519237467597,0.10564386489621569,0.06820000000118398,0,not_applicable,333.8813655285459,0,0,0.9448189365863671,0.26593624817293765,716,0.768813716404078,1.425101132302135,0.22293077345441878,running
Pure Pursuit,58.00999999999703,-61.20657309554408,35.728275425665565,6.72033210483992,-4.091691651263556,5.8549199347415914,-0.05021945542352562,7.080034079449855,0.11302643891148008,0.04224052181736759,0.07869999999954302,0,not_applicable,334.4812297917335,0,0,0.845739873788211,0.2551821022128023,727,0.8167284522706209,1.3472434263017514,0.2126462795560751,running
Pure Pursuit,58.10999999999701,-61.611906491604515,36.280053738798635,6.955370860142719,-4.146965385214404,6.094747238081997,-0.03699651554455767,7.3298068286481195,0.10539979155202603,0.03611975741948914,0.08280000000127075,0,not_applicable,335.28104303747466,0,0,0.8242124890659025,0.267571483052085,720,0.7862372567191844,1.4894497036587426,0.21901940157552577,running
Pure Pursuit,58.20999999999699,-61.99923844196651,36.86271399381782,7.032579557733924,-4.187451940401381,2.0020847021321053,-0.008707612658110863,7.15557933035593,0.11097967305195032,0.10850350946175791,0.0741000000026304,0,not_applicable,335.8808990100438,0,0,0.8727298765824689,0.2583324215592769,380,-0.6947636700648749,1.5952256773010407,0.21491658495418048,running
Pure Pursuit,58.30999999999697,-62.367899715912365,37.457820678026906,6.98418904842981,-4.180206208914679,-0.5506911531349701,0.042402105100201835,6.977510442420427,0.02680095713717061,0.14179465715721484,0.10369999999682022,0,not_applicable,336.6807032306208,0,0,0.9188745274116968,0.22771888737982313,366,-0.755746061167748,1.3914751681963105,0.22600293112750477,running
Pure Pursuit,58.40999999999695,-62.74377819391097,38.054542302690884,7.111111068739875,-4.090651255943966,3.2911918365972515,0.08500705419466946,7.313308232089535,0.10861042421999084,0.07811105797534257,0.06720000000015602,0,not_applicable,337.28055828117874,0,0,0.8849966433503489,0.22046430273196896,368,-0.7470342910101946,1.3547578352409175,0.22502164647011183,running
Pure Pursuit,58.50999999999693,-63.16091922331849,38.641637645500786,7.282435545457879,-3.9777449613736224,4.442583862170659,0.080463357211253,7.555369454956941,0.15048189758286468,0.006591510372058629,0.07009999999851857,0,not_applicable,338.08037253514743,0,0,0.7683900014500937,0.21924958603295994,352,-0.8167284522706209,1.2800265837782898,0.2126462795560751,running
Pure Pursuit,58.60999999999691,-63.63768314446954,39.207815074320386,7.507691490236644,-3.8832300518727485,5.841070956716248,0.07088312679999964,7.866542641129504,0.19359733252967892,0.08002635120703072,0.07059999999725619,0,not_applicable,338.8801896118634,0,0,0.7639280854559576,0.2324612266834863,339,-0.8733549582947173,1.2894903367018409,0.20222103997141733,running
Pure Pursuit,58.70999999999689,-64.17491398115897,39.746559133567324,7.69754608935234,-3.8102367978099845,4.923085097633564,0.034970035378630325,8.0,0.17658857684343837,0.14200760646752597,0.07519999999772153,0,not_applicable,339.4800537589451,0,0,0.8020295901898926,0.247478120476873,330,-0.9125579240037072,1.3325140488840947,0.19593688336746246,running
Pure Pursuit,58.80999999999687,-64.7572820038945,40.259393368939406,7.814184873403804,-3.7954908572432364,3.0245391064766025,-0.008207142872433782,8.0,0.1071727362052874,0.1480448418903677,0.09560000000163882,0,not_applicable,340.2798729619131,0,0,0.8673244734435057,0.23300629473959145,708,0.7339666357738648,1.5541224365626323,0.22234991952811328,running
Pure Pursuit,58.90999999999685,-65.35868174537535,40.76436245292491,7.8858429001694,-3.8556494650795097,1.858151265961956,-0.03820842234470773,8.0,0.03855441430584448,0.08584666071215574,0.07250000000169621,0,not_applicable,341.07969262959546,0,0,0.9271243897506456,0.22677845567886912,711,0.7470342910101948,1.5252159248161636,0.22502164647011186,running
Pure Pursuit,59.00999999999683,-65.95293648409697,41.28627581148352,7.929866616994784,-3.942841961089104,1.141570998306003,-0.03747023782268433,8.0,0.056670964706202996,0.0008180587686363872,0.07379999999912457,0,not_applicable,341.87951235361373,0,0,0.9292587940432822,0.22380419278944064,712,0.7513901760889712,1.5156080237154015,0.22593517874601313,running
Pure Pursuit,59.10999999999681,-66.52339414870362,41.83907471812801,7.95691296100676,-4.002207758499197,0.7013338300521621,-0.017441897369803935,8.0,0.07777732076809715,0.059898844654048045,0.08670000000066125,0,not_applicable,342.6793320782752,0,0,0.8848055757444331,0.23590675125827004,360,-0.7818813716404078,1.5474129392191271,0.21997807798827249,running
Pure Pursuit,59.1499999999968,-66.74427248003572,42.06844365520795,7.964541905404871,-4.0126633847708035,0.43087038993239624,0.0025791268897536897,8.0,0.0968018771279559,0.07032150958778871,0.07740000000211467,0,not_applicable,343.07924194073695,1,0,0.884412711547047,0.2354648993321931,355,-0.803660797034291,1.5157096046477108,0.21530714918272373,lap_complete
